,0
2017-10-19 00:00:00+00:00,1.0
2017-10-20 00:00:00+00:00,1.0
2017-10-21 00:00:00+00:00,1.0
2017-10-22 00:00:00+00:00,1.0
2017-10-23 00:00:00+00:00,1.0
2017-10-24 00:00:00+00:00,0.9948120442357817
2017-10-25 00:00:00+00:00,0.9948120442357817
2017-10-26 00:00:00+00:00,0.9948120442357817
2017-10-27 00:00:00+00:00,0.9948120442357817
2017-10-28 00:00:00+00:00,0.9948120442357817
2017-10-29 00:00:00+00:00,0.9948120442357817
2017-10-30 00:00:00+00:00,0.9948120442357817
2017-10-31 00:00:00+00:00,0.9948120442357817
2017-11-01 00:00:00+00:00,0.9948120442357817
2017-11-02 00:00:00+00:00,0.9948120442357817
2017-11-03 00:00:00+00:00,0.9948120442357817
2017-11-04 00:00:00+00:00,0.9948120442357817
2017-11-05 00:00:00+00:00,0.9948120442357817
2017-11-06 00:00:00+00:00,0.9948120442357817
2017-11-07 00:00:00+00:00,0.9948120442357817
2017-11-08 00:00:00+00:00,0.9948120442357817
2017-11-09 00:00:00+00:00,1.0112162886685945
2017-11-10 00:00:00+00:00,1.0112162886685945
2017-11-11 00:00:00+00:00,1.0112162886685945
2017-11-12 00:00:00+00:00,1.0112162886685945
2017-11-13 00:00:00+00:00,1.0060578155481303
2017-11-14 00:00:00+00:00,1.0060578155481303
2017-11-15 00:00:00+00:00,1.0060578155481303
2017-11-16 00:00:00+00:00,1.0060578155481303
2017-11-17 00:00:00+00:00,1.0009269432126526
2017-11-18 00:00:00+00:00,1.0009269432126526
2017-11-19 00:00:00+00:00,1.0009269432126526
2017-11-20 00:00:00+00:00,1.0009269432126526
2017-11-21 00:00:00+00:00,1.0009269432126526
2017-11-22 00:00:00+00:00,1.0009269432126526
2017-11-23 00:00:00+00:00,1.0009269432126526
2017-11-24 00:00:00+00:00,1.0009269432126526
2017-11-25 00:00:00+00:00,1.0009269432126526
2017-11-26 00:00:00+00:00,1.0009269432126526
2017-11-27 00:00:00+00:00,1.0009269432126526
2017-11-28 00:00:00+00:00,1.0009269432126526
2017-11-29 00:00:00+00:00,1.0009269432126526
2017-11-30 00:00:00+00:00,1.0009269432126526
2017-12-01 00:00:00+00:00,1.0009269432126526
2017-12-02 00:00:00+00:00,1.0009269432126526
2017-12-03 00:00:00+00:00,1.0009269432126526
2017-12-04 00:00:00+00:00,1.0009269432126526
2017-12-05 00:00:00+00:00,1.0009269432126526
2017-12-06 00:00:00+00:00,1.0009269432126526
2017-12-07 00:00:00+00:00,1.0009269432126526
2017-12-08 00:00:00+00:00,0.9971650304165872
2017-12-09 00:00:00+00:00,0.9971650304165872
2017-12-10 00:00:00+00:00,0.9971650304165872
2017-12-11 00:00:00+00:00,0.9971650304165872
2017-12-12 00:00:00+00:00,0.9971650304165872
2017-12-13 00:00:00+00:00,0.9971650304165872
2017-12-14 00:00:00+00:00,0.9971650304165872
2017-12-15 00:00:00+00:00,0.9971650304165872
2017-12-16 00:00:00+00:00,0.9971650304165872
2017-12-17 00:00:00+00:00,0.9971650304165872
2017-12-18 00:00:00+00:00,0.9971650304165872
2017-12-19 00:00:00+00:00,0.9971650304165872
2017-12-20 00:00:00+00:00,0.9971650304165872
2017-12-21 00:00:00+00:00,0.9971650304165872
2017-12-22 00:00:00+00:00,0.9921067356844582
2017-12-23 00:00:00+00:00,0.9921067356844582
2017-12-24 00:00:00+00:00,0.9921067356844582
2017-12-25 00:00:00+00:00,0.9921067356844582
2017-12-26 00:00:00+00:00,0.9921067356844582
2017-12-27 00:00:00+00:00,0.9921067356844582
2017-12-28 00:00:00+00:00,0.9921067356844582
2017-12-29 00:00:00+00:00,0.9921067356844582
2017-12-30 00:00:00+00:00,0.9921067356844582
2017-12-31 00:00:00+00:00,0.9921067356844582
2018-01-01 00:00:00+00:00,0.9921067356844582
2018-01-02 00:00:00+00:00,0.9921067356844582
2018-01-03 00:00:00+00:00,0.9921067356844582
2018-01-04 00:00:00+00:00,0.9921067356844582
2018-01-05 00:00:00+00:00,0.9921067356844582
2018-01-06 00:00:00+00:00,0.9888602324734597
2018-01-07 00:00:00+00:00,0.9888602324734597
2018-01-08 00:00:00+00:00,0.9888602324734597
2018-01-09 00:00:00+00:00,0.9888602324734597
2018-01-10 00:00:00+00:00,0.9888602324734597
2018-01-11 00:00:00+00:00,0.9888602324734597
2018-01-12 00:00:00+00:00,1.0156573801529107
2018-01-13 00:00:00+00:00,1.0156573801529107
2018-01-14 00:00:00+00:00,1.0156573801529107
2018-01-15 00:00:00+00:00,1.0156573801529107
2018-01-16 00:00:00+00:00,1.0156573801529107
2018-01-17 00:00:00+00:00,1.0156573801529107
2018-01-18 00:00:00+00:00,1.010532823720545
2018-01-19 00:00:00+00:00,1.010532823720545
2018-01-20 00:00:00+00:00,1.010532823720545
2018-01-21 00:00:00+00:00,1.010532823720545
2018-01-22 00:00:00+00:00,1.010532823720545
2018-01-23 00:00:00+00:00,1.010532823720545
2018-01-24 00:00:00+00:00,1.010532823720545
2018-01-25 00:00:00+00:00,1.010532823720545
2018-01-26 00:00:00+00:00,1.010532823720545
2018-01-27 00:00:00+00:00,1.010532823720545
2018-01-28 00:00:00+00:00,1.010532823720545
2018-01-29 00:00:00+00:00,1.0054210965071275
2018-01-30 00:00:00+00:00,1.0054210965071275
2018-01-31 00:00:00+00:00,1.0054210965071275
2018-02-01 00:00:00+00:00,1.0054210965071275
2018-02-02 00:00:00+00:00,1.0002366036472752
2018-02-03 00:00:00+00:00,1.0002366036472752
2018-02-04 00:00:00+00:00,1.0002366036472752
2018-02-05 00:00:00+00:00,1.0002366036472752
2018-02-06 00:00:00+00:00,1.0002366036472752
2018-02-07 00:00:00+00:00,1.0002366036472752
2018-02-08 00:00:00+00:00,1.0002366036472752
2018-02-09 00:00:00+00:00,1.0002366036472752
2018-02-10 00:00:00+00:00,1.0002366036472752
2018-02-11 00:00:00+00:00,1.0002366036472752
2018-02-12 00:00:00+00:00,1.0002366036472752
2018-02-13 00:00:00+00:00,1.0002366036472752
2018-02-14 00:00:00+00:00,1.0002366036472752
2018-02-15 00:00:00+00:00,1.0002366036472752
2018-02-16 00:00:00+00:00,1.0002366036472752
2018-02-17 00:00:00+00:00,1.0002366036472752
2018-02-18 00:00:00+00:00,1.0144157699180825
2018-02-19 00:00:00+00:00,1.0144157699180825
2018-02-20 00:00:00+00:00,1.0144157699180825
2018-02-21 00:00:00+00:00,1.0144157699180825
2018-02-22 00:00:00+00:00,1.0144157699180825
2018-02-23 00:00:00+00:00,1.0144157699180825
2018-02-24 00:00:00+00:00,1.0144157699180825
2018-02-25 00:00:00+00:00,1.0144157699180825
2018-02-26 00:00:00+00:00,1.0144157699180825
2018-02-27 00:00:00+00:00,1.0144157699180825
2018-02-28 00:00:00+00:00,1.0144157699180825
2018-03-01 00:00:00+00:00,1.0144157699180825
2018-03-02 00:00:00+00:00,1.0144157699180825
2018-03-03 00:00:00+00:00,1.0144157699180825
2018-03-04 00:00:00+00:00,1.0144157699180825
2018-03-05 00:00:00+00:00,1.0144157699180825
2018-03-06 00:00:00+00:00,1.0144157699180825
2018-03-07 00:00:00+00:00,1.0144157699180825
2018-03-08 00:00:00+00:00,1.0092597029947679
2018-03-09 00:00:00+00:00,1.0092597029947679
2018-03-10 00:00:00+00:00,1.0041094657514609
2018-03-11 00:00:00+00:00,1.0041094657514609
2018-03-12 00:00:00+00:00,1.0041094657514609
2018-03-13 00:00:00+00:00,1.0041094657514609
2018-03-14 00:00:00+00:00,1.0041094657514609
2018-03-15 00:00:00+00:00,1.0041094657514609
2018-03-16 00:00:00+00:00,1.0041094657514609
2018-03-17 00:00:00+00:00,1.0041094657514609
2018-03-18 00:00:00+00:00,1.0041094657514609
2018-03-19 00:00:00+00:00,1.0041094657514609
2018-03-20 00:00:00+00:00,1.0041094657514609
2018-03-21 00:00:00+00:00,1.0041094657514609
2018-03-22 00:00:00+00:00,1.0041094657514609
2018-03-23 00:00:00+00:00,1.0041094657514609
2018-03-24 00:00:00+00:00,1.0041094657514609
2018-03-25 00:00:00+00:00,0.9987975933733968
2018-03-26 00:00:00+00:00,0.9987975933733968
2018-03-27 00:00:00+00:00,0.9987975933733968
2018-03-28 00:00:00+00:00,0.9987975933733968
2018-03-29 00:00:00+00:00,0.9987975933733968
2018-03-30 00:00:00+00:00,0.9987975933733968
2018-03-31 00:00:00+00:00,0.9987975933733968
2018-04-01 00:00:00+00:00,0.9987975933733968
2018-04-02 00:00:00+00:00,0.9987975933733968
2018-04-03 00:00:00+00:00,0.9987975933733968
2018-04-04 00:00:00+00:00,0.9987975933733968
2018-04-05 00:00:00+00:00,0.9987975933733968
2018-04-06 00:00:00+00:00,0.9987975933733968
2018-04-07 00:00:00+00:00,1.0250830465405336
2018-04-08 00:00:00+00:00,1.0250830465405336
2018-04-09 00:00:00+00:00,1.0250830465405336
2018-04-10 00:00:00+00:00,1.0250830465405336
2018-04-11 00:00:00+00:00,1.0250830465405336
2018-04-12 00:00:00+00:00,1.0250830465405336
2018-04-13 00:00:00+00:00,1.019861235546479
2018-04-14 00:00:00+00:00,1.019861235546479
2018-04-15 00:00:00+00:00,1.019861235546479
2018-04-16 00:00:00+00:00,1.019861235546479
2018-04-17 00:00:00+00:00,1.019861235546479
2018-04-18 00:00:00+00:00,1.019861235546479
2018-04-19 00:00:00+00:00,1.019861235546479
2018-04-20 00:00:00+00:00,1.019861235546479
2018-04-21 00:00:00+00:00,1.0092288877110784
2018-04-22 00:00:00+00:00,1.0092288877110784
2018-04-23 00:00:00+00:00,1.0092288877110784
2018-04-24 00:00:00+00:00,1.0092288877110784
2018-04-25 00:00:00+00:00,1.0092288877110784
2018-04-26 00:00:00+00:00,1.0092288877110784
2018-04-27 00:00:00+00:00,1.0092288877110784
2018-04-28 00:00:00+00:00,1.0092288877110784
2018-04-29 00:00:00+00:00,1.0092288877110784
2018-04-30 00:00:00+00:00,1.0092288877110784
2018-05-01 00:00:00+00:00,1.0092288877110784
2018-05-02 00:00:00+00:00,1.0092288877110784
2018-05-03 00:00:00+00:00,1.0092288877110784
2018-05-04 00:00:00+00:00,1.0092288877110784
2018-05-05 00:00:00+00:00,1.0092288877110784
2018-05-06 00:00:00+00:00,1.0092288877110784
2018-05-07 00:00:00+00:00,1.0092288877110784
2018-05-08 00:00:00+00:00,1.0092288877110784
2018-05-09 00:00:00+00:00,1.0092288877110784
2018-05-10 00:00:00+00:00,1.0092288877110784
2018-05-11 00:00:00+00:00,1.0092288877110784
2018-05-12 00:00:00+00:00,0.9936721185384653
2018-05-13 00:00:00+00:00,0.999788120192445
2018-05-14 00:00:00+00:00,0.999788120192445
2018-05-15 00:00:00+00:00,0.999788120192445
2018-05-16 00:00:00+00:00,0.999788120192445
2018-05-17 00:00:00+00:00,0.999788120192445
2018-05-18 00:00:00+00:00,0.999788120192445
2018-05-19 00:00:00+00:00,0.999788120192445
2018-05-20 00:00:00+00:00,0.999788120192445
2018-05-21 00:00:00+00:00,0.999788120192445
2018-05-22 00:00:00+00:00,0.999788120192445
2018-05-23 00:00:00+00:00,0.999788120192445
2018-05-24 00:00:00+00:00,0.9894338258951783
2018-05-25 00:00:00+00:00,0.9894338258951783
2018-05-26 00:00:00+00:00,0.9894338258951783
2018-05-27 00:00:00+00:00,0.9894338258951783
2018-05-28 00:00:00+00:00,0.9894338258951783
2018-05-29 00:00:00+00:00,0.9894338258951783
2018-05-30 00:00:00+00:00,0.9894338258951783
2018-05-31 00:00:00+00:00,0.9894338258951783
2018-06-01 00:00:00+00:00,0.9894338258951783
2018-06-02 00:00:00+00:00,0.9894338258951783
2018-06-03 00:00:00+00:00,0.9899919356471754
2018-06-04 00:00:00+00:00,0.9899919356471754
2018-06-05 00:00:00+00:00,0.9899919356471754
2018-06-06 00:00:00+00:00,0.9899919356471754
2018-06-07 00:00:00+00:00,0.9899919356471754
2018-06-08 00:00:00+00:00,0.9899919356471754
2018-06-09 00:00:00+00:00,0.9899919356471754
2018-06-10 00:00:00+00:00,0.9899919356471754
2018-06-11 00:00:00+00:00,0.9899919356471754
2018-06-12 00:00:00+00:00,0.9899919356471754
2018-06-13 00:00:00+00:00,0.9899919356471754
2018-06-14 00:00:00+00:00,0.9899919356471754
2018-06-15 00:00:00+00:00,0.9899919356471754
2018-06-16 00:00:00+00:00,0.9899919356471754
2018-06-17 00:00:00+00:00,0.9899919356471754
2018-06-18 00:00:00+00:00,0.9899919356471754
2018-06-19 00:00:00+00:00,0.9899919356471754
2018-06-20 00:00:00+00:00,0.9946299027370055
2018-06-21 00:00:00+00:00,0.9946299027370055
2018-06-22 00:00:00+00:00,0.9946299027370055
2018-06-23 00:00:00+00:00,0.9946299027370055
2018-06-24 00:00:00+00:00,0.9946299027370055
2018-06-25 00:00:00+00:00,0.9941746518411795
2018-06-26 00:00:00+00:00,0.9941746518411795
2018-06-27 00:00:00+00:00,0.9941746518411795
2018-06-28 00:00:00+00:00,0.9941746518411795
2018-06-29 00:00:00+00:00,0.9941746518411795
2018-06-30 00:00:00+00:00,0.9941746518411795
2018-07-01 00:00:00+00:00,0.9941746518411795
2018-07-02 00:00:00+00:00,0.9941746518411795
2018-07-03 00:00:00+00:00,0.9941746518411795
2018-07-04 00:00:00+00:00,0.9941746518411795
2018-07-05 00:00:00+00:00,1.0043862671572314
2018-07-06 00:00:00+00:00,1.0043862671572314
2018-07-07 00:00:00+00:00,1.0043862671572314
2018-07-08 00:00:00+00:00,1.0043862671572314
2018-07-09 00:00:00+00:00,1.0043862671572314
2018-07-10 00:00:00+00:00,1.0043862671572314
2018-07-11 00:00:00+00:00,0.9990919301376745
2018-07-12 00:00:00+00:00,0.9990919301376745
2018-07-13 00:00:00+00:00,0.9990919301376745
2018-07-14 00:00:00+00:00,0.9990919301376745
2018-07-15 00:00:00+00:00,0.9990919301376745
2018-07-16 00:00:00+00:00,0.9990919301376745
2018-07-17 00:00:00+00:00,0.9990919301376745
2018-07-18 00:00:00+00:00,0.9970314226815666
2018-07-19 00:00:00+00:00,0.9970314226815666
2018-07-20 00:00:00+00:00,0.9970314226815666
2018-07-21 00:00:00+00:00,0.9970314226815666
2018-07-22 00:00:00+00:00,1.0124163334457108
2018-07-23 00:00:00+00:00,1.0124163334457108
2018-07-24 00:00:00+00:00,1.0124163334457108
2018-07-25 00:00:00+00:00,1.0124163334457108
2018-07-26 00:00:00+00:00,1.0124163334457108
2018-07-27 00:00:00+00:00,1.0124163334457108
2018-07-28 00:00:00+00:00,1.0124163334457108
2018-07-29 00:00:00+00:00,1.0124163334457108
2018-07-30 00:00:00+00:00,1.0124163334457108
2018-07-31 00:00:00+00:00,1.0124163334457108
2018-08-01 00:00:00+00:00,1.034748703643846
2018-08-02 00:00:00+00:00,1.0295741373591647
2018-08-03 00:00:00+00:00,1.0295741373591647
2018-08-04 00:00:00+00:00,1.0180819943468278
2018-08-05 00:00:00+00:00,1.0180819943468278
2018-08-06 00:00:00+00:00,1.0180819943468278
2018-08-07 00:00:00+00:00,1.0180819943468278
2018-08-08 00:00:00+00:00,1.012862282880494
2018-08-09 00:00:00+00:00,0.997314598258151
2018-08-10 00:00:00+00:00,0.997314598258151
2018-08-11 00:00:00+00:00,0.997314598258151
2018-08-12 00:00:00+00:00,0.997314598258151
2018-08-13 00:00:00+00:00,0.997314598258151
2018-08-14 00:00:00+00:00,0.997314598258151
2018-08-15 00:00:00+00:00,0.997314598258151
2018-08-16 00:00:00+00:00,0.997314598258151
2018-08-17 00:00:00+00:00,0.997314598258151
2018-08-18 00:00:00+00:00,0.997314598258151
2018-08-19 00:00:00+00:00,0.997314598258151
2018-08-20 00:00:00+00:00,0.997314598258151
2018-08-21 00:00:00+00:00,0.997314598258151
2018-08-22 00:00:00+00:00,0.997314598258151
2018-08-23 00:00:00+00:00,0.997314598258151
2018-08-24 00:00:00+00:00,0.997314598258151
2018-08-25 00:00:00+00:00,0.997314598258151
2018-08-26 00:00:00+00:00,0.997314598258151
2018-08-27 00:00:00+00:00,0.997314598258151
2018-08-28 00:00:00+00:00,0.997314598258151
2018-08-29 00:00:00+00:00,0.9867706494651746
2018-08-30 00:00:00+00:00,0.9867706494651746
2018-08-31 00:00:00+00:00,0.9867706494651746
2018-09-01 00:00:00+00:00,0.9867706494651746
2018-09-02 00:00:00+00:00,0.9867706494651746
2018-09-03 00:00:00+00:00,0.9867706494651746
2018-09-04 00:00:00+00:00,0.9867706494651746
2018-09-05 00:00:00+00:00,0.9867706494651746
2018-09-06 00:00:00+00:00,0.9867706494651746
2018-09-07 00:00:00+00:00,0.9867706494651746
2018-09-08 00:00:00+00:00,0.9867706494651746
2018-09-09 00:00:00+00:00,0.9766122265059295
2018-09-10 00:00:00+00:00,0.9766122265059295
2018-09-11 00:00:00+00:00,0.9766122265059295
2018-09-12 00:00:00+00:00,0.9766122265059295
2018-09-13 00:00:00+00:00,0.9766122265059295
2018-09-14 00:00:00+00:00,0.9766122265059295
2018-09-15 00:00:00+00:00,0.9766122265059295
2018-09-16 00:00:00+00:00,0.9766122265059295
2018-09-17 00:00:00+00:00,0.9766122265059295
2018-09-18 00:00:00+00:00,0.9766122265059295
2018-09-19 00:00:00+00:00,0.9766122265059295
2018-09-20 00:00:00+00:00,0.9766122265059295
2018-09-21 00:00:00+00:00,0.9751194110410595
2018-09-22 00:00:00+00:00,0.9698256777482461
2018-09-23 00:00:00+00:00,0.9698256777482461
2018-09-24 00:00:00+00:00,0.9698256777482461
2018-09-25 00:00:00+00:00,0.9698256777482461
2018-09-26 00:00:00+00:00,0.9698256777482461
2018-09-27 00:00:00+00:00,0.9698256777482461
2018-09-28 00:00:00+00:00,0.9698256777482461
2018-09-29 00:00:00+00:00,0.9698256777482461
2018-09-30 00:00:00+00:00,0.9698256777482461
2018-10-01 00:00:00+00:00,0.9698256777482461
2018-10-02 00:00:00+00:00,0.9698256777482461
2018-10-03 00:00:00+00:00,0.9698256777482461
2018-10-04 00:00:00+00:00,0.9698256777482461
2018-10-05 00:00:00+00:00,0.979306967315672
2018-10-06 00:00:00+00:00,0.979306967315672
2018-10-07 00:00:00+00:00,0.979306967315672
2018-10-08 00:00:00+00:00,0.979306967315672
2018-10-09 00:00:00+00:00,0.979306967315672
2018-10-10 00:00:00+00:00,0.979306967315672
2018-10-11 00:00:00+00:00,0.979306967315672
2018-10-12 00:00:00+00:00,0.9639340163383713
2018-10-13 00:00:00+00:00,0.9639340163383713
2018-10-14 00:00:00+00:00,0.9639340163383713
2018-10-15 00:00:00+00:00,0.9639340163383713
2018-10-16 00:00:00+00:00,0.960894797295179
2018-10-17 00:00:00+00:00,0.960894797295179
2018-10-18 00:00:00+00:00,0.960894797295179
2018-10-19 00:00:00+00:00,0.960894797295179
2018-10-20 00:00:00+00:00,0.960894797295179
2018-10-21 00:00:00+00:00,0.960894797295179
2018-10-22 00:00:00+00:00,0.960894797295179
2018-10-23 00:00:00+00:00,0.960894797295179
2018-10-24 00:00:00+00:00,0.960894797295179
2018-10-25 00:00:00+00:00,0.960894797295179
2018-10-26 00:00:00+00:00,0.960894797295179
2018-10-27 00:00:00+00:00,0.960894797295179
2018-10-28 00:00:00+00:00,0.960894797295179
2018-10-29 00:00:00+00:00,0.960894797295179
2018-10-30 00:00:00+00:00,0.960894797295179
2018-10-31 00:00:00+00:00,0.960894797295179
2018-11-01 00:00:00+00:00,0.9634563405945961
2018-11-02 00:00:00+00:00,0.9634563405945961
2018-11-03 00:00:00+00:00,0.9634563405945961
2018-11-04 00:00:00+00:00,0.9634563405945961
2018-11-05 00:00:00+00:00,0.9634563405945961
2018-11-06 00:00:00+00:00,0.9634563405945961
2018-11-07 00:00:00+00:00,0.95838854818046
2018-11-08 00:00:00+00:00,0.95838854818046
2018-11-09 00:00:00+00:00,0.95838854818046
2018-11-10 00:00:00+00:00,0.95838854818046
2018-11-11 00:00:00+00:00,0.95838854818046
2018-11-12 00:00:00+00:00,0.95838854818046
2018-11-13 00:00:00+00:00,0.95838854818046
2018-11-14 00:00:00+00:00,0.95838854818046
2018-11-15 00:00:00+00:00,0.9440253082385544
2018-11-16 00:00:00+00:00,0.9343670541163543
2018-11-17 00:00:00+00:00,0.9343670541163543
2018-11-18 00:00:00+00:00,0.9343670541163543
2018-11-19 00:00:00+00:00,0.9343670541163543
2018-11-20 00:00:00+00:00,0.9295117030039881
2018-11-21 00:00:00+00:00,0.9295117030039881
2018-11-22 00:00:00+00:00,0.9295117030039881
2018-11-23 00:00:00+00:00,0.9295117030039881
2018-11-24 00:00:00+00:00,0.9295117030039881
2018-11-25 00:00:00+00:00,0.9295117030039881
2018-11-26 00:00:00+00:00,0.9295117030039881
2018-11-27 00:00:00+00:00,0.9295117030039881
2018-11-28 00:00:00+00:00,0.9295117030039881
2018-11-29 00:00:00+00:00,0.9295117030039881
2018-11-30 00:00:00+00:00,0.9247929034383872
2018-12-01 00:00:00+00:00,0.9247929034383872
2018-12-02 00:00:00+00:00,0.9247929034383872
2018-12-03 00:00:00+00:00,0.9247929034383872
2018-12-04 00:00:00+00:00,0.9247929034383872
2018-12-05 00:00:00+00:00,0.9247929034383872
2018-12-06 00:00:00+00:00,0.9247929034383872
2018-12-07 00:00:00+00:00,0.9247929034383872
2018-12-08 00:00:00+00:00,0.9247929034383872
2018-12-09 00:00:00+00:00,0.9247929034383872
2018-12-10 00:00:00+00:00,0.9247929034383872
2018-12-11 00:00:00+00:00,0.9247929034383872
2018-12-12 00:00:00+00:00,0.9247929034383872
2018-12-13 00:00:00+00:00,0.9247929034383872
2018-12-14 00:00:00+00:00,0.9247929034383872
2018-12-15 00:00:00+00:00,0.9247929034383872
2018-12-16 00:00:00+00:00,0.9247929034383872
2018-12-17 00:00:00+00:00,0.9247929034383872
2018-12-18 00:00:00+00:00,0.9247929034383872
2018-12-19 00:00:00+00:00,0.9247929034383872
2018-12-20 00:00:00+00:00,0.9142427187691312
2018-12-21 00:00:00+00:00,0.9142427187691312
2018-12-22 00:00:00+00:00,0.9142427187691312
2018-12-23 00:00:00+00:00,0.9142427187691312
2018-12-24 00:00:00+00:00,0.9142427187691312
2018-12-25 00:00:00+00:00,0.9142427187691312
2018-12-26 00:00:00+00:00,0.9142427187691312
2018-12-27 00:00:00+00:00,0.9142427187691312
2018-12-28 00:00:00+00:00,0.9142427187691312
2018-12-29 00:00:00+00:00,0.9142427187691312
2018-12-30 00:00:00+00:00,0.9142427187691312
2018-12-31 00:00:00+00:00,0.9142427187691312
2019-01-01 00:00:00+00:00,0.9142427187691312
2019-01-02 00:00:00+00:00,0.9142427187691312
2019-01-03 00:00:00+00:00,0.9142427187691312
2019-01-04 00:00:00+00:00,0.9142427187691312
2019-01-05 00:00:00+00:00,0.9142427187691312
2019-01-06 00:00:00+00:00,0.9142427187691312
2019-01-07 00:00:00+00:00,0.9142427187691312
2019-01-08 00:00:00+00:00,0.9142427187691312
2019-01-09 00:00:00+00:00,0.9142427187691312
2019-01-10 00:00:00+00:00,0.9142427187691312
2019-01-11 00:00:00+00:00,0.9142427187691312
2019-01-12 00:00:00+00:00,0.923034354330471
2019-01-13 00:00:00+00:00,0.923034354330471
2019-01-14 00:00:00+00:00,0.923034354330471
2019-01-15 00:00:00+00:00,0.923034354330471
2019-01-16 00:00:00+00:00,0.923034354330471
2019-01-17 00:00:00+00:00,0.923034354330471
2019-01-18 00:00:00+00:00,0.923034354330471
2019-01-19 00:00:00+00:00,0.923034354330471
2019-01-20 00:00:00+00:00,0.923034354330471
2019-01-21 00:00:00+00:00,0.923034354330471
2019-01-22 00:00:00+00:00,0.923034354330471
2019-01-23 00:00:00+00:00,0.923034354330471
2019-01-24 00:00:00+00:00,0.923034354330471
2019-01-25 00:00:00+00:00,0.923034354330471
2019-01-26 00:00:00+00:00,0.923034354330471
2019-01-27 00:00:00+00:00,0.923034354330471
2019-01-28 00:00:00+00:00,0.9180867206111438
2019-01-29 00:00:00+00:00,0.9187793905889099
2019-01-30 00:00:00+00:00,0.9187793905889099
2019-01-31 00:00:00+00:00,0.9187793905889099
2019-02-01 00:00:00+00:00,0.9187793905889099
2019-02-02 00:00:00+00:00,0.9187793905889099
2019-02-03 00:00:00+00:00,0.9187793905889099
2019-02-04 00:00:00+00:00,0.9187793905889099
2019-02-05 00:00:00+00:00,0.9187793905889099
2019-02-06 00:00:00+00:00,0.9187793905889099
2019-02-07 00:00:00+00:00,0.9187793905889099
2019-02-08 00:00:00+00:00,0.9187793905889099
2019-02-09 00:00:00+00:00,0.9187793905889099
2019-02-10 00:00:00+00:00,0.9187793905889099
2019-02-11 00:00:00+00:00,0.9187793905889099
2019-02-12 00:00:00+00:00,0.9187793905889099
2019-02-13 00:00:00+00:00,0.9187793905889099
2019-02-14 00:00:00+00:00,0.9187793905889099
2019-02-15 00:00:00+00:00,0.9187793905889099
2019-02-16 00:00:00+00:00,0.9187793905889099
2019-02-17 00:00:00+00:00,0.9187793905889099
2019-02-18 00:00:00+00:00,0.9187793905889099
2019-02-19 00:00:00+00:00,0.9187793905889099
2019-02-20 00:00:00+00:00,0.9187793905889099
2019-02-21 00:00:00+00:00,0.9187793905889099
2019-02-22 00:00:00+00:00,0.9187793905889099
2019-02-23 00:00:00+00:00,0.9187793905889099
2019-02-24 00:00:00+00:00,0.9187793905889099
2019-02-25 00:00:00+00:00,0.9348973463608351
2019-02-26 00:00:00+00:00,0.9431859287104998
2019-02-27 00:00:00+00:00,0.9431859287104998
2019-02-28 00:00:00+00:00,0.9431859287104998
2019-03-01 00:00:00+00:00,0.9431859287104998
2019-03-02 00:00:00+00:00,0.9431859287104998
2019-03-03 00:00:00+00:00,0.9431859287104998
2019-03-04 00:00:00+00:00,0.9431859287104998
2019-03-05 00:00:00+00:00,0.9431859287104998
2019-03-06 00:00:00+00:00,0.9431859287104998
2019-03-07 00:00:00+00:00,0.9431859287104998
2019-03-08 00:00:00+00:00,0.9431859287104998
2019-03-09 00:00:00+00:00,0.968149831212648
2019-03-10 00:00:00+00:00,0.968149831212648
2019-03-11 00:00:00+00:00,0.968149831212648
2019-03-12 00:00:00+00:00,0.968149831212648
2019-03-13 00:00:00+00:00,0.968149831212648
2019-03-14 00:00:00+00:00,0.968149831212648
2019-03-15 00:00:00+00:00,0.968149831212648
2019-03-16 00:00:00+00:00,0.968149831212648
2019-03-17 00:00:00+00:00,0.968149831212648
2019-03-18 00:00:00+00:00,0.968149831212648
2019-03-19 00:00:00+00:00,0.968149831212648
2019-03-20 00:00:00+00:00,0.968149831212648
2019-03-21 00:00:00+00:00,0.968149831212648
2019-03-22 00:00:00+00:00,0.968149831212648
2019-03-23 00:00:00+00:00,0.968149831212648
2019-03-24 00:00:00+00:00,0.9629352473713614
2019-03-25 00:00:00+00:00,0.9629352473713614
2019-03-26 00:00:00+00:00,0.9741939535750885
2019-03-27 00:00:00+00:00,0.9741939535750885
2019-03-28 00:00:00+00:00,0.9741939535750885
2019-03-29 00:00:00+00:00,0.9741939535750885
2019-03-30 00:00:00+00:00,0.9741939535750885
2019-03-31 00:00:00+00:00,0.9741939535750885
2019-04-01 00:00:00+00:00,0.9741939535750885
2019-04-02 00:00:00+00:00,0.972847357711167
2019-04-03 00:00:00+00:00,0.972847357711167
2019-04-04 00:00:00+00:00,0.972847357711167
2019-04-05 00:00:00+00:00,1.028535824002857
2019-04-06 00:00:00+00:00,1.028535824002857
2019-04-07 00:00:00+00:00,1.028535824002857
2019-04-08 00:00:00+00:00,1.028535824002857
2019-04-09 00:00:00+00:00,1.028535824002857
2019-04-10 00:00:00+00:00,1.028535824002857
2019-04-11 00:00:00+00:00,1.028535824002857
2019-04-12 00:00:00+00:00,1.025275721635644
2019-04-13 00:00:00+00:00,1.025275721635644
2019-04-14 00:00:00+00:00,1.025275721635644
2019-04-15 00:00:00+00:00,1.025275721635644
2019-04-16 00:00:00+00:00,1.025275721635644
2019-04-17 00:00:00+00:00,1.025275721635644
2019-04-18 00:00:00+00:00,1.025275721635644
2019-04-19 00:00:00+00:00,1.025275721635644
2019-04-20 00:00:00+00:00,1.0384306374138035
2019-04-21 00:00:00+00:00,1.0384306374138035
2019-04-22 00:00:00+00:00,1.0276946152782318
2019-04-23 00:00:00+00:00,1.0276946152782318
2019-04-24 00:00:00+00:00,1.0276946152782318
2019-04-25 00:00:00+00:00,1.006153038557442
2019-04-26 00:00:00+00:00,1.006153038557442
2019-04-27 00:00:00+00:00,1.006153038557442
2019-04-28 00:00:00+00:00,1.006153038557442
2019-04-29 00:00:00+00:00,1.006153038557442
2019-04-30 00:00:00+00:00,1.006153038557442
2019-05-01 00:00:00+00:00,1.006153038557442
2019-05-02 00:00:00+00:00,1.006153038557442
2019-05-03 00:00:00+00:00,1.006153038557442
2019-05-04 00:00:00+00:00,1.0008747230114106
2019-05-05 00:00:00+00:00,1.0008747230114106
2019-05-06 00:00:00+00:00,1.0008747230114106
2019-05-07 00:00:00+00:00,1.0008747230114106
2019-05-08 00:00:00+00:00,0.995688713705827
2019-05-09 00:00:00+00:00,0.995688713705827
2019-05-10 00:00:00+00:00,0.9905161799984871
2019-05-11 00:00:00+00:00,0.9905161799984871
2019-05-12 00:00:00+00:00,0.9756254809770895
2019-05-13 00:00:00+00:00,0.9706204413247486
2019-05-14 00:00:00+00:00,0.9706204413247486
2019-05-15 00:00:00+00:00,0.9554259354795788
2019-05-16 00:00:00+00:00,0.9455277407616037
2019-05-17 00:00:00+00:00,0.9455277407616037
2019-05-18 00:00:00+00:00,0.9455277407616037
2019-05-19 00:00:00+00:00,0.9455277407616037
2019-05-20 00:00:00+00:00,0.9455277407616037
2019-05-21 00:00:00+00:00,0.9455277407616037
2019-05-22 00:00:00+00:00,0.9455277407616037
2019-05-23 00:00:00+00:00,0.9455277407616037
2019-05-24 00:00:00+00:00,0.9455277407616037
2019-05-25 00:00:00+00:00,0.9455277407616037
2019-05-26 00:00:00+00:00,0.9455277407616037
2019-05-27 00:00:00+00:00,0.9455277407616037
2019-05-28 00:00:00+00:00,0.9455277407616037
2019-05-29 00:00:00+00:00,0.9455277407616037
2019-05-30 00:00:00+00:00,0.9455277407616037
2019-05-31 00:00:00+00:00,0.9455277407616037
2019-06-01 00:00:00+00:00,0.9455277407616037
2019-06-02 00:00:00+00:00,0.9455277407616037
2019-06-03 00:00:00+00:00,0.9455277407616037
2019-06-04 00:00:00+00:00,0.9455277407616037
2019-06-05 00:00:00+00:00,0.9455277407616037
2019-06-06 00:00:00+00:00,0.9455277407616037
2019-06-07 00:00:00+00:00,0.9455277407616037
2019-06-08 00:00:00+00:00,0.9455277407616037
2019-06-09 00:00:00+00:00,0.9455277407616037
2019-06-10 00:00:00+00:00,0.9455277407616037
2019-06-11 00:00:00+00:00,0.9455277407616037
2019-06-12 00:00:00+00:00,0.9455277407616037
2019-06-13 00:00:00+00:00,0.9455277407616037
2019-06-14 00:00:00+00:00,0.9406860882319571
2019-06-15 00:00:00+00:00,0.9421435321468062
2019-06-16 00:00:00+00:00,0.9421435321468062
2019-06-17 00:00:00+00:00,0.9421435321468062
2019-06-18 00:00:00+00:00,0.9421435321468062
2019-06-19 00:00:00+00:00,0.9421435321468062
2019-06-20 00:00:00+00:00,0.9421435321468062
2019-06-21 00:00:00+00:00,0.9421435321468062
2019-06-22 00:00:00+00:00,0.9421435321468062
2019-06-23 00:00:00+00:00,0.9421435321468062
2019-06-24 00:00:00+00:00,0.9371928483283851
2019-06-25 00:00:00+00:00,0.9371928483283851
2019-06-26 00:00:00+00:00,0.9371928483283851
2019-06-27 00:00:00+00:00,0.9371928483283851
2019-06-28 00:00:00+00:00,1.0037756656143164
2019-06-29 00:00:00+00:00,1.0037756656143164
2019-06-30 00:00:00+00:00,1.0037756656143164
2019-07-01 00:00:00+00:00,1.0037756656143164
2019-07-02 00:00:00+00:00,1.0037756656143164
2019-07-03 00:00:00+00:00,0.9985829973940529
2019-07-04 00:00:00+00:00,0.9985829973940529
2019-07-05 00:00:00+00:00,0.9985829973940529
2019-07-06 00:00:00+00:00,0.993322731062975
2019-07-07 00:00:00+00:00,0.993322731062975
2019-07-08 00:00:00+00:00,0.993322731062975
2019-07-09 00:00:00+00:00,0.993322731062975
2019-07-10 00:00:00+00:00,0.993322731062975
2019-07-11 00:00:00+00:00,0.993322731062975
2019-07-12 00:00:00+00:00,0.9879991936506441
2019-07-13 00:00:00+00:00,0.9879991936506441
2019-07-14 00:00:00+00:00,0.9879991936506441
2019-07-15 00:00:00+00:00,0.9879991936506441
2019-07-16 00:00:00+00:00,0.9879991936506441
2019-07-17 00:00:00+00:00,0.9829637568624446
2019-07-18 00:00:00+00:00,0.9829637568624446
2019-07-19 00:00:00+00:00,0.9829637568624446
2019-07-20 00:00:00+00:00,0.9829637568624446
2019-07-21 00:00:00+00:00,1.0022340141004724
2019-07-22 00:00:00+00:00,1.0022340141004724
2019-07-23 00:00:00+00:00,1.0169910799082182
2019-07-24 00:00:00+00:00,1.0169910799082182
2019-07-25 00:00:00+00:00,1.0169910799082182
2019-07-26 00:00:00+00:00,1.0169910799082182
2019-07-27 00:00:00+00:00,1.0169910799082182
2019-07-28 00:00:00+00:00,1.0169910799082182
2019-07-29 00:00:00+00:00,1.0169910799082182
2019-07-30 00:00:00+00:00,1.0169910799082182
2019-07-31 00:00:00+00:00,1.0169910799082182
2019-08-01 00:00:00+00:00,1.0169910799082182
2019-08-02 00:00:00+00:00,1.0169910799082182
2019-08-03 00:00:00+00:00,1.0169910799082182
2019-08-04 00:00:00+00:00,1.0117478571192025
2019-08-05 00:00:00+00:00,1.0117478571192025
2019-08-06 00:00:00+00:00,1.0117478571192025
2019-08-07 00:00:00+00:00,1.0117478571192025
2019-08-08 00:00:00+00:00,1.0117478571192025
2019-08-09 00:00:00+00:00,1.0117478571192025
2019-08-10 00:00:00+00:00,1.0117478571192025
2019-08-11 00:00:00+00:00,1.0117478571192025
2019-08-12 00:00:00+00:00,1.0117478571192025
2019-08-13 00:00:00+00:00,1.0117478571192025
2019-08-14 00:00:00+00:00,1.0117478571192025
2019-08-15 00:00:00+00:00,1.0117478571192025
2019-08-16 00:00:00+00:00,1.0117478571192025
2019-08-17 00:00:00+00:00,1.0117478571192025
2019-08-18 00:00:00+00:00,1.0117478571192025
2019-08-19 00:00:00+00:00,1.0117478571192025
2019-08-20 00:00:00+00:00,1.0117478571192025
2019-08-21 00:00:00+00:00,1.0117478571192025
2019-08-22 00:00:00+00:00,1.0117478571192025
2019-08-23 00:00:00+00:00,1.0117478571192025
2019-08-24 00:00:00+00:00,1.0117478571192025
2019-08-25 00:00:00+00:00,1.0117478571192025
2019-08-26 00:00:00+00:00,1.0404509226337908
2019-08-27 00:00:00+00:00,1.0404509226337908
2019-08-28 00:00:00+00:00,1.0404509226337908
2019-08-29 00:00:00+00:00,1.0404509226337908
2019-08-30 00:00:00+00:00,1.0404509226337908
2019-08-31 00:00:00+00:00,1.0404509226337908
2019-09-01 00:00:00+00:00,1.0404509226337908
2019-09-02 00:00:00+00:00,1.0404509226337908
2019-09-03 00:00:00+00:00,1.0404509226337908
2019-09-04 00:00:00+00:00,1.0404509226337908
2019-09-05 00:00:00+00:00,1.0404509226337908
2019-09-06 00:00:00+00:00,1.0404509226337908
2019-09-07 00:00:00+00:00,1.0781923710715116
2019-09-08 00:00:00+00:00,1.0781923710715116
2019-09-09 00:00:00+00:00,1.0781923710715116
2019-09-10 00:00:00+00:00,1.0781923710715116
2019-09-11 00:00:00+00:00,1.0781923710715116
2019-09-12 00:00:00+00:00,1.0781923710715116
2019-09-13 00:00:00+00:00,1.0724710649549996
2019-09-14 00:00:00+00:00,1.0724710649549996
2019-09-15 00:00:00+00:00,1.0724710649549996
2019-09-16 00:00:00+00:00,1.0724710649549996
2019-09-17 00:00:00+00:00,1.0724710649549996
2019-09-18 00:00:00+00:00,1.0724710649549996
2019-09-19 00:00:00+00:00,1.0724710649549996
2019-09-20 00:00:00+00:00,1.1045458373971986
2019-09-21 00:00:00+00:00,1.1045458373971986
2019-09-22 00:00:00+00:00,1.1147210946020107
2019-09-23 00:00:00+00:00,1.1147210946020107
2019-09-24 00:00:00+00:00,1.1154653978704248
2019-09-25 00:00:00+00:00,1.092551663027998
2019-09-26 00:00:00+00:00,1.092551663027998
2019-09-27 00:00:00+00:00,1.092551663027998
2019-09-28 00:00:00+00:00,1.092551663027998
2019-09-29 00:00:00+00:00,1.092551663027998
2019-09-30 00:00:00+00:00,1.092551663027998
2019-10-01 00:00:00+00:00,1.092551663027998
2019-10-02 00:00:00+00:00,1.092551663027998
2019-10-03 00:00:00+00:00,1.092551663027998
2019-10-04 00:00:00+00:00,1.092551663027998
2019-10-05 00:00:00+00:00,1.092551663027998
2019-10-06 00:00:00+00:00,1.092551663027998
2019-10-07 00:00:00+00:00,1.092551663027998
2019-10-08 00:00:00+00:00,1.092551663027998
2019-10-09 00:00:00+00:00,1.092551663027998
2019-10-10 00:00:00+00:00,1.092551663027998
2019-10-11 00:00:00+00:00,1.092551663027998
2019-10-12 00:00:00+00:00,1.092551663027998
2019-10-13 00:00:00+00:00,1.092551663027998
2019-10-14 00:00:00+00:00,1.0866497824275587
2019-10-15 00:00:00+00:00,1.0866497824275587
2019-10-16 00:00:00+00:00,1.0809128994015296
2019-10-17 00:00:00+00:00,1.0809128994015296
2019-10-18 00:00:00+00:00,1.0809128994015296
2019-10-19 00:00:00+00:00,1.0809128994015296
2019-10-20 00:00:00+00:00,1.0809128994015296
2019-10-21 00:00:00+00:00,1.0809128994015296
2019-10-22 00:00:00+00:00,1.0809128994015296
2019-10-23 00:00:00+00:00,1.0809128994015296
2019-10-24 00:00:00+00:00,1.0742173629400416
2019-10-25 00:00:00+00:00,1.0742173629400416
2019-10-26 00:00:00+00:00,1.076396552767516
2019-10-27 00:00:00+00:00,1.076396552767516
2019-10-28 00:00:00+00:00,1.076396552767516
2019-10-29 00:00:00+00:00,1.076396552767516
2019-10-30 00:00:00+00:00,1.076396552767516
2019-10-31 00:00:00+00:00,1.076396552767516
2019-11-01 00:00:00+00:00,1.076396552767516
2019-11-02 00:00:00+00:00,1.076396552767516
2019-11-03 00:00:00+00:00,1.076396552767516
2019-11-04 00:00:00+00:00,1.076396552767516
2019-11-05 00:00:00+00:00,1.076396552767516
2019-11-06 00:00:00+00:00,1.076396552767516
2019-11-07 00:00:00+00:00,1.076396552767516
2019-11-08 00:00:00+00:00,1.076396552767516
2019-11-09 00:00:00+00:00,1.0757075087816423
2019-11-10 00:00:00+00:00,1.0757075087816423
2019-11-11 00:00:00+00:00,1.0757075087816423
2019-11-12 00:00:00+00:00,1.0757075087816423
2019-11-13 00:00:00+00:00,1.0757075087816423
2019-11-14 00:00:00+00:00,1.0757075087816423
2019-11-15 00:00:00+00:00,1.0757075087816423
2019-11-16 00:00:00+00:00,1.0757075087816423
2019-11-17 00:00:00+00:00,1.0757075087816423
2019-11-18 00:00:00+00:00,1.0757075087816423
2019-11-19 00:00:00+00:00,1.0804873886637518
2019-11-20 00:00:00+00:00,1.0802213092365915
2019-11-21 00:00:00+00:00,1.0746062328672965
2019-11-22 00:00:00+00:00,1.0745491560931701
2019-11-23 00:00:00+00:00,1.069035181705396
2019-11-24 00:00:00+00:00,1.069035181705396
2019-11-25 00:00:00+00:00,1.069035181705396
2019-11-26 00:00:00+00:00,1.069035181705396
2019-11-27 00:00:00+00:00,1.069035181705396
2019-11-28 00:00:00+00:00,1.069035181705396
2019-11-29 00:00:00+00:00,1.069035181705396
2019-11-30 00:00:00+00:00,1.069035181705396
2019-12-01 00:00:00+00:00,1.069035181705396
2019-12-02 00:00:00+00:00,1.069035181705396
2019-12-03 00:00:00+00:00,1.069035181705396
2019-12-04 00:00:00+00:00,1.069035181705396
2019-12-05 00:00:00+00:00,1.069035181705396
2019-12-06 00:00:00+00:00,1.069035181705396
2019-12-07 00:00:00+00:00,1.069035181705396
2019-12-08 00:00:00+00:00,1.069035181705396
2019-12-09 00:00:00+00:00,1.069035181705396
2019-12-10 00:00:00+00:00,1.069035181705396
2019-12-11 00:00:00+00:00,1.069035181705396
2019-12-12 00:00:00+00:00,1.069035181705396
2019-12-13 00:00:00+00:00,1.069035181705396
2019-12-14 00:00:00+00:00,1.069035181705396
2019-12-15 00:00:00+00:00,1.069035181705396
2019-12-16 00:00:00+00:00,1.069035181705396
2019-12-17 00:00:00+00:00,1.069035181705396
2019-12-18 00:00:00+00:00,1.069035181705396
2019-12-19 00:00:00+00:00,1.069035181705396
2019-12-20 00:00:00+00:00,1.069035181705396
2019-12-21 00:00:00+00:00,1.0683499337309708
2019-12-22 00:00:00+00:00,1.0683499337309708
2019-12-23 00:00:00+00:00,1.0683499337309708
2019-12-24 00:00:00+00:00,1.0683499337309708
2019-12-25 00:00:00+00:00,1.0683499337309708
2019-12-26 00:00:00+00:00,1.0683499337309708
2019-12-27 00:00:00+00:00,1.0683499337309708
2019-12-28 00:00:00+00:00,1.0683499337309708
2019-12-29 00:00:00+00:00,1.0683499337309708
2019-12-30 00:00:00+00:00,1.0683499337309708
2019-12-31 00:00:00+00:00,1.0683499337309708
2020-01-01 00:00:00+00:00,1.0683499337309708
2020-01-02 00:00:00+00:00,1.0683499337309708
2020-01-03 00:00:00+00:00,1.0683499337309708
2020-01-04 00:00:00+00:00,1.0683499337309708
2020-01-05 00:00:00+00:00,1.0683499337309708
2020-01-06 00:00:00+00:00,1.0683499337309708
2020-01-07 00:00:00+00:00,1.085895175888448
2020-01-08 00:00:00+00:00,1.0936412362275112
2020-01-09 00:00:00+00:00,1.0936412362275112
2020-01-10 00:00:00+00:00,1.0936412362275112
2020-01-11 00:00:00+00:00,1.0936412362275112
2020-01-12 00:00:00+00:00,1.0924140275356247
2020-01-13 00:00:00+00:00,1.0924140275356247
2020-01-14 00:00:00+00:00,1.0924140275356247
2020-01-15 00:00:00+00:00,1.0924140275356247
2020-01-16 00:00:00+00:00,1.0924140275356247
2020-01-17 00:00:00+00:00,1.0924140275356247
2020-01-18 00:00:00+00:00,1.0924140275356247
2020-01-19 00:00:00+00:00,1.0924140275356247
2020-01-20 00:00:00+00:00,1.0924140275356247
2020-01-21 00:00:00+00:00,1.0924140275356247
2020-01-22 00:00:00+00:00,1.0924140275356247
2020-01-23 00:00:00+00:00,1.0924140275356247
2020-01-24 00:00:00+00:00,1.0924140275356247
2020-01-25 00:00:00+00:00,1.0924140275356247
2020-01-26 00:00:00+00:00,1.0924140275356247
2020-01-27 00:00:00+00:00,1.0924140275356247
2020-01-28 00:00:00+00:00,1.0924140275356247
2020-01-29 00:00:00+00:00,1.0924140275356247
2020-01-30 00:00:00+00:00,1.0924140275356247
2020-01-31 00:00:00+00:00,1.0924140275356247
2020-02-01 00:00:00+00:00,1.0924140275356247
2020-02-02 00:00:00+00:00,1.0924140275356247
2020-02-03 00:00:00+00:00,1.0924140275356247
2020-02-04 00:00:00+00:00,1.0924140275356247
2020-02-05 00:00:00+00:00,1.0924140275356247
2020-02-06 00:00:00+00:00,1.0924140275356247
2020-02-07 00:00:00+00:00,1.0924140275356247
2020-02-08 00:00:00+00:00,1.0924140275356247
2020-02-09 00:00:00+00:00,1.0924140275356247
2020-02-10 00:00:00+00:00,1.0924140275356247
2020-02-11 00:00:00+00:00,1.20085050091273
2020-02-12 00:00:00+00:00,1.20085050091273
2020-02-13 00:00:00+00:00,1.20085050091273
2020-02-14 00:00:00+00:00,1.2398681175032529
2020-02-15 00:00:00+00:00,1.2398681175032529
2020-02-16 00:00:00+00:00,1.2669271857795361
2020-02-17 00:00:00+00:00,1.2794151874839572
2020-02-18 00:00:00+00:00,1.2728837192245075
2020-02-19 00:00:00+00:00,1.2728837192245075
2020-02-20 00:00:00+00:00,1.2728837192245075
2020-02-21 00:00:00+00:00,1.2728837192245075
2020-02-22 00:00:00+00:00,1.2728837192245075
2020-02-23 00:00:00+00:00,1.2728837192245075
2020-02-24 00:00:00+00:00,1.2728837192245075
2020-02-25 00:00:00+00:00,1.2728837192245075
2020-02-26 00:00:00+00:00,1.2592939373188448
2020-02-27 00:00:00+00:00,1.2592939373188448
2020-02-28 00:00:00+00:00,1.2592939373188448
2020-02-29 00:00:00+00:00,1.2592939373188448
2020-03-01 00:00:00+00:00,1.2592939373188448
2020-03-02 00:00:00+00:00,1.2592939373188448
2020-03-03 00:00:00+00:00,1.2592939373188448
2020-03-04 00:00:00+00:00,1.2592939373188448
2020-03-05 00:00:00+00:00,1.2592939373188448
2020-03-06 00:00:00+00:00,1.2592939373188448
2020-03-07 00:00:00+00:00,1.2592939373188448
2020-03-08 00:00:00+00:00,1.2592939373188448
2020-03-09 00:00:00+00:00,1.2603557856992114
2020-03-10 00:00:00+00:00,1.2603557856992114
2020-03-11 00:00:00+00:00,1.2603557856992114
2020-03-12 00:00:00+00:00,1.2603557856992114
2020-03-13 00:00:00+00:00,1.2603557856992114
2020-03-14 00:00:00+00:00,1.2603557856992114
2020-03-15 00:00:00+00:00,1.2863908585743795
2020-03-16 00:00:00+00:00,1.2863908585743795
2020-03-17 00:00:00+00:00,1.2863908585743795
2020-03-18 00:00:00+00:00,1.2863908585743795
2020-03-19 00:00:00+00:00,1.2863908585743795
2020-03-20 00:00:00+00:00,1.3260174928681328
2020-03-21 00:00:00+00:00,1.3260174928681328
2020-03-22 00:00:00+00:00,1.3260174928681328
2020-03-23 00:00:00+00:00,1.3260174928681328
2020-03-24 00:00:00+00:00,1.3260174928681328
2020-03-25 00:00:00+00:00,1.3260174928681328
2020-03-26 00:00:00+00:00,1.3192197894166713
2020-03-27 00:00:00+00:00,1.3192197894166713
2020-03-28 00:00:00+00:00,1.3192197894166713
2020-03-29 00:00:00+00:00,1.3192197894166713
2020-03-30 00:00:00+00:00,1.3192197894166713
2020-03-31 00:00:00+00:00,1.3192197894166713
2020-04-01 00:00:00+00:00,1.3192197894166713
2020-04-02 00:00:00+00:00,1.3192197894166713
2020-04-03 00:00:00+00:00,1.3192197894166713
2020-04-04 00:00:00+00:00,1.3192197894166713
2020-04-05 00:00:00+00:00,1.3192197894166713
2020-04-06 00:00:00+00:00,1.3192197894166713
2020-04-07 00:00:00+00:00,1.2916134945389135
2020-04-08 00:00:00+00:00,1.2916134945389135
2020-04-09 00:00:00+00:00,1.2916134945389135
2020-04-10 00:00:00+00:00,1.2916134945389135
2020-04-11 00:00:00+00:00,1.2916134945389135
2020-04-12 00:00:00+00:00,1.2916134945389135
2020-04-13 00:00:00+00:00,1.2916134945389135
2020-04-14 00:00:00+00:00,1.2916134945389135
2020-04-15 00:00:00+00:00,1.2916134945389135
2020-04-16 00:00:00+00:00,1.2916134945389135
2020-04-17 00:00:00+00:00,1.2916134945389135
2020-04-18 00:00:00+00:00,1.2916134945389135
2020-04-19 00:00:00+00:00,1.2916134945389135
2020-04-20 00:00:00+00:00,1.2916134945389135
2020-04-21 00:00:00+00:00,1.2916134945389135
2020-04-22 00:00:00+00:00,1.2916134945389135
2020-04-23 00:00:00+00:00,1.2916134945389135
2020-04-24 00:00:00+00:00,1.2916134945389135
2020-04-25 00:00:00+00:00,1.2916134945389135
2020-04-26 00:00:00+00:00,1.2916134945389135
2020-04-27 00:00:00+00:00,1.2916134945389135
2020-04-28 00:00:00+00:00,1.2916134945389135
2020-04-29 00:00:00+00:00,1.2916134945389135
2020-04-30 00:00:00+00:00,1.2916134945389135
2020-05-01 00:00:00+00:00,1.2916134945389135
2020-05-02 00:00:00+00:00,1.333718212423362
2020-05-03 00:00:00+00:00,1.333718212423362
2020-05-04 00:00:00+00:00,1.333718212423362
2020-05-05 00:00:00+00:00,1.3614069010474332
2020-05-06 00:00:00+00:00,1.3614069010474332
2020-05-07 00:00:00+00:00,1.3614069010474332
2020-05-08 00:00:00+00:00,1.3614069010474332
2020-05-09 00:00:00+00:00,1.3614069010474332
2020-05-10 00:00:00+00:00,1.3614069010474332
2020-05-11 00:00:00+00:00,1.3484200302643234
2020-05-12 00:00:00+00:00,1.3326151636982595
2020-05-13 00:00:00+00:00,1.3326151636982595
2020-05-14 00:00:00+00:00,1.3326151636982595
2020-05-15 00:00:00+00:00,1.3326151636982595
2020-05-16 00:00:00+00:00,1.3326151636982595
2020-05-17 00:00:00+00:00,1.3326151636982595
2020-05-18 00:00:00+00:00,1.3326151636982595
2020-05-19 00:00:00+00:00,1.3326151636982595
2020-05-20 00:00:00+00:00,1.3326151636982595
2020-05-21 00:00:00+00:00,1.3326151636982595
2020-05-22 00:00:00+00:00,1.3326151636982595
2020-05-23 00:00:00+00:00,1.3326151636982595
2020-05-24 00:00:00+00:00,1.3326151636982595
2020-05-25 00:00:00+00:00,1.3326151636982595
2020-05-26 00:00:00+00:00,1.3326151636982595
2020-05-27 00:00:00+00:00,1.3326151636982595
2020-05-28 00:00:00+00:00,1.3326151636982595
2020-05-29 00:00:00+00:00,1.3326151636982595
2020-05-30 00:00:00+00:00,1.3326151636982595
2020-05-31 00:00:00+00:00,1.3326151636982595
2020-06-01 00:00:00+00:00,1.3326151636982595
2020-06-02 00:00:00+00:00,1.3326151636982595
2020-06-03 00:00:00+00:00,1.3326151636982595
2020-06-04 00:00:00+00:00,1.3326151636982595
2020-06-05 00:00:00+00:00,1.3326151636982595
2020-06-06 00:00:00+00:00,1.3326151636982595
2020-06-07 00:00:00+00:00,1.3326151636982595
2020-06-08 00:00:00+00:00,1.3326151636982595
2020-06-09 00:00:00+00:00,1.3326151636982595
2020-06-10 00:00:00+00:00,1.3326151636982595
2020-06-11 00:00:00+00:00,1.3326151636982595
2020-06-12 00:00:00+00:00,1.3470144046708665
2020-06-13 00:00:00+00:00,1.3470144046708665
2020-06-14 00:00:00+00:00,1.3470144046708665
2020-06-15 00:00:00+00:00,1.3470144046708665
2020-06-16 00:00:00+00:00,1.343315963750642
2020-06-17 00:00:00+00:00,1.343315963750642
2020-06-18 00:00:00+00:00,1.343315963750642
2020-06-19 00:00:00+00:00,1.343315963750642
2020-06-20 00:00:00+00:00,1.343315963750642
2020-06-21 00:00:00+00:00,1.343315963750642
2020-06-22 00:00:00+00:00,1.343315963750642
2020-06-23 00:00:00+00:00,1.343315963750642
2020-06-24 00:00:00+00:00,1.3363472607033424
2020-06-25 00:00:00+00:00,1.3363472607033424
2020-06-26 00:00:00+00:00,1.3363472607033424
2020-06-27 00:00:00+00:00,1.3363472607033424
2020-06-28 00:00:00+00:00,1.330343040200383
2020-06-29 00:00:00+00:00,1.330343040200383
2020-06-30 00:00:00+00:00,1.330343040200383
2020-07-01 00:00:00+00:00,1.330343040200383
2020-07-02 00:00:00+00:00,1.330343040200383
2020-07-03 00:00:00+00:00,1.330343040200383
2020-07-04 00:00:00+00:00,1.330343040200383
2020-07-05 00:00:00+00:00,1.330343040200383
2020-07-06 00:00:00+00:00,1.330343040200383
2020-07-07 00:00:00+00:00,1.330343040200383
2020-07-08 00:00:00+00:00,1.3296022350950008
2020-07-09 00:00:00+00:00,1.3225722392882011
2020-07-10 00:00:00+00:00,1.3225722392882011
2020-07-11 00:00:00+00:00,1.3225722392882011
2020-07-12 00:00:00+00:00,1.3225722392882011
2020-07-13 00:00:00+00:00,1.3225722392882011
2020-07-14 00:00:00+00:00,1.3225722392882011
2020-07-15 00:00:00+00:00,1.3225722392882011
2020-07-16 00:00:00+00:00,1.3225722392882011
2020-07-17 00:00:00+00:00,1.3157121273329093
2020-07-18 00:00:00+00:00,1.3157121273329093
2020-07-19 00:00:00+00:00,1.3157121273329093
2020-07-20 00:00:00+00:00,1.3157121273329093
2020-07-21 00:00:00+00:00,1.3157121273329093
2020-07-22 00:00:00+00:00,1.3157121273329093
2020-07-23 00:00:00+00:00,1.3157121273329093
2020-07-24 00:00:00+00:00,1.3157121273329093
2020-07-25 00:00:00+00:00,1.3157121273329093
2020-07-26 00:00:00+00:00,1.3140193008831778
2020-07-27 00:00:00+00:00,1.3140193008831778
2020-07-28 00:00:00+00:00,1.3244946424413513
2020-07-29 00:00:00+00:00,1.3244946424413513
2020-07-30 00:00:00+00:00,1.3442263739737388
2020-07-31 00:00:00+00:00,1.3442263739737388
2020-08-01 00:00:00+00:00,1.3442263739737388
2020-08-02 00:00:00+00:00,1.3442263739737388
2020-08-03 00:00:00+00:00,1.4094167945410494
2020-08-04 00:00:00+00:00,1.4094167945410494
2020-08-05 00:00:00+00:00,1.4094167945410494
2020-08-06 00:00:00+00:00,1.4094167945410494
2020-08-07 00:00:00+00:00,1.4094167945410494
2020-08-08 00:00:00+00:00,1.4094167945410494
2020-08-09 00:00:00+00:00,1.4094167945410494
2020-08-10 00:00:00+00:00,1.4094167945410494
2020-08-11 00:00:00+00:00,1.4094167945410494
2020-08-12 00:00:00+00:00,1.4094167945410494
2020-08-13 00:00:00+00:00,1.4094167945410494
2020-08-14 00:00:00+00:00,1.4094167945410494
2020-08-15 00:00:00+00:00,1.4094167945410494
2020-08-16 00:00:00+00:00,1.4094167945410494
2020-08-17 00:00:00+00:00,1.4094167945410494
2020-08-18 00:00:00+00:00,1.4094167945410494
2020-08-19 00:00:00+00:00,1.4094167945410494
2020-08-20 00:00:00+00:00,1.405466085038309
2020-08-21 00:00:00+00:00,1.405466085038309
2020-08-22 00:00:00+00:00,1.405466085038309
2020-08-23 00:00:00+00:00,1.3981871237474262
2020-08-24 00:00:00+00:00,1.3981871237474262
2020-08-25 00:00:00+00:00,1.3981871237474262
2020-08-26 00:00:00+00:00,1.3981871237474262
2020-08-27 00:00:00+00:00,1.3981871237474262
2020-08-28 00:00:00+00:00,1.3930297382461467
2020-08-29 00:00:00+00:00,1.3930297382461467
2020-08-30 00:00:00+00:00,1.3930297382461467
2020-08-31 00:00:00+00:00,1.3930297382461467
2020-09-01 00:00:00+00:00,1.3930297382461467
2020-09-02 00:00:00+00:00,1.3858252130099655
2020-09-03 00:00:00+00:00,1.3858252130099655
2020-09-04 00:00:00+00:00,1.3858252130099655
2020-09-05 00:00:00+00:00,1.3858252130099655
2020-09-06 00:00:00+00:00,1.3858252130099655
2020-09-07 00:00:00+00:00,1.3858252130099655
2020-09-08 00:00:00+00:00,1.3858252130099655
2020-09-09 00:00:00+00:00,1.3858252130099655
2020-09-10 00:00:00+00:00,1.3858252130099655
2020-09-11 00:00:00+00:00,1.3858252130099655
2020-09-12 00:00:00+00:00,1.3858252130099655
2020-09-13 00:00:00+00:00,1.3858252130099655
2020-09-14 00:00:00+00:00,1.3858252130099655
2020-09-15 00:00:00+00:00,1.3858252130099655
2020-09-16 00:00:00+00:00,1.3858252130099655
2020-09-17 00:00:00+00:00,1.3858252130099655
2020-09-18 00:00:00+00:00,1.3858252130099655
2020-09-19 00:00:00+00:00,1.4064100973857638
2020-09-20 00:00:00+00:00,1.4064100973857638
2020-09-21 00:00:00+00:00,1.4064100973857638
2020-09-22 00:00:00+00:00,1.4064100973857638
2020-09-23 00:00:00+00:00,1.4064100973857638
2020-09-24 00:00:00+00:00,1.4064100973857638
2020-09-25 00:00:00+00:00,1.4064100973857638
2020-09-26 00:00:00+00:00,1.4064100973857638
2020-09-27 00:00:00+00:00,1.4064100973857638
2020-09-28 00:00:00+00:00,1.4064100973857638
2020-09-29 00:00:00+00:00,1.4064100973857638
2020-09-30 00:00:00+00:00,1.4064100973857638
2020-10-01 00:00:00+00:00,1.4064100973857638
2020-10-02 00:00:00+00:00,1.4064100973857638
2020-10-03 00:00:00+00:00,1.4064100973857638
2020-10-04 00:00:00+00:00,1.443380771013724
2020-10-05 00:00:00+00:00,1.443380771013724
2020-10-06 00:00:00+00:00,1.443380771013724
2020-10-07 00:00:00+00:00,1.443380771013724
2020-10-08 00:00:00+00:00,1.443380771013724
2020-10-09 00:00:00+00:00,1.443380771013724
2020-10-10 00:00:00+00:00,1.443380771013724
2020-10-11 00:00:00+00:00,1.4562809315295215
2020-10-12 00:00:00+00:00,1.4562809315295215
2020-10-13 00:00:00+00:00,1.4562809315295215
2020-10-14 00:00:00+00:00,1.4562809315295215
2020-10-15 00:00:00+00:00,1.4562809315295215
2020-10-16 00:00:00+00:00,1.4562809315295215
2020-10-17 00:00:00+00:00,1.4486437635584417
2020-10-18 00:00:00+00:00,1.4738130025535037
2020-10-19 00:00:00+00:00,1.4738130025535037
2020-10-20 00:00:00+00:00,1.4738130025535037
2020-10-21 00:00:00+00:00,1.4738130025535037
2020-10-22 00:00:00+00:00,1.4738130025535037
2020-10-23 00:00:00+00:00,1.4738130025535037
2020-10-24 00:00:00+00:00,1.4738130025535037
2020-10-25 00:00:00+00:00,1.4738130025535037
2020-10-26 00:00:00+00:00,1.4738130025535037
2020-10-27 00:00:00+00:00,1.466235534696726
2020-10-28 00:00:00+00:00,1.466235534696726
2020-10-29 00:00:00+00:00,1.466235534696726
2020-10-30 00:00:00+00:00,1.466235534696726
2020-10-31 00:00:00+00:00,1.4730063763059662
2020-11-01 00:00:00+00:00,1.4730063763059662
2020-11-02 00:00:00+00:00,1.4730063763059662
2020-11-03 00:00:00+00:00,1.4730063763059662
2020-11-04 00:00:00+00:00,1.4571150403619677
2020-11-05 00:00:00+00:00,1.4571150403619677
2020-11-06 00:00:00+00:00,1.4571150403619677
2020-11-07 00:00:00+00:00,1.4571150403619677
2020-11-08 00:00:00+00:00,1.4571150403619677
2020-11-09 00:00:00+00:00,1.4699138245159533
2020-11-10 00:00:00+00:00,1.4699138245159533
2020-11-11 00:00:00+00:00,1.4699138245159533
2020-11-12 00:00:00+00:00,1.4699138245159533
2020-11-13 00:00:00+00:00,1.4699138245159533
2020-11-14 00:00:00+00:00,1.4699138245159533
2020-11-15 00:00:00+00:00,1.4699138245159533
2020-11-16 00:00:00+00:00,1.468102610110793
2020-11-17 00:00:00+00:00,1.468102610110793
2020-11-18 00:00:00+00:00,1.468102610110793
2020-11-19 00:00:00+00:00,1.468102610110793
2020-11-20 00:00:00+00:00,1.468102610110793
2020-11-21 00:00:00+00:00,1.4695749141964893
2020-11-22 00:00:00+00:00,1.4695749141964893
2020-11-23 00:00:00+00:00,1.5170286776070407
2020-11-24 00:00:00+00:00,1.5170286776070407
2020-11-25 00:00:00+00:00,1.509276836994747
2020-11-26 00:00:00+00:00,1.509276836994747
2020-11-27 00:00:00+00:00,1.509276836994747
2020-11-28 00:00:00+00:00,1.509276836994747
2020-11-29 00:00:00+00:00,1.509276836994747
2020-11-30 00:00:00+00:00,1.509276836994747
2020-12-01 00:00:00+00:00,1.509276836994747
2020-12-02 00:00:00+00:00,1.509276836994747
2020-12-03 00:00:00+00:00,1.509276836994747
2020-12-04 00:00:00+00:00,1.509276836994747
2020-12-05 00:00:00+00:00,1.509276836994747
2020-12-06 00:00:00+00:00,1.509276836994747
2020-12-07 00:00:00+00:00,1.509276836994747
2020-12-08 00:00:00+00:00,1.509276836994747
2020-12-09 00:00:00+00:00,1.509276836994747
2020-12-10 00:00:00+00:00,1.5035286224453577
2020-12-11 00:00:00+00:00,1.5035286224453577
2020-12-12 00:00:00+00:00,1.4966880891122833
2020-12-13 00:00:00+00:00,1.4966880891122833
2020-12-14 00:00:00+00:00,1.4966880891122833
2020-12-15 00:00:00+00:00,1.4966880891122833
2020-12-16 00:00:00+00:00,1.4966880891122833
2020-12-17 00:00:00+00:00,1.481384024079299
2020-12-18 00:00:00+00:00,1.4661987439045476
2020-12-19 00:00:00+00:00,1.4661987439045476
2020-12-20 00:00:00+00:00,1.458289628249296
2020-12-21 00:00:00+00:00,1.458289628249296
2020-12-22 00:00:00+00:00,1.458289628249296
2020-12-23 00:00:00+00:00,1.458289628249296
2020-12-24 00:00:00+00:00,1.4465651444650371
2020-12-25 00:00:00+00:00,1.4465651444650371
2020-12-26 00:00:00+00:00,1.4465651444650371
2020-12-27 00:00:00+00:00,1.4465651444650371
2020-12-28 00:00:00+00:00,1.4465651444650371
2020-12-29 00:00:00+00:00,1.4391558960185522
2020-12-30 00:00:00+00:00,1.431823275683904
2020-12-31 00:00:00+00:00,1.431823275683904
2021-01-01 00:00:00+00:00,1.431823275683904
2021-01-02 00:00:00+00:00,1.4245305696625463
2021-01-03 00:00:00+00:00,1.4172078994731336
2021-01-04 00:00:00+00:00,1.4172078994731336
2021-01-05 00:00:00+00:00,1.3954870310744882
2021-01-06 00:00:00+00:00,1.3884049026804508
2021-01-07 00:00:00+00:00,1.3884049026804508
2021-01-08 00:00:00+00:00,1.3884049026804508
2021-01-09 00:00:00+00:00,1.3884049026804508
2021-01-10 00:00:00+00:00,1.3884049026804508
2021-01-11 00:00:00+00:00,1.3884049026804508
2021-01-12 00:00:00+00:00,1.3884049026804508
2021-01-13 00:00:00+00:00,1.3884049026804508
2021-01-14 00:00:00+00:00,1.3884049026804508
2021-01-15 00:00:00+00:00,1.3884049026804508
2021-01-16 00:00:00+00:00,1.4118696306249234
2021-01-17 00:00:00+00:00,1.4118696306249234
2021-01-18 00:00:00+00:00,1.4118696306249234
2021-01-19 00:00:00+00:00,1.4118696306249234
2021-01-20 00:00:00+00:00,1.4118696306249234
2021-01-21 00:00:00+00:00,1.4118696306249234
2021-01-22 00:00:00+00:00,1.4135646646554236
2021-01-23 00:00:00+00:00,1.4135646646554236
2021-01-24 00:00:00+00:00,1.4135646646554236
2021-01-25 00:00:00+00:00,1.4135646646554236
2021-01-26 00:00:00+00:00,1.4135646646554236
2021-01-27 00:00:00+00:00,1.4135646646554236
2021-01-28 00:00:00+00:00,1.4063198090665168
2021-01-29 00:00:00+00:00,1.4063198090665168
2021-01-30 00:00:00+00:00,1.4063198090665168
2021-01-31 00:00:00+00:00,1.399087265084818
2021-02-01 00:00:00+00:00,1.399087265084818
2021-02-02 00:00:00+00:00,1.399087265084818
2021-02-03 00:00:00+00:00,1.399087265084818
2021-02-04 00:00:00+00:00,1.399087265084818
2021-02-05 00:00:00+00:00,1.399087265084818
2021-02-06 00:00:00+00:00,1.399087265084818
2021-02-07 00:00:00+00:00,1.399087265084818
2021-02-08 00:00:00+00:00,1.4537159048149964
2021-02-09 00:00:00+00:00,1.4537159048149964
2021-02-10 00:00:00+00:00,1.5409560900320944
2021-02-11 00:00:00+00:00,1.5409560900320944
2021-02-12 00:00:00+00:00,1.5409560900320944
2021-02-13 00:00:00+00:00,1.5330365931764378
2021-02-14 00:00:00+00:00,1.5330365931764378
2021-02-15 00:00:00+00:00,1.5745934821494374
2021-02-16 00:00:00+00:00,1.5666504173777387
2021-02-17 00:00:00+00:00,1.5666504173777387
2021-02-18 00:00:00+00:00,1.5666504173777387
2021-02-19 00:00:00+00:00,1.5666504173777387
2021-02-20 00:00:00+00:00,1.5666504173777387
2021-02-21 00:00:00+00:00,1.5666504173777387
2021-02-22 00:00:00+00:00,1.5666504173777387
2021-02-23 00:00:00+00:00,1.5666504173777387
2021-02-24 00:00:00+00:00,1.5507902520811618
2021-02-25 00:00:00+00:00,1.5507902520811618
2021-02-26 00:00:00+00:00,1.5507902520811618
2021-02-27 00:00:00+00:00,1.5507902520811618
2021-02-28 00:00:00+00:00,1.5507902520811618
2021-03-01 00:00:00+00:00,1.5507902520811618
2021-03-02 00:00:00+00:00,1.5507902520811618
2021-03-03 00:00:00+00:00,1.5507902520811618
2021-03-04 00:00:00+00:00,1.5507902520811618
2021-03-05 00:00:00+00:00,1.5507902520811618
2021-03-06 00:00:00+00:00,1.5507902520811618
2021-03-07 00:00:00+00:00,1.5507902520811618
2021-03-08 00:00:00+00:00,1.5507902520811618
2021-03-09 00:00:00+00:00,1.5507902520811618
2021-03-10 00:00:00+00:00,1.5507902520811618
2021-03-11 00:00:00+00:00,1.5507902520811618
2021-03-12 00:00:00+00:00,1.5507902520811618
2021-03-13 00:00:00+00:00,1.5507902520811618
2021-03-14 00:00:00+00:00,1.5507902520811618
2021-03-15 00:00:00+00:00,1.5507902520811618
2021-03-16 00:00:00+00:00,1.5507902520811618
2021-03-17 00:00:00+00:00,1.5507902520811618
2021-03-18 00:00:00+00:00,1.5507902520811618
2021-03-19 00:00:00+00:00,1.5507902520811618
2021-03-20 00:00:00+00:00,1.5507902520811618
2021-03-21 00:00:00+00:00,1.5507902520811618
2021-03-22 00:00:00+00:00,1.5507902520811618
2021-03-23 00:00:00+00:00,1.5507902520811618
2021-03-24 00:00:00+00:00,1.5507902520811618
2021-03-25 00:00:00+00:00,1.5507902520811618
2021-03-26 00:00:00+00:00,1.5507902520811618
2021-03-27 00:00:00+00:00,1.5507902520811618
2021-03-28 00:00:00+00:00,1.5507902520811618
2021-03-29 00:00:00+00:00,1.5507902520811618
2021-03-30 00:00:00+00:00,1.5507902520811618
2021-03-31 00:00:00+00:00,1.5507902520811618
2021-04-01 00:00:00+00:00,1.5507902520811618
2021-04-02 00:00:00+00:00,1.5507902520811618
2021-04-03 00:00:00+00:00,1.5507902520811618
2021-04-04 00:00:00+00:00,1.5507902520811618
2021-04-05 00:00:00+00:00,1.5507902520811618
2021-04-06 00:00:00+00:00,1.5507902520811618
2021-04-07 00:00:00+00:00,1.6408978539785406
2021-04-08 00:00:00+00:00,1.6408978539785406
2021-04-09 00:00:00+00:00,1.6408978539785406
2021-04-10 00:00:00+00:00,1.6408978539785406
2021-04-11 00:00:00+00:00,1.6408978539785406
2021-04-12 00:00:00+00:00,1.6408978539785406
2021-04-13 00:00:00+00:00,1.7053757570348878
2021-04-14 00:00:00+00:00,1.6968026625246981
2021-04-15 00:00:00+00:00,1.6968026625246981
2021-04-16 00:00:00+00:00,1.6968026625246981
2021-04-17 00:00:00+00:00,1.6968026625246981
2021-04-18 00:00:00+00:00,1.6968026625246981
2021-04-19 00:00:00+00:00,1.6968026625246981
2021-04-20 00:00:00+00:00,1.6968026625246981
2021-04-21 00:00:00+00:00,1.67097074869508
2021-04-22 00:00:00+00:00,1.67097074869508
2021-04-23 00:00:00+00:00,1.67097074869508
2021-04-24 00:00:00+00:00,1.662455712056822
2021-04-25 00:00:00+00:00,1.662455712056822
2021-04-26 00:00:00+00:00,1.662455712056822
2021-04-27 00:00:00+00:00,1.6901656763467687
2021-04-28 00:00:00+00:00,1.6901656763467687
2021-04-29 00:00:00+00:00,1.6901656763467687
2021-04-30 00:00:00+00:00,1.6901656763467687
2021-05-01 00:00:00+00:00,1.6901656763467687
2021-05-02 00:00:00+00:00,1.6901656763467687
2021-05-03 00:00:00+00:00,1.6901656763467687
2021-05-04 00:00:00+00:00,1.6901656763467687
2021-05-05 00:00:00+00:00,1.6901656763467687
2021-05-06 00:00:00+00:00,1.6814864520014248
2021-05-07 00:00:00+00:00,1.7801690824078036
2021-05-08 00:00:00+00:00,1.8214883392265695
2021-05-09 00:00:00+00:00,1.8214883392265695
2021-05-10 00:00:00+00:00,1.8214883392265695
2021-05-11 00:00:00+00:00,1.8392138928752508
2021-05-12 00:00:00+00:00,1.8392138928752508
2021-05-13 00:00:00+00:00,1.8392138928752508
2021-05-14 00:00:00+00:00,1.8392138928752508
2021-05-15 00:00:00+00:00,1.8392138928752508
2021-05-16 00:00:00+00:00,1.8392138928752508
2021-05-17 00:00:00+00:00,1.8392138928752508
2021-05-18 00:00:00+00:00,1.8392138928752508
2021-05-19 00:00:00+00:00,1.8298603071836226
2021-05-20 00:00:00+00:00,1.811202849518503
2021-05-21 00:00:00+00:00,1.811202849518503
2021-05-22 00:00:00+00:00,1.811202849518503
2021-05-23 00:00:00+00:00,1.811202849518503
2021-05-24 00:00:00+00:00,1.7942158522865568
2021-05-25 00:00:00+00:00,1.7942158522865568
2021-05-26 00:00:00+00:00,1.7942158522865568
2021-05-27 00:00:00+00:00,1.7942158522865568
2021-05-28 00:00:00+00:00,1.7942158522865568
2021-05-29 00:00:00+00:00,1.7942158522865568
2021-05-30 00:00:00+00:00,1.7942158522865568
2021-05-31 00:00:00+00:00,1.7942158522865568
2021-06-01 00:00:00+00:00,1.7942158522865568
2021-06-02 00:00:00+00:00,1.7942158522865568
2021-06-03 00:00:00+00:00,1.7942158522865568
2021-06-04 00:00:00+00:00,1.7942158522865568
2021-06-05 00:00:00+00:00,1.7942158522865568
2021-06-06 00:00:00+00:00,1.7942158522865568
2021-06-07 00:00:00+00:00,1.7942158522865568
2021-06-08 00:00:00+00:00,1.7942158522865568
2021-06-09 00:00:00+00:00,1.7942158522865568
2021-06-10 00:00:00+00:00,1.7942158522865568
2021-06-11 00:00:00+00:00,1.7942158522865568
2021-06-12 00:00:00+00:00,1.7942158522865568
2021-06-13 00:00:00+00:00,1.7942158522865568
2021-06-14 00:00:00+00:00,1.7942158522865568
2021-06-15 00:00:00+00:00,1.7942158522865568
2021-06-16 00:00:00+00:00,1.7942158522865568
2021-06-17 00:00:00+00:00,1.7942158522865568
2021-06-18 00:00:00+00:00,1.7942158522865568
2021-06-19 00:00:00+00:00,1.7942158522865568
2021-06-20 00:00:00+00:00,1.7942158522865568
2021-06-21 00:00:00+00:00,1.7942158522865568
2021-06-22 00:00:00+00:00,1.7848605515930906
2021-06-23 00:00:00+00:00,1.7848605515930906
2021-06-24 00:00:00+00:00,1.7848605515930906
2021-06-25 00:00:00+00:00,1.7848605515930906
2021-06-26 00:00:00+00:00,1.7848605515930906
2021-06-27 00:00:00+00:00,1.7848605515930906
2021-06-28 00:00:00+00:00,1.7848605515930906
2021-06-29 00:00:00+00:00,1.7848605515930906
2021-06-30 00:00:00+00:00,1.7848605515930906
2021-07-01 00:00:00+00:00,1.7848605515930906
2021-07-02 00:00:00+00:00,1.7848605515930906
2021-07-03 00:00:00+00:00,1.7848605515930906
2021-07-04 00:00:00+00:00,1.7848605515930906
2021-07-05 00:00:00+00:00,1.7848605515930906
2021-07-06 00:00:00+00:00,1.8228126333764232
2021-07-07 00:00:00+00:00,1.8228126333764232
2021-07-08 00:00:00+00:00,1.8228126333764232
2021-07-09 00:00:00+00:00,1.8228126333764232
2021-07-10 00:00:00+00:00,1.8228126333764232
2021-07-11 00:00:00+00:00,1.8228126333764232
2021-07-12 00:00:00+00:00,1.8228126333764232
2021-07-13 00:00:00+00:00,1.8228126333764232
2021-07-14 00:00:00+00:00,1.8438111351637652
2021-07-15 00:00:00+00:00,1.8438111351637652
2021-07-16 00:00:00+00:00,1.8438111351637652
2021-07-17 00:00:00+00:00,1.8438111351637652
2021-07-18 00:00:00+00:00,1.8438111351637652
2021-07-19 00:00:00+00:00,1.8438111351637652
2021-07-20 00:00:00+00:00,1.8559381867220717
2021-07-21 00:00:00+00:00,1.8463835371334427
2021-07-22 00:00:00+00:00,1.8463835371334427
2021-07-23 00:00:00+00:00,1.8463835371334427
2021-07-24 00:00:00+00:00,1.8463835371334427
2021-07-25 00:00:00+00:00,1.8463835371334427
2021-07-26 00:00:00+00:00,1.8463835371334427
2021-07-27 00:00:00+00:00,1.8369848656794165
2021-07-28 00:00:00+00:00,1.8369848656794165
2021-07-29 00:00:00+00:00,1.8369848656794165
2021-07-30 00:00:00+00:00,1.833635067586331
2021-07-31 00:00:00+00:00,1.833635067586331
2021-08-01 00:00:00+00:00,1.8242660420800507
2021-08-02 00:00:00+00:00,1.8146820325970787
2021-08-03 00:00:00+00:00,1.8146820325970787
2021-08-04 00:00:00+00:00,1.8541882737157662
2021-08-05 00:00:00+00:00,1.8541882737157662
2021-08-06 00:00:00+00:00,1.8541882737157662
2021-08-07 00:00:00+00:00,1.8541882737157662
2021-08-08 00:00:00+00:00,1.8541882737157662
2021-08-09 00:00:00+00:00,1.8541882737157662
2021-08-10 00:00:00+00:00,1.8757808041752941
2021-08-11 00:00:00+00:00,1.8757808041752941
2021-08-12 00:00:00+00:00,1.8757808041752941
2021-08-13 00:00:00+00:00,1.8757808041752941
2021-08-14 00:00:00+00:00,1.8757808041752941
2021-08-15 00:00:00+00:00,1.8757808041752941
2021-08-16 00:00:00+00:00,1.8757808041752941
2021-08-17 00:00:00+00:00,1.8757808041752941
2021-08-18 00:00:00+00:00,1.8757808041752941
2021-08-19 00:00:00+00:00,1.9533767383677152
2021-08-20 00:00:00+00:00,1.9533767383677152
2021-08-21 00:00:00+00:00,1.9533767383677152
2021-08-22 00:00:00+00:00,1.9533767383677152
2021-08-23 00:00:00+00:00,1.9533767383677152
2021-08-24 00:00:00+00:00,1.9533767383677152
2021-08-25 00:00:00+00:00,1.9533767383677152
2021-08-26 00:00:00+00:00,1.9533767383677152
2021-08-27 00:00:00+00:00,1.9533767383677152
2021-08-28 00:00:00+00:00,1.9533767383677152
2021-08-29 00:00:00+00:00,1.9533767383677152
2021-08-30 00:00:00+00:00,1.9533767383677152
2021-08-31 00:00:00+00:00,1.9533767383677152
2021-09-01 00:00:00+00:00,1.9533767383677152
2021-09-02 00:00:00+00:00,1.9533767383677152
2021-09-03 00:00:00+00:00,1.9533767383677152
2021-09-04 00:00:00+00:00,1.9533767383677152
2021-09-05 00:00:00+00:00,1.9533767383677152
2021-09-06 00:00:00+00:00,1.9533767383677152
2021-09-07 00:00:00+00:00,1.9533767383677152
2021-09-08 00:00:00+00:00,2.026761648785539
2021-09-09 00:00:00+00:00,2.0164074712045115
2021-09-10 00:00:00+00:00,2.0164074712045115
2021-09-11 00:00:00+00:00,2.0164074712045115
2021-09-12 00:00:00+00:00,2.0164074712045115
2021-09-13 00:00:00+00:00,2.0164074712045115
2021-09-14 00:00:00+00:00,2.051384977088413
2021-09-15 00:00:00+00:00,2.0409788172788135
2021-09-16 00:00:00+00:00,2.0409788172788135
2021-09-17 00:00:00+00:00,2.0409788172788135
2021-09-18 00:00:00+00:00,2.0409788172788135
2021-09-19 00:00:00+00:00,2.0409788172788135
2021-09-20 00:00:00+00:00,2.0409788172788135
2021-09-21 00:00:00+00:00,2.0197119871561178
2021-09-22 00:00:00+00:00,2.0197119871561178
2021-09-23 00:00:00+00:00,2.0197119871561178
2021-09-24 00:00:00+00:00,2.0197119871561178
2021-09-25 00:00:00+00:00,2.0197119871561178
2021-09-26 00:00:00+00:00,2.0197119871561178
2021-09-27 00:00:00+00:00,2.0197119871561178
2021-09-28 00:00:00+00:00,2.0197119871561178
2021-09-29 00:00:00+00:00,2.0197119871561178
2021-09-30 00:00:00+00:00,2.0197119871561178
2021-10-01 00:00:00+00:00,2.0197119871561178
2021-10-02 00:00:00+00:00,2.0093799453875647
2021-10-03 00:00:00+00:00,2.0093799453875647
2021-10-04 00:00:00+00:00,2.0093799453875647
2021-10-05 00:00:00+00:00,1.9990367966329314
2021-10-06 00:00:00+00:00,1.9990367966329314
2021-10-07 00:00:00+00:00,1.9990367966329314
2021-10-08 00:00:00+00:00,1.9990367966329314
2021-10-09 00:00:00+00:00,1.9990367966329314
2021-10-10 00:00:00+00:00,1.9990367966329314
2021-10-11 00:00:00+00:00,1.9990367966329314
2021-10-12 00:00:00+00:00,1.9990367966329314
2021-10-13 00:00:00+00:00,1.9885598974068168
2021-10-14 00:00:00+00:00,1.9885598974068168
2021-10-15 00:00:00+00:00,1.9885598974068168
2021-10-16 00:00:00+00:00,1.9885598974068168
2021-10-17 00:00:00+00:00,1.9779412624828454
2021-10-18 00:00:00+00:00,1.9779412624828454
2021-10-19 00:00:00+00:00,1.9779412624828454
2021-10-20 00:00:00+00:00,1.9779412624828454
2021-10-21 00:00:00+00:00,1.9779412624828454
2021-10-22 00:00:00+00:00,1.967770484251321
2021-10-23 00:00:00+00:00,1.967770484251321
2021-10-24 00:00:00+00:00,1.967770484251321
2021-10-25 00:00:00+00:00,1.967770484251321
2021-10-26 00:00:00+00:00,1.967770484251321
2021-10-27 00:00:00+00:00,1.967770484251321
2021-10-28 00:00:00+00:00,1.963636180711321
2021-10-29 00:00:00+00:00,1.963636180711321
2021-10-30 00:00:00+00:00,1.963636180711321
2021-10-31 00:00:00+00:00,1.963636180711321
2021-11-01 00:00:00+00:00,1.963636180711321
2021-11-02 00:00:00+00:00,1.963636180711321
2021-11-03 00:00:00+00:00,1.963636180711321
2021-11-04 00:00:00+00:00,1.963636180711321
2021-11-05 00:00:00+00:00,1.963636180711321
2021-11-06 00:00:00+00:00,1.963636180711321
2021-11-07 00:00:00+00:00,1.963636180711321
2021-11-08 00:00:00+00:00,2.0345209288058745
2021-11-09 00:00:00+00:00,2.0345209288058745
2021-11-10 00:00:00+00:00,2.0345209288058745
2021-11-11 00:00:00+00:00,2.0510800046154674
2021-11-12 00:00:00+00:00,2.0510800046154674
2021-11-13 00:00:00+00:00,2.064360683692079
2021-11-14 00:00:00+00:00,2.064360683692079
2021-11-15 00:00:00+00:00,2.064360683692079
2021-11-16 00:00:00+00:00,2.064360683692079
2021-11-17 00:00:00+00:00,2.0431540596479247
2021-11-18 00:00:00+00:00,2.032445230451542
2021-11-19 00:00:00+00:00,2.032445230451542
2021-11-20 00:00:00+00:00,2.032445230451542
2021-11-21 00:00:00+00:00,2.032445230451542
2021-11-22 00:00:00+00:00,2.032445230451542
2021-11-23 00:00:00+00:00,2.032445230451542
2021-11-24 00:00:00+00:00,2.032445230451542
2021-11-25 00:00:00+00:00,2.032445230451542
2021-11-26 00:00:00+00:00,2.032445230451542
2021-11-27 00:00:00+00:00,2.0108368684464857
2021-11-28 00:00:00+00:00,2.0108368684464857
2021-11-29 00:00:00+00:00,2.0108368684464857
2021-11-30 00:00:00+00:00,2.0108368684464857
2021-12-01 00:00:00+00:00,2.0108368684464857
2021-12-02 00:00:00+00:00,2.0108368684464857
2021-12-03 00:00:00+00:00,2.0108368684464857
2021-12-04 00:00:00+00:00,2.00011873646607
2021-12-05 00:00:00+00:00,2.00011873646607
2021-12-06 00:00:00+00:00,2.076508482227134
2021-12-07 00:00:00+00:00,2.076508482227134
2021-12-08 00:00:00+00:00,2.076508482227134
2021-12-09 00:00:00+00:00,2.076508482227134
2021-12-10 00:00:00+00:00,2.076508482227134
2021-12-11 00:00:00+00:00,2.076508482227134
2021-12-12 00:00:00+00:00,2.076508482227134
2021-12-13 00:00:00+00:00,2.076508482227134
2021-12-14 00:00:00+00:00,2.076508482227134
2021-12-15 00:00:00+00:00,2.076508482227134
2021-12-16 00:00:00+00:00,2.076508482227134
2021-12-17 00:00:00+00:00,2.076508482227134
2021-12-18 00:00:00+00:00,2.076508482227134
2021-12-19 00:00:00+00:00,2.076508482227134
2021-12-20 00:00:00+00:00,2.076508482227134
2021-12-21 00:00:00+00:00,2.076508482227134
2021-12-22 00:00:00+00:00,2.0658906845579112
2021-12-23 00:00:00+00:00,2.0658906845579112
2021-12-24 00:00:00+00:00,2.0658906845579112
2021-12-25 00:00:00+00:00,2.071445093522923
2021-12-26 00:00:00+00:00,2.060816740666741
2021-12-27 00:00:00+00:00,2.060816740666741
2021-12-28 00:00:00+00:00,2.060816740666741
2021-12-29 00:00:00+00:00,2.060816740666741
2021-12-30 00:00:00+00:00,2.060816740666741
2021-12-31 00:00:00+00:00,2.060816740666741
2022-01-01 00:00:00+00:00,2.060816740666741
2022-01-02 00:00:00+00:00,2.060816740666741
2022-01-03 00:00:00+00:00,2.060816740666741
2022-01-04 00:00:00+00:00,2.060816740666741
2022-01-05 00:00:00+00:00,2.050042860822974
2022-01-06 00:00:00+00:00,2.050042860822974
2022-01-07 00:00:00+00:00,2.050042860822974
2022-01-08 00:00:00+00:00,2.050042860822974
2022-01-09 00:00:00+00:00,2.039502578149265
2022-01-10 00:00:00+00:00,2.039502578149265
2022-01-11 00:00:00+00:00,2.039502578149265
2022-01-12 00:00:00+00:00,2.039502578149265
2022-01-13 00:00:00+00:00,2.039502578149265
2022-01-14 00:00:00+00:00,2.039502578149265
2022-01-15 00:00:00+00:00,2.039502578149265
2022-01-16 00:00:00+00:00,2.039502578149265
2022-01-17 00:00:00+00:00,2.039502578149265
2022-01-18 00:00:00+00:00,2.058517320405909
2022-01-19 00:00:00+00:00,2.058517320405909
2022-01-20 00:00:00+00:00,2.0833876234784943
2022-01-21 00:00:00+00:00,2.0728837434001797
2022-01-22 00:00:00+00:00,2.062223188125504
2022-01-23 00:00:00+00:00,2.0412556798696984
2022-01-24 00:00:00+00:00,2.0412556798696984
2022-01-25 00:00:00+00:00,2.0412556798696984
2022-01-26 00:00:00+00:00,2.0412556798696984
2022-01-27 00:00:00+00:00,2.0412556798696984
2022-01-28 00:00:00+00:00,2.0412556798696984
2022-01-29 00:00:00+00:00,2.0412556798696984
2022-01-30 00:00:00+00:00,2.0412556798696984
2022-01-31 00:00:00+00:00,2.0412556798696984
2022-02-01 00:00:00+00:00,2.0412556798696984
2022-02-02 00:00:00+00:00,2.0412556798696984
2022-02-03 00:00:00+00:00,2.0307501034723843
2022-02-04 00:00:00+00:00,2.0307501034723843
2022-02-05 00:00:00+00:00,2.0486329078033307
2022-02-06 00:00:00+00:00,2.0486329078033307
2022-02-07 00:00:00+00:00,2.0486329078033307
2022-02-08 00:00:00+00:00,2.0724138445394686
2022-02-09 00:00:00+00:00,2.0618068861315666
2022-02-10 00:00:00+00:00,2.0618068861315666
2022-02-11 00:00:00+00:00,2.0618068861315666
2022-02-12 00:00:00+00:00,2.051319053168159
2022-02-13 00:00:00+00:00,2.051319053168159
2022-02-14 00:00:00+00:00,2.051319053168159
2022-02-15 00:00:00+00:00,2.051319053168159
2022-02-16 00:00:00+00:00,2.051319053168159
2022-02-17 00:00:00+00:00,2.051319053168159
2022-02-18 00:00:00+00:00,2.051319053168159
2022-02-19 00:00:00+00:00,2.029888875283607
2022-02-20 00:00:00+00:00,2.029888875283607
2022-02-21 00:00:00+00:00,2.019196364087587
2022-02-22 00:00:00+00:00,1.9771731474756655
2022-02-23 00:00:00+00:00,1.9771731474756655
2022-02-24 00:00:00+00:00,1.9771731474756655
2022-02-25 00:00:00+00:00,1.9566521897308977
2022-02-26 00:00:00+00:00,1.9566521897308977
2022-02-27 00:00:00+00:00,1.9566521897308977
2022-02-28 00:00:00+00:00,1.9566521897308977
2022-03-01 00:00:00+00:00,1.9566521897308977
2022-03-02 00:00:00+00:00,1.9566521897308977
2022-03-03 00:00:00+00:00,1.9566521897308977
2022-03-04 00:00:00+00:00,1.9566521897308977
2022-03-05 00:00:00+00:00,1.9566521897308977
2022-03-06 00:00:00+00:00,1.9566521897308977
2022-03-07 00:00:00+00:00,1.9566521897308977
2022-03-08 00:00:00+00:00,1.9554121464819936
2022-03-09 00:00:00+00:00,1.9554121464819936
2022-03-10 00:00:00+00:00,1.9554121464819936
2022-03-11 00:00:00+00:00,1.9554121464819936
2022-03-12 00:00:00+00:00,1.9554121464819936
2022-03-13 00:00:00+00:00,1.9554121464819936
2022-03-14 00:00:00+00:00,1.9538918767449183
2022-03-15 00:00:00+00:00,1.9538918767449183
2022-03-16 00:00:00+00:00,1.9538918767449183
2022-03-17 00:00:00+00:00,1.9538918767449183
2022-03-18 00:00:00+00:00,1.9538918767449183
2022-03-19 00:00:00+00:00,1.9538918767449183
2022-03-20 00:00:00+00:00,1.9538918767449183
2022-03-21 00:00:00+00:00,1.9538918767449183
2022-03-22 00:00:00+00:00,1.9538918767449183
2022-03-23 00:00:00+00:00,1.9538918767449183
2022-03-24 00:00:00+00:00,1.9538918767449183
2022-03-25 00:00:00+00:00,1.9538918767449183
2022-03-26 00:00:00+00:00,1.9538918767449183
2022-03-27 00:00:00+00:00,1.9538918767449183
2022-03-28 00:00:00+00:00,1.9538918767449183
2022-03-29 00:00:00+00:00,1.9538918767449183
2022-03-30 00:00:00+00:00,1.9538918767449183
2022-03-31 00:00:00+00:00,1.9538918767449183
2022-04-01 00:00:00+00:00,1.9538918767449183
2022-04-02 00:00:00+00:00,1.986835029681194
2022-04-03 00:00:00+00:00,1.986835029681194
2022-04-04 00:00:00+00:00,1.986835029681194
2022-04-05 00:00:00+00:00,1.986835029681194
2022-04-06 00:00:00+00:00,1.986835029681194
2022-04-07 00:00:00+00:00,2.018129880034325
2022-04-08 00:00:00+00:00,2.018129880034325
2022-04-09 00:00:00+00:00,2.018129880034325
2022-04-10 00:00:00+00:00,2.018129880034325
2022-04-11 00:00:00+00:00,2.018129880034325
2022-04-12 00:00:00+00:00,2.042364968090548
2022-04-13 00:00:00+00:00,2.042364968090548
2022-04-14 00:00:00+00:00,2.042364968090548
2022-04-15 00:00:00+00:00,2.042364968090548
2022-04-16 00:00:00+00:00,2.042364968090548
2022-04-17 00:00:00+00:00,2.042364968090548
2022-04-18 00:00:00+00:00,2.042364968090548
2022-04-19 00:00:00+00:00,2.0322325543497177
2022-04-20 00:00:00+00:00,2.0322325543497177
2022-04-21 00:00:00+00:00,2.0322325543497177
2022-04-22 00:00:00+00:00,2.0322325543497177
2022-04-23 00:00:00+00:00,2.0322325543497177
2022-04-24 00:00:00+00:00,2.0322325543497177
2022-04-25 00:00:00+00:00,2.0322325543497177
2022-04-26 00:00:00+00:00,2.01485075204057
2022-04-27 00:00:00+00:00,2.01485075204057
2022-04-28 00:00:00+00:00,2.01485075204057
2022-04-29 00:00:00+00:00,2.01485075204057
2022-04-30 00:00:00+00:00,2.01485075204057
2022-05-01 00:00:00+00:00,2.003909975063642
2022-05-02 00:00:00+00:00,2.005105223131265
2022-05-03 00:00:00+00:00,2.005105223131265
2022-05-04 00:00:00+00:00,2.005105223131265
2022-05-05 00:00:00+00:00,2.005105223131265
2022-05-06 00:00:00+00:00,2.005105223131265
2022-05-07 00:00:00+00:00,2.005105223131265
2022-05-08 00:00:00+00:00,2.005105223131265
2022-05-09 00:00:00+00:00,2.005105223131265
2022-05-10 00:00:00+00:00,2.005105223131265
2022-05-11 00:00:00+00:00,2.005105223131265
2022-05-12 00:00:00+00:00,2.005105223131265
2022-05-13 00:00:00+00:00,2.005105223131265
2022-05-14 00:00:00+00:00,2.0626212803620105
2022-05-15 00:00:00+00:00,2.0626212803620105
2022-05-16 00:00:00+00:00,2.0626212803620105
2022-05-17 00:00:00+00:00,2.0626212803620105
2022-05-18 00:00:00+00:00,2.0626212803620105
2022-05-19 00:00:00+00:00,2.0626212803620105
2022-05-20 00:00:00+00:00,2.0626212803620105
2022-05-21 00:00:00+00:00,2.0626212803620105
2022-05-22 00:00:00+00:00,2.0626212803620105
2022-05-23 00:00:00+00:00,2.0626212803620105
2022-05-24 00:00:00+00:00,2.0626212803620105
2022-05-25 00:00:00+00:00,2.0626212803620105
2022-05-26 00:00:00+00:00,2.0626212803620105
2022-05-27 00:00:00+00:00,2.0626212803620105
2022-05-28 00:00:00+00:00,2.0626212803620105
2022-05-29 00:00:00+00:00,2.0626212803620105
2022-05-30 00:00:00+00:00,2.0626212803620105
2022-05-31 00:00:00+00:00,2.0626212803620105
2022-06-01 00:00:00+00:00,2.0626212803620105
2022-06-02 00:00:00+00:00,2.0626212803620105
2022-06-03 00:00:00+00:00,2.0626212803620105
2022-06-04 00:00:00+00:00,2.0626212803620105
2022-06-05 00:00:00+00:00,2.0626212803620105
2022-06-06 00:00:00+00:00,2.0626212803620105
2022-06-07 00:00:00+00:00,2.0626212803620105
2022-06-08 00:00:00+00:00,2.0520595642589217
2022-06-09 00:00:00+00:00,2.0520595642589217
2022-06-10 00:00:00+00:00,2.0520595642589217
2022-06-11 00:00:00+00:00,2.0520595642589217
2022-06-12 00:00:00+00:00,2.041388947955155
2022-06-13 00:00:00+00:00,2.041388947955155
2022-06-14 00:00:00+00:00,2.031041737053288
2022-06-15 00:00:00+00:00,2.031041737053288
2022-06-16 00:00:00+00:00,2.031041737053288
2022-06-17 00:00:00+00:00,2.031041737053288
2022-06-18 00:00:00+00:00,2.031041737053288
2022-06-19 00:00:00+00:00,2.031041737053288
2022-06-20 00:00:00+00:00,2.031041737053288
2022-06-21 00:00:00+00:00,2.031041737053288
2022-06-22 00:00:00+00:00,2.031041737053288
2022-06-23 00:00:00+00:00,2.031041737053288
2022-06-24 00:00:00+00:00,2.031041737053288
2022-06-25 00:00:00+00:00,2.031041737053288
2022-06-26 00:00:00+00:00,2.031041737053288
2022-06-27 00:00:00+00:00,2.031041737053288
2022-06-28 00:00:00+00:00,2.031041737053288
2022-06-29 00:00:00+00:00,2.031041737053288
2022-06-30 00:00:00+00:00,2.031041737053288
2022-07-01 00:00:00+00:00,2.031041737053288
2022-07-02 00:00:00+00:00,2.031041737053288
2022-07-03 00:00:00+00:00,2.031041737053288
2022-07-04 00:00:00+00:00,2.031041737053288
2022-07-05 00:00:00+00:00,2.031041737053288
2022-07-06 00:00:00+00:00,2.031041737053288
2022-07-07 00:00:00+00:00,2.031041737053288
2022-07-08 00:00:00+00:00,2.031041737053288
2022-07-09 00:00:00+00:00,2.031041737053288
2022-07-10 00:00:00+00:00,2.020194638798174
2022-07-11 00:00:00+00:00,2.020194638798174
2022-07-12 00:00:00+00:00,2.059112103512223
2022-07-13 00:00:00+00:00,2.059112103512223
2022-07-14 00:00:00+00:00,2.059112103512223
2022-07-15 00:00:00+00:00,2.059112103512223
2022-07-16 00:00:00+00:00,2.059112103512223
2022-07-17 00:00:00+00:00,2.059112103512223
2022-07-18 00:00:00+00:00,2.1294888447523923
2022-07-19 00:00:00+00:00,2.1294888447523923
2022-07-20 00:00:00+00:00,2.1294888447523923
2022-07-21 00:00:00+00:00,2.181589942350608
2022-07-22 00:00:00+00:00,2.181589942350608
2022-07-23 00:00:00+00:00,2.181589942350608
2022-07-24 00:00:00+00:00,2.181589942350608
2022-07-25 00:00:00+00:00,2.181589942350608
2022-07-26 00:00:00+00:00,2.181589942350608
2022-07-27 00:00:00+00:00,2.181589942350608
2022-07-28 00:00:00+00:00,2.181589942350608
2022-07-29 00:00:00+00:00,2.181589942350608
2022-07-30 00:00:00+00:00,2.181589942350608
2022-07-31 00:00:00+00:00,2.181589942350608
2022-08-01 00:00:00+00:00,2.181589942350608
2022-08-02 00:00:00+00:00,2.181589942350608
2022-08-03 00:00:00+00:00,2.181589942350608
2022-08-04 00:00:00+00:00,2.181589942350608
2022-08-05 00:00:00+00:00,2.181589942350608
2022-08-06 00:00:00+00:00,2.181589942350608
2022-08-07 00:00:00+00:00,2.181589942350608
2022-08-08 00:00:00+00:00,2.181589942350608
2022-08-09 00:00:00+00:00,2.181589942350608
2022-08-10 00:00:00+00:00,2.181589942350608
2022-08-11 00:00:00+00:00,2.181589942350608
2022-08-12 00:00:00+00:00,2.181589942350608
2022-08-13 00:00:00+00:00,2.181589942350608
2022-08-14 00:00:00+00:00,2.181589942350608
2022-08-15 00:00:00+00:00,2.181589942350608
2022-08-16 00:00:00+00:00,2.181589942350608
2022-08-17 00:00:00+00:00,2.181589942350608
2022-08-18 00:00:00+00:00,2.181589942350608
2022-08-19 00:00:00+00:00,2.223049616016769
2022-08-20 00:00:00+00:00,2.228529606138587
2022-08-21 00:00:00+00:00,2.228529606138587
2022-08-22 00:00:00+00:00,2.228529606138587
2022-08-23 00:00:00+00:00,2.228529606138587
2022-08-24 00:00:00+00:00,2.228529606138587
2022-08-25 00:00:00+00:00,2.228529606138587
2022-08-26 00:00:00+00:00,2.228529606138587
2022-08-27 00:00:00+00:00,2.221520732120919
2022-08-28 00:00:00+00:00,2.221520732120919
2022-08-29 00:00:00+00:00,2.221520732120919
2022-08-30 00:00:00+00:00,2.221520732120919
2022-08-31 00:00:00+00:00,2.221520732120919
2022-09-01 00:00:00+00:00,2.221520732120919
2022-09-02 00:00:00+00:00,2.221520732120919
2022-09-03 00:00:00+00:00,2.221520732120919
2022-09-04 00:00:00+00:00,2.221520732120919
2022-09-05 00:00:00+00:00,2.221520732120919
2022-09-06 00:00:00+00:00,2.221520732120919
2022-09-07 00:00:00+00:00,2.221520732120919
2022-09-08 00:00:00+00:00,2.221520732120919
2022-09-09 00:00:00+00:00,2.221520732120919
2022-09-10 00:00:00+00:00,2.221520732120919
2022-09-11 00:00:00+00:00,2.221520732120919
2022-09-12 00:00:00+00:00,2.2287781028852542
2022-09-13 00:00:00+00:00,2.2287781028852542
2022-09-14 00:00:00+00:00,2.2287781028852542
2022-09-15 00:00:00+00:00,2.2287781028852542
2022-09-16 00:00:00+00:00,2.2287781028852542
2022-09-17 00:00:00+00:00,2.227774085201676
2022-09-18 00:00:00+00:00,2.227774085201676
2022-09-19 00:00:00+00:00,2.226641682356821
2022-09-20 00:00:00+00:00,2.226641682356821
2022-09-21 00:00:00+00:00,2.226641682356821
2022-09-22 00:00:00+00:00,2.226641682356821
2022-09-23 00:00:00+00:00,2.226641682356821
2022-09-24 00:00:00+00:00,2.226641682356821
2022-09-25 00:00:00+00:00,2.226641682356821
2022-09-26 00:00:00+00:00,2.226641682356821
2022-09-27 00:00:00+00:00,2.226641682356821
2022-09-28 00:00:00+00:00,2.226641682356821
2022-09-29 00:00:00+00:00,2.226641682356821
2022-09-30 00:00:00+00:00,2.226641682356821
2022-10-01 00:00:00+00:00,2.226641682356821
2022-10-02 00:00:00+00:00,2.226641682356821
2022-10-03 00:00:00+00:00,2.226641682356821
2022-10-04 00:00:00+00:00,2.226641682356821
2022-10-05 00:00:00+00:00,2.226641682356821
2022-10-06 00:00:00+00:00,2.226641682356821
2022-10-07 00:00:00+00:00,2.226641682356821
2022-10-08 00:00:00+00:00,2.226641682356821
2022-10-09 00:00:00+00:00,2.226641682356821
2022-10-10 00:00:00+00:00,2.226641682356821
2022-10-11 00:00:00+00:00,2.214115896645646
2022-10-12 00:00:00+00:00,2.214115896645646
2022-10-13 00:00:00+00:00,2.214115896645646
2022-10-14 00:00:00+00:00,2.201931753819163
2022-10-15 00:00:00+00:00,2.201931753819163
2022-10-16 00:00:00+00:00,2.201931753819163
2022-10-17 00:00:00+00:00,2.201931753819163
2022-10-18 00:00:00+00:00,2.201931753819163
2022-10-19 00:00:00+00:00,2.201931753819163
2022-10-20 00:00:00+00:00,2.201931753819163
2022-10-21 00:00:00+00:00,2.201931753819163
2022-10-22 00:00:00+00:00,2.2282968030992585
2022-10-23 00:00:00+00:00,2.2282968030992585
2022-10-24 00:00:00+00:00,2.2282968030992585
2022-10-25 00:00:00+00:00,2.2282968030992585
2022-10-26 00:00:00+00:00,2.216625447436533
2022-10-27 00:00:00+00:00,2.216625447436533
2022-10-28 00:00:00+00:00,2.216625447436533
2022-10-29 00:00:00+00:00,2.216625447436533
2022-10-30 00:00:00+00:00,2.216625447436533
2022-10-31 00:00:00+00:00,2.216625447436533
2022-11-01 00:00:00+00:00,2.216625447436533
2022-11-02 00:00:00+00:00,2.216625447436533
2022-11-03 00:00:00+00:00,2.216625447436533
2022-11-04 00:00:00+00:00,2.216625447436533
2022-11-05 00:00:00+00:00,2.216625447436533
2022-11-06 00:00:00+00:00,2.216625447436533
2022-11-07 00:00:00+00:00,2.216625447436533
2022-11-08 00:00:00+00:00,2.216625447436533
2022-11-09 00:00:00+00:00,2.196207785467705
2022-11-10 00:00:00+00:00,2.16218300872425
2022-11-11 00:00:00+00:00,2.16218300872425
2022-11-12 00:00:00+00:00,2.16218300872425
2022-11-13 00:00:00+00:00,2.16218300872425
2022-11-14 00:00:00+00:00,2.16218300872425
2022-11-15 00:00:00+00:00,2.16218300872425
2022-11-16 00:00:00+00:00,2.16218300872425
2022-11-17 00:00:00+00:00,2.16218300872425
2022-11-18 00:00:00+00:00,2.16218300872425
2022-11-19 00:00:00+00:00,2.16218300872425
2022-11-20 00:00:00+00:00,2.16218300872425
2022-11-21 00:00:00+00:00,2.16218300872425
2022-11-22 00:00:00+00:00,2.154903713083959
2022-11-23 00:00:00+00:00,2.154903713083959
2022-11-24 00:00:00+00:00,2.154903713083959
2022-11-25 00:00:00+00:00,2.154903713083959
2022-11-26 00:00:00+00:00,2.154903713083959
2022-11-27 00:00:00+00:00,2.154903713083959
2022-11-28 00:00:00+00:00,2.154903713083959
2022-11-29 00:00:00+00:00,2.154903713083959
2022-11-30 00:00:00+00:00,2.143762770278803
2022-12-01 00:00:00+00:00,2.143762770278803
2022-12-02 00:00:00+00:00,2.143762770278803
2022-12-03 00:00:00+00:00,2.143762770278803
2022-12-04 00:00:00+00:00,2.143762770278803
2022-12-05 00:00:00+00:00,2.143762770278803
2022-12-06 00:00:00+00:00,2.143762770278803
2022-12-07 00:00:00+00:00,2.143762770278803
2022-12-08 00:00:00+00:00,2.143762770278803
2022-12-09 00:00:00+00:00,2.143762770278803
2022-12-10 00:00:00+00:00,2.143762770278803
2022-12-11 00:00:00+00:00,2.143762770278803
2022-12-12 00:00:00+00:00,2.143762770278803
2022-12-13 00:00:00+00:00,2.1663198937338612
2022-12-14 00:00:00+00:00,2.1663198937338612
2022-12-15 00:00:00+00:00,2.1663198937338612
2022-12-16 00:00:00+00:00,2.1663198937338612
2022-12-17 00:00:00+00:00,2.154539902266922
2022-12-18 00:00:00+00:00,2.154539902266922
2022-12-19 00:00:00+00:00,2.154539902266922
2022-12-20 00:00:00+00:00,2.154539902266922
2022-12-21 00:00:00+00:00,2.154539902266922
2022-12-22 00:00:00+00:00,2.154539902266922
2022-12-23 00:00:00+00:00,2.154539902266922
2022-12-24 00:00:00+00:00,2.154539902266922
2022-12-25 00:00:00+00:00,2.154539902266922
2022-12-26 00:00:00+00:00,2.154539902266922
2022-12-27 00:00:00+00:00,2.154539902266922
2022-12-28 00:00:00+00:00,2.154539902266922
2022-12-29 00:00:00+00:00,2.154539902266922
2022-12-30 00:00:00+00:00,2.154539902266922
2022-12-31 00:00:00+00:00,2.154539902266922
2023-01-01 00:00:00+00:00,2.154539902266922
2023-01-02 00:00:00+00:00,2.154539902266922
2023-01-03 00:00:00+00:00,2.154539902266922
2023-01-04 00:00:00+00:00,2.154539902266922
2023-01-05 00:00:00+00:00,2.154539902266922
2023-01-06 00:00:00+00:00,2.154539902266922
2023-01-07 00:00:00+00:00,2.154539902266922
2023-01-08 00:00:00+00:00,2.154539902266922
2023-01-09 00:00:00+00:00,2.1673446446260347
2023-01-10 00:00:00+00:00,2.1673446446260347
2023-01-11 00:00:00+00:00,2.1673446446260347
2023-01-12 00:00:00+00:00,2.1573488194676274
2023-01-13 00:00:00+00:00,2.1573488194676274
2023-01-14 00:00:00+00:00,2.146108831106498
2023-01-15 00:00:00+00:00,2.146108831106498
2023-01-16 00:00:00+00:00,2.146108831106498
2023-01-17 00:00:00+00:00,2.146108831106498
2023-01-18 00:00:00+00:00,2.146108831106498
2023-01-19 00:00:00+00:00,2.146108831106498
2023-01-20 00:00:00+00:00,2.146108831106498
2023-01-21 00:00:00+00:00,2.146108831106498
2023-01-22 00:00:00+00:00,2.146108831106498
2023-01-23 00:00:00+00:00,2.146108831106498
2023-01-24 00:00:00+00:00,2.146108831106498
2023-01-25 00:00:00+00:00,2.146108831106498
2023-01-26 00:00:00+00:00,2.146108831106498
2023-01-27 00:00:00+00:00,2.146108831106498
2023-01-28 00:00:00+00:00,2.146108831106498
2023-01-29 00:00:00+00:00,2.146108831106498
2023-01-30 00:00:00+00:00,2.146108831106498
2023-01-31 00:00:00+00:00,2.146108831106498
2023-02-01 00:00:00+00:00,2.146108831106498
2023-02-02 00:00:00+00:00,2.146108831106498
2023-02-03 00:00:00+00:00,2.258078210448959
2023-02-04 00:00:00+00:00,2.258078210448959
2023-02-05 00:00:00+00:00,2.258078210448959
2023-02-06 00:00:00+00:00,2.258078210448959
2023-02-07 00:00:00+00:00,2.258078210448959
2023-02-08 00:00:00+00:00,2.258078210448959
2023-02-09 00:00:00+00:00,2.258078210448959
2023-02-10 00:00:00+00:00,2.2506658559046993
2023-02-11 00:00:00+00:00,2.2506658559046993
2023-02-12 00:00:00+00:00,2.2506658559046993
2023-02-13 00:00:00+00:00,2.2506658559046993
2023-02-14 00:00:00+00:00,2.2387416021746693
2023-02-15 00:00:00+00:00,2.2387416021746693
2023-02-16 00:00:00+00:00,2.2387416021746693
2023-02-17 00:00:00+00:00,2.2387416021746693
2023-02-18 00:00:00+00:00,2.227229849734165
2023-02-19 00:00:00+00:00,2.227229849734165
2023-02-20 00:00:00+00:00,2.227229849734165
2023-02-21 00:00:00+00:00,2.227229849734165
2023-02-22 00:00:00+00:00,2.2154128254879697
2023-02-23 00:00:00+00:00,2.2154128254879697
2023-02-24 00:00:00+00:00,2.2154128254879697
2023-02-25 00:00:00+00:00,2.2154128254879697
2023-02-26 00:00:00+00:00,2.2154128254879697
2023-02-27 00:00:00+00:00,2.2154128254879697
2023-02-28 00:00:00+00:00,2.2154128254879697
2023-03-01 00:00:00+00:00,2.2154128254879697
2023-03-02 00:00:00+00:00,2.2154128254879697
2023-03-03 00:00:00+00:00,2.2154128254879697
2023-03-04 00:00:00+00:00,2.1933586314586995
2023-03-05 00:00:00+00:00,2.1933586314586995
2023-03-06 00:00:00+00:00,2.1933586314586995
2023-03-07 00:00:00+00:00,2.1933586314586995
2023-03-08 00:00:00+00:00,2.1933586314586995
2023-03-09 00:00:00+00:00,2.18083883404819
2023-03-10 00:00:00+00:00,2.18083883404819
2023-03-11 00:00:00+00:00,2.18083883404819
2023-03-12 00:00:00+00:00,2.18083883404819
2023-03-13 00:00:00+00:00,2.18083883404819
2023-03-14 00:00:00+00:00,2.18083883404819
2023-03-15 00:00:00+00:00,2.158339098764279
2023-03-16 00:00:00+00:00,2.158339098764279
2023-03-17 00:00:00+00:00,2.146785964931816
2023-03-18 00:00:00+00:00,2.146785964931816
2023-03-19 00:00:00+00:00,2.1356892622266557
2023-03-20 00:00:00+00:00,2.1356892622266557
2023-03-21 00:00:00+00:00,2.1243534459594926
2023-03-22 00:00:00+00:00,2.14171550070506
2023-03-23 00:00:00+00:00,2.14171550070506
2023-03-24 00:00:00+00:00,2.14171550070506
2023-03-25 00:00:00+00:00,2.14171550070506
2023-03-26 00:00:00+00:00,2.14171550070506
2023-03-27 00:00:00+00:00,2.14171550070506
2023-03-28 00:00:00+00:00,2.14171550070506
2023-03-29 00:00:00+00:00,2.14171550070506
2023-03-30 00:00:00+00:00,2.14171550070506
2023-03-31 00:00:00+00:00,2.14171550070506
2023-04-01 00:00:00+00:00,2.14171550070506
2023-04-02 00:00:00+00:00,2.14171550070506
2023-04-03 00:00:00+00:00,2.14171550070506
2023-04-04 00:00:00+00:00,2.14171550070506
2023-04-05 00:00:00+00:00,2.14171550070506
2023-04-06 00:00:00+00:00,2.14171550070506
2023-04-07 00:00:00+00:00,2.14171550070506
2023-04-08 00:00:00+00:00,2.14171550070506
2023-04-09 00:00:00+00:00,2.14171550070506
2023-04-10 00:00:00+00:00,2.14171550070506
2023-04-11 00:00:00+00:00,2.14171550070506
2023-04-12 00:00:00+00:00,2.14171550070506
2023-04-13 00:00:00+00:00,2.1316822222138323
2023-04-14 00:00:00+00:00,2.1316822222138323
2023-04-15 00:00:00+00:00,2.1316822222138323
2023-04-16 00:00:00+00:00,2.1316822222138323
2023-04-17 00:00:00+00:00,2.119676746938908
2023-04-18 00:00:00+00:00,2.119676746938908
2023-04-19 00:00:00+00:00,2.119676746938908
2023-04-20 00:00:00+00:00,2.119676746938908
2023-04-21 00:00:00+00:00,2.108436226898426
2023-04-22 00:00:00+00:00,2.086546819247872
2023-04-23 00:00:00+00:00,2.086546819247872
2023-04-24 00:00:00+00:00,2.086546819247872
2023-04-25 00:00:00+00:00,2.086546819247872
2023-04-26 00:00:00+00:00,2.075284763847472
2023-04-27 00:00:00+00:00,2.075284763847472
2023-04-28 00:00:00+00:00,2.075284763847472
2023-04-29 00:00:00+00:00,2.075284763847472
2023-04-30 00:00:00+00:00,2.075284763847472
2023-05-01 00:00:00+00:00,2.075284763847472
2023-05-02 00:00:00+00:00,2.0620891367183525
2023-05-03 00:00:00+00:00,2.0620891367183525
2023-05-04 00:00:00+00:00,2.0620891367183525
2023-05-05 00:00:00+00:00,2.0620891367183525
2023-05-06 00:00:00+00:00,2.0620891367183525
2023-05-07 00:00:00+00:00,2.0620891367183525
2023-05-08 00:00:00+00:00,2.0620891367183525
2023-05-09 00:00:00+00:00,2.039135242106307
2023-05-10 00:00:00+00:00,2.039135242106307
2023-05-11 00:00:00+00:00,2.039135242106307
2023-05-12 00:00:00+00:00,2.039135242106307
2023-05-13 00:00:00+00:00,2.039135242106307
2023-05-14 00:00:00+00:00,2.039135242106307
2023-05-15 00:00:00+00:00,2.039135242106307
2023-05-16 00:00:00+00:00,2.0285864928314847
2023-05-17 00:00:00+00:00,2.0285864928314847
2023-05-18 00:00:00+00:00,2.0285864928314847
2023-05-19 00:00:00+00:00,2.01797677299716
2023-05-20 00:00:00+00:00,2.01797677299716
2023-05-21 00:00:00+00:00,2.01797677299716
2023-05-22 00:00:00+00:00,2.01797677299716
2023-05-23 00:00:00+00:00,2.01797677299716
2023-05-24 00:00:00+00:00,2.01797677299716
2023-05-25 00:00:00+00:00,2.01797677299716
2023-05-26 00:00:00+00:00,2.01797677299716
2023-05-27 00:00:00+00:00,2.01797677299716
2023-05-28 00:00:00+00:00,2.01797677299716
2023-05-29 00:00:00+00:00,2.0078752752144644
2023-05-30 00:00:00+00:00,2.0078752752144644
2023-05-31 00:00:00+00:00,2.0078752752144644
2023-06-01 00:00:00+00:00,2.0078752752144644
2023-06-02 00:00:00+00:00,2.0078752752144644
2023-06-03 00:00:00+00:00,2.0078752752144644
2023-06-04 00:00:00+00:00,2.0078752752144644
2023-06-05 00:00:00+00:00,2.0078752752144644
2023-06-06 00:00:00+00:00,2.0078752752144644
2023-06-07 00:00:00+00:00,2.0078752752144644
2023-06-08 00:00:00+00:00,2.0078752752144644
2023-06-09 00:00:00+00:00,2.0078752752144644
2023-06-10 00:00:00+00:00,2.0078752752144644
2023-06-11 00:00:00+00:00,2.0078752752144644
2023-06-12 00:00:00+00:00,2.0695246092002555
2023-06-13 00:00:00+00:00,2.0695246092002555
2023-06-14 00:00:00+00:00,2.0695246092002555
2023-06-15 00:00:00+00:00,2.1042156436681494
2023-06-16 00:00:00+00:00,2.1042156436681494
2023-06-17 00:00:00+00:00,2.1042156436681494
2023-06-18 00:00:00+00:00,2.1042156436681494
2023-06-19 00:00:00+00:00,2.1042156436681494
2023-06-20 00:00:00+00:00,2.1042156436681494
2023-06-21 00:00:00+00:00,2.124900829277348
2023-06-22 00:00:00+00:00,2.0918235529388225
2023-06-23 00:00:00+00:00,2.081068810071007
2023-06-24 00:00:00+00:00,2.0701800192971436
2023-06-25 00:00:00+00:00,2.0701800192971436
2023-06-26 00:00:00+00:00,2.0701800192971436
2023-06-27 00:00:00+00:00,2.0701800192971436
2023-06-28 00:00:00+00:00,2.0701800192971436
2023-06-29 00:00:00+00:00,2.0589096081623115
2023-06-30 00:00:00+00:00,2.0589096081623115
2023-07-01 00:00:00+00:00,2.0475383670969665
2023-07-02 00:00:00+00:00,2.0475383670969665
2023-07-03 00:00:00+00:00,2.0475383670969665
2023-07-04 00:00:00+00:00,2.04262305469832
2023-07-05 00:00:00+00:00,2.04262305469832
2023-07-06 00:00:00+00:00,2.04262305469832
2023-07-07 00:00:00+00:00,2.04262305469832
2023-07-08 00:00:00+00:00,2.031970090413802
2023-07-09 00:00:00+00:00,2.031970090413802
2023-07-10 00:00:00+00:00,2.031970090413802
2023-07-11 00:00:00+00:00,2.031970090413802
2023-07-12 00:00:00+00:00,2.031970090413802
2023-07-13 00:00:00+00:00,2.031970090413802
2023-07-14 00:00:00+00:00,2.020801892488172
2023-07-15 00:00:00+00:00,2.020801892488172
2023-07-16 00:00:00+00:00,2.020801892488172
2023-07-17 00:00:00+00:00,2.020801892488172
2023-07-18 00:00:00+00:00,2.020801892488172
2023-07-19 00:00:00+00:00,2.020801892488172
2023-07-20 00:00:00+00:00,2.020801892488172
2023-07-21 00:00:00+00:00,2.020801892488172
2023-07-22 00:00:00+00:00,2.020801892488172
2023-07-23 00:00:00+00:00,2.020801892488172
2023-07-24 00:00:00+00:00,2.020801892488172
2023-07-25 00:00:00+00:00,2.0022873328604307
2023-07-26 00:00:00+00:00,2.0022873328604307
2023-07-27 00:00:00+00:00,2.0022873328604307
2023-07-28 00:00:00+00:00,2.0022873328604307
2023-07-29 00:00:00+00:00,2.0022873328604307
2023-07-30 00:00:00+00:00,2.0022873328604307
2023-07-31 00:00:00+00:00,2.0022873328604307
2023-08-01 00:00:00+00:00,2.0022873328604307
2023-08-02 00:00:00+00:00,2.0022873328604307
2023-08-03 00:00:00+00:00,1.9914245876830454
2023-08-04 00:00:00+00:00,1.9806207209996904
2023-08-05 00:00:00+00:00,1.9700353257454892
2023-08-06 00:00:00+00:00,1.9700353257454892
2023-08-07 00:00:00+00:00,1.9700353257454892
2023-08-08 00:00:00+00:00,1.9700353257454892
2023-08-09 00:00:00+00:00,1.9700353257454892
2023-08-10 00:00:00+00:00,1.9700353257454892
2023-08-11 00:00:00+00:00,1.9700353257454892
2023-08-12 00:00:00+00:00,1.9700353257454892
2023-08-13 00:00:00+00:00,1.9700353257454892
2023-08-14 00:00:00+00:00,1.9700353257454892
2023-08-15 00:00:00+00:00,1.9700353257454892
2023-08-16 00:00:00+00:00,1.9523023548551612
2023-08-17 00:00:00+00:00,1.9523023548551612
2023-08-18 00:00:00+00:00,1.930745876196394
2023-08-19 00:00:00+00:00,1.930745876196394
2023-08-20 00:00:00+00:00,1.930745876196394
2023-08-21 00:00:00+00:00,1.930745876196394
2023-08-22 00:00:00+00:00,1.930745876196394
2023-08-23 00:00:00+00:00,1.930745876196394
2023-08-24 00:00:00+00:00,1.930745876196394
2023-08-25 00:00:00+00:00,1.930745876196394
2023-08-26 00:00:00+00:00,1.930745876196394
2023-08-27 00:00:00+00:00,1.930745876196394
2023-08-28 00:00:00+00:00,1.930745876196394
2023-08-29 00:00:00+00:00,1.930745876196394
2023-08-30 00:00:00+00:00,1.9206653040367039
2023-08-31 00:00:00+00:00,1.9206653040367039
2023-09-01 00:00:00+00:00,1.9206653040367039
2023-09-02 00:00:00+00:00,1.9206653040367039
2023-09-03 00:00:00+00:00,1.9206653040367039
2023-09-04 00:00:00+00:00,1.9206653040367039
2023-09-05 00:00:00+00:00,1.9206653040367039
2023-09-06 00:00:00+00:00,1.9206653040367039
2023-09-07 00:00:00+00:00,1.9206653040367039
2023-09-08 00:00:00+00:00,1.9206653040367039
2023-09-09 00:00:00+00:00,1.9206653040367039
2023-09-10 00:00:00+00:00,1.9206653040367039
2023-09-11 00:00:00+00:00,1.9206653040367039
2023-09-12 00:00:00+00:00,1.9206653040367039
2023-09-13 00:00:00+00:00,1.9080688547539015
2023-09-14 00:00:00+00:00,1.9080688547539015
2023-09-15 00:00:00+00:00,1.918033932825125
2023-09-16 00:00:00+00:00,1.918033932825125
2023-09-17 00:00:00+00:00,1.9227808710339243
2023-09-18 00:00:00+00:00,1.9227808710339243
2023-09-19 00:00:00+00:00,1.9126199859037722
2023-09-20 00:00:00+00:00,1.9126199859037722
2023-09-21 00:00:00+00:00,1.9126199859037722
2023-09-22 00:00:00+00:00,1.9126199859037722
2023-09-23 00:00:00+00:00,1.9126199859037722
2023-09-24 00:00:00+00:00,1.9126199859037722
2023-09-25 00:00:00+00:00,1.9126199859037722
2023-09-26 00:00:00+00:00,1.9126199859037722
2023-09-27 00:00:00+00:00,1.9126199859037722
2023-09-28 00:00:00+00:00,1.9126199859037722
2023-09-29 00:00:00+00:00,1.9126199859037722
2023-09-30 00:00:00+00:00,1.9126199859037722
2023-10-01 00:00:00+00:00,1.9021660456520668
2023-10-02 00:00:00+00:00,1.9021660456520668
2023-10-03 00:00:00+00:00,1.912166386130263
2023-10-04 00:00:00+00:00,1.912166386130263
2023-10-05 00:00:00+00:00,1.9222481728238638
2023-10-06 00:00:00+00:00,1.9222481728238638
2023-10-07 00:00:00+00:00,1.9222481728238638
2023-10-08 00:00:00+00:00,1.9222481728238638
2023-10-09 00:00:00+00:00,1.9222481728238638
2023-10-10 00:00:00+00:00,1.8916174758407116
2023-10-11 00:00:00+00:00,1.8916174758407116
2023-10-12 00:00:00+00:00,1.8916174758407116
2023-10-13 00:00:00+00:00,1.8713748200352263
2023-10-14 00:00:00+00:00,1.8713748200352263
2023-10-15 00:00:00+00:00,1.8713748200352263
2023-10-16 00:00:00+00:00,1.8713748200352263
2023-10-17 00:00:00+00:00,1.861504236940712
2023-10-18 00:00:00+00:00,1.861504236940712
2023-10-19 00:00:00+00:00,1.861504236940712
2023-10-20 00:00:00+00:00,1.861504236940712
2023-10-21 00:00:00+00:00,1.8412323146425071
2023-10-22 00:00:00+00:00,1.8502994804030368
2023-10-23 00:00:00+00:00,1.8502994804030368
2023-10-24 00:00:00+00:00,1.8502994804030368
2023-10-25 00:00:00+00:00,1.9116018208143062
2023-10-26 00:00:00+00:00,1.9116018208143062
2023-10-27 00:00:00+00:00,1.9116018208143062
2023-10-28 00:00:00+00:00,1.9116018208143062
2023-10-29 00:00:00+00:00,1.9116018208143062
2023-10-30 00:00:00+00:00,1.9116018208143062
2023-10-31 00:00:00+00:00,1.9116018208143062
2023-11-01 00:00:00+00:00,1.9116018208143062
2023-11-02 00:00:00+00:00,1.9116018208143062
2023-11-03 00:00:00+00:00,1.9116018208143062
2023-11-04 00:00:00+00:00,1.9116018208143062
2023-11-05 00:00:00+00:00,1.9116018208143062
2023-11-06 00:00:00+00:00,1.9116018208143062
2023-11-07 00:00:00+00:00,1.9116018208143062
2023-11-08 00:00:00+00:00,1.9116018208143062
2023-11-09 00:00:00+00:00,1.9116018208143062
2023-11-10 00:00:00+00:00,1.9014389981785718
2023-11-11 00:00:00+00:00,1.9014389981785718
2023-11-12 00:00:00+00:00,1.9014389981785718
2023-11-13 00:00:00+00:00,1.9014389981785718
2023-11-14 00:00:00+00:00,1.9014389981785718
2023-11-15 00:00:00+00:00,1.9014389981785718
2023-11-16 00:00:00+00:00,1.9014389981785718
2023-11-17 00:00:00+00:00,1.9014389981785718
2023-11-18 00:00:00+00:00,1.9014389981785718
2023-11-19 00:00:00+00:00,1.9014389981785718
2023-11-20 00:00:00+00:00,1.9014389981785718
2023-11-21 00:00:00+00:00,1.9014389981785718
2023-11-22 00:00:00+00:00,1.8972311449978767
2023-11-23 00:00:00+00:00,1.8972311449978767
2023-11-24 00:00:00+00:00,1.8972311449978767
2023-11-25 00:00:00+00:00,1.8972311449978767
2023-11-26 00:00:00+00:00,1.8972311449978767
2023-11-27 00:00:00+00:00,1.8972311449978767
2023-11-28 00:00:00+00:00,1.8972311449978767
2023-11-29 00:00:00+00:00,1.8972311449978767
2023-11-30 00:00:00+00:00,1.8972311449978767
2023-12-01 00:00:00+00:00,1.8972311449978767
2023-12-02 00:00:00+00:00,1.8972311449978767
2023-12-03 00:00:00+00:00,1.8972311449978767
2023-12-04 00:00:00+00:00,1.8972311449978767
2023-12-05 00:00:00+00:00,1.8972311449978767
2023-12-06 00:00:00+00:00,1.8972311449978767
2023-12-07 00:00:00+00:00,1.8972311449978767
2023-12-08 00:00:00+00:00,1.9344097316014166
2023-12-09 00:00:00+00:00,1.9244985705733029
2023-12-10 00:00:00+00:00,1.9244985705733029
2023-12-11 00:00:00+00:00,1.9244985705733029
2023-12-12 00:00:00+00:00,2.022100020655534
2023-12-13 00:00:00+00:00,2.022100020655534
2023-12-14 00:00:00+00:00,2.022100020655534
2023-12-15 00:00:00+00:00,2.022100020655534
2023-12-16 00:00:00+00:00,2.022100020655534
2023-12-17 00:00:00+00:00,2.022100020655534
2023-12-18 00:00:00+00:00,2.022100020655534
2023-12-19 00:00:00+00:00,2.0113955391544356
2023-12-20 00:00:00+00:00,2.0113955391544356
2023-12-21 00:00:00+00:00,2.0113955391544356
2023-12-22 00:00:00+00:00,2.0113955391544356
2023-12-23 00:00:00+00:00,2.0113955391544356
2023-12-24 00:00:00+00:00,2.0113955391544356
2023-12-25 00:00:00+00:00,2.0113955391544356
2023-12-26 00:00:00+00:00,2.0113955391544356
2023-12-27 00:00:00+00:00,2.0113955391544356
2023-12-28 00:00:00+00:00,2.0044210046939344
2023-12-29 00:00:00+00:00,2.0044210046939344
2023-12-30 00:00:00+00:00,2.0044210046939344
2023-12-31 00:00:00+00:00,1.9941555824644428
2024-01-01 00:00:00+00:00,2.0107959498914405
2024-01-02 00:00:00+00:00,2.0107959498914405
2024-01-03 00:00:00+00:00,1.9999210926259732
2024-01-04 00:00:00+00:00,2.0053668747569278
2024-01-05 00:00:00+00:00,2.0053668747569278
2024-01-06 00:00:00+00:00,2.0053668747569278
2024-01-07 00:00:00+00:00,2.0053668747569278
2024-01-08 00:00:00+00:00,2.0053668747569278
2024-01-09 00:00:00+00:00,1.9948354305544347
2024-01-10 00:00:00+00:00,1.9948354305544347
2024-01-11 00:00:00+00:00,1.9948354305544347
2024-01-12 00:00:00+00:00,1.9842927517051596
2024-01-13 00:00:00+00:00,1.9636870156614847
2024-01-14 00:00:00+00:00,1.9723710387464144
2024-01-15 00:00:00+00:00,1.9619091293308288
2024-01-16 00:00:00+00:00,1.9619091293308288
2024-01-17 00:00:00+00:00,1.9619091293308288
2024-01-18 00:00:00+00:00,1.9619091293308288
2024-01-19 00:00:00+00:00,1.9619091293308288
2024-01-20 00:00:00+00:00,1.9619091293308288
2024-01-21 00:00:00+00:00,1.9619091293308288
2024-01-22 00:00:00+00:00,1.9619091293308288
2024-01-23 00:00:00+00:00,1.9619091293308288
2024-01-24 00:00:00+00:00,1.95178088001335
2024-01-25 00:00:00+00:00,1.95178088001335
2024-01-26 00:00:00+00:00,1.95178088001335
2024-01-27 00:00:00+00:00,1.95178088001335
2024-01-28 00:00:00+00:00,1.95178088001335
2024-01-29 00:00:00+00:00,1.95178088001335
2024-01-30 00:00:00+00:00,1.95178088001335
2024-01-31 00:00:00+00:00,1.940197054592779
2024-02-01 00:00:00+00:00,1.940197054592779
2024-02-02 00:00:00+00:00,1.9339118694488915
2024-02-03 00:00:00+00:00,1.9339118694488915
2024-02-04 00:00:00+00:00,1.9339118694488915
2024-02-05 00:00:00+00:00,1.9339118694488915
2024-02-06 00:00:00+00:00,1.9339118694488915
2024-02-07 00:00:00+00:00,1.9339118694488915
2024-02-08 00:00:00+00:00,1.9233597657868766
2024-02-09 00:00:00+00:00,1.9233597657868766
2024-02-10 00:00:00+00:00,1.9032276645466686
2024-02-11 00:00:00+00:00,1.8934407319283535
2024-02-12 00:00:00+00:00,1.8934407319283535
2024-02-13 00:00:00+00:00,1.8934407319283535
2024-02-14 00:00:00+00:00,1.8934407319283535
2024-02-15 00:00:00+00:00,1.8934407319283535
2024-02-16 00:00:00+00:00,1.8726016104637822
2024-02-17 00:00:00+00:00,1.8726016104637822
2024-02-18 00:00:00+00:00,1.8726016104637822
2024-02-19 00:00:00+00:00,1.8726016104637822
2024-02-20 00:00:00+00:00,1.8726016104637822
2024-02-21 00:00:00+00:00,1.8726016104637822
2024-02-22 00:00:00+00:00,1.8726016104637822
2024-02-23 00:00:00+00:00,1.8726016104637822
2024-02-24 00:00:00+00:00,1.8629357414092527
2024-02-25 00:00:00+00:00,1.9105064628874255
2024-02-26 00:00:00+00:00,1.9105064628874255
2024-02-27 00:00:00+00:00,1.9105064628874255
2024-02-28 00:00:00+00:00,1.9105064628874255
2024-02-29 00:00:00+00:00,1.9005593848188935
2024-03-01 00:00:00+00:00,1.9005593848188935
2024-03-02 00:00:00+00:00,1.9005593848188935
2024-03-03 00:00:00+00:00,1.9005593848188935
2024-03-04 00:00:00+00:00,1.9005593848188935
2024-03-05 00:00:00+00:00,1.9005593848188935
2024-03-06 00:00:00+00:00,2.009975615068938
2024-03-07 00:00:00+00:00,2.009975615068938
2024-03-08 00:00:00+00:00,2.009975615068938
2024-03-09 00:00:00+00:00,2.009975615068938
2024-03-10 00:00:00+00:00,2.009975615068938
2024-03-11 00:00:00+00:00,2.009975615068938
2024-03-12 00:00:00+00:00,1.9985646469783773
2024-03-13 00:00:00+00:00,1.9985646469783773
2024-03-14 00:00:00+00:00,1.9985646469783773
2024-03-15 00:00:00+00:00,1.9985646469783773
2024-03-16 00:00:00+00:00,1.9985646469783773
2024-03-17 00:00:00+00:00,1.9781115860079814
2024-03-18 00:00:00+00:00,1.9781115860079814
2024-03-19 00:00:00+00:00,1.9781115860079814
2024-03-20 00:00:00+00:00,1.9578460060203324
2024-03-21 00:00:00+00:00,1.9578460060203324
2024-03-22 00:00:00+00:00,1.9578460060203324
2024-03-23 00:00:00+00:00,1.9578460060203324
2024-03-24 00:00:00+00:00,1.9578460060203324
2024-03-25 00:00:00+00:00,1.9578460060203324
2024-03-26 00:00:00+00:00,1.9578460060203324
2024-03-27 00:00:00+00:00,1.9691804657166756
2024-03-28 00:00:00+00:00,1.9691804657166756
2024-03-29 00:00:00+00:00,1.9691804657166756
2024-03-30 00:00:00+00:00,1.9691804657166756
2024-03-31 00:00:00+00:00,1.9691804657166756
2024-04-01 00:00:00+00:00,1.9691804657166756
2024-04-02 00:00:00+00:00,1.9691804657166756
2024-04-03 00:00:00+00:00,2.016421229471952
2024-04-04 00:00:00+00:00,2.016421229471952
2024-04-05 00:00:00+00:00,2.016421229471952
2024-04-06 00:00:00+00:00,2.016421229471952
2024-04-07 00:00:00+00:00,2.016421229471952
2024-04-08 00:00:00+00:00,2.016421229471952
2024-04-09 00:00:00+00:00,2.0060440556485393
2024-04-10 00:00:00+00:00,2.0060440556485393
2024-04-11 00:00:00+00:00,2.0060440556485393
2024-04-12 00:00:00+00:00,2.0060440556485393
2024-04-13 00:00:00+00:00,2.0060440556485393
2024-04-14 00:00:00+00:00,2.009365961712376
2024-04-15 00:00:00+00:00,2.009365961712376
2024-04-16 00:00:00+00:00,2.009365961712376
2024-04-17 00:00:00+00:00,2.009365961712376
2024-04-18 00:00:00+00:00,2.009365961712376
2024-04-19 00:00:00+00:00,2.009365961712376
2024-04-20 00:00:00+00:00,2.009365961712376
2024-04-21 00:00:00+00:00,2.009365961712376
2024-04-22 00:00:00+00:00,2.009365961712376
2024-04-23 00:00:00+00:00,2.009365961712376
2024-04-24 00:00:00+00:00,2.009365961712376
2024-04-25 00:00:00+00:00,2.009365961712376
2024-04-26 00:00:00+00:00,2.009365961712376
2024-04-27 00:00:00+00:00,2.009365961712376
2024-04-28 00:00:00+00:00,2.009365961712376
2024-04-29 00:00:00+00:00,2.0366617014139914
2024-04-30 00:00:00+00:00,2.0366617014139914
2024-05-01 00:00:00+00:00,2.0366617014139914
2024-05-02 00:00:00+00:00,2.0366617014139914
2024-05-03 00:00:00+00:00,2.0366617014139914
2024-05-04 00:00:00+00:00,2.0366617014139914
2024-05-05 00:00:00+00:00,2.0366617014139914
2024-05-06 00:00:00+00:00,2.0366617014139914
2024-05-07 00:00:00+00:00,2.0366617014139914
2024-05-08 00:00:00+00:00,2.0366617014139914
2024-05-09 00:00:00+00:00,2.0366617014139914
2024-05-10 00:00:00+00:00,2.0366617014139914
2024-05-11 00:00:00+00:00,2.0366617014139914
2024-05-12 00:00:00+00:00,2.0366617014139914
2024-05-13 00:00:00+00:00,2.0544219316696974
2024-05-14 00:00:00+00:00,2.094431642492329
2024-05-15 00:00:00+00:00,2.094431642492329
2024-05-16 00:00:00+00:00,2.094431642492329
2024-05-17 00:00:00+00:00,2.0885261581294876
2024-05-18 00:00:00+00:00,2.0885261581294876
2024-05-19 00:00:00+00:00,2.0885261581294876
2024-05-20 00:00:00+00:00,2.0885261581294876
2024-05-21 00:00:00+00:00,2.0885261581294876
2024-05-22 00:00:00+00:00,2.0885261581294876
2024-05-23 00:00:00+00:00,2.0885261581294876
2024-05-24 00:00:00+00:00,2.094850236871117
2024-05-25 00:00:00+00:00,2.094850236871117
2024-05-26 00:00:00+00:00,2.094850236871117
2024-05-27 00:00:00+00:00,2.094850236871117
2024-05-28 00:00:00+00:00,2.083246681320308
2024-05-29 00:00:00+00:00,2.083246681320308
2024-05-30 00:00:00+00:00,2.083246681320308
2024-05-31 00:00:00+00:00,2.083246681320308
2024-06-01 00:00:00+00:00,2.083246681320308
2024-06-02 00:00:00+00:00,2.083246681320308
2024-06-03 00:00:00+00:00,2.0723772462870627
2024-06-04 00:00:00+00:00,2.062264621467827
2024-06-05 00:00:00+00:00,2.051338414730998
2024-06-06 00:00:00+00:00,2.051338414730998
2024-06-07 00:00:00+00:00,2.051338414730998
2024-06-08 00:00:00+00:00,2.029838443059499
2024-06-09 00:00:00+00:00,2.029838443059499
2024-06-10 00:00:00+00:00,2.029838443059499
2024-06-11 00:00:00+00:00,2.029838443059499
2024-06-12 00:00:00+00:00,2.008725063807742
2024-06-13 00:00:00+00:00,2.008725063807742
2024-06-14 00:00:00+00:00,2.008725063807742
2024-06-15 00:00:00+00:00,1.997967815520704
2024-06-16 00:00:00+00:00,1.997967815520704
2024-06-17 00:00:00+00:00,1.997967815520704
2024-06-18 00:00:00+00:00,1.997967815520704
2024-06-19 00:00:00+00:00,1.9870768697460783
2024-06-20 00:00:00+00:00,2.011715366500795
2024-06-21 00:00:00+00:00,2.011715366500795
2024-06-22 00:00:00+00:00,2.011715366500795
2024-06-23 00:00:00+00:00,2.011715366500795
2024-06-24 00:00:00+00:00,2.011715366500795
2024-06-25 00:00:00+00:00,2.011715366500795
2024-06-26 00:00:00+00:00,2.011715366500795
2024-06-27 00:00:00+00:00,2.011715366500795
2024-06-28 00:00:00+00:00,2.011715366500795
2024-06-29 00:00:00+00:00,2.011715366500795
2024-06-30 00:00:00+00:00,2.011715366500795
2024-07-01 00:00:00+00:00,2.011715366500795
2024-07-02 00:00:00+00:00,2.001288471569267
2024-07-03 00:00:00+00:00,2.001288471569267
2024-07-04 00:00:00+00:00,1.9908405508893516
2024-07-05 00:00:00+00:00,1.9908405508893516
2024-07-06 00:00:00+00:00,1.9908405508893516
2024-07-07 00:00:00+00:00,2.0036706138993963
2024-07-08 00:00:00+00:00,2.06999249060492
2024-07-09 00:00:00+00:00,2.06999249060492
2024-07-10 00:00:00+00:00,2.06999249060492
2024-07-11 00:00:00+00:00,2.06999249060492
2024-07-12 00:00:00+00:00,2.0899032883269473
2024-07-13 00:00:00+00:00,2.0899032883269473
2024-07-14 00:00:00+00:00,2.0790489012659314
2024-07-15 00:00:00+00:00,2.0790489012659314
2024-07-16 00:00:00+00:00,2.0463807944019097
2024-07-17 00:00:00+00:00,2.035386584314692
2024-07-18 00:00:00+00:00,2.035386584314692
2024-07-19 00:00:00+00:00,2.035386584314692
2024-07-20 00:00:00+00:00,2.035386584314692
2024-07-21 00:00:00+00:00,2.035386584314692
2024-07-22 00:00:00+00:00,2.035386584314692
2024-07-23 00:00:00+00:00,2.035386584314692
2024-07-24 00:00:00+00:00,2.035386584314692
2024-07-25 00:00:00+00:00,2.035386584314692
2024-07-26 00:00:00+00:00,2.0249055424846105
2024-07-27 00:00:00+00:00,2.0249055424846105
2024-07-28 00:00:00+00:00,2.0249055424846105
2024-07-29 00:00:00+00:00,2.0249055424846105
2024-07-30 00:00:00+00:00,2.0249055424846105
2024-07-31 00:00:00+00:00,2.0249055424846105
2024-08-01 00:00:00+00:00,2.021979374974471
2024-08-02 00:00:00+00:00,2.012078791412989
2024-08-03 00:00:00+00:00,2.00160673078271
2024-08-04 00:00:00+00:00,2.00160673078271
2024-08-05 00:00:00+00:00,1.9599935891798201
2024-08-06 00:00:00+00:00,1.9599935891798201
2024-08-07 00:00:00+00:00,1.9599935891798201
2024-08-08 00:00:00+00:00,1.9599935891798201
2024-08-09 00:00:00+00:00,1.9599935891798201
2024-08-10 00:00:00+00:00,1.9599935891798201
2024-08-11 00:00:00+00:00,1.9599935891798201
2024-08-12 00:00:00+00:00,1.9599935891798201
2024-08-13 00:00:00+00:00,1.9599935891798201
2024-08-14 00:00:00+00:00,1.9599935891798201
2024-08-15 00:00:00+00:00,1.9599935891798201
2024-08-16 00:00:00+00:00,1.9599935891798201
2024-08-17 00:00:00+00:00,1.948915409776506
2024-08-18 00:00:00+00:00,1.948915409776506
2024-08-19 00:00:00+00:00,1.948915409776506
2024-08-20 00:00:00+00:00,1.9381784938958366
2024-08-21 00:00:00+00:00,1.9381784938958366
2024-08-22 00:00:00+00:00,1.9381784938958366
2024-08-23 00:00:00+00:00,1.9381784938958366
2024-08-24 00:00:00+00:00,1.9280706660491453
2024-08-25 00:00:00+00:00,1.9280706660491453
2024-08-26 00:00:00+00:00,1.9280706660491453
2024-08-27 00:00:00+00:00,1.9280706660491453
2024-08-28 00:00:00+00:00,1.9280706660491453
2024-08-29 00:00:00+00:00,1.9280706660491453
2024-08-30 00:00:00+00:00,1.9280706660491453
2024-08-31 00:00:00+00:00,1.9280706660491453
2024-09-01 00:00:00+00:00,1.9280706660491453
2024-09-02 00:00:00+00:00,1.9280706660491453
2024-09-03 00:00:00+00:00,1.9280706660491453
2024-09-04 00:00:00+00:00,1.9280706660491453
2024-09-05 00:00:00+00:00,1.9280706660491453
2024-09-06 00:00:00+00:00,1.9280706660491453
2024-09-07 00:00:00+00:00,1.9280706660491453
2024-09-08 00:00:00+00:00,1.9280706660491453
2024-09-09 00:00:00+00:00,1.9280706660491453
2024-09-10 00:00:00+00:00,1.9280706660491453
2024-09-11 00:00:00+00:00,1.9280706660491453
2024-09-12 00:00:00+00:00,1.9280706660491453
2024-09-13 00:00:00+00:00,1.9280706660491453
2024-09-14 00:00:00+00:00,1.9280706660491453
2024-09-15 00:00:00+00:00,1.9280706660491453
2024-09-16 00:00:00+00:00,1.9280706660491453
2024-09-17 00:00:00+00:00,1.9280706660491453
2024-09-18 00:00:00+00:00,1.9280706660491453
2024-09-19 00:00:00+00:00,1.9280706660491453
2024-09-20 00:00:00+00:00,1.9280706660491453
2024-09-21 00:00:00+00:00,1.941463749625647
2024-09-22 00:00:00+00:00,1.941463749625647
2024-09-23 00:00:00+00:00,1.941463749625647
2024-09-24 00:00:00+00:00,1.941463749625647
2024-09-25 00:00:00+00:00,1.9463306545636627
2024-09-26 00:00:00+00:00,1.9596132220412639
2024-09-27 00:00:00+00:00,1.9596132220412639
2024-09-28 00:00:00+00:00,1.9482206598088263
2024-09-29 00:00:00+00:00,1.9482206598088263
2024-09-30 00:00:00+00:00,1.9482206598088263
2024-10-01 00:00:00+00:00,1.9482206598088263
2024-10-02 00:00:00+00:00,1.9177999505314576
2024-10-03 00:00:00+00:00,1.9177999505314576
2024-10-04 00:00:00+00:00,1.9078616012979377
2024-10-05 00:00:00+00:00,1.9078616012979377
2024-10-06 00:00:00+00:00,1.9078616012979377
2024-10-07 00:00:00+00:00,1.9078616012979377
2024-10-08 00:00:00+00:00,1.9078616012979377
2024-10-09 00:00:00+00:00,1.8957070633326016
2024-10-10 00:00:00+00:00,1.8957070633326016
2024-10-11 00:00:00+00:00,1.885464287062249
2024-10-12 00:00:00+00:00,1.885464287062249
2024-10-13 00:00:00+00:00,1.8745293231819773
2024-10-14 00:00:00+00:00,1.8745293231819773
2024-10-15 00:00:00+00:00,1.8745293231819773
2024-10-16 00:00:00+00:00,1.8745293231819773
2024-10-17 00:00:00+00:00,1.8745293231819773
2024-10-18 00:00:00+00:00,1.8745293231819773
2024-10-19 00:00:00+00:00,1.8745293231819773
2024-10-20 00:00:00+00:00,1.8745293231819773
2024-10-21 00:00:00+00:00,1.8745293231819773
2024-10-22 00:00:00+00:00,1.8745293231819773
2024-10-23 00:00:00+00:00,1.8745293231819773
2024-10-24 00:00:00+00:00,1.8928214066347708
2024-10-25 00:00:00+00:00,1.8928214066347708
2024-10-26 00:00:00+00:00,1.8828085342632213
2024-10-27 00:00:00+00:00,1.8828085342632213
2024-10-28 00:00:00+00:00,1.8828085342632213
2024-10-29 00:00:00+00:00,1.8828085342632213
2024-10-30 00:00:00+00:00,1.8884381910225827
2024-10-31 00:00:00+00:00,1.8884381910225827
2024-11-01 00:00:00+00:00,1.8884381910225827
2024-11-02 00:00:00+00:00,1.8871671834169974
2024-11-03 00:00:00+00:00,1.8871671834169974
2024-11-04 00:00:00+00:00,1.9128612179041908
2024-11-05 00:00:00+00:00,1.9029957225308283
2024-11-06 00:00:00+00:00,1.8924633716069619
2024-11-07 00:00:00+00:00,1.888173410579404
2024-11-08 00:00:00+00:00,1.9202057246937676
2024-11-09 00:00:00+00:00,1.910423277518186
2024-11-10 00:00:00+00:00,1.900302494936068
2024-11-11 00:00:00+00:00,1.8902834006646212
2024-11-12 00:00:00+00:00,1.8902834006646212
2024-11-13 00:00:00+00:00,1.8799075664874285
2024-11-14 00:00:00+00:00,1.94556404375389
2024-11-15 00:00:00+00:00,1.94556404375389
2024-11-16 00:00:00+00:00,1.94556404375389
2024-11-17 00:00:00+00:00,1.94556404375389
2024-11-18 00:00:00+00:00,1.94556404375389
2024-11-19 00:00:00+00:00,1.94556404375389
2024-11-20 00:00:00+00:00,1.94556404375389
2024-11-21 00:00:00+00:00,1.94556404375389
2024-11-22 00:00:00+00:00,1.94556404375389
2024-11-23 00:00:00+00:00,1.94556404375389
2024-11-24 00:00:00+00:00,1.94556404375389
2024-11-25 00:00:00+00:00,1.94556404375389
2024-11-26 00:00:00+00:00,1.94556404375389
2024-11-27 00:00:00+00:00,1.9502526636344963
2024-11-28 00:00:00+00:00,1.9502526636344963
2024-11-29 00:00:00+00:00,1.9502526636344963
2024-11-30 00:00:00+00:00,1.9502526636344963
2024-12-01 00:00:00+00:00,1.9502526636344963
2024-12-02 00:00:00+00:00,1.9502526636344963
2024-12-03 00:00:00+00:00,1.9502526636344963
2024-12-04 00:00:00+00:00,1.9399558938203756
2024-12-05 00:00:00+00:00,1.9399558938203756
2024-12-06 00:00:00+00:00,1.9399558938203756
2024-12-07 00:00:00+00:00,1.9399558938203756
2024-12-08 00:00:00+00:00,1.9399558938203756
2024-12-09 00:00:00+00:00,1.9399558938203756
2024-12-10 00:00:00+00:00,1.9348515341744654
2024-12-11 00:00:00+00:00,1.925014125483893
2024-12-12 00:00:00+00:00,1.925014125483893
2024-12-13 00:00:00+00:00,1.925014125483893
2024-12-14 00:00:00+00:00,1.925014125483893
2024-12-15 00:00:00+00:00,1.925014125483893
2024-12-16 00:00:00+00:00,1.925014125483893
2024-12-17 00:00:00+00:00,1.925014125483893
2024-12-18 00:00:00+00:00,1.925014125483893
2024-12-19 00:00:00+00:00,1.925014125483893
2024-12-20 00:00:00+00:00,1.905469188474154
2024-12-21 00:00:00+00:00,1.8955121217622726
2024-12-22 00:00:00+00:00,1.8955121217622726
2024-12-23 00:00:00+00:00,1.8955121217622726
2024-12-24 00:00:00+00:00,1.8955121217622726
2024-12-25 00:00:00+00:00,1.8955121217622726
2024-12-26 00:00:00+00:00,1.8955121217622726
2024-12-27 00:00:00+00:00,1.8955121217622726
2024-12-28 00:00:00+00:00,1.8955121217622726
2024-12-29 00:00:00+00:00,1.8955121217622726
2024-12-30 00:00:00+00:00,1.8955121217622726
2024-12-31 00:00:00+00:00,1.8955121217622726
2025-01-01 00:00:00+00:00,1.8955121217622726
2025-01-02 00:00:00+00:00,1.8955121217622726
2025-01-03 00:00:00+00:00,1.8860223459385603
2025-01-04 00:00:00+00:00,1.8763134170991889
2025-01-05 00:00:00+00:00,1.8763134170991889
2025-01-06 00:00:00+00:00,1.8763134170991889
2025-01-07 00:00:00+00:00,1.8763134170991889
2025-01-08 00:00:00+00:00,1.8763134170991889
2025-01-09 00:00:00+00:00,1.8763134170991889
2025-01-10 00:00:00+00:00,1.8763134170991889
2025-01-11 00:00:00+00:00,1.8763134170991889
2025-01-12 00:00:00+00:00,1.8663409682972496
2025-01-13 00:00:00+00:00,1.8663409682972496
2025-01-14 00:00:00+00:00,1.8663409682972496
2025-01-15 00:00:00+00:00,1.8663409682972496
2025-01-16 00:00:00+00:00,1.8566145067172826
2025-01-17 00:00:00+00:00,1.8566145067172826
2025-01-18 00:00:00+00:00,1.8470993854868882
2025-01-19 00:00:00+00:00,1.851146602146157
2025-01-20 00:00:00+00:00,1.851146602146157
2025-01-21 00:00:00+00:00,1.851146602146157
2025-01-22 00:00:00+00:00,1.851146602146157
2025-01-23 00:00:00+00:00,1.851146602146157
2025-01-24 00:00:00+00:00,1.851146602146157
2025-01-25 00:00:00+00:00,1.851146602146157
2025-01-26 00:00:00+00:00,1.851146602146157
2025-01-27 00:00:00+00:00,1.851146602146157
2025-01-28 00:00:00+00:00,1.851146602146157
2025-01-29 00:00:00+00:00,1.851146602146157
2025-01-30 00:00:00+00:00,1.851146602146157
2025-01-31 00:00:00+00:00,1.851146602146157
2025-02-01 00:00:00+00:00,1.851146602146157
2025-02-02 00:00:00+00:00,1.851146602146157
2025-02-03 00:00:00+00:00,1.851146602146157
2025-02-04 00:00:00+00:00,1.851146602146157
2025-02-05 00:00:00+00:00,1.9445077593787345
2025-02-06 00:00:00+00:00,1.9445077593787345
2025-02-07 00:00:00+00:00,1.9445077593787345
2025-02-08 00:00:00+00:00,1.9445077593787345
2025-02-09 00:00:00+00:00,1.9445077593787345
2025-02-10 00:00:00+00:00,1.934473781555008
2025-02-11 00:00:00+00:00,1.934473781555008
2025-02-12 00:00:00+00:00,1.9246136905446105
2025-02-13 00:00:00+00:00,1.9246136905446105
2025-02-14 00:00:00+00:00,1.9246136905446105
2025-02-15 00:00:00+00:00,1.9246136905446105
2025-02-16 00:00:00+00:00,1.9246136905446105
2025-02-17 00:00:00+00:00,1.9246136905446105
2025-02-18 00:00:00+00:00,1.9246136905446105
2025-02-19 00:00:00+00:00,1.9246136905446105
2025-02-20 00:00:00+00:00,1.9246136905446105
2025-02-21 00:00:00+00:00,1.9587856098900842
2025-02-22 00:00:00+00:00,1.9587856098900842
2025-02-23 00:00:00+00:00,1.9587856098900842
2025-02-24 00:00:00+00:00,1.9587856098900842
2025-02-25 00:00:00+00:00,1.9587856098900842
2025-02-26 00:00:00+00:00,1.9587856098900842
2025-02-27 00:00:00+00:00,1.9587856098900842
2025-02-28 00:00:00+00:00,1.9587856098900842
2025-03-01 00:00:00+00:00,1.9587856098900842
2025-03-02 00:00:00+00:00,1.994536282637987
2025-03-03 00:00:00+00:00,1.9916845535040262
2025-03-04 00:00:00+00:00,1.9916845535040262
2025-03-05 00:00:00+00:00,1.9916845535040262
2025-03-06 00:00:00+00:00,1.9916845535040262
2025-03-07 00:00:00+00:00,1.995817207920844
2025-03-08 00:00:00+00:00,1.995817207920844
2025-03-09 00:00:00+00:00,1.9920862667999968
2025-03-10 00:00:00+00:00,1.9920862667999968
2025-03-11 00:00:00+00:00,1.9920862667999968
2025-03-12 00:00:00+00:00,1.981905726066697
2025-03-13 00:00:00+00:00,1.981905726066697
2025-03-14 00:00:00+00:00,1.981905726066697
2025-03-15 00:00:00+00:00,1.981905726066697
2025-03-16 00:00:00+00:00,1.981905726066697
2025-03-17 00:00:00+00:00,1.981905726066697
2025-03-18 00:00:00+00:00,1.981905726066697
2025-03-19 00:00:00+00:00,1.981905726066697
2025-03-20 00:00:00+00:00,1.99883590427409
2025-03-21 00:00:00+00:00,1.99883590427409
2025-03-22 00:00:00+00:00,1.99883590427409
2025-03-23 00:00:00+00:00,1.99883590427409
2025-03-24 00:00:00+00:00,1.99883590427409
2025-03-25 00:00:00+00:00,1.99883590427409
2025-03-26 00:00:00+00:00,1.99883590427409
2025-03-27 00:00:00+00:00,1.99883590427409
2025-03-28 00:00:00+00:00,1.99883590427409
2025-03-29 00:00:00+00:00,1.99883590427409
2025-03-30 00:00:00+00:00,1.99883590427409
2025-03-31 00:00:00+00:00,1.99883590427409
2025-04-01 00:00:00+00:00,1.99883590427409
2025-04-02 00:00:00+00:00,1.99883590427409
2025-04-03 00:00:00+00:00,1.99883590427409
2025-04-04 00:00:00+00:00,1.99883590427409
2025-04-05 00:00:00+00:00,1.99883590427409
2025-04-06 00:00:00+00:00,1.99883590427409
2025-04-07 00:00:00+00:00,1.9882441121250336
2025-04-08 00:00:00+00:00,1.9777617949699078
2025-04-09 00:00:00+00:00,1.9777617949699078
2025-04-10 00:00:00+00:00,1.9777617949699078
2025-04-11 00:00:00+00:00,1.9777617949699078
2025-04-12 00:00:00+00:00,1.9777617949699078
2025-04-13 00:00:00+00:00,1.9777617949699078
2025-04-14 00:00:00+00:00,1.9777617949699078
2025-04-15 00:00:00+00:00,1.9777617949699078
2025-04-16 00:00:00+00:00,1.9777617949699078
2025-04-17 00:00:00+00:00,1.9777617949699078
2025-04-18 00:00:00+00:00,1.9777617949699078
2025-04-19 00:00:00+00:00,1.9777617949699078
2025-04-20 00:00:00+00:00,2.0007781041828943
2025-04-21 00:00:00+00:00,2.0007781041828943
2025-04-22 00:00:00+00:00,2.001991367447411
2025-04-23 00:00:00+00:00,2.0184221679754315
2025-04-24 00:00:00+00:00,2.0184221679754315
2025-04-25 00:00:00+00:00,2.0184221679754315
2025-04-26 00:00:00+00:00,2.0184221679754315
2025-04-27 00:00:00+00:00,2.0184221679754315
2025-04-28 00:00:00+00:00,2.0184221679754315
2025-04-29 00:00:00+00:00,2.0184221679754315
2025-04-30 00:00:00+00:00,2.0184221679754315
2025-05-01 00:00:00+00:00,2.0184221679754315
2025-05-02 00:00:00+00:00,2.0184221679754315
2025-05-03 00:00:00+00:00,2.0184221679754315
2025-05-04 00:00:00+00:00,2.0184221679754315
2025-05-05 00:00:00+00:00,2.0184221679754315
2025-05-06 00:00:00+00:00,2.0184221679754315
2025-05-07 00:00:00+00:00,2.0077545689097587
2025-05-08 00:00:00+00:00,2.0077545689097587
2025-05-09 00:00:00+00:00,2.0077545689097587
2025-05-10 00:00:00+00:00,2.0077545689097587
2025-05-11 00:00:00+00:00,2.0077545689097587
2025-05-12 00:00:00+00:00,2.0077545689097587
2025-05-13 00:00:00+00:00,2.060478377561418
2025-05-14 00:00:00+00:00,2.060478377561418
2025-05-15 00:00:00+00:00,2.060478377561418
2025-05-16 00:00:00+00:00,2.0769367871788704
2025-05-17 00:00:00+00:00,2.0769367871788704
2025-05-18 00:00:00+00:00,2.0769367871788704
2025-05-19 00:00:00+00:00,2.0769367871788704
2025-05-20 00:00:00+00:00,2.0954827445411106
2025-05-21 00:00:00+00:00,2.0954827445411106
2025-05-22 00:00:00+00:00,2.0954827445411106
2025-05-23 00:00:00+00:00,2.0954827445411106
2025-05-24 00:00:00+00:00,2.0954827445411106
2025-05-25 00:00:00+00:00,2.0954827445411106
2025-05-26 00:00:00+00:00,2.0869165346228016
2025-05-27 00:00:00+00:00,2.0869165346228016
2025-05-28 00:00:00+00:00,2.0869165346228016
2025-05-29 00:00:00+00:00,2.0869165346228016
2025-05-30 00:00:00+00:00,2.0869165346228016
2025-05-31 00:00:00+00:00,2.063873221390003
2025-06-01 00:00:00+00:00,2.063873221390003
2025-06-02 00:00:00+00:00,2.063873221390003
2025-06-03 00:00:00+00:00,2.063873221390003
2025-06-04 00:00:00+00:00,2.063873221390003
2025-06-05 00:00:00+00:00,2.063873221390003
2025-06-06 00:00:00+00:00,2.063873221390003
2025-06-07 00:00:00+00:00,2.063873221390003
2025-06-08 00:00:00+00:00,2.063873221390003
2025-06-09 00:00:00+00:00,2.063873221390003
2025-06-10 00:00:00+00:00,2.0525922495738738
2025-06-11 00:00:00+00:00,2.0525922495738738
2025-06-12 00:00:00+00:00,2.0525922495738738
2025-06-13 00:00:00+00:00,2.0525922495738738
2025-06-14 00:00:00+00:00,2.060575331746687
2025-06-15 00:00:00+00:00,2.060575331746687
2025-06-16 00:00:00+00:00,2.060575331746687
2025-06-17 00:00:00+00:00,2.060575331746687
2025-06-18 00:00:00+00:00,2.060575331746687
2025-06-19 00:00:00+00:00,2.060575331746687
2025-06-20 00:00:00+00:00,2.060575331746687
2025-06-21 00:00:00+00:00,2.060575331746687
2025-06-22 00:00:00+00:00,2.060575331746687
2025-06-23 00:00:00+00:00,2.060575331746687
2025-06-24 00:00:00+00:00,2.060575331746687
2025-06-25 00:00:00+00:00,2.082806425544554
2025-06-26 00:00:00+00:00,2.082806425544554
2025-06-27 00:00:00+00:00,2.082806425544554
2025-06-28 00:00:00+00:00,2.082806425544554
2025-06-29 00:00:00+00:00,2.0962339195956767
2025-06-30 00:00:00+00:00,2.0962339195956767
2025-07-01 00:00:00+00:00,2.0962339195956767
2025-07-02 00:00:00+00:00,2.0962339195956767
2025-07-03 00:00:00+00:00,2.0962339195956767
2025-07-04 00:00:00+00:00,2.0735227680538717
2025-07-05 00:00:00+00:00,2.0735227680538717
2025-07-06 00:00:00+00:00,2.0735227680538717
2025-07-07 00:00:00+00:00,2.0735227680538717
2025-07-08 00:00:00+00:00,2.0735227680538717
2025-07-09 00:00:00+00:00,2.0735227680538717
2025-07-10 00:00:00+00:00,2.0924640161999126
2025-07-11 00:00:00+00:00,2.0591129804670696
2025-07-12 00:00:00+00:00,2.0591129804670696
2025-07-13 00:00:00+00:00,2.0591129804670696
2025-07-14 00:00:00+00:00,2.0591129804670696
2025-07-15 00:00:00+00:00,2.0591129804670696
2025-07-16 00:00:00+00:00,2.0591129804670696
2025-07-17 00:00:00+00:00,2.0591129804670696
2025-07-18 00:00:00+00:00,2.0591129804670696
2025-07-19 00:00:00+00:00,2.0591129804670696
2025-07-20 00:00:00+00:00,2.0591129804670696
2025-07-21 00:00:00+00:00,2.0483526938901697
2025-07-22 00:00:00+00:00,2.0483526938901697
2025-07-23 00:00:00+00:00,2.0483526938901697
2025-07-24 00:00:00+00:00,2.0483526938901697
2025-07-25 00:00:00+00:00,2.037830882896628
2025-07-26 00:00:00+00:00,2.037830882896628
2025-07-27 00:00:00+00:00,2.037830882896628
2025-07-28 00:00:00+00:00,2.027229734666405
2025-07-29 00:00:00+00:00,2.027229734666405
2025-07-30 00:00:00+00:00,2.027229734666405
2025-07-31 00:00:00+00:00,2.005966353512837
2025-08-01 00:00:00+00:00,2.005966353512837
2025-08-02 00:00:00+00:00,1.974548129235915
2025-08-03 00:00:00+00:00,1.974548129235915
2025-08-04 00:00:00+00:00,1.974548129235915
2025-08-05 00:00:00+00:00,1.974548129235915
2025-08-06 00:00:00+00:00,1.974548129235915
2025-08-07 00:00:00+00:00,1.974548129235915
2025-08-08 00:00:00+00:00,1.974548129235915
2025-08-09 00:00:00+00:00,1.974548129235915
2025-08-10 00:00:00+00:00,1.974548129235915
2025-08-11 00:00:00+00:00,1.974548129235915
2025-08-12 00:00:00+00:00,1.974548129235915
2025-08-13 00:00:00+00:00,1.974548129235915
2025-08-14 00:00:00+00:00,1.974548129235915
2025-08-15 00:00:00+00:00,1.974548129235915
2025-08-16 00:00:00+00:00,1.9886934508960223
2025-08-17 00:00:00+00:00,1.9886934508960223
2025-08-18 00:00:00+00:00,1.9886934508960223
2025-08-19 00:00:00+00:00,2.035039202227971
2025-08-20 00:00:00+00:00,2.0443040753862047
2025-08-21 00:00:00+00:00,2.0443040753862047
2025-08-22 00:00:00+00:00,2.0443040753862047
2025-08-23 00:00:00+00:00,2.0443040753862047
2025-08-24 00:00:00+00:00,2.0443040753862047
2025-08-25 00:00:00+00:00,2.0443040753862047
2025-08-26 00:00:00+00:00,2.058459702696826
2025-08-27 00:00:00+00:00,2.067051833216396
2025-08-28 00:00:00+00:00,2.067051833216396
2025-08-29 00:00:00+00:00,2.067051833216396
2025-08-30 00:00:00+00:00,2.067051833216396
2025-08-31 00:00:00+00:00,2.067051833216396
2025-09-01 00:00:00+00:00,2.067051833216396
2025-09-02 00:00:00+00:00,2.067051833216396
2025-09-03 00:00:00+00:00,2.067051833216396
2025-09-04 00:00:00+00:00,2.067051833216396
2025-09-05 00:00:00+00:00,2.067051833216396
2025-09-06 00:00:00+00:00,2.044191322904829
2025-09-07 00:00:00+00:00,2.044191322904829
2025-09-08 00:00:00+00:00,2.044191322904829
2025-09-09 00:00:00+00:00,2.044191322904829
2025-09-10 00:00:00+00:00,2.044191322904829
2025-09-11 00:00:00+00:00,2.02257936015894
2025-09-12 00:00:00+00:00,2.02257936015894
2025-09-13 00:00:00+00:00,2.012041121332052
2025-09-14 00:00:00+00:00,2.0010456083576678
2025-09-15 00:00:00+00:00,2.0010456083576678
2025-09-16 00:00:00+00:00,1.9897660622812294
2025-09-17 00:00:00+00:00,1.9897660622812294
2025-09-18 00:00:00+00:00,1.9897660622812294
2025-09-19 00:00:00+00:00,2.0440313379860107
2025-09-20 00:00:00+00:00,2.0440313379860107
2025-09-21 00:00:00+00:00,2.0440313379860107
2025-09-22 00:00:00+00:00,2.0440313379860107
2025-09-23 00:00:00+00:00,2.0440313379860107
2025-09-24 00:00:00+00:00,2.0440313379860107
2025-09-25 00:00:00+00:00,2.0333980134308525
2025-09-26 00:00:00+00:00,2.0008660681215003
2025-09-27 00:00:00+00:00,2.0008660681215003
2025-09-28 00:00:00+00:00,2.0008660681215003
2025-09-29 00:00:00+00:00,2.0008660681215003
2025-09-30 00:00:00+00:00,2.0008660681215003
2025-10-01 00:00:00+00:00,2.0008660681215003
2025-10-02 00:00:00+00:00,1.989947654859058
2025-10-03 00:00:00+00:00,1.979560724378268
2025-10-04 00:00:00+00:00,1.979560724378268
2025-10-05 00:00:00+00:00,1.979560724378268
2025-10-06 00:00:00+00:00,1.979560724378268
2025-10-07 00:00:00+00:00,1.979560724378268
2025-10-08 00:00:00+00:00,1.979560724378268
2025-10-09 00:00:00+00:00,1.979560724378268
2025-10-10 00:00:00+00:00,1.979560724378268
2025-10-11 00:00:00+00:00,1.9688101493052763
2025-10-12 00:00:00+00:00,2.180218029352352
2025-10-13 00:00:00+00:00,2.180218029352352
2025-10-14 00:00:00+00:00,2.180218029352352
2025-10-15 00:00:00+00:00,2.186754111249105
2025-10-16 00:00:00+00:00,2.186754111249105
2025-10-17 00:00:00+00:00,2.186754111249105
2025-10-18 00:00:00+00:00,2.186754111249105
2025-10-19 00:00:00+00:00,2.186754111249105
2025-10-20 00:00:00+00:00,2.186754111249105
2025-10-21 00:00:00+00:00,2.186754111249105
2025-10-22 00:00:00+00:00,2.186754111249105
2025-10-23 00:00:00+00:00,2.186754111249105
2025-10-24 00:00:00+00:00,2.186754111249105
2025-10-25 00:00:00+00:00,2.186754111249105
2025-10-26 00:00:00+00:00,2.186754111249105
2025-10-27 00:00:00+00:00,2.175455129855718
2025-10-28 00:00:00+00:00,2.164027233386157
2025-10-29 00:00:00+00:00,2.1527190449039146
2025-10-30 00:00:00+00:00,2.1527190449039146
2025-10-31 00:00:00+00:00,2.1527190449039146
2025-11-01 00:00:00+00:00,2.1527190449039146
2025-11-02 00:00:00+00:00,2.1527190449039146
2025-11-03 00:00:00+00:00,2.1527190449039146
2025-11-04 00:00:00+00:00,2.141026303439166
2025-11-05 00:00:00+00:00,2.141026303439166
2025-11-06 00:00:00+00:00,2.141026303439166
2025-11-07 00:00:00+00:00,2.141026303439166
2025-11-08 00:00:00+00:00,2.141026303439166
2025-11-09 00:00:00+00:00,2.141026303439166
2025-11-10 00:00:00+00:00,2.141026303439166
2025-11-11 00:00:00+00:00,2.141026303439166
2025-11-12 00:00:00+00:00,2.141026303439166
2025-11-13 00:00:00+00:00,2.141026303439166
2025-11-14 00:00:00+00:00,2.141026303439166
2025-11-15 00:00:00+00:00,2.141026303439166
2025-11-16 00:00:00+00:00,2.141026303439166
2025-11-17 00:00:00+00:00,2.141026303439166
2025-11-18 00:00:00+00:00,2.141026303439166
2025-11-19 00:00:00+00:00,2.141026303439166
2025-11-20 00:00:00+00:00,2.141026303439166
2025-11-21 00:00:00+00:00,2.141026303439166
2025-11-22 00:00:00+00:00,2.1309701975279554
2025-11-23 00:00:00+00:00,2.1309701975279554
2025-11-24 00:00:00+00:00,2.1309701975279554
2025-11-25 00:00:00+00:00,2.1460034141549795
2025-11-26 00:00:00+00:00,2.1460034141549795
2025-11-27 00:00:00+00:00,2.1460034141549795
2025-11-28 00:00:00+00:00,2.1460034141549795
2025-11-29 00:00:00+00:00,2.1460034141549795
2025-11-30 00:00:00+00:00,2.1460034141549795
2025-12-01 00:00:00+00:00,2.1460034141549795
2025-12-02 00:00:00+00:00,2.1460034141549795
2025-12-03 00:00:00+00:00,2.1460034141549795
2025-12-04 00:00:00+00:00,2.1460034141549795
2025-12-05 00:00:00+00:00,2.1460034141549795
2025-12-06 00:00:00+00:00,2.1460034141549795
2025-12-07 00:00:00+00:00,2.1460034141549795
2025-12-08 00:00:00+00:00,2.1460034141549795
2025-12-09 00:00:00+00:00,2.1460034141549795
2025-12-10 00:00:00+00:00,2.1460034141549795
2025-12-11 00:00:00+00:00,2.1460034141549795
2025-12-12 00:00:00+00:00,2.1460034141549795
2025-12-13 00:00:00+00:00,2.1460034141549795
2025-12-14 00:00:00+00:00,2.1986298892676737
2025-12-15 00:00:00+00:00,2.1986298892676737
2025-12-16 00:00:00+00:00,2.1986298892676737
2025-12-17 00:00:00+00:00,2.1986298892676737
2025-12-18 00:00:00+00:00,2.1872666381489574
2025-12-19 00:00:00+00:00,2.1872666381489574
2025-12-20 00:00:00+00:00,2.1872666381489574
2025-12-21 00:00:00+00:00,2.1872666381489574
2025-12-22 00:00:00+00:00,2.1872666381489574
2025-12-23 00:00:00+00:00,2.1872666381489574
2025-12-24 00:00:00+00:00,2.1872666381489574
2025-12-25 00:00:00+00:00,2.1872666381489574
2025-12-26 00:00:00+00:00,2.244264891113977
2025-12-27 00:00:00+00:00,2.244264891113977
2025-12-28 00:00:00+00:00,2.244264891113977
2025-12-29 00:00:00+00:00,2.244264891113977
2025-12-30 00:00:00+00:00,2.244264891113977
2025-12-31 00:00:00+00:00,2.244264891113977
2026-01-01 00:00:00+00:00,2.244264891113977
2026-01-02 00:00:00+00:00,2.244264891113977
2026-01-03 00:00:00+00:00,2.244264891113977
2026-01-04 00:00:00+00:00,2.244264891113977
2026-01-05 00:00:00+00:00,2.244264891113977
2026-01-06 00:00:00+00:00,2.2442975200275295
2026-01-07 00:00:00+00:00,2.2442975200275295
2026-01-08 00:00:00+00:00,2.2442975200275295
2026-01-09 00:00:00+00:00,2.2442975200275295
2026-01-10 00:00:00+00:00,2.2442975200275295
2026-01-11 00:00:00+00:00,2.2442975200275295
2026-01-12 00:00:00+00:00,2.2599086080853312
2026-01-13 00:00:00+00:00,2.2599086080853312
2026-01-14 00:00:00+00:00,2.2599086080853312
2026-01-15 00:00:00+00:00,2.2599086080853312
2026-01-16 00:00:00+00:00,2.2599086080853312
2026-01-17 00:00:00+00:00,2.2599086080853312
2026-01-18 00:00:00+00:00,2.2599086080853312
2026-01-19 00:00:00+00:00,2.2599086080853312
2026-01-20 00:00:00+00:00,2.2533265415625334
2026-01-21 00:00:00+00:00,2.217970689934913
2026-01-22 00:00:00+00:00,2.2063323271521256
2026-01-23 00:00:00+00:00,2.2063323271521256
2026-01-24 00:00:00+00:00,2.2063323271521256
2026-01-25 00:00:00+00:00,2.2063323271521256
2026-01-26 00:00:00+00:00,2.1941661400659935
2026-01-27 00:00:00+00:00,2.1941661400659935
2026-01-28 00:00:00+00:00,2.186523975050336
2026-01-29 00:00:00+00:00,2.186523975050336
2026-01-30 00:00:00+00:00,2.1758132604212617
2026-01-31 00:00:00+00:00,2.1539603372082547
2026-02-01 00:00:00+00:00,2.1427687989237056
2026-02-02 00:00:00+00:00,2.1427687989237056
2026-02-03 00:00:00+00:00,2.1427687989237056
2026-02-04 00:00:00+00:00,2.1427687989237056
2026-02-05 00:00:00+00:00,2.1427687989237056
2026-02-06 00:00:00+00:00,2.1427687989237056
2026-02-07 00:00:00+00:00,2.1427687989237056
2026-02-08 00:00:00+00:00,2.1427687989237056
2026-02-09 00:00:00+00:00,2.1427687989237056
2026-02-10 00:00:00+00:00,2.1427687989237056
2026-02-11 00:00:00+00:00,2.1427687989237056
2026-02-12 00:00:00+00:00,2.1427687989237056
2026-02-13 00:00:00+00:00,2.1427687989237056
2026-02-14 00:00:00+00:00,2.1427687989237056
2026-02-15 00:00:00+00:00,2.1427687989237056
2026-02-16 00:00:00+00:00,2.131808981623948
2026-02-17 00:00:00+00:00,2.131808981623948
2026-02-18 00:00:00+00:00,2.131808981623948
2026-02-19 00:00:00+00:00,2.131808981623948
2026-02-20 00:00:00+00:00,2.131808981623948
2026-02-21 00:00:00+00:00,2.131808981623948
2026-02-22 00:00:00+00:00,2.119042874360241
2026-02-23 00:00:00+00:00,2.119042874360241
2026-02-24 00:00:00+00:00,2.119042874360241
2026-02-25 00:00:00+00:00,2.119042874360241
2026-02-26 00:00:00+00:00,2.1082269490960974
2026-02-27 00:00:00+00:00,2.1082269490960974
2026-02-28 00:00:00+00:00,2.097222910009123
2026-03-01 00:00:00+00:00,2.097222910009123
2026-03-02 00:00:00+00:00,2.097222910009123
2026-03-03 00:00:00+00:00,2.097222910009123
2026-03-04 00:00:00+00:00,2.097222910009123
2026-03-05 00:00:00+00:00,2.097222910009123
2026-03-06 00:00:00+00:00,2.097222910009123
2026-03-07 00:00:00+00:00,2.097222910009123
2026-03-08 00:00:00+00:00,2.097222910009123
2026-03-09 00:00:00+00:00,2.097222910009123
2026-03-10 00:00:00+00:00,2.097222910009123
2026-03-11 00:00:00+00:00,2.097222910009123
2026-03-12 00:00:00+00:00,2.097222910009123
2026-03-13 00:00:00+00:00,2.087989238020042
2026-03-14 00:00:00+00:00,2.087989238020042
2026-03-15 00:00:00+00:00,2.087989238020042
2026-03-16 00:00:00+00:00,2.087989238020042
2026-03-17 00:00:00+00:00,2.087989238020042
2026-03-18 00:00:00+00:00,2.087989238020042
2026-03-19 00:00:00+00:00,2.087989238020042
2026-03-20 00:00:00+00:00,2.087989238020042
2026-03-21 00:00:00+00:00,2.087989238020042
2026-03-22 00:00:00+00:00,2.087989238020042
2026-03-23 00:00:00+00:00,2.087989238020042
2026-03-24 00:00:00+00:00,2.0766298411240123
2026-03-25 00:00:00+00:00,2.0766298411240123
2026-03-26 00:00:00+00:00,2.0766298411240123
2026-03-27 00:00:00+00:00,2.0672330913509858
2026-03-28 00:00:00+00:00,2.0674738643601094
2026-03-29 00:00:00+00:00,2.0674738643601094
2026-03-30 00:00:00+00:00,2.0674738643601094
2026-03-31 00:00:00+00:00,2.0674738643601094
2026-04-01 00:00:00+00:00,2.0674738643601094
2026-04-02 00:00:00+00:00,2.0674738643601094
2026-04-03 00:00:00+00:00,2.0453950438612476
2026-04-04 00:00:00+00:00,2.0506011368873005
2026-04-05 00:00:00+00:00,2.0506011368873005
2026-04-06 00:00:00+00:00,2.0398636697360595
2026-04-07 00:00:00+00:00,2.0398636697360595
2026-04-08 00:00:00+00:00,2.0398636697360595
2026-04-09 00:00:00+00:00,2.0398636697360595
2026-04-10 00:00:00+00:00,2.0398636697360595
2026-04-11 00:00:00+00:00,2.0398636697360595
2026-04-12 00:00:00+00:00,2.0398636697360595
2026-04-13 00:00:00+00:00,2.0398636697360595
2026-04-14 00:00:00+00:00,2.0398636697360595
2026-04-15 00:00:00+00:00,2.0398636697360595
2026-04-16 00:00:00+00:00,2.0398636697360595
2026-04-17 00:00:00+00:00,2.0398636697360595
2026-04-18 00:00:00+00:00,2.0398636697360595
2026-04-19 00:00:00+00:00,2.0398636697360595
2026-04-20 00:00:00+00:00,2.0398636697360595
2026-04-21 00:00:00+00:00,2.0398636697360595
2026-04-22 00:00:00+00:00,2.0398636697360595
2026-04-23 00:00:00+00:00,2.0398636697360595
2026-04-24 00:00:00+00:00,2.0398636697360595
2026-04-25 00:00:00+00:00,2.0398636697360595
2026-04-26 00:00:00+00:00,2.0398636697360595
2026-04-27 00:00:00+00:00,2.0398636697360595
2026-04-28 00:00:00+00:00,2.0398636697360595
2026-04-29 00:00:00+00:00,2.0398636697360595
2026-04-30 00:00:00+00:00,2.044122901737405
2026-05-01 00:00:00+00:00,2.044122901737405
2026-05-02 00:00:00+00:00,2.044122901737405
2026-05-03 00:00:00+00:00,2.044122901737405
2026-05-04 00:00:00+00:00,2.044122901737405
2026-05-05 00:00:00+00:00,2.044122901737405
2026-05-06 00:00:00+00:00,2.044122901737405
2026-05-07 00:00:00+00:00,2.044122901737405
2026-05-08 00:00:00+00:00,2.044122901737405
2026-05-09 00:00:00+00:00,2.044122901737405
2026-05-10 00:00:00+00:00,2.044122901737405
2026-05-11 00:00:00+00:00,2.044122901737405
2026-05-12 00:00:00+00:00,2.044122901737405
2026-05-13 00:00:00+00:00,2.044122901737405
2026-05-14 00:00:00+00:00,2.0325918669540983
2026-05-15 00:00:00+00:00,2.0325918669540983
2026-05-16 00:00:00+00:00,2.0325918669540983
2026-05-17 00:00:00+00:00,2.021854685055043
2026-05-18 00:00:00+00:00,2.027429867060301
2026-05-19 00:00:00+00:00,2.0467999330923443
2026-05-20 00:00:00+00:00,2.0467999330923443
2026-05-21 00:00:00+00:00,2.0467999330923443
2026-05-22 00:00:00+00:00,2.0467999330923443
2026-05-23 00:00:00+00:00,2.0467999330923443
2026-05-24 00:00:00+00:00,2.0360979302856537
2026-05-25 00:00:00+00:00,2.0360979302856537
2026-05-26 00:00:00+00:00,2.0360979302856537
2026-05-27 00:00:00+00:00,2.0360979302856537
2026-05-28 00:00:00+00:00,2.0360979302856537
2026-05-29 00:00:00+00:00,2.0145247518072713
2026-05-30 00:00:00+00:00,2.0035216415700465
2026-05-31 00:00:00+00:00,2.0035216415700465
2026-06-01 00:00:00+00:00,2.0035216415700465
2026-06-02 00:00:00+00:00,2.02892114683671
2026-06-03 00:00:00+00:00,2.017978177028332
2026-06-04 00:00:00+00:00,2.017978177028332
2026-06-05 00:00:00+00:00,2.0074961479999023
2026-06-06 00:00:00+00:00,2.0074961479999023
2026-06-07 00:00:00+00:00,2.0074961479999023
2026-06-08 00:00:00+00:00,2.0074961479999023
2026-06-09 00:00:00+00:00,2.0074961479999023
2026-06-10 00:00:00+00:00,2.0074961479999023
2026-06-11 00:00:00+00:00,2.0074961479999023
2026-06-12 00:00:00+00:00,2.0074961479999023
2026-06-13 00:00:00+00:00,2.0074961479999023
2026-06-14 00:00:00+00:00,2.0074961479999023
2026-06-15 00:00:00+00:00,2.0074961479999023
2026-06-16 00:00:00+00:00,1.9868460564348245
2026-06-17 00:00:00+00:00,1.9868460564348245
2026-06-18 00:00:00+00:00,1.9868460564348245
2026-06-19 00:00:00+00:00,1.9868460564348245
2026-06-20 00:00:00+00:00,1.9868460564348245
2026-06-21 00:00:00+00:00,1.9868460564348245
2026-06-22 00:00:00+00:00,1.9868460564348245
2026-06-23 00:00:00+00:00,1.9868460564348245
2026-06-24 00:00:00+00:00,1.9868460564348245
2026-06-25 00:00:00+00:00,1.9868460564348245
2026-06-26 00:00:00+00:00,1.9868460564348245
2026-06-27 00:00:00+00:00,1.9868460564348245
2026-06-28 00:00:00+00:00,1.9868460564348245
2026-06-29 00:00:00+00:00,1.9868460564348245
2026-06-30 00:00:00+00:00,1.9868460564348245
2026-07-01 00:00:00+00:00,1.9868460564348245
2026-07-02 00:00:00+00:00,1.9868460564348245
2026-07-03 00:00:00+00:00,1.9868460564348245
2026-07-04 00:00:00+00:00,1.9787391998632888
2026-07-05 00:00:00+00:00,1.9897696802127258
2026-07-06 00:00:00+00:00,1.996729998100865
2026-07-07 00:00:00+00:00,1.996729998100865
2026-07-08 00:00:00+00:00,1.985308958604903
2026-07-09 00:00:00+00:00,1.985308958604903
2026-07-10 00:00:00+00:00,1.985308958604903
2026-07-11 00:00:00+00:00,1.985308958604903
2026-07-12 00:00:00+00:00,1.985308958604903
2026-07-13 00:00:00+00:00,1.985308958604903
2026-07-14 00:00:00+00:00,1.985308958604903
2026-07-15 00:00:00+00:00,1.985308958604903
2026-07-16 00:00:00+00:00,1.985308958604903
2026-07-17 00:00:00+00:00,1.985308958604903
2026-07-18 00:00:00+00:00,1.985308958604903
2026-07-19 00:00:00+00:00,1.985308958604903
2026-07-20 00:00:00+00:00,1.985308958604903
2026-07-21 00:00:00+00:00,1.9748786234037736
2026-07-22 00:00:00+00:00,1.9748786234037736
2026-07-23 00:00:00+00:00,1.9748786234037736
2026-07-24 00:00:00+00:00,1.9748786234037736
2026-07-25 00:00:00+00:00,1.9748786234037736
2026-07-26 00:00:00+00:00,1.9748786234037736
2026-07-27 00:00:00+00:00,1.9748786234037736
2026-07-28 00:00:00+00:00,1.9748786234037736
2026-07-29 00:00:00+00:00,1.9748786234037736
2026-07-30 00:00:00+00:00,1.9748786234037736
2026-07-31 00:00:00+00:00,1.9748786234037736
2026-08-01 00:00:00+00:00,1.9748786234037736
2026-08-02 00:00:00+00:00,1.9748786234037736
2026-08-03 00:00:00+00:00,1.9748786234037736
2026-08-04 00:00:00+00:00,1.9748786234037736
2026-08-05 00:00:00+00:00,1.9748786234037736
2026-08-06 00:00:00+00:00,1.9748786234037736
2026-08-07 00:00:00+00:00,1.9630575102639924
2026-08-08 00:00:00+00:00,1.9630575102639924
2026-08-09 00:00:00+00:00,1.9630575102639924
2026-08-10 00:00:00+00:00,1.9630575102639924
2026-08-11 00:00:00+00:00,1.9630575102639924
2026-08-12 00:00:00+00:00,1.9630575102639924
2026-08-13 00:00:00+00:00,1.9630575102639924
2026-08-14 00:00:00+00:00,1.9630575102639924
2026-08-15 00:00:00+00:00,1.9630575102639924
2026-08-16 00:00:00+00:00,1.9630575102639924
2026-08-17 00:00:00+00:00,1.9630575102639924
2026-08-18 00:00:00+00:00,1.9630575102639924
2026-08-19 00:00:00+00:00,1.9630575102639924
2026-08-20 00:00:00+00:00,1.9630575102639924
2026-08-21 00:00:00+00:00,1.974212720033907
2026-08-22 00:00:00+00:00,1.974212720033907
2026-08-23 00:00:00+00:00,2.021391314906075
2026-08-24 00:00:00+00:00,2.1159058909546347
2026-08-25 00:00:00+00:00,2.1159058909546347
2026-08-26 00:00:00+00:00,2.1353730499070473
