,"Mevcut (XAU+ETH, %1)"
2011-12-12,1.0278016792798905
2011-12-13,1.0278016792798905
2011-12-14,1.0278016792798905
2011-12-15,1.0278016792798905
2011-12-16,1.0278016792798905
2011-12-17,1.0278016792798905
2011-12-18,1.0278016792798905
2011-12-19,1.0278016792798905
2011-12-20,1.0278016792798905
2011-12-21,1.0278016792798905
2011-12-22,1.0278016792798905
2011-12-23,1.0278016792798905
2011-12-24,1.0278016792798905
2011-12-25,1.0278016792798905
2011-12-26,1.0278016792798905
2011-12-27,1.0278016792798905
2011-12-28,1.0242634973555351
2011-12-29,1.0242634973555351
2011-12-30,1.0242634973555351
2011-12-31,1.0242634973555351
2012-01-01,1.0242634973555351
2012-01-02,1.0242634973555351
2012-01-03,1.0242634973555351
2012-01-04,1.0242634973555351
2012-01-05,1.0242634973555351
2012-01-06,1.0242634973555351
2012-01-07,1.0242634973555351
2012-01-08,1.0242634973555351
2012-01-09,1.0242634973555351
2012-01-10,1.0242634973555351
2012-01-11,1.0242634973555351
2012-01-12,1.0242634973555351
2012-01-13,1.0242634973555351
2012-01-14,1.0242634973555351
2012-01-15,1.0242634973555351
2012-01-16,1.0242634973555351
2012-01-17,1.0111310103616802
2012-01-18,1.0111310103616802
2012-01-19,1.0111310103616802
2012-01-20,1.0111310103616802
2012-01-21,1.0111310103616802
2012-01-22,1.0111310103616802
2012-01-23,1.0111310103616802
2012-01-24,1.0079842682516293
2012-01-25,1.0079842682516293
2012-01-26,1.0057450800608116
2012-01-27,1.0057450800608116
2012-01-28,1.0057450800608116
2012-01-29,1.0057450800608116
2012-01-30,1.0057450800608116
2012-01-31,1.0057450800608116
2012-02-01,1.0057450800608116
2012-02-02,1.0057450800608116
2012-02-03,1.00250870470269
2012-02-04,1.00250870470269
2012-02-05,1.00250870470269
2012-02-06,1.00250870470269
2012-02-07,1.00250870470269
2012-02-08,1.00250870470269
2012-02-09,1.00250870470269
2012-02-10,1.00250870470269
2012-02-11,1.00250870470269
2012-02-12,1.00250870470269
2012-02-13,1.00250870470269
2012-02-14,1.00250870470269
2012-02-15,1.00250870470269
2012-02-16,1.00250870470269
2012-02-17,1.00250870470269
2012-02-18,1.00250870470269
2012-02-19,1.00250870470269
2012-02-20,1.00250870470269
2012-02-21,1.00250870470269
2012-02-22,1.0279932540688688
2012-02-23,1.0279932540688688
2012-02-24,1.0279932540688688
2012-02-25,1.0279932540688688
2012-02-26,1.0279932540688688
2012-02-27,1.0279932540688688
2012-02-28,1.0279932540688688
2012-02-29,1.0279932540688688
2012-03-01,1.0279932540688688
2012-03-02,1.0279932540688688
2012-03-03,1.0279932540688688
2012-03-04,1.0279932540688688
2012-03-05,1.0279932540688688
2012-03-06,1.0279932540688688
2012-03-07,1.0250001318121806
2012-03-08,1.0250001318121806
2012-03-09,1.0250001318121806
2012-03-10,1.0250001318121806
2012-03-11,1.0250001318121806
2012-03-12,1.0250001318121806
2012-03-13,1.0250001318121806
2012-03-14,1.0123653569360087
2012-03-15,1.0123653569360087
2012-03-16,1.0123653569360087
2012-03-17,1.0123653569360087
2012-03-18,1.0123653569360087
2012-03-19,1.0123653569360087
2012-03-20,1.0123653569360087
2012-03-21,1.0123653569360087
2012-03-22,1.009595964531948
2012-03-23,1.009595964531948
2012-03-24,1.009595964531948
2012-03-25,1.009595964531948
2012-03-26,1.009595964531948
2012-03-27,1.009595964531948
2012-03-28,1.009595964531948
2012-03-29,0.9969054193022637
2012-03-30,0.9969054193022637
2012-03-31,0.9969054193022637
2012-04-01,0.9969054193022637
2012-04-02,0.9969054193022637
2012-04-03,0.9969054193022637
2012-04-04,0.9969054193022637
2012-04-05,0.9969054193022637
2012-04-06,0.9932375961148221
2012-04-07,0.9932375961148221
2012-04-08,0.9932375961148221
2012-04-09,0.9932375961148221
2012-04-10,0.9932375961148221
2012-04-11,0.9932375961148221
2012-04-12,0.9932375961148221
2012-04-13,0.9932375961148221
2012-04-14,0.9932375961148221
2012-04-15,0.9932375961148221
2012-04-16,0.980250939288651
2012-04-17,0.980250939288651
2012-04-18,0.980250939288651
2012-04-19,0.980250939288651
2012-04-20,0.980250939288651
2012-04-21,0.980250939288651
2012-04-22,0.980250939288651
2012-04-23,0.9767023906846686
2012-04-24,0.9767023906846686
2012-04-25,0.9767023906846686
2012-04-26,0.9767023906846686
2012-04-27,0.9767023906846686
2012-04-28,0.9767023906846686
2012-04-29,0.9767023906846686
2012-04-30,0.9767023906846686
2012-05-01,0.9767023906846686
2012-05-02,0.9767023906846686
2012-05-03,0.972855950280409
2012-05-04,0.972855950280409
2012-05-05,0.972855950280409
2012-05-06,0.972855950280409
2012-05-07,0.972855950280409
2012-05-08,0.972855950280409
2012-05-09,0.972855950280409
2012-05-10,0.972855950280409
2012-05-11,0.9978032357512504
2012-05-12,0.9978032357512504
2012-05-13,0.9978032357512504
2012-05-14,0.9978032357512504
2012-05-15,0.9978032357512504
2012-05-16,0.9978032357512504
2012-05-17,0.9978032357512504
2012-05-18,0.9978032357512504
2012-05-19,0.9978032357512504
2012-05-20,0.9978032357512504
2012-05-21,0.9978032357512504
2012-05-22,0.9978032357512504
2012-05-23,0.9953916600598297
2012-05-24,0.9953916600598297
2012-05-25,0.9953916600598297
2012-05-26,0.9953916600598297
2012-05-27,0.9953916600598297
2012-05-28,0.9953916600598297
2012-05-29,0.9953916600598297
2012-05-30,0.9830085995065431
2012-05-31,0.9830085995065431
2012-06-01,0.9830085995065431
2012-06-02,0.9830085995065431
2012-06-03,0.9830085995065431
2012-06-04,0.9830085995065431
2012-06-05,0.9830085995065431
2012-06-06,0.9806369934062394
2012-06-07,0.9806369934062394
2012-06-08,0.9806369934062394
2012-06-09,0.9806369934062394
2012-06-10,0.9806369934062394
2012-06-11,0.9806369934062394
2012-06-12,0.9806369934062394
2012-06-13,0.9806369934062394
2012-06-14,0.9806369934062394
2012-06-15,0.9806369934062394
2012-06-16,0.9806369934062394
2012-06-17,0.9806369934062394
2012-06-18,0.9806369934062394
2012-06-19,0.9806369934062394
2012-06-20,0.9806369934062394
2012-06-21,0.9806369934062394
2012-06-22,0.9806369934062394
2012-06-23,0.9806369934062394
2012-06-24,0.9806369934062394
2012-06-25,0.9806369934062394
2012-06-26,0.9806369934062394
2012-06-27,0.9806369934062394
2012-06-28,0.9806369934062394
2012-06-29,0.9778931466927598
2012-06-30,0.9778931466927598
2012-07-01,0.9778931466927598
2012-07-02,0.9778931466927598
2012-07-03,0.9778931466927598
2012-07-04,0.9778931466927598
2012-07-05,0.9778931466927598
2012-07-06,0.9778931466927598
2012-07-07,0.9778931466927598
2012-07-08,0.9778931466927598
2012-07-09,0.9778931466927598
2012-07-10,0.9778931466927598
2012-07-11,0.9655528233591687
2012-07-12,0.9655528233591687
2012-07-13,0.9655528233591687
2012-07-14,0.9655528233591687
2012-07-15,0.9655528233591687
2012-07-16,0.9655528233591687
2012-07-17,0.9655528233591687
2012-07-18,0.9655528233591687
2012-07-19,0.9655528233591687
2012-07-20,0.9655528233591687
2012-07-21,0.9655528233591687
2012-07-22,0.9655528233591687
2012-07-23,0.9655528233591687
2012-07-24,0.9655528233591687
2012-07-25,0.9655528233591687
2012-07-26,0.9655528233591687
2012-07-27,0.9655528233591687
2012-07-28,0.9655528233591687
2012-07-29,0.9655528233591687
2012-07-30,0.9655528233591687
2012-07-31,0.9655528233591687
2012-08-01,0.9655528233591687
2012-08-02,0.9655528233591687
2012-08-03,0.9655528233591687
2012-08-04,0.9655528233591687
2012-08-05,0.9655528233591687
2012-08-06,0.9655528233591687
2012-08-07,0.9655528233591687
2012-08-08,0.9655528233591687
2012-08-09,0.9655528233591687
2012-08-10,0.9655528233591687
2012-08-11,0.9655528233591687
2012-08-12,0.9655528233591687
2012-08-13,0.9601556994872908
2012-08-14,0.9601556994872908
2012-08-15,0.9601556994872908
2012-08-16,0.9601556994872908
2012-08-17,0.9601556994872908
2012-08-18,0.9601556994872908
2012-08-19,0.9601556994872908
2012-08-20,0.9601556994872908
2012-08-21,0.9601556994872908
2012-08-22,0.9836429895876883
2012-08-23,0.9836429895876883
2012-08-24,0.9836429895876883
2012-08-25,0.9836429895876883
2012-08-26,0.9836429895876883
2012-08-27,0.9836429895876883
2012-08-28,0.9836429895876883
2012-08-29,0.9836429895876883
2012-08-30,0.9836429895876883
2012-08-31,0.9836429895876883
2012-09-01,0.9836429895876883
2012-09-02,0.9836429895876883
2012-09-03,0.9836429895876883
2012-09-04,0.9836429895876883
2012-09-05,0.9836429895876883
2012-09-06,1.0026360391227913
2012-09-07,1.0026360391227913
2012-09-08,1.0026360391227913
2012-09-09,1.0026360391227913
2012-09-10,1.0026360391227913
2012-09-11,1.0026360391227913
2012-09-12,0.9887103390431433
2012-09-13,0.9887103390431433
2012-09-14,0.9887103390431433
2012-09-15,0.9887103390431433
2012-09-16,0.9887103390431433
2012-09-17,0.9887103390431433
2012-09-18,0.9887103390431433
2012-09-19,0.9887103390431433
2012-09-20,0.9887103390431433
2012-09-21,0.9887103390431433
2012-09-22,0.9887103390431433
2012-09-23,0.9887103390431433
2012-09-24,0.9887103390431433
2012-09-25,0.9887103390431433
2012-09-26,0.9887103390431433
2012-09-27,0.9887103390431433
2012-09-28,0.985182011371384
2012-09-29,0.985182011371384
2012-09-30,0.985182011371384
2012-10-01,0.985182011371384
2012-10-02,0.985182011371384
2012-10-03,0.985182011371384
2012-10-04,0.985182011371384
2012-10-05,0.985182011371384
2012-10-06,0.985182011371384
2012-10-07,0.985182011371384
2012-10-08,0.985182011371384
2012-10-09,0.985182011371384
2012-10-10,0.985182011371384
2012-10-11,0.985182011371384
2012-10-12,0.985182011371384
2012-10-13,0.985182011371384
2012-10-14,0.985182011371384
2012-10-15,0.985182011371384
2012-10-16,0.985182011371384
2012-10-17,0.985182011371384
2012-10-18,0.985182011371384
2012-10-19,0.985182011371384
2012-10-20,0.985182011371384
2012-10-21,0.985182011371384
2012-10-22,0.985182011371384
2012-10-23,0.985182011371384
2012-10-24,0.985182011371384
2012-10-25,0.985182011371384
2012-10-26,0.985182011371384
2012-10-27,0.985182011371384
2012-10-28,0.985182011371384
2012-10-29,0.985182011371384
2012-10-30,0.985182011371384
2012-10-31,0.985182011371384
2012-11-01,0.985182011371384
2012-11-02,0.985182011371384
2012-11-03,0.985182011371384
2012-11-04,0.985182011371384
2012-11-05,0.9797468429639888
2012-11-06,0.9797468429639888
2012-11-07,0.9797468429639888
2012-11-08,0.9797468429639888
2012-11-09,0.9797468429639888
2012-11-10,0.9797468429639888
2012-11-11,0.9797468429639888
2012-11-12,0.9797468429639888
2012-11-13,0.9797468429639888
2012-11-14,0.9797468429639888
2012-11-15,0.9797468429639888
2012-11-16,0.9797468429639888
2012-11-17,0.9797468429639888
2012-11-18,0.9797468429639888
2012-11-19,0.9797468429639888
2012-11-20,0.9797468429639888
2012-11-21,0.9797468429639888
2012-11-22,0.9797468429639888
2012-11-23,0.9797468429639888
2012-11-24,0.9797468429639888
2012-11-25,0.9797468429639888
2012-11-26,0.9797468429639888
2012-11-27,0.9712770307070455
2012-11-28,0.9712770307070455
2012-11-29,0.9712770307070455
2012-11-30,0.9712770307070455
2012-12-01,0.9712770307070455
2012-12-02,0.9712770307070455
2012-12-03,0.9712770307070455
2012-12-04,0.9712770307070455
2012-12-05,0.9668843374327044
2012-12-06,0.9668843374327044
2012-12-07,0.9668843374327044
2012-12-08,0.9668843374327044
2012-12-09,0.9668843374327044
2012-12-10,0.9668843374327044
2012-12-11,0.9668843374327044
2012-12-12,0.9668843374327044
2012-12-13,0.9630030333004737
2012-12-14,0.9630030333004737
2012-12-15,0.9630030333004737
2012-12-16,0.9630030333004737
2012-12-17,0.9630030333004737
2012-12-18,0.9630030333004737
2012-12-19,0.9630030333004737
2012-12-20,0.9630030333004737
2012-12-21,0.9630030333004737
2012-12-22,0.9630030333004737
2012-12-23,0.9630030333004737
2012-12-24,0.9630030333004737
2012-12-25,0.9630030333004737
2012-12-26,0.9630030333004737
2012-12-27,0.9630030333004737
2012-12-28,0.9630030333004737
2012-12-29,0.9630030333004737
2012-12-30,0.9630030333004737
2012-12-31,0.9630030333004737
2013-01-01,0.9630030333004737
2013-01-02,0.9630030333004737
2013-01-03,0.9630030333004737
2013-01-04,0.9888370299632573
2013-01-05,0.9888370299632573
2013-01-06,0.9888370299632573
2013-01-07,0.9888370299632573
2013-01-08,0.9888370299632573
2013-01-09,0.9888370299632573
2013-01-10,0.9888370299632573
2013-01-11,0.9888370299632573
2013-01-12,0.9888370299632573
2013-01-13,0.9888370299632573
2013-01-14,0.9888370299632573
2013-01-15,0.9888370299632573
2013-01-16,0.9888370299632573
2013-01-17,0.9888370299632573
2013-01-18,0.9888370299632573
2013-01-19,0.9888370299632573
2013-01-20,0.9888370299632573
2013-01-21,0.9888370299632573
2013-01-22,0.9888370299632573
2013-01-23,0.9888370299632573
2013-01-24,0.9888370299632573
2013-01-25,0.9888370299632573
2013-01-26,0.9888370299632573
2013-01-27,0.9888370299632573
2013-01-28,0.9888370299632573
2013-01-29,0.9888370299632573
2013-01-30,0.9888370299632573
2013-01-31,0.9888370299632573
2013-02-01,0.9888370299632573
2013-02-02,0.9888370299632573
2013-02-03,0.9888370299632573
2013-02-04,0.9888370299632573
2013-02-05,0.9888370299632573
2013-02-06,0.9888370299632573
2013-02-07,0.9888370299632573
2013-02-08,0.9888370299632573
2013-02-09,0.9888370299632573
2013-02-10,0.9888370299632573
2013-02-11,0.9888370299632573
2013-02-12,0.9888370299632573
2013-02-13,0.9888370299632573
2013-02-14,1.0117023550805893
2013-02-15,1.0378658944897283
2013-02-16,1.0378658944897283
2013-02-17,1.0378658944897283
2013-02-18,1.0378658944897283
2013-02-19,1.0378658944897283
2013-02-20,1.0651616636903698
2013-02-21,1.0651616636903698
2013-02-22,1.0651616636903698
2013-02-23,1.0651616636903698
2013-02-24,1.0651616636903698
2013-02-25,1.0651616636903698
2013-02-26,1.0651616636903698
2013-02-27,1.0651616636903698
2013-02-28,1.0651616636903698
2013-03-01,1.0621494794466435
2013-03-02,1.0621494794466435
2013-03-03,1.0621494794466435
2013-03-04,1.0621494794466435
2013-03-05,1.0621494794466435
2013-03-06,1.0621494794466435
2013-03-07,1.0621494794466435
2013-03-08,1.0621494794466435
2013-03-09,1.0621494794466435
2013-03-10,1.0621494794466435
2013-03-11,1.0621494794466435
2013-03-12,1.0621494794466435
2013-03-13,1.0621494794466435
2013-03-14,1.0621494794466435
2013-03-15,1.0621494794466435
2013-03-16,1.0621494794466435
2013-03-17,1.0621494794466435
2013-03-18,1.0621494794466435
2013-03-19,1.0621494794466435
2013-03-20,1.0621494794466435
2013-03-21,1.0621494794466435
2013-03-22,1.0621494794466435
2013-03-23,1.0621494794466435
2013-03-24,1.0621494794466435
2013-03-25,1.0469792263468887
2013-03-26,1.0469792263468887
2013-03-27,1.0469792263468887
2013-03-28,1.0469792263468887
2013-03-29,1.0469792263468887
2013-03-30,1.0469792263468887
2013-03-31,1.0469792263468887
2013-04-01,1.0469792263468887
2013-04-02,1.0469792263468887
2013-04-03,1.0738174633290838
2013-04-04,1.0738174633290838
2013-04-05,1.0738174633290838
2013-04-06,1.0738174633290838
2013-04-07,1.0738174633290838
2013-04-08,1.0738174633290838
2013-04-09,1.0738174633290838
2013-04-10,1.0738174633290838
2013-04-11,1.0594666112510776
2013-04-12,1.0594666112510776
2013-04-13,1.0594666112510776
2013-04-14,1.0594666112510776
2013-04-15,1.0594666112510776
2013-04-16,1.0594666112510776
2013-04-17,1.0594666112510776
2013-04-18,1.0594666112510776
2013-04-19,1.0594666112510776
2013-04-20,1.0594666112510776
2013-04-21,1.0594666112510776
2013-04-22,1.0594666112510776
2013-04-23,1.0594666112510776
2013-04-24,1.0594666112510776
2013-04-25,1.0594666112510776
2013-04-26,1.0594666112510776
2013-04-27,1.0594666112510776
2013-04-28,1.0594666112510776
2013-04-29,1.0594666112510776
2013-04-30,1.0594666112510776
2013-05-01,1.0469414078581192
2013-05-02,1.0469414078581192
2013-05-03,1.0469414078581192
2013-05-04,1.0469414078581192
2013-05-05,1.0469414078581192
2013-05-06,1.0469414078581192
2013-05-07,1.0469414078581192
2013-05-08,1.0338763719860224
2013-05-09,1.0338763719860224
2013-05-10,1.0317688776329639
2013-05-11,1.0317688776329639
2013-05-12,1.0317688776329639
2013-05-13,1.0317688776329639
2013-05-14,1.0317688776329639
2013-05-15,1.0317688776329639
2013-05-16,1.0604144406735034
2013-05-17,1.0604144406735034
2013-05-18,1.0604144406735034
2013-05-19,1.0604144406735034
2013-05-20,1.0604144406735034
2013-05-21,1.0604144406735034
2013-05-22,1.0604144406735034
2013-05-23,1.0604144406735034
2013-05-24,1.0604144406735034
2013-05-25,1.0604144406735034
2013-05-26,1.0604144406735034
2013-05-27,1.0604144406735034
2013-05-28,1.0604144406735034
2013-05-29,1.0604144406735034
2013-05-30,1.0604144406735034
2013-05-31,1.0604144406735034
2013-06-01,1.0604144406735034
2013-06-02,1.0604144406735034
2013-06-03,1.0604144406735034
2013-06-04,1.0604144406735034
2013-06-05,1.0604144406735034
2013-06-06,1.0604144406735034
2013-06-07,1.0604144406735034
2013-06-08,1.0604144406735034
2013-06-09,1.0604144406735034
2013-06-10,1.0572697578851413
2013-06-11,1.0572697578851413
2013-06-12,1.0572697578851413
2013-06-13,1.0572697578851413
2013-06-14,1.0572697578851413
2013-06-15,1.0572697578851413
2013-06-16,1.0572697578851413
2013-06-17,1.0572697578851413
2013-06-18,1.0572697578851413
2013-06-19,1.0433475422340854
2013-06-20,1.0433475422340854
2013-06-21,1.0433475422340854
2013-06-22,1.0433475422340854
2013-06-23,1.0433475422340854
2013-06-24,1.0433475422340854
2013-06-25,1.0433475422340854
2013-06-26,1.0433475422340854
2013-06-27,1.072544657144301
2013-06-28,1.072544657144301
2013-06-29,1.072544657144301
2013-06-30,1.072544657144301
2013-07-01,1.072544657144301
2013-07-02,1.072544657144301
2013-07-03,1.072544657144301
2013-07-04,1.072544657144301
2013-07-05,1.072544657144301
2013-07-06,1.072544657144301
2013-07-07,1.072544657144301
2013-07-08,1.0592896965990533
2013-07-09,1.0592896965990533
2013-07-10,1.0592896965990533
2013-07-11,1.0592896965990533
2013-07-12,1.0592896965990533
2013-07-13,1.0592896965990533
2013-07-14,1.0592896965990533
2013-07-15,1.0592896965990533
2013-07-16,1.0592896965990533
2013-07-17,1.0592896965990533
2013-07-18,1.0592896965990533
2013-07-19,1.0592896965990533
2013-07-20,1.0592896965990533
2013-07-21,1.0592896965990533
2013-07-22,1.0592896965990533
2013-07-23,1.0592896965990533
2013-07-24,1.0592896965990533
2013-07-25,1.0592896965990533
2013-07-26,1.0592896965990533
2013-07-27,1.0592896965990533
2013-07-28,1.0592896965990533
2013-07-29,1.0592896965990533
2013-07-30,1.0592896965990533
2013-07-31,1.0592896965990533
2013-08-01,1.0592896965990533
2013-08-02,1.0592896965990533
2013-08-03,1.0592896965990533
2013-08-04,1.0592896965990533
2013-08-05,1.0592896965990533
2013-08-06,1.0592896965990533
2013-08-07,1.0570670122586463
2013-08-08,1.0570670122586463
2013-08-09,1.0570670122586463
2013-08-10,1.0570670122586463
2013-08-11,1.0570670122586463
2013-08-12,1.0570670122586463
2013-08-13,1.0570670122586463
2013-08-14,1.0570670122586463
2013-08-15,1.0570670122586463
2013-08-16,1.055039679681696
2013-08-17,1.055039679681696
2013-08-18,1.055039679681696
2013-08-19,1.055039679681696
2013-08-20,1.055039679681696
2013-08-21,1.055039679681696
2013-08-22,1.055039679681696
2013-08-23,1.055039679681696
2013-08-24,1.055039679681696
2013-08-25,1.055039679681696
2013-08-26,1.0520129423174853
2013-08-27,1.0520129423174853
2013-08-28,1.0520129423174853
2013-08-29,1.0520129423174853
2013-08-30,1.0520129423174853
2013-08-31,1.0520129423174853
2013-09-01,1.0520129423174853
2013-09-02,1.0520129423174853
2013-09-03,1.0520129423174853
2013-09-04,1.0520129423174853
2013-09-05,1.0520129423174853
2013-09-06,1.0520129423174853
2013-09-07,1.0520129423174853
2013-09-08,1.0520129423174853
2013-09-09,1.0520129423174853
2013-09-10,1.0520129423174853
2013-09-11,1.0520129423174853
2013-09-12,1.0520129423174853
2013-09-13,1.0520129423174853
2013-09-14,1.0520129423174853
2013-09-15,1.0520129423174853
2013-09-16,1.0520129423174853
2013-09-17,1.0520129423174853
2013-09-18,1.0394122953896303
2013-09-19,1.0394122953896303
2013-09-20,1.0394122953896303
2013-09-21,1.0394122953896303
2013-09-22,1.0394122953896303
2013-09-23,1.0394122953896303
2013-09-24,1.0394122953896303
2013-09-25,1.0394122953896303
2013-09-26,1.0394122953896303
2013-09-27,1.0394122953896303
2013-09-28,1.0394122953896303
2013-09-29,1.0394122953896303
2013-09-30,1.0394122953896303
2013-10-01,1.0394122953896303
2013-10-02,1.0376036151120969
2013-10-03,1.0376036151120969
2013-10-04,1.0376036151120969
2013-10-05,1.0376036151120969
2013-10-06,1.0376036151120969
2013-10-07,1.0376036151120969
2013-10-08,1.0376036151120969
2013-10-09,1.0248879256286103
2013-10-10,1.0248879256286103
2013-10-11,1.0248879256286103
2013-10-12,1.0248879256286103
2013-10-13,1.0248879256286103
2013-10-14,1.0248879256286103
2013-10-15,1.0248879256286103
2013-10-16,1.0248879256286103
2013-10-17,1.0248879256286103
2013-10-18,1.0248879256286103
2013-10-19,1.0248879256286103
2013-10-20,1.0248879256286103
2013-10-21,1.0248879256286103
2013-10-22,1.0248879256286103
2013-10-23,1.0248879256286103
2013-10-24,1.0248879256286103
2013-10-25,1.0248879256286103
2013-10-26,1.0248879256286103
2013-10-27,1.0248879256286103
2013-10-28,1.0248879256286103
2013-10-29,1.0248879256286103
2013-10-30,1.0248879256286103
2013-10-31,1.0248879256286103
2013-11-01,1.0248879256286103
2013-11-02,1.0248879256286103
2013-11-03,1.0248879256286103
2013-11-04,1.0248879256286103
2013-11-05,1.0248879256286103
2013-11-06,1.0248879256286103
2013-11-07,1.0248879256286103
2013-11-08,1.0248879256286103
2013-11-09,1.0248879256286103
2013-11-10,1.0248879256286103
2013-11-11,1.0213137780116004
2013-11-12,1.0213137780116004
2013-11-13,1.0213137780116004
2013-11-14,1.0213137780116004
2013-11-15,1.0213137780116004
2013-11-16,1.0213137780116004
2013-11-17,1.0213137780116004
2013-11-18,1.0213137780116004
2013-11-19,1.0213137780116004
2013-11-20,1.0181178915858677
2013-11-21,1.0181178915858677
2013-11-22,1.0181178915858677
2013-11-23,1.0181178915858677
2013-11-24,1.0181178915858677
2013-11-25,1.015394002109512
2013-11-26,1.015394002109512
2013-11-27,1.015394002109512
2013-11-28,1.015394002109512
2013-11-29,1.015394002109512
2013-11-30,1.015394002109512
2013-12-01,1.015394002109512
2013-12-02,1.015394002109512
2013-12-03,1.015394002109512
2013-12-04,1.0112198815522628
2013-12-05,1.0112198815522628
2013-12-06,1.0112198815522628
2013-12-07,1.0112198815522628
2013-12-08,1.0112198815522628
2013-12-09,1.0112198815522628
2013-12-10,1.0112198815522628
2013-12-11,1.0112198815522628
2013-12-12,1.0112198815522628
2013-12-13,1.0112198815522628
2013-12-14,1.0112198815522628
2013-12-15,1.0112198815522628
2013-12-16,1.0112198815522628
2013-12-17,1.0112198815522628
2013-12-18,1.0112198815522628
2013-12-19,1.0392373865753917
2013-12-20,1.0392373865753917
2013-12-21,1.0392373865753917
2013-12-22,1.0392373865753917
2013-12-23,1.0392373865753917
2013-12-24,1.0392373865753917
2013-12-25,1.0392373865753917
2013-12-26,1.0392373865753917
2013-12-27,1.0392373865753917
2013-12-28,1.0392373865753917
2013-12-29,1.0392373865753917
2013-12-30,1.0392373865753917
2013-12-31,1.0357892032687623
2014-01-01,1.0357892032687623
2014-01-02,1.0357892032687623
2014-01-03,1.0357892032687623
2014-01-04,1.0357892032687623
2014-01-05,1.0357892032687623
2014-01-06,1.0357892032687623
2014-01-07,1.0357892032687623
2014-01-08,1.0357892032687623
2014-01-09,1.0357892032687623
2014-01-10,1.0357892032687623
2014-01-11,1.0357892032687623
2014-01-12,1.0357892032687623
2014-01-13,1.0357892032687623
2014-01-14,1.0357892032687623
2014-01-15,1.0357892032687623
2014-01-16,1.0357892032687623
2014-01-17,1.0357892032687623
2014-01-18,1.0357892032687623
2014-01-19,1.0357892032687623
2014-01-20,1.0357892032687623
2014-01-21,1.0211256273067821
2014-01-22,1.0211256273067821
2014-01-23,1.0069076007295392
2014-01-24,1.0069076007295392
2014-01-25,1.0069076007295392
2014-01-26,1.0069076007295392
2014-01-27,1.0069076007295392
2014-01-28,1.0069076007295392
2014-01-29,1.0069076007295392
2014-01-30,1.0069076007295392
2014-01-31,1.0069076007295392
2014-02-01,1.0069076007295392
2014-02-02,1.0069076007295392
2014-02-03,1.0069076007295392
2014-02-04,1.0069076007295392
2014-02-05,1.0069076007295392
2014-02-06,1.0069076007295392
2014-02-07,1.0069076007295392
2014-02-08,1.0069076007295392
2014-02-09,1.0069076007295392
2014-02-10,1.0069076007295392
2014-02-11,0.9935632647378848
2014-02-12,0.9935632647378848
2014-02-13,0.9935632647378848
2014-02-14,0.9935632647378848
2014-02-15,0.9935632647378848
2014-02-16,0.9935632647378848
2014-02-17,0.9935632647378848
2014-02-18,0.9935632647378848
2014-02-19,0.9935632647378848
2014-02-20,0.9935632647378848
2014-02-21,0.9935632647378848
2014-02-22,0.9935632647378848
2014-02-23,0.9935632647378848
2014-02-24,0.9902819574149483
2014-02-25,0.9902819574149483
2014-02-26,0.9902819574149483
2014-02-27,0.9902819574149483
2014-02-28,0.9902819574149483
2014-03-01,0.9902819574149483
2014-03-02,0.9902819574149483
2014-03-03,0.9775536432270018
2014-03-04,0.9775536432270018
2014-03-05,0.9775536432270018
2014-03-06,0.9775536432270018
2014-03-07,0.9775536432270018
2014-03-08,0.9775536432270018
2014-03-09,0.9775536432270018
2014-03-10,0.9775536432270018
2014-03-11,0.9775536432270018
2014-03-12,0.9747989281579487
2014-03-13,0.9747989281579487
2014-03-14,0.9747989281579487
2014-03-15,0.9747989281579487
2014-03-16,0.9747989281579487
2014-03-17,0.9747989281579487
2014-03-18,0.9747989281579487
2014-03-19,0.9747989281579487
2014-03-20,0.9747989281579487
2014-03-21,0.9747989281579487
2014-03-22,0.9747989281579487
2014-03-23,0.9747989281579487
2014-03-24,0.9747989281579487
2014-03-25,0.9747989281579487
2014-03-26,0.9747989281579487
2014-03-27,0.9747989281579487
2014-03-28,0.9747989281579487
2014-03-29,0.9747989281579487
2014-03-30,0.9747989281579487
2014-03-31,0.9747989281579487
2014-04-01,0.971540719658006
2014-04-02,0.971540719658006
2014-04-03,0.971540719658006
2014-04-04,0.971540719658006
2014-04-05,0.971540719658006
2014-04-06,0.971540719658006
2014-04-07,0.971540719658006
2014-04-08,0.971540719658006
2014-04-09,0.971540719658006
2014-04-10,0.971540719658006
2014-04-11,0.971540719658006
2014-04-12,0.971540719658006
2014-04-13,0.971540719658006
2014-04-14,0.971540719658006
2014-04-15,0.971540719658006
2014-04-16,0.971540719658006
2014-04-17,0.971540719658006
2014-04-18,0.971540719658006
2014-04-19,0.971540719658006
2014-04-20,0.971540719658006
2014-04-21,0.971540719658006
2014-04-22,0.971540719658006
2014-04-23,0.9589062335105263
2014-04-24,0.9589062335105263
2014-04-25,0.9589062335105263
2014-04-26,0.9589062335105263
2014-04-27,0.9589062335105263
2014-04-28,0.9589062335105263
2014-04-29,0.9589062335105263
2014-04-30,0.9589062335105263
2014-05-01,0.9462069967036391
2014-05-02,0.9462069967036391
2014-05-03,0.9462069967036391
2014-05-04,0.9462069967036391
2014-05-05,0.9462069967036391
2014-05-06,0.9462069967036391
2014-05-07,0.9462069967036391
2014-05-08,0.9462069967036391
2014-05-09,0.9462069967036391
2014-05-10,0.9462069967036391
2014-05-11,0.9462069967036391
2014-05-12,0.9336296072490365
2014-05-13,0.9336296072490365
2014-05-14,0.9336296072490365
2014-05-15,0.9336296072490365
2014-05-16,0.9336296072490365
2014-05-17,0.9336296072490365
2014-05-18,0.9336296072490365
2014-05-19,0.9336296072490365
2014-05-20,0.9336296072490365
2014-05-21,0.9336296072490365
2014-05-22,0.9336296072490365
2014-05-23,0.9336296072490365
2014-05-24,0.9336296072490365
2014-05-25,0.9336296072490365
2014-05-26,0.9336296072490365
2014-05-27,0.9569728552455695
2014-05-28,0.9569728552455695
2014-05-29,0.9569728552455695
2014-05-30,0.9569728552455695
2014-05-31,0.9569728552455695
2014-06-01,0.9569728552455695
2014-06-02,0.9569728552455695
2014-06-03,0.9569728552455695
2014-06-04,0.9569728552455695
2014-06-05,0.9569728552455695
2014-06-06,0.9569728552455695
2014-06-07,0.9569728552455695
2014-06-08,0.9569728552455695
2014-06-09,0.9569728552455695
2014-06-10,0.9569728552455695
2014-06-11,0.9569728552455695
2014-06-12,0.9569728552455695
2014-06-13,0.9569728552455695
2014-06-14,0.9569728552455695
2014-06-15,0.9569728552455695
2014-06-16,0.9569728552455695
2014-06-17,0.9569728552455695
2014-06-18,0.9569728552455695
2014-06-19,0.982441380027765
2014-06-20,0.982441380027765
2014-06-21,0.982441380027765
2014-06-22,0.982441380027765
2014-06-23,0.982441380027765
2014-06-24,0.9692628207095743
2014-06-25,0.9692628207095743
2014-06-26,0.9692628207095743
2014-06-27,0.9692628207095743
2014-06-28,0.9692628207095743
2014-06-29,0.9692628207095743
2014-06-30,0.9692628207095743
2014-07-01,0.9656348871339533
2014-07-02,0.9656348871339533
2014-07-03,0.9656348871339533
2014-07-04,0.9656348871339533
2014-07-05,0.9656348871339533
2014-07-06,0.9656348871339533
2014-07-07,0.9656348871339533
2014-07-08,0.9656348871339533
2014-07-09,0.9519603210109134
2014-07-10,0.9519603210109134
2014-07-11,0.9519603210109134
2014-07-12,0.9519603210109134
2014-07-13,0.9519603210109134
2014-07-14,0.9519603210109134
2014-07-15,0.9519603210109134
2014-07-16,0.9519603210109134
2014-07-17,0.9519603210109134
2014-07-18,0.9519603210109134
2014-07-19,0.9519603210109134
2014-07-20,0.9519603210109134
2014-07-21,0.9519603210109134
2014-07-22,0.9519603210109134
2014-07-23,0.9519603210109134
2014-07-24,0.9484105264423892
2014-07-25,0.9484105264423892
2014-07-26,0.9484105264423892
2014-07-27,0.9484105264423892
2014-07-28,0.9484105264423892
2014-07-29,0.9484105264423892
2014-07-30,0.9484105264423892
2014-07-31,0.9484105264423892
2014-08-01,0.9442982863394302
2014-08-02,0.9442982863394302
2014-08-03,0.9442982863394302
2014-08-04,0.9442982863394302
2014-08-05,0.9442982863394302
2014-08-06,0.9442982863394302
2014-08-07,0.9442982863394302
2014-08-08,0.9442982863394302
2014-08-09,0.9442982863394302
2014-08-10,0.9442982863394302
2014-08-11,0.9442982863394302
2014-08-12,0.9442982863394302
2014-08-13,0.9442982863394302
2014-08-14,0.9442982863394302
2014-08-15,0.9442982863394302
2014-08-16,0.9442982863394302
2014-08-17,0.9442982863394302
2014-08-18,0.9442982863394302
2014-08-19,0.9442982863394302
2014-08-20,0.9442982863394302
2014-08-21,0.9683864652346686
2014-08-22,0.9683864652346686
2014-08-23,0.9683864652346686
2014-08-24,0.9683864652346686
2014-08-25,0.9683864652346686
2014-08-26,0.9683864652346686
2014-08-27,0.9683864652346686
2014-08-28,0.9683864652346686
2014-08-29,0.9683864652346686
2014-08-30,0.9683864652346686
2014-08-31,0.9683864652346686
2014-09-01,0.9683864652346686
2014-09-02,0.9920369330994382
2014-09-03,0.9920369330994382
2014-09-04,0.9920369330994382
2014-09-05,0.9786234166109413
2014-09-06,0.9786234166109413
2014-09-07,0.9786234166109413
2014-09-08,0.9786234166109413
2014-09-09,0.9786234166109413
2014-09-10,0.9786234166109413
2014-09-11,0.9786234166109413
2014-09-12,0.9786234166109413
2014-09-13,0.9786234166109413
2014-09-14,0.9786234166109413
2014-09-15,0.9786234166109413
2014-09-16,0.9786234166109413
2014-09-17,0.9786234166109413
2014-09-18,0.9755294117365843
2014-09-19,0.9755294117365843
2014-09-20,0.9755294117365843
2014-09-21,0.9755294117365843
2014-09-22,0.9627282898235817
2014-09-23,0.9627282898235817
2014-09-24,0.9627282898235817
2014-09-25,0.9627282898235817
2014-09-26,0.9627282898235817
2014-09-27,0.9627282898235817
2014-09-28,0.9627282898235817
2014-09-29,0.9627282898235817
2014-09-30,0.9500017019733555
2014-10-01,0.9500017019733555
2014-10-02,0.9500017019733555
2014-10-03,0.9500017019733555
2014-10-04,0.9500017019733555
2014-10-05,0.9500017019733555
2014-10-06,0.9463371237640966
2014-10-07,0.9463371237640966
2014-10-08,0.9463371237640966
2014-10-09,0.9463371237640966
2014-10-10,0.9463371237640966
2014-10-11,0.9463371237640966
2014-10-12,0.9463371237640966
2014-10-13,0.9463371237640966
2014-10-14,0.9463371237640966
2014-10-15,0.9463371237640966
2014-10-16,0.9463371237640966
2014-10-17,0.9463371237640966
2014-10-18,0.9463371237640966
2014-10-19,0.9463371237640966
2014-10-20,0.9463371237640966
2014-10-21,0.9335898687804873
2014-10-22,0.9335898687804873
2014-10-23,0.9335898687804873
2014-10-24,0.9335898687804873
2014-10-25,0.9335898687804873
2014-10-26,0.9335898687804873
2014-10-27,0.9335898687804873
2014-10-28,0.9199989727534067
2014-10-29,0.9199989727534067
2014-10-30,0.9199989727534067
2014-10-31,0.9199989727534067
2014-11-01,0.9199989727534067
2014-11-02,0.9199989727534067
2014-11-03,0.9199989727534067
2014-11-04,0.9199989727534067
2014-11-05,0.9178371880015858
2014-11-06,0.9178371880015858
2014-11-07,0.9178371880015858
2014-11-08,0.9178371880015858
2014-11-09,0.9178371880015858
2014-11-10,0.9178371880015858
2014-11-11,0.9178371880015858
2014-11-12,0.9178371880015858
2014-11-13,0.9178371880015858
2014-11-14,0.9178371880015858
2014-11-15,0.9178371880015858
2014-11-16,0.9178371880015858
2014-11-17,0.9178371880015858
2014-11-18,0.9178371880015858
2014-11-19,0.9178371880015858
2014-11-20,0.9178371880015858
2014-11-21,0.9178371880015858
2014-11-22,0.9178371880015858
2014-11-23,0.9178371880015858
2014-11-24,0.9178371880015858
2014-11-25,0.9178371880015858
2014-11-26,0.9178371880015858
2014-11-27,0.9178371880015858
2014-11-28,0.9150716840478806
2014-11-29,0.9150716840478806
2014-11-30,0.9150716840478806
2014-12-01,0.9150716840478806
2014-12-02,0.9150716840478806
2014-12-03,0.9150716840478806
2014-12-04,0.9150716840478806
2014-12-05,0.9150716840478806
2014-12-06,0.9150716840478806
2014-12-07,0.9150716840478806
2014-12-08,0.9150716840478806
2014-12-09,0.9150716840478806
2014-12-10,0.9129987911920303
2014-12-11,0.9129987911920303
2014-12-12,0.9129987911920303
2014-12-13,0.9129987911920303
2014-12-14,0.9129987911920303
2014-12-15,0.9129987911920303
2014-12-16,0.9129987911920303
2014-12-17,0.9129987911920303
2014-12-18,0.9129987911920303
2014-12-19,0.9129987911920303
2014-12-20,0.9129987911920303
2014-12-21,0.9129987911920303
2014-12-22,0.9129987911920303
2014-12-23,0.9109640851619181
2014-12-24,0.9109640851619181
2014-12-25,0.9109640851619181
2014-12-26,0.9109640851619181
2014-12-27,0.9109640851619181
2014-12-28,0.9109640851619181
2014-12-29,0.9109640851619181
2014-12-30,0.9109640851619181
2014-12-31,0.9109640851619181
2015-01-01,0.9109640851619181
2015-01-02,0.9109640851619181
2015-01-03,0.9109640851619181
2015-01-04,0.9109640851619181
2015-01-05,0.9109640851619181
2015-01-06,0.9089909964037354
2015-01-07,0.9089909964037354
2015-01-08,0.9089909964037354
2015-01-09,0.9089909964037354
2015-01-10,0.9089909964037354
2015-01-11,0.9089909964037354
2015-01-12,0.9064139769671291
2015-01-13,0.9064139769671291
2015-01-14,0.9064139769671291
2015-01-15,0.9064139769671291
2015-01-16,0.9046297135711631
2015-01-17,0.9046297135711631
2015-01-18,0.9046297135711631
2015-01-19,0.9046297135711631
2015-01-20,0.9046297135711631
2015-01-21,0.9046297135711631
2015-01-22,0.9046297135711631
2015-01-23,0.9046297135711631
2015-01-24,0.9046297135711631
2015-01-25,0.9046297135711631
2015-01-26,0.9046297135711631
2015-01-27,0.9046297135711631
2015-01-28,0.9046297135711631
2015-01-29,0.9046297135711631
2015-01-30,0.9046297135711631
2015-01-31,0.9046297135711631
2015-02-01,0.9046297135711631
2015-02-02,0.9046297135711631
2015-02-03,0.9046297135711631
2015-02-04,0.9046297135711631
2015-02-05,0.9046297135711631
2015-02-06,0.9046297135711631
2015-02-07,0.9046297135711631
2015-02-08,0.9046297135711631
2015-02-09,0.9046297135711631
2015-02-10,0.9046297135711631
2015-02-11,0.9046297135711631
2015-02-12,0.9021604772381863
2015-02-13,0.9021604772381863
2015-02-14,0.9021604772381863
2015-02-15,0.9021604772381863
2015-02-16,0.9021604772381863
2015-02-17,0.9021604772381863
2015-02-18,0.8996204180872389
2015-02-19,0.8996204180872389
2015-02-20,0.8996204180872389
2015-02-21,0.8996204180872389
2015-02-22,0.8996204180872389
2015-02-23,0.8881923789097141
2015-02-24,0.8881923789097141
2015-02-25,0.8881923789097141
2015-02-26,0.8881923789097141
2015-02-27,0.8881923789097141
2015-02-28,0.8881923789097141
2015-03-01,0.8881923789097141
2015-03-02,0.8881923789097141
2015-03-03,0.8881923789097141
2015-03-04,0.8881923789097141
2015-03-05,0.8881923789097141
2015-03-06,0.8881923789097141
2015-03-07,0.8881923789097141
2015-03-08,0.8881923789097141
2015-03-09,0.8881923789097141
2015-03-10,0.9110237832357537
2015-03-11,0.9110237832357537
2015-03-12,0.9110237832357537
2015-03-13,0.9110237832357537
2015-03-14,0.9110237832357537
2015-03-15,0.9110237832357537
2015-03-16,0.9110237832357537
2015-03-17,0.9110237832357537
2015-03-18,0.9110237832357537
2015-03-19,0.9110237832357537
2015-03-20,0.9110237832357537
2015-03-21,0.9110237832357537
2015-03-22,0.9110237832357537
2015-03-23,0.9110237832357537
2015-03-24,0.9110237832357537
2015-03-25,0.9110237832357537
2015-03-26,0.9110237832357537
2015-03-27,0.9110237832357537
2015-03-28,0.9110237832357537
2015-03-29,0.9110237832357537
2015-03-30,0.9110237832357537
2015-03-31,0.9080272421535338
2015-04-01,0.9080272421535338
2015-04-02,0.9080272421535338
2015-04-03,0.9080272421535338
2015-04-04,0.9080272421535338
2015-04-05,0.9080272421535338
2015-04-06,0.9080272421535338
2015-04-07,0.9080272421535338
2015-04-08,0.9080272421535338
2015-04-09,0.9080272421535338
2015-04-10,0.9080272421535338
2015-04-11,0.9080272421535338
2015-04-12,0.9080272421535338
2015-04-13,0.9080272421535338
2015-04-14,0.8961520935973105
2015-04-15,0.8961520935973105
2015-04-16,0.8961520935973105
2015-04-17,0.8961520935973105
2015-04-18,0.8961520935973105
2015-04-19,0.8961520935973105
2015-04-20,0.8961520935973105
2015-04-21,0.8961520935973105
2015-04-22,0.8961520935973105
2015-04-23,0.8961520935973105
2015-04-24,0.8961520935973105
2015-04-25,0.8961520935973105
2015-04-26,0.8961520935973105
2015-04-27,0.8961520935973105
2015-04-28,0.8961520935973105
2015-04-29,0.8842330915525884
2015-04-30,0.8842330915525884
2015-05-01,0.8842330915525884
2015-05-02,0.8842330915525884
2015-05-03,0.8842330915525884
2015-05-04,0.8719416870563106
2015-05-05,0.8719416870563106
2015-05-06,0.8719416870563106
2015-05-07,0.8719416870563106
2015-05-08,0.8719416870563106
2015-05-09,0.8719416870563106
2015-05-10,0.8719416870563106
2015-05-11,0.8719416870563106
2015-05-12,0.8719416870563106
2015-05-13,0.8719416870563106
2015-05-14,0.8719416870563106
2015-05-15,0.8719416870563106
2015-05-16,0.8719416870563106
2015-05-17,0.8719416870563106
2015-05-18,0.8719416870563106
2015-05-19,0.8719416870563106
2015-05-20,0.8719416870563106
2015-05-21,0.8719416870563106
2015-05-22,0.8719416870563106
2015-05-23,0.8719416870563106
2015-05-24,0.8719416870563106
2015-05-25,0.8719416870563106
2015-05-26,0.8719416870563106
2015-05-27,0.8719416870563106
2015-05-28,0.8719416870563106
2015-05-29,0.8719416870563106
2015-05-30,0.8719416870563106
2015-05-31,0.8719416870563106
2015-06-01,0.8719416870563106
2015-06-02,0.8719416870563106
2015-06-03,0.8719416870563106
2015-06-04,0.8719416870563106
2015-06-05,0.8719416870563106
2015-06-06,0.8719416870563106
2015-06-07,0.8719416870563106
2015-06-08,0.867395180292338
2015-06-09,0.867395180292338
2015-06-10,0.867395180292338
2015-06-11,0.867395180292338
2015-06-12,0.867395180292338
2015-06-13,0.867395180292338
2015-06-14,0.867395180292338
2015-06-15,0.867395180292338
2015-06-16,0.867395180292338
2015-06-17,0.867395180292338
2015-06-18,0.867395180292338
2015-06-19,0.867395180292338
2015-06-20,0.867395180292338
2015-06-21,0.867395180292338
2015-06-22,0.867395180292338
2015-06-23,0.867395180292338
2015-06-24,0.8634799273240591
2015-06-25,0.8634799273240591
2015-06-26,0.8634799273240591
2015-06-27,0.8634799273240591
2015-06-28,0.8634799273240591
2015-06-29,0.8634799273240591
2015-06-30,0.8634799273240591
2015-07-01,0.8634799273240591
2015-07-02,0.8600622085852329
2015-07-03,0.8600622085852329
2015-07-04,0.8600622085852329
2015-07-05,0.8600622085852329
2015-07-06,0.8600622085852329
2015-07-07,0.8600622085852329
2015-07-08,0.857228923927543
2015-07-09,0.857228923927543
2015-07-10,0.857228923927543
2015-07-11,0.857228923927543
2015-07-12,0.857228923927543
2015-07-13,0.857228923927543
2015-07-14,0.857228923927543
2015-07-15,0.857228923927543
2015-07-16,0.8453414506638377
2015-07-17,0.8453414506638377
2015-07-18,0.8453414506638377
2015-07-19,0.8453414506638377
2015-07-20,0.8453414506638377
2015-07-21,0.8453414506638377
2015-07-22,0.8453414506638377
2015-07-23,0.8453414506638377
2015-07-24,0.8434836974064982
2015-07-25,0.8434836974064982
2015-07-26,0.8434836974064982
2015-07-27,0.8434836974064982
2015-07-28,0.8434836974064982
2015-07-29,0.8434836974064982
2015-07-30,0.8328756417769466
2015-07-31,0.8328756417769466
2015-08-01,0.8328756417769466
2015-08-02,0.8328756417769466
2015-08-03,0.8328756417769466
2015-08-04,0.8328756417769466
2015-08-05,0.8328756417769466
2015-08-06,0.8328756417769466
2015-08-07,0.8328756417769466
2015-08-08,0.8328756417769466
2015-08-09,0.8328756417769466
2015-08-10,0.8328756417769466
2015-08-11,0.8328756417769466
2015-08-12,0.8328756417769466
2015-08-13,0.8328756417769466
2015-08-14,0.8328756417769466
2015-08-15,0.8328756417769466
2015-08-16,0.8328756417769466
2015-08-17,0.8328756417769466
2015-08-18,0.8328756417769466
2015-08-19,0.8328756417769466
2015-08-20,0.8328756417769466
2015-08-21,0.8328756417769466
2015-08-22,0.8328756417769466
2015-08-23,0.8328756417769466
2015-08-24,0.8328756417769466
2015-08-25,0.8328756417769466
2015-08-26,0.8328756417769466
2015-08-27,0.8328756417769466
2015-08-28,0.8328756417769466
2015-08-29,0.8328756417769466
2015-08-30,0.8328756417769466
2015-08-31,0.8328756417769466
2015-09-01,0.8304388624716667
2015-09-02,0.8304388624716667
2015-09-03,0.8304388624716667
2015-09-04,0.8304388624716667
2015-09-05,0.8304388624716667
2015-09-06,0.8304388624716667
2015-09-07,0.8304388624716667
2015-09-08,0.8304388624716667
2015-09-09,0.8304388624716667
2015-09-10,0.8274923115943363
2015-09-11,0.8274923115943363
2015-09-12,0.8274923115943363
2015-09-13,0.8274923115943363
2015-09-14,0.8274923115943363
2015-09-15,0.8274923115943363
2015-09-16,0.8274923115943363
2015-09-17,0.8274923115943363
2015-09-18,0.8274923115943363
2015-09-19,0.8274923115943363
2015-09-20,0.8274923115943363
2015-09-21,0.8274923115943363
2015-09-22,0.8274923115943363
2015-09-23,0.8274923115943363
2015-09-24,0.8274923115943363
2015-09-25,0.8166657024024125
2015-09-26,0.8166657024024125
2015-09-27,0.8166657024024125
2015-09-28,0.8166657024024125
2015-09-29,0.8166657024024125
2015-09-30,0.8166657024024125
2015-10-01,0.8166657024024125
2015-10-02,0.8166657024024125
2015-10-03,0.8166657024024125
2015-10-04,0.8166657024024125
2015-10-05,0.8166657024024125
2015-10-06,0.8166657024024125
2015-10-07,0.8139542719751964
2015-10-08,0.8139542719751964
2015-10-09,0.8139542719751964
2015-10-10,0.8139542719751964
2015-10-11,0.8139542719751964
2015-10-12,0.8139542719751964
2015-10-13,0.8101777929419982
2015-10-14,0.8101777929419982
2015-10-15,0.8101777929419982
2015-10-16,0.8101777929419982
2015-10-17,0.8101777929419982
2015-10-18,0.8101777929419982
2015-10-19,0.8101777929419982
2015-10-20,0.8101777929419982
2015-10-21,0.8101777929419982
2015-10-22,0.8101777929419982
2015-10-23,0.8101777929419982
2015-10-24,0.8101777929419982
2015-10-25,0.8101777929419982
2015-10-26,0.8101777929419982
2015-10-27,0.8101777929419982
2015-10-28,0.7991895399299142
2015-10-29,0.7991895399299142
2015-10-30,0.7991895399299142
2015-10-31,0.7991895399299142
2015-11-01,0.7991895399299142
2015-11-02,0.7991895399299142
2015-11-03,0.7991895399299142
2015-11-04,0.7991895399299142
2015-11-05,0.7991895399299142
2015-11-06,0.7991895399299142
2015-11-07,0.7991895399299142
2015-11-08,0.7991895399299142
2015-11-09,0.7991895399299142
2015-11-10,0.7991895399299142
2015-11-11,0.7991895399299142
2015-11-12,0.788316005587146
2015-11-13,0.788316005587146
2015-11-14,0.788316005587146
2015-11-15,0.788316005587146
2015-11-16,0.788316005587146
2015-11-17,0.788316005587146
2015-11-18,0.7859709476844073
2015-11-19,0.7859709476844073
2015-11-20,0.7859709476844073
2015-11-21,0.7859709476844073
2015-11-22,0.7859709476844073
2015-11-23,0.7859709476844073
2015-11-24,0.7859709476844073
2015-11-25,0.7859709476844073
2015-11-26,0.7859709476844073
2015-11-27,0.8065889988427092
2015-11-28,0.8065889988427092
2015-11-29,0.8065889988427092
2015-11-30,0.8065889988427092
2015-12-01,0.8065889988427092
2015-12-02,0.8065889988427092
2015-12-03,0.8065889988427092
2015-12-04,0.8065889988427092
2015-12-05,0.8065889988427092
2015-12-06,0.8065889988427092
2015-12-07,0.8065889988427092
2015-12-08,0.8065889988427092
2015-12-09,0.8065889988427092
2015-12-10,0.8065889988427092
2015-12-11,0.7963826093651054
2015-12-12,0.7963826093651054
2015-12-13,0.7963826093651054
2015-12-14,0.7963826093651054
2015-12-15,0.7963826093651054
2015-12-16,0.7963826093651054
2015-12-17,0.7963826093651054
2015-12-18,0.7946514556214107
2015-12-19,0.7946514556214107
2015-12-20,0.7946514556214107
2015-12-21,0.7946514556214107
2015-12-22,0.7946514556214107
2015-12-23,0.7946514556214107
2015-12-24,0.7946514556214107
2015-12-25,0.7946514556214107
2015-12-26,0.7946514556214107
2015-12-27,0.7946514556214107
2015-12-28,0.7946514556214107
2015-12-29,0.7832948630792199
2015-12-30,0.7832948630792199
2015-12-31,0.7832948630792199
2016-01-01,0.7832948630792199
2016-01-02,0.7832948630792199
2016-01-03,0.7832948630792199
2016-01-04,0.7832948630792199
2016-01-05,0.7832948630792199
2016-01-06,0.7832948630792199
2016-01-07,0.7832948630792199
2016-01-08,0.7832948630792199
2016-01-09,0.7832948630792199
2016-01-10,0.7832948630792199
2016-01-11,0.7832948630792199
2016-01-12,0.7832948630792199
2016-01-13,0.7832948630792199
2016-01-14,0.7832948630792199
2016-01-15,0.7832948630792199
2016-01-16,0.7832948630792199
2016-01-17,0.7832948630792199
2016-01-18,0.7832948630792199
2016-01-19,0.7832948630792199
2016-01-20,0.7832948630792199
2016-01-21,0.7808645165251832
2016-01-22,0.7808645165251832
2016-01-23,0.7808645165251832
2016-01-24,0.7808645165251832
2016-01-25,0.7808645165251832
2016-01-26,0.7782499722079999
2016-01-27,0.7782499722079999
2016-01-28,0.7782499722079999
2016-01-29,0.7782499722079999
2016-01-30,0.7782499722079999
2016-01-31,0.7782499722079999
2016-02-01,0.7782499722079999
2016-02-02,0.7782499722079999
2016-02-03,0.7782499722079999
2016-02-04,0.7987789606465341
2016-02-05,0.7987789606465341
2016-02-06,0.7987789606465341
2016-02-07,0.7987789606465341
2016-02-08,0.7987789606465341
2016-02-09,0.7987789606465341
2016-02-10,0.7987789606465341
2016-02-11,0.8210177643721944
2016-02-12,0.8210177643721944
2016-02-13,0.8210177643721944
2016-02-14,0.8210177643721944
2016-02-15,0.8210177643721944
2016-02-16,0.8210177643721944
2016-02-17,0.8210177643721944
2016-02-18,0.8210177643721944
2016-02-19,0.8195665792730387
2016-02-20,0.8195665792730387
2016-02-21,0.8195665792730387
2016-02-22,0.8195665792730387
2016-02-23,0.8195665792730387
2016-02-24,0.8179127002624949
2016-02-25,0.8179127002624949
2016-02-26,0.8179127002624949
2016-02-27,0.8179127002624949
2016-02-28,0.8179127002624949
2016-02-29,0.8179127002624949
2016-03-01,0.8080657184880449
2016-03-02,0.8080657184880449
2016-03-03,0.8080657184880449
2016-03-04,0.8060733624573023
2016-03-05,0.8060733624573023
2016-03-06,0.8060733624573023
2016-03-07,0.8060733624573023
2016-03-08,0.8060733624573023
2016-03-09,0.8060733624573023
2016-03-10,0.8060733624573023
2016-03-11,0.8060733624573023
2016-03-12,0.8060733624573023
2016-03-13,0.8060733624573023
2016-03-14,0.8060733624573023
2016-03-15,0.8060733624573023
2016-03-16,0.8060733624573023
2016-03-17,0.7963118371399877
2016-03-18,0.7963118371399877
2016-03-19,0.7963118371399877
2016-03-20,0.7963118371399877
2016-03-21,0.7963118371399877
2016-03-22,0.7963118371399877
2016-03-23,0.7963118371399877
2016-03-24,0.7963118371399877
2016-03-25,0.7963118371399877
2016-03-26,0.7963118371399877
2016-03-27,0.7963118371399877
2016-03-28,0.7963118371399877
2016-03-29,0.7963118371399877
2016-03-30,0.7862471006548396
2016-03-31,0.7862471006548396
2016-04-01,0.7862471006548396
2016-04-02,0.7862471006548396
2016-04-03,0.7862471006548396
2016-04-04,0.7862471006548396
2016-04-05,0.7862471006548396
2016-04-06,0.7862471006548396
2016-04-07,0.7862471006548396
2016-04-08,0.7862471006548396
2016-04-09,0.7862471006548396
2016-04-10,0.7862471006548396
2016-04-11,0.7862471006548396
2016-04-12,0.7862471006548396
2016-04-13,0.7829816034516851
2016-04-14,0.7829816034516851
2016-04-15,0.7829816034516851
2016-04-16,0.7829816034516851
2016-04-17,0.7829816034516851
2016-04-18,0.7829816034516851
2016-04-19,0.7829816034516851
2016-04-20,0.7729359529157958
2016-04-21,0.7729359529157958
2016-04-22,0.7729359529157958
2016-04-23,0.7729359529157958
2016-04-24,0.7729359529157958
2016-04-25,0.7729359529157958
2016-04-26,0.7729359529157958
2016-04-27,0.7729359529157958
2016-04-28,0.7729359529157958
2016-04-29,0.7937777241157107
2016-04-30,0.7937777241157107
2016-05-01,0.7937777241157107
2016-05-02,0.7937777241157107
2016-05-03,0.7937777241157107
2016-05-04,0.7937777241157107
2016-05-05,0.7937777241157107
2016-05-06,0.7937777241157107
2016-05-07,0.7937777241157107
2016-05-08,0.7937777241157107
2016-05-09,0.7937777241157107
2016-05-10,0.7937777241157107
2016-05-11,0.7937777241157107
2016-05-12,0.7937777241157107
2016-05-13,0.7937777241157107
2016-05-14,0.7937777241157107
2016-05-15,0.7937777241157107
2016-05-16,0.7937777241157107
2016-05-17,0.7937777241157107
2016-05-18,0.7937777241157107
2016-05-19,0.7937777241157107
2016-05-20,0.7937777241157107
2016-05-21,0.7937777241157107
2016-05-22,0.7937777241157107
2016-05-23,0.7937777241157107
2016-05-24,0.7937777241157107
2016-05-25,0.814761591274323
2016-05-26,0.814761591274323
2016-05-27,0.814761591274323
2016-05-28,0.814761591274323
2016-05-29,0.814761591274323
2016-05-30,0.8114798284260389
2016-05-31,0.8114798284260389
2016-06-01,0.8114798284260389
2016-06-02,0.8114798284260389
2016-06-03,0.8114798284260389
2016-06-04,0.8114798284260389
2016-06-05,0.8114798284260389
2016-06-06,0.8114798284260389
2016-06-07,0.8114798284260389
2016-06-08,0.8114798284260389
2016-06-09,0.8324809325959326
2016-06-10,0.8324809325959326
2016-06-11,0.8324809325959326
2016-06-12,0.8324809325959326
2016-06-13,0.8324809325959326
2016-06-14,0.8324809325959326
2016-06-15,0.8324809325959326
2016-06-16,0.8547904442751608
2016-06-17,0.8547904442751608
2016-06-18,0.8547904442751608
2016-06-19,0.8547904442751608
2016-06-20,0.8547904442751608
2016-06-21,0.8547904442751608
2016-06-22,0.8547904442751608
2016-06-23,0.8547904442751608
2016-06-24,0.8451506203283511
2016-06-25,0.8451506203283511
2016-06-26,0.8451506203283511
2016-06-27,0.8451506203283511
2016-06-28,0.8451506203283511
2016-06-29,0.8451506203283511
2016-06-30,0.8451506203283511
2016-07-01,0.8451506203283511
2016-07-02,0.8451506203283511
2016-07-03,0.8451506203283511
2016-07-04,0.8675614168027679
2016-07-05,0.8675614168027679
2016-07-06,0.8675614168027679
2016-07-07,0.8675614168027679
2016-07-08,0.8675614168027679
2016-07-09,0.8675614168027679
2016-07-10,0.8675614168027679
2016-07-11,0.8675614168027679
2016-07-12,0.8675614168027679
2016-07-13,0.8675614168027679
2016-07-14,0.8675614168027679
2016-07-15,0.8675614168027679
2016-07-16,0.8675614168027679
2016-07-17,0.8675614168027679
2016-07-18,0.8675614168027679
2016-07-19,0.8675614168027679
2016-07-20,0.8675614168027679
2016-07-21,0.8675614168027679
2016-07-22,0.8675614168027679
2016-07-23,0.8675614168027679
2016-07-24,0.8675614168027679
2016-07-25,0.8675614168027679
2016-07-26,0.8675614168027679
2016-07-27,0.8675614168027679
2016-07-28,0.8560622340565145
2016-07-29,0.8560622340565145
2016-07-30,0.8560622340565145
2016-07-31,0.8560622340565145
2016-08-01,0.8560622340565145
2016-08-02,0.8560622340565145
2016-08-03,0.8560622340565145
2016-08-04,0.8560622340565145
2016-08-05,0.8560622340565145
2016-08-06,0.8560622340565145
2016-08-07,0.8560622340565145
2016-08-08,0.8560622340565145
2016-08-09,0.8560622340565145
2016-08-10,0.8560622340565145
2016-08-11,0.8560622340565145
2016-08-12,0.8560622340565145
2016-08-13,0.8560622340565145
2016-08-14,0.8560622340565145
2016-08-15,0.8560622340565145
2016-08-16,0.8560622340565145
2016-08-17,0.8560622340565145
2016-08-18,0.8560622340565145
2016-08-19,0.8560622340565145
2016-08-20,0.8560622340565145
2016-08-21,0.8560622340565145
2016-08-22,0.8560622340565145
2016-08-23,0.8560622340565145
2016-08-24,0.8560622340565145
2016-08-25,0.8560622340565145
2016-08-26,0.8560622340565145
2016-08-27,0.8560622340565145
2016-08-28,0.8560622340565145
2016-08-29,0.8560622340565145
2016-08-30,0.8560622340565145
2016-08-31,0.8560622340565145
2016-09-01,0.8560622340565145
2016-09-02,0.8560622340565145
2016-09-03,0.8560622340565145
2016-09-04,0.8560622340565145
2016-09-05,0.8560622340565145
2016-09-06,0.8780441677294427
2016-09-07,0.8780441677294427
2016-09-08,0.8780441677294427
2016-09-09,0.8780441677294427
2016-09-10,0.8780441677294427
2016-09-11,0.8780441677294427
2016-09-12,0.8780441677294427
2016-09-13,0.8780441677294427
2016-09-14,0.8780441677294427
2016-09-15,0.8780441677294427
2016-09-16,0.8780441677294427
2016-09-17,0.8780441677294427
2016-09-18,0.8780441677294427
2016-09-19,0.8648343899091644
2016-09-20,0.8648343899091644
2016-09-21,0.8648343899091644
2016-09-22,0.8648343899091644
2016-09-23,0.8648343899091644
2016-09-24,0.8648343899091644
2016-09-25,0.8648343899091644
2016-09-26,0.8648343899091644
2016-09-27,0.8648343899091644
2016-09-28,0.8648343899091644
2016-09-29,0.8648343899091644
2016-09-30,0.8648343899091644
2016-10-01,0.8648343899091644
2016-10-02,0.8648343899091644
2016-10-03,0.8648343899091644
2016-10-04,0.8609801562867814
2016-10-05,0.8609801562867814
2016-10-06,0.8609801562867814
2016-10-07,0.8609801562867814
2016-10-08,0.8609801562867814
2016-10-09,0.8609801562867814
2016-10-10,0.8609801562867814
2016-10-11,0.8609801562867814
2016-10-12,0.8609801562867814
2016-10-13,0.8609801562867814
2016-10-14,0.8609801562867814
2016-10-15,0.8609801562867814
2016-10-16,0.8609801562867814
2016-10-17,0.8609801562867814
2016-10-18,0.8609801562867814
2016-10-19,0.8609801562867814
2016-10-20,0.8609801562867814
2016-10-21,0.8609801562867814
2016-10-22,0.8609801562867814
2016-10-23,0.8609801562867814
2016-10-24,0.8609801562867814
2016-10-25,0.8609801562867814
2016-10-26,0.8609801562867814
2016-10-27,0.8609801562867814
2016-10-28,0.8609801562867814
2016-10-29,0.8609801562867814
2016-10-30,0.8609801562867814
2016-10-31,0.8609801562867814
2016-11-01,0.8609801562867814
2016-11-02,0.8609801562867814
2016-11-03,0.8609801562867814
2016-11-04,0.8609801562867814
2016-11-05,0.8609801562867814
2016-11-06,0.8609801562867814
2016-11-07,0.8609801562867814
2016-11-08,0.8585279012633782
2016-11-09,0.8585279012633782
2016-11-10,0.8585279012633782
2016-11-11,0.8585279012633782
2016-11-12,0.8585279012633782
2016-11-13,0.8585279012633782
2016-11-14,0.8585279012633782
2016-11-15,0.8585279012633782
2016-11-16,0.8585279012633782
2016-11-17,0.8585279012633782
2016-11-18,0.8567873078867108
2016-11-19,0.8567873078867108
2016-11-20,0.8567873078867108
2016-11-21,0.8567873078867108
2016-11-22,0.8567873078867108
2016-11-23,0.8462977923843148
2016-11-24,0.8462977923843148
2016-11-25,0.8462977923843148
2016-11-26,0.8462977923843148
2016-11-27,0.8462977923843148
2016-11-28,0.8462977923843148
2016-11-29,0.8462977923843148
2016-11-30,0.8462977923843148
2016-12-01,0.8440473561197616
2016-12-02,0.8440473561197616
2016-12-03,0.8440473561197616
2016-12-04,0.8440473561197616
2016-12-05,0.8440473561197616
2016-12-06,0.8440473561197616
2016-12-07,0.8440473561197616
2016-12-08,0.8440473561197616
2016-12-09,0.8329815570350068
2016-12-10,0.8329815570350068
2016-12-11,0.8329815570350068
2016-12-12,0.8329815570350068
2016-12-13,0.8329815570350068
2016-12-14,0.8329815570350068
2016-12-15,0.855318192038177
2016-12-16,0.855318192038177
2016-12-17,0.855318192038177
2016-12-18,0.855318192038177
2016-12-19,0.855318192038177
2016-12-20,0.855318192038177
2016-12-21,0.855318192038177
2016-12-22,0.855318192038177
2016-12-23,0.855318192038177
2016-12-24,0.855318192038177
2016-12-25,0.855318192038177
2016-12-26,0.855318192038177
2016-12-27,0.855318192038177
2016-12-28,0.855318192038177
2016-12-29,0.855318192038177
2016-12-30,0.855318192038177
2016-12-31,0.855318192038177
2017-01-01,0.855318192038177
2017-01-02,0.855318192038177
2017-01-03,0.855318192038177
2017-01-04,0.855318192038177
2017-01-05,0.855318192038177
2017-01-06,0.855318192038177
2017-01-07,0.855318192038177
2017-01-08,0.855318192038177
2017-01-09,0.855318192038177
2017-01-10,0.8441360020202636
2017-01-11,0.8441360020202636
2017-01-12,0.8441360020202636
2017-01-13,0.8441360020202636
2017-01-14,0.8441360020202636
2017-01-15,0.8441360020202636
2017-01-16,0.8441360020202636
2017-01-17,0.8412135196564885
2017-01-18,0.8412135196564885
2017-01-19,0.8412135196564885
2017-01-20,0.8412135196564885
2017-01-21,0.8412135196564885
2017-01-22,0.8412135196564885
2017-01-23,0.8412135196564885
2017-01-24,0.8412135196564885
2017-01-25,0.8412135196564885
2017-01-26,0.8412135196564885
2017-01-27,0.8412135196564885
2017-01-28,0.8412135196564885
2017-01-29,0.8412135196564885
2017-01-30,0.8412135196564885
2017-01-31,0.8412135196564885
2017-02-01,0.8378119138202695
2017-02-02,0.8378119138202695
2017-02-03,0.8378119138202695
2017-02-04,0.8378119138202695
2017-02-05,0.8378119138202695
2017-02-06,0.8378119138202695
2017-02-07,0.8378119138202695
2017-02-08,0.8592455142218627
2017-02-09,0.8592455142218627
2017-02-10,0.8592455142218627
2017-02-11,0.8592455142218627
2017-02-12,0.8592455142218627
2017-02-13,0.8592455142218627
2017-02-14,0.8592455142218627
2017-02-15,0.8592455142218627
2017-02-16,0.8592455142218627
2017-02-17,0.8592455142218627
2017-02-18,0.8554009782905396
2017-02-19,0.8554009782905396
2017-02-20,0.8554009782905396
2017-02-21,0.8554009782905396
2017-02-22,0.8554009782905396
2017-02-23,0.8554009782905396
2017-02-24,0.8554009782905396
2017-02-25,0.8554009782905396
2017-02-26,0.8554009782905396
2017-02-27,0.8554009782905396
2017-02-28,0.8487169586876974
2017-03-01,0.8487169586876974
2017-03-02,0.8487169586876974
2017-03-03,0.8487169586876974
2017-03-04,0.8487169586876974
2017-03-05,0.8487169586876974
2017-03-06,0.8487169586876974
2017-03-07,0.8487169586876974
2017-03-08,0.8487169586876974
2017-03-09,0.8487169586876974
2017-03-10,0.8487169586876974
2017-03-11,0.8487169586876974
2017-03-12,0.8487169586876974
2017-03-13,0.8487169586876974
2017-03-14,0.8487169586876974
2017-03-15,0.8487169586876974
2017-03-16,0.8487169586876974
2017-03-17,0.8487169586876974
2017-03-18,0.8487169586876974
2017-03-19,0.8487169586876974
2017-03-20,0.8487169586876974
2017-03-21,0.8360551886130434
2017-03-22,0.8360551886130434
2017-03-23,0.8360551886130434
2017-03-24,0.8360551886130434
2017-03-25,0.8360551886130434
2017-03-26,0.8360551886130434
2017-03-27,0.8328910269684012
2017-03-28,0.8328910269684012
2017-03-29,0.8328910269684012
2017-03-30,0.8328910269684012
2017-03-31,0.8328910269684012
2017-04-01,0.8328910269684012
2017-04-02,0.8328910269684012
2017-04-03,0.8328910269684012
2017-04-04,0.8285624803076325
2017-04-05,0.8285624803076325
2017-04-06,0.8285624803076325
2017-04-07,0.8255213554155191
2017-04-08,0.8255213554155191
2017-04-09,0.8255213554155191
2017-04-10,0.8255213554155191
2017-04-11,0.8255213554155191
2017-04-12,0.8255213554155191
2017-04-13,0.846607183355798
2017-04-14,0.846607183355798
2017-04-15,0.846607183355798
2017-04-16,0.846607183355798
2017-04-17,0.846607183355798
2017-04-18,0.846607183355798
2017-04-19,0.846607183355798
2017-04-20,0.846607183355798
2017-04-21,0.846607183355798
2017-04-22,0.846607183355798
2017-04-23,0.846607183355798
2017-04-24,0.846607183355798
2017-04-25,0.846607183355798
2017-04-26,0.846607183355798
2017-04-27,0.846607183355798
2017-04-28,0.846607183355798
2017-04-29,0.846607183355798
2017-04-30,0.846607183355798
2017-05-01,0.846607183355798
2017-05-02,0.846607183355798
2017-05-03,0.846607183355798
2017-05-04,0.846607183355798
2017-05-05,0.846607183355798
2017-05-06,0.846607183355798
2017-05-07,0.846607183355798
2017-05-08,0.846607183355798
2017-05-09,0.846607183355798
2017-05-10,0.8434887857120823
2017-05-11,0.8434887857120823
2017-05-12,0.8434887857120823
2017-05-13,0.8434887857120823
2017-05-14,0.8434887857120823
2017-05-15,0.8434887857120823
2017-05-16,0.8434887857120823
2017-05-17,0.8434887857120823
2017-05-18,0.8434887857120823
2017-05-19,0.8434887857120823
2017-05-20,0.8434887857120823
2017-05-21,0.8434887857120823
2017-05-22,0.8434887857120823
2017-05-23,0.8434887857120823
2017-05-24,0.8434887857120823
2017-05-25,0.8434887857120823
2017-05-26,0.83994423769903
2017-05-27,0.83994423769903
2017-05-28,0.83994423769903
2017-05-29,0.83994423769903
2017-05-30,0.83994423769903
2017-05-31,0.83994423769903
2017-06-01,0.83994423769903
2017-06-02,0.83994423769903
2017-06-03,0.83994423769903
2017-06-04,0.83994423769903
2017-06-05,0.83994423769903
2017-06-06,0.8596280608111596
2017-06-07,0.8596280608111596
2017-06-08,0.8596280608111596
2017-06-09,0.8596280608111596
2017-06-10,0.8596280608111596
2017-06-11,0.8596280608111596
2017-06-12,0.8596280608111596
2017-06-13,0.8596280608111596
2017-06-14,0.8477126125623368
2017-06-15,0.8477126125623368
2017-06-16,0.8477126125623368
2017-06-17,0.8477126125623368
2017-06-18,0.8477126125623368
2017-06-19,0.8477126125623368
2017-06-20,0.8477126125623368
2017-06-21,0.8477126125623368
2017-06-22,0.8477126125623368
2017-06-23,0.8477126125623368
2017-06-24,0.8477126125623368
2017-06-25,0.8477126125623368
2017-06-26,0.8477126125623368
2017-06-27,0.8477126125623368
2017-06-28,0.8477126125623368
2017-06-29,0.8477126125623368
2017-06-30,0.8477126125623368
2017-07-01,0.8477126125623368
2017-07-02,0.8477126125623368
2017-07-03,0.8692446185889533
2017-07-04,0.8692446185889533
2017-07-05,0.8692446185889533
2017-07-06,0.8692446185889533
2017-07-07,0.8692446185889533
2017-07-08,0.8692446185889533
2017-07-09,0.8692446185889533
2017-07-10,0.8649223806999816
2017-07-11,0.8649223806999816
2017-07-12,0.8649223806999816
2017-07-13,0.8649223806999816
2017-07-14,0.8649223806999816
2017-07-15,0.8649223806999816
2017-07-16,0.8649223806999816
2017-07-17,0.8649223806999816
2017-07-18,0.8649223806999816
2017-07-19,0.8649223806999816
2017-07-20,0.8649223806999816
2017-07-21,0.8649223806999816
2017-07-22,0.8649223806999816
2017-07-23,0.8649223806999816
2017-07-24,0.8649223806999816
2017-07-25,0.8649223806999816
2017-07-26,0.8649223806999816
2017-07-27,0.8611219040285848
2017-07-28,0.8611219040285848
2017-07-29,0.8611219040285848
2017-07-30,0.8611219040285848
2017-07-31,0.8611219040285848
2017-08-01,0.8611219040285848
2017-08-02,0.8574328131826235
2017-08-03,0.8574328131826235
2017-08-04,0.8574328131826235
2017-08-05,0.8574328131826235
2017-08-06,0.8574328131826235
2017-08-07,0.8574328131826235
2017-08-08,0.8574328131826235
2017-08-09,0.8574328131826235
2017-08-10,0.879274298320488
2017-08-11,0.879274298320488
2017-08-12,0.879274298320488
2017-08-13,0.879274298320488
2017-08-14,0.879274298320488
2017-08-15,0.879274298320488
2017-08-16,0.879274298320488
2017-08-17,0.879274298320488
2017-08-18,0.8758347920208267
2017-08-19,0.8758347920208267
2017-08-20,0.8758347920208267
2017-08-21,0.8758347920208267
2017-08-22,0.8758347920208267
2017-08-23,0.8758347920208267
2017-08-24,0.8758347920208267
2017-08-25,0.8758347920208267
2017-08-26,0.8758347920208267
2017-08-27,0.8758347920208267
2017-08-28,0.8979950591052748
2017-08-29,0.8979950591052748
2017-08-30,0.8979950591052748
2017-08-31,0.8979950591052748
2017-09-01,0.8979950591052748
2017-09-02,0.8979950591052748
2017-09-03,0.8979950591052748
2017-09-04,0.8859700209916213
2017-09-05,0.8859700209916213
2017-09-06,0.8859700209916213
2017-09-07,0.8859700209916213
2017-09-08,0.8859700209916213
2017-09-09,0.8859700209916213
2017-09-10,0.8859700209916213
2017-09-11,0.8859700209916213
2017-09-12,0.8859700209916213
2017-09-13,0.8859700209916213
2017-09-14,0.8859700209916213
2017-09-15,0.8897511522465732
2017-09-16,0.8897511522465732
2017-09-17,0.8897511522465732
2017-09-18,0.8897511522465732
2017-09-19,0.8897511522465732
2017-09-20,0.8897511522465732
2017-09-21,0.8897511522465732
2017-09-22,0.8897511522465732
2017-09-23,0.8897511522465732
2017-09-24,0.8897511522465732
2017-09-25,0.8897511522465732
2017-09-26,0.8777953563232805
2017-09-27,0.8777953563232805
2017-09-28,0.8746559921549393
2017-09-29,0.8746559921549393
2017-09-30,0.8746559921549393
2017-10-01,0.8746559921549393
2017-10-02,0.8711879278088601
2017-10-03,0.8711879278088601
2017-10-04,0.8711879278088601
2017-10-05,0.8711879278088601
2017-10-06,0.8711879278088601
2017-10-07,0.8711879278088601
2017-10-08,0.8711879278088601
2017-10-09,0.8711879278088601
2017-10-10,0.8619863488824238
2017-10-11,0.8619863488824238
2017-10-12,0.8619863488824238
2017-10-13,0.8619863488824238
2017-10-14,0.8663705117557713
2017-10-15,0.8663705117557713
2017-10-16,0.8663705117557713
2017-10-17,0.8663705117557713
2017-10-18,0.8663705117557713
2017-10-19,0.8663705117557713
2017-10-20,0.8663705117557713
2017-10-21,0.8663705117557713
2017-10-22,0.8663705117557713
2017-10-23,0.8539743047175755
2017-10-24,0.8539743047175755
2017-10-25,0.8539743047175755
2017-10-26,0.8539743047175755
2017-10-27,0.8417059211453604
2017-10-28,0.8417059211453604
2017-10-29,0.8417059211453604
2017-10-30,0.8417059211453604
2017-10-31,0.8417059211453604
2017-11-01,0.8417059211453604
2017-11-02,0.8417059211453604
2017-11-03,0.8417059211453604
2017-11-04,0.8417059211453604
2017-11-05,0.8417059211453604
2017-11-06,0.8417059211453604
2017-11-07,0.8417059211453604
2017-11-08,0.8417059211453604
2017-11-09,0.8328208224700605
2017-11-10,0.8328208224700605
2017-11-11,0.8328208224700605
2017-11-12,0.8328208224700605
2017-11-13,0.8328208224700605
2017-11-14,0.8199880236299645
2017-11-15,0.8199880236299645
2017-11-16,0.8199880236299645
2017-11-17,0.8199880236299645
2017-11-18,0.8199880236299645
2017-11-19,0.8113154831052843
2017-11-20,0.8113154831052843
2017-11-21,0.8113154831052843
2017-11-22,0.8113154831052843
2017-11-23,0.8113154831052843
2017-11-24,0.8103487807128177
2017-11-25,0.8103487807128177
2017-11-26,0.8103487807128177
2017-11-27,0.8103487807128177
2017-11-28,0.8103487807128177
2017-11-29,0.8103487807128177
2017-11-30,0.8020512323143416
2017-12-01,0.8020512323143416
2017-12-02,0.8020512323143416
2017-12-03,0.8020512323143416
2017-12-04,0.8020512323143416
2017-12-05,0.8020512323143416
2017-12-06,0.7986135994426865
2017-12-07,0.7986135994426865
2017-12-08,0.7986135994426865
2017-12-09,0.7986135994426865
2017-12-10,0.7986135994426865
2017-12-11,0.7986135994426865
2017-12-12,0.778720513411561
2017-12-13,0.778720513411561
2017-12-14,0.778720513411561
2017-12-15,0.778720513411561
2017-12-16,0.778720513411561
2017-12-17,0.778720513411561
2017-12-18,0.778720513411561
2017-12-19,0.778720513411561
2017-12-20,0.778720513411561
2017-12-21,0.778720513411561
2017-12-22,0.7708366815253415
2017-12-23,0.7708366815253415
2017-12-24,0.7708366815253415
2017-12-25,0.7708366815253415
2017-12-26,0.7708366815253415
2017-12-27,0.7708366815253415
2017-12-28,0.7708366815253415
2017-12-29,0.7708366815253415
2017-12-30,0.7708366815253415
2017-12-31,0.7708366815253415
2018-01-01,0.7708366815253415
2018-01-02,0.7708366815253415
2018-01-03,0.7708366815253415
2018-01-04,0.7708366815253415
2018-01-05,0.793133972823274
2018-01-06,0.793133972823274
2018-01-07,0.793133972823274
2018-01-08,0.793133972823274
2018-01-09,0.793133972823274
2018-01-10,0.7823009840488337
2018-01-11,0.7823009840488337
2018-01-12,0.7823009840488337
2018-01-13,0.7823009840488337
2018-01-14,0.7823009840488337
2018-01-15,0.7823009840488337
2018-01-16,0.7823009840488337
2018-01-17,0.7823009840488337
2018-01-18,0.7823009840488337
2018-01-19,0.7823009840488337
2018-01-20,0.7823009840488337
2018-01-21,0.7823009840488337
2018-01-22,0.7823009840488337
2018-01-23,0.7823009840488337
2018-01-24,0.8018931159388841
2018-01-25,0.8018931159388841
2018-01-26,0.8018931159388841
2018-01-27,0.8018931159388841
2018-01-28,0.8018931159388841
2018-01-29,0.8018931159388841
2018-01-30,0.8018931159388841
2018-01-31,0.8018931159388841
2018-02-01,0.8018931159388841
2018-02-02,0.7936665091283002
2018-02-03,0.7936665091283002
2018-02-04,0.7936665091283002
2018-02-05,0.7936665091283002
2018-02-06,0.7856324017622799
2018-02-07,0.7856324017622799
2018-02-08,0.7856324017622799
2018-02-09,0.7856324017622799
2018-02-10,0.7856324017622799
2018-02-11,0.7856324017622799
2018-02-12,0.7856324017622799
2018-02-13,0.7827749093117049
2018-02-14,0.7827749093117049
2018-02-15,0.7827749093117049
2018-02-16,0.7827749093117049
2018-02-17,0.7827749093117049
2018-02-18,0.7827749093117049
2018-02-19,0.7827749093117049
2018-02-20,0.7827749093117049
2018-02-21,0.7827749093117049
2018-02-22,0.7827749093117049
2018-02-23,0.7746511896499634
2018-02-24,0.7746511896499634
2018-02-25,0.7746511896499634
2018-02-26,0.7713240715513364
2018-02-27,0.7713240715513364
2018-02-28,0.7713240715513364
2018-03-01,0.7713240715513364
2018-03-02,0.7713240715513364
2018-03-03,0.7713240715513364
2018-03-04,0.7713240715513364
2018-03-05,0.7713240715513364
2018-03-06,0.7713240715513364
2018-03-07,0.7713240715513364
2018-03-08,0.7632873692029241
2018-03-09,0.7632873692029241
2018-03-10,0.7632873692029241
2018-03-11,0.7632873692029241
2018-03-12,0.7632873692029241
2018-03-13,0.7632873692029241
2018-03-14,0.7632873692029241
2018-03-15,0.7632873692029241
2018-03-16,0.7632873692029241
2018-03-17,0.7632873692029241
2018-03-18,0.755476471576114
2018-03-19,0.7503557909613985
2018-03-20,0.7503557909613985
2018-03-21,0.7503557909613985
2018-03-22,0.7503557909613985
2018-03-23,0.7503557909613985
2018-03-24,0.7503557909613985
2018-03-25,0.7503557909613985
2018-03-26,0.7503557909613985
2018-03-27,0.7503557909613985
2018-03-28,0.7503557909613985
2018-03-29,0.7503557909613985
2018-03-30,0.7518456501375347
2018-03-31,0.7518456501375347
2018-04-01,0.7518456501375347
2018-04-02,0.7518456501375347
2018-04-03,0.7518456501375347
2018-04-04,0.7414336740439461
2018-04-05,0.7414336740439461
2018-04-06,0.7414336740439461
2018-04-07,0.7414336740439461
2018-04-08,0.7414336740439461
2018-04-09,0.7414336740439461
2018-04-10,0.7414336740439461
2018-04-11,0.7605295816562474
2018-04-12,0.7605295816562474
2018-04-13,0.7605295816562474
2018-04-14,0.7773151571080785
2018-04-15,0.7773151571080785
2018-04-16,0.7773151571080785
2018-04-17,0.7773151571080785
2018-04-18,0.7773151571080785
2018-04-19,0.7773151571080785
2018-04-20,0.7773151571080785
2018-04-21,0.7773151571080785
2018-04-22,0.7773151571080785
2018-04-23,0.7773151571080785
2018-04-24,0.7773151571080785
2018-04-25,0.7764282290314757
2018-04-26,0.7764282290314757
2018-04-27,0.7764282290314757
2018-04-28,0.7764282290314757
2018-04-29,0.7764282290314757
2018-04-30,0.7764282290314757
2018-05-01,0.7764282290314757
2018-05-02,0.7764282290314757
2018-05-03,0.7764282290314757
2018-05-04,0.7764282290314757
2018-05-05,0.7764282290314757
2018-05-06,0.79056558368432
2018-05-07,0.79056558368432
2018-05-08,0.7823389743188455
2018-05-09,0.7823389743188455
2018-05-10,0.7823389743188455
2018-05-11,0.7823389743188455
2018-05-12,0.7823389743188455
2018-05-13,0.7823389743188455
2018-05-14,0.7823389743188455
2018-05-15,0.8019772448581662
2018-05-16,0.8019772448581662
2018-05-17,0.8019772448581662
2018-05-18,0.8019772448581662
2018-05-19,0.8019772448581662
2018-05-20,0.8019772448581662
2018-05-21,0.7901620460091469
2018-05-22,0.7901620460091469
2018-05-23,0.7901620460091469
2018-05-24,0.7957218730471631
2018-05-25,0.7957218730471631
2018-05-26,0.7957218730471631
2018-05-27,0.7957218730471631
2018-05-28,0.7957218730471631
2018-05-29,0.7874092381672597
2018-05-30,0.7874092381672597
2018-05-31,0.7874092381672597
2018-06-01,0.7874092381672597
2018-06-02,0.7874092381672597
2018-06-03,0.7874092381672597
2018-06-04,0.7874092381672597
2018-06-05,0.7874092381672597
2018-06-06,0.7874092381672597
2018-06-07,0.7874092381672597
2018-06-08,0.7874092381672597
2018-06-09,0.7874092381672597
2018-06-10,0.7874092381672597
2018-06-11,0.7889980784125806
2018-06-12,0.7889980784125806
2018-06-13,0.7889980784125806
2018-06-14,0.7889980784125806
2018-06-15,0.7889980784125806
2018-06-16,0.7889980784125806
2018-06-17,0.7889980784125806
2018-06-18,0.7889980784125806
2018-06-19,0.7761368516448331
2018-06-20,0.7761368516448331
2018-06-21,0.7761368516448331
2018-06-22,0.7754693852533187
2018-06-23,0.7754693852533187
2018-06-24,0.7673935032814028
2018-06-25,0.7673935032814028
2018-06-26,0.7634383217717021
2018-06-27,0.7634383217717021
2018-06-28,0.7634383217717021
2018-06-29,0.7634383217717021
2018-06-30,0.7634383217717021
2018-07-01,0.7634383217717021
2018-07-02,0.7634383217717021
2018-07-03,0.7553249538665158
2018-07-04,0.7553249538665158
2018-07-05,0.7553249538665158
2018-07-06,0.7553249538665158
2018-07-07,0.7553249538665158
2018-07-08,0.7553249538665158
2018-07-09,0.7553249538665158
2018-07-10,0.7443535713735707
2018-07-11,0.7363425981464632
2018-07-12,0.7363425981464632
2018-07-13,0.7363425981464632
2018-07-14,0.7363425981464632
2018-07-15,0.7363425981464632
2018-07-16,0.7363425981464632
2018-07-17,0.7363425981464632
2018-07-18,0.7250316407725297
2018-07-19,0.7250316407725297
2018-07-20,0.7250316407725297
2018-07-21,0.7250316407725297
2018-07-22,0.7250316407725297
2018-07-23,0.7250316407725297
2018-07-24,0.7250316407725297
2018-07-25,0.7250316407725297
2018-07-26,0.7250316407725297
2018-07-27,0.7250316407725297
2018-07-28,0.7250316407725297
2018-07-29,0.7250316407725297
2018-07-30,0.7250316407725297
2018-07-31,0.7250316407725297
2018-08-01,0.7250316407725297
2018-08-02,0.7371629977543706
2018-08-03,0.7341357170225558
2018-08-04,0.7341357170225558
2018-08-05,0.7341357170225558
2018-08-06,0.7341357170225558
2018-08-07,0.7341357170225558
2018-08-08,0.7341357170225558
2018-08-09,0.7653532005254049
2018-08-10,0.7653532005254049
2018-08-11,0.7653532005254049
2018-08-12,0.7667518476300219
2018-08-13,0.7863384552284256
2018-08-14,0.7863384552284256
2018-08-15,0.7863384552284256
2018-08-16,0.7863384552284256
2018-08-17,0.7863384552284256
2018-08-18,0.7863384552284256
2018-08-19,0.7863384552284256
2018-08-20,0.7863384552284256
2018-08-21,0.7863384552284256
2018-08-22,0.7863384552284256
2018-08-23,0.7863384552284256
2018-08-24,0.7863384552284256
2018-08-25,0.7863384552284256
2018-08-26,0.7863384552284256
2018-08-27,0.7863384552284256
2018-08-28,0.7863384552284256
2018-08-29,0.7804292201102382
2018-08-30,0.7804292201102382
2018-08-31,0.7693778999421854
2018-09-01,0.7693778999421854
2018-09-02,0.7612258227667071
2018-09-03,0.7612258227667071
2018-09-04,0.7577763355926922
2018-09-05,0.7577763355926922
2018-09-06,0.7857544663246673
2018-09-07,0.7857544663246673
2018-09-08,0.7857544663246673
2018-09-09,0.7857544663246673
2018-09-10,0.7857544663246673
2018-09-11,0.7857544663246673
2018-09-12,0.7857544663246673
2018-09-13,0.7857544663246673
2018-09-14,0.7857544663246673
2018-09-15,0.7857544663246673
2018-09-16,0.7857544663246673
2018-09-17,0.7857544663246673
2018-09-18,0.7776317610385486
2018-09-19,0.7776317610385486
2018-09-20,0.7776317610385486
2018-09-21,0.7776317610385486
2018-09-22,0.7776317610385486
2018-09-23,0.7776317610385486
2018-09-24,0.7776317610385486
2018-09-25,0.7776317610385486
2018-09-26,0.7776317610385486
2018-09-27,0.7776317610385486
2018-09-28,0.7741348695969643
2018-09-29,0.7741348695969643
2018-09-30,0.7741348695969643
2018-10-01,0.7741348695969643
2018-10-02,0.7741348695969643
2018-10-03,0.7741348695969643
2018-10-04,0.7741348695969643
2018-10-05,0.7741348695969643
2018-10-06,0.7741348695969643
2018-10-07,0.7741348695969643
2018-10-08,0.7741348695969643
2018-10-09,0.7741348695969643
2018-10-10,0.7741348695969643
2018-10-11,0.769229720456386
2018-10-12,0.7792054473112252
2018-10-13,0.7792054473112252
2018-10-14,0.7792054473112252
2018-10-15,0.7710431081862544
2018-10-16,0.7710431081862544
2018-10-17,0.7710431081862544
2018-10-18,0.7710431081862544
2018-10-19,0.7710431081862544
2018-10-20,0.7710431081862544
2018-10-21,0.7710431081862544
2018-10-22,0.7710431081862544
2018-10-23,0.7674281424646987
2018-10-24,0.7674281424646987
2018-10-25,0.7674281424646987
2018-10-26,0.7569622463294843
2018-10-27,0.7569622463294843
2018-10-28,0.7569622463294843
2018-10-29,0.7569622463294843
2018-10-30,0.7569622463294843
2018-10-31,0.7569622463294843
2018-11-01,0.7569622463294843
2018-11-02,0.7484045859760299
2018-11-03,0.7484045859760299
2018-11-04,0.7484045859760299
2018-11-05,0.7583024774137278
2018-11-06,0.7583024774137278
2018-11-07,0.75003506727791
2018-11-08,0.75003506727791
2018-11-09,0.75003506727791
2018-11-10,0.75003506727791
2018-11-11,0.75003506727791
2018-11-12,0.75003506727791
2018-11-13,0.75003506727791
2018-11-14,0.75003506727791
2018-11-15,0.75003506727791
2018-11-16,0.75003506727791
2018-11-17,0.75003506727791
2018-11-18,0.75003506727791
2018-11-19,0.75003506727791
2018-11-20,0.8063065361232903
2018-11-21,0.8063065361232903
2018-11-22,0.8063065361232903
2018-11-23,0.8063065361232903
2018-11-24,0.8063065361232903
2018-11-25,0.8063065361232903
2018-11-26,0.8022498914245153
2018-11-27,0.8022498914245153
2018-11-28,0.8022498914245153
2018-11-29,0.8022498914245153
2018-11-30,0.8022498914245153
2018-12-01,0.8022498914245153
2018-12-02,0.8022498914245153
2018-12-03,0.7982539518524358
2018-12-04,0.7982539518524358
2018-12-05,0.7982539518524358
2018-12-06,0.7982539518524358
2018-12-07,0.8281367020370419
2018-12-08,0.8281367020370419
2018-12-09,0.8281367020370419
2018-12-10,0.8225902799134638
2018-12-11,0.8225902799134638
2018-12-12,0.8225902799134638
2018-12-13,0.8225902799134638
2018-12-14,0.8225902799134638
2018-12-15,0.8225902799134638
2018-12-16,0.8225902799134638
2018-12-17,0.8225902799134638
2018-12-18,0.8153451442265544
2018-12-19,0.8153451442265544
2018-12-20,0.8153451442265544
2018-12-21,0.8153451442265544
2018-12-22,0.8153451442265544
2018-12-23,0.8153451442265544
2018-12-24,0.8414771097155567
2018-12-25,0.8414771097155567
2018-12-26,0.8377378298029687
2018-12-27,0.8377378298029687
2018-12-28,0.8377378298029687
2018-12-29,0.8377378298029687
2018-12-30,0.8377378298029687
2018-12-31,0.8377378298029687
2019-01-01,0.8377378298029687
2019-01-02,0.8377378298029687
2019-01-03,0.8293251148344344
2019-01-04,0.8293251148344344
2019-01-05,0.8293251148344344
2019-01-06,0.8293251148344344
2019-01-07,0.8293251148344344
2019-01-08,0.8293251148344344
2019-01-09,0.8293251148344344
2019-01-10,0.817552217729812
2019-01-11,0.817552217729812
2019-01-12,0.817552217729812
2019-01-13,0.817552217729812
2019-01-14,0.8448280939953646
2019-01-15,0.8448280939953646
2019-01-16,0.8448280939953646
2019-01-17,0.8448280939953646
2019-01-18,0.8448280939953646
2019-01-19,0.8448280939953646
2019-01-20,0.8448280939953646
2019-01-21,0.8448280939953646
2019-01-22,0.8448280939953646
2019-01-23,0.8448280939953646
2019-01-24,0.8448280939953646
2019-01-25,0.8448280939953646
2019-01-26,0.8448280939953646
2019-01-27,0.8448280939953646
2019-01-28,0.8448280939953646
2019-01-29,0.8692996699853044
2019-01-30,0.8692996699853044
2019-01-31,0.8692996699853044
2019-02-01,0.8692996699853044
2019-02-02,0.8692996699853044
2019-02-03,0.8692996699853044
2019-02-04,0.8692996699853044
2019-02-05,0.8692996699853044
2019-02-06,0.8599583507441406
2019-02-07,0.8599583507441406
2019-02-08,0.8599583507441406
2019-02-09,0.8999836142354827
2019-02-10,0.8999836142354827
2019-02-11,0.8904375623307803
2019-02-12,0.8904375623307803
2019-02-13,0.8904375623307803
2019-02-14,0.8904375623307803
2019-02-15,0.8773190934948037
2019-02-16,0.8773190934948037
2019-02-17,0.8678495562408637
2019-02-18,0.8678495562408637
2019-02-19,0.8678495562408637
2019-02-20,0.8678495562408637
2019-02-21,0.8678495562408637
2019-02-22,0.8678495562408637
2019-02-23,0.8678495562408637
2019-02-24,0.8678495562408637
2019-02-25,0.8678495562408637
2019-02-26,0.8678495562408637
2019-02-27,0.8678495562408637
2019-02-28,0.8678495562408637
2019-03-01,0.8678495562408637
2019-03-02,0.8678495562408637
2019-03-03,0.8678495562408637
2019-03-04,0.8909446483890766
2019-03-05,0.8909446483890766
2019-03-06,0.8814670235030132
2019-03-07,0.8814670235030132
2019-03-08,0.8814670235030132
2019-03-09,0.8814670235030132
2019-03-10,0.8814670235030132
2019-03-11,0.8814670235030132
2019-03-12,0.8814670235030132
2019-03-13,0.8814670235030132
2019-03-14,0.8814670235030132
2019-03-15,0.8814670235030132
2019-03-16,0.8923170998488216
2019-03-17,0.8923170998488216
2019-03-18,0.8923170998488216
2019-03-19,0.887691554430743
2019-03-20,0.887691554430743
2019-03-21,0.887691554430743
2019-03-22,0.8779321220420939
2019-03-23,0.8779321220420939
2019-03-24,0.8779321220420939
2019-03-25,0.8779321220420939
2019-03-26,0.8738631850762408
2019-03-27,0.8738631850762408
2019-03-28,0.8738631850762408
2019-03-29,0.8738631850762408
2019-03-30,0.8889651095925915
2019-03-31,0.8889651095925915
2019-04-01,0.8889651095925915
2019-04-02,0.9087413789796467
2019-04-03,0.9087413789796467
2019-04-04,0.9087413789796467
2019-04-05,0.9087413789796467
2019-04-06,0.9087413789796467
2019-04-07,0.9087413789796467
2019-04-08,0.9087413789796467
2019-04-09,0.9087413789796467
2019-04-10,0.9087413789796467
2019-04-11,0.9087413789796467
2019-04-12,0.9087413789796467
2019-04-13,0.9087413789796467
2019-04-14,0.9087413789796467
2019-04-15,0.9087413789796467
2019-04-16,0.9087413789796467
2019-04-17,0.9087413789796467
2019-04-18,0.9087413789796467
2019-04-19,0.9087413789796467
2019-04-20,0.9087413789796467
2019-04-21,0.9087413789796467
2019-04-22,0.9087413789796467
2019-04-23,0.9087413789796467
2019-04-24,0.9087413789796467
2019-04-25,0.9087413789796467
2019-04-26,0.9186585585739108
2019-04-27,0.9186585585739108
2019-04-28,0.9186585585739108
2019-04-29,0.9186585585739108
2019-04-30,0.9186585585739108
2019-05-01,0.9186585585739108
2019-05-02,0.9142058646358249
2019-05-03,0.9142058646358249
2019-05-04,0.9042806453887402
2019-05-05,0.9042806453887402
2019-05-06,0.9042806453887402
2019-05-07,0.8998661844987345
2019-05-08,0.8998661844987345
2019-05-09,0.8998661844987345
2019-05-10,0.8998661844987345
2019-05-11,0.8998661844987345
2019-05-12,0.8998661844987345
2019-05-13,0.8998661844987345
2019-05-14,0.8998661844987345
2019-05-15,0.8998661844987345
2019-05-16,0.8906336443455601
2019-05-17,0.8906336443455601
2019-05-18,0.8864747193043221
2019-05-19,0.8864747193043221
2019-05-20,0.8864747193043221
2019-05-21,0.8864747193043221
2019-05-22,0.8864747193043221
2019-05-23,0.8864747193043221
2019-05-24,0.8864747193043221
2019-05-25,0.8864747193043221
2019-05-26,0.8864747193043221
2019-05-27,0.8864747193043221
2019-05-28,0.8864747193043221
2019-05-29,0.8864747193043221
2019-05-30,0.8864747193043221
2019-05-31,0.8864747193043221
2019-06-01,0.8772445837629126
2019-06-02,0.8772445837629126
2019-06-03,0.8772445837629126
2019-06-04,0.8772445837629126
2019-06-05,0.8681030356615261
2019-06-06,0.8681030356615261
2019-06-07,0.8681030356615261
2019-06-08,0.8681030356615261
2019-06-09,0.8681030356615261
2019-06-10,0.8681030356615261
2019-06-11,0.8681030356615261
2019-06-12,0.8681030356615261
2019-06-13,0.8681030356615261
2019-06-14,0.8903576963805307
2019-06-15,0.8903576963805307
2019-06-16,0.8903576963805307
2019-06-17,0.8903576963805307
2019-06-18,0.8903576963805307
2019-06-19,0.8903576963805307
2019-06-20,0.914130457107811
2019-06-21,0.914130457107811
2019-06-22,0.9487237248166501
2019-06-23,0.9487237248166501
2019-06-24,0.9487237248166501
2019-06-25,0.9487237248166501
2019-06-26,0.9487237248166501
2019-06-27,0.9566671828961264
2019-06-28,0.9468250717225832
2019-06-29,0.9468250717225832
2019-06-30,0.9468250717225832
2019-07-01,0.9468250717225832
2019-07-02,0.9468250717225832
2019-07-03,0.9349369585987894
2019-07-04,0.9349369585987894
2019-07-05,0.9349369585987894
2019-07-06,0.9349369585987894
2019-07-07,0.9349369585987894
2019-07-08,0.9349369585987894
2019-07-09,0.9349369585987894
2019-07-10,0.9349369585987894
2019-07-11,0.9322135904484941
2019-07-12,0.9322135904484941
2019-07-13,0.9322135904484941
2019-07-14,0.9322135904484941
2019-07-15,0.9791855307256454
2019-07-16,0.9791855307256454
2019-07-17,0.9791855307256454
2019-07-18,0.9761481700989789
2019-07-19,0.9761481700989789
2019-07-20,0.9761481700989789
2019-07-21,0.9761481700989789
2019-07-22,0.9761481700989789
2019-07-23,0.9761481700989789
2019-07-24,0.9761481700989789
2019-07-25,0.9630970602870594
2019-07-26,0.9630970602870594
2019-07-27,0.9630970602870594
2019-07-28,0.9630970602870594
2019-07-29,0.9630970602870594
2019-07-30,0.9630970602870594
2019-07-31,0.9630970602870594
2019-08-01,0.9630970602870594
2019-08-02,0.9511966346545738
2019-08-03,0.9511966346545738
2019-08-04,0.9511966346545738
2019-08-05,0.9511966346545738
2019-08-06,0.9501918403373131
2019-08-07,0.9501918403373131
2019-08-08,0.9501918403373131
2019-08-09,0.9501918403373131
2019-08-10,0.9501918403373131
2019-08-11,0.941074984044807
2019-08-12,0.941074984044807
2019-08-13,0.9386824407217628
2019-08-14,0.9386824407217628
2019-08-15,0.9386824407217628
2019-08-16,0.9386824407217628
2019-08-17,0.9386824407217628
2019-08-18,0.9296397608009238
2019-08-19,0.9296397608009238
2019-08-20,0.9296397608009238
2019-08-21,0.9296397608009238
2019-08-22,0.9198153334313528
2019-08-23,0.9198153334313528
2019-08-24,0.9198153334313528
2019-08-25,0.9198153334313528
2019-08-26,0.9437181228067294
2019-08-27,0.9437181228067294
2019-08-28,0.9437181228067294
2019-08-29,0.9437181228067294
2019-08-30,0.9437181228067294
2019-08-31,0.9437181228067294
2019-09-01,0.9358709260567926
2019-09-02,0.9358709260567926
2019-09-03,0.9257242672430748
2019-09-04,0.9137175466951593
2019-09-05,0.9137175466951593
2019-09-06,0.9137175466951593
2019-09-07,0.9137175466951593
2019-09-08,0.9137175466951593
2019-09-09,0.9137175466951593
2019-09-10,0.9137175466951593
2019-09-11,0.9137175466951593
2019-09-12,0.9137175466951593
2019-09-13,0.9137175466951593
2019-09-14,0.9137175466951593
2019-09-15,0.9137175466951593
2019-09-16,0.9249076510328968
2019-09-17,0.9249076510328968
2019-09-18,0.9249076510328968
2019-09-19,0.9249076510328968
2019-09-20,0.9249076510328968
2019-09-21,0.9249076510328968
2019-09-22,0.9249076510328968
2019-09-23,0.9206141006882426
2019-09-24,0.9206141006882426
2019-09-25,0.9206141006882426
2019-09-26,0.9206141006882426
2019-09-27,0.9206141006882426
2019-09-28,0.9206141006882426
2019-09-29,0.9206141006882426
2019-09-30,0.9206141006882426
2019-10-01,0.9206141006882426
2019-10-02,0.9206141006882426
2019-10-03,0.9206141006882426
2019-10-04,0.9089031286896622
2019-10-05,0.9089031286896622
2019-10-06,0.9089031286896622
2019-10-07,0.9089031286896622
2019-10-08,0.9089031286896622
2019-10-09,0.9089031286896622
2019-10-10,0.9089031286896622
2019-10-11,0.9197640659231064
2019-10-12,0.9197640659231064
2019-10-13,0.9197640659231064
2019-10-14,0.9197640659231064
2019-10-15,0.9197640659231064
2019-10-16,0.9197640659231064
2019-10-17,0.9098460474606603
2019-10-18,0.9098460474606603
2019-10-19,0.9098460474606603
2019-10-20,0.9098460474606603
2019-10-21,0.9098460474606603
2019-10-22,0.9098460474606603
2019-10-23,0.9098460474606603
2019-10-24,0.9002472480866537
2019-10-25,0.9002472480866537
2019-10-26,0.9277013341926875
2019-10-27,0.9277013341926875
2019-10-28,0.9277013341926875
2019-10-29,0.9146506900826811
2019-10-30,0.9146506900826811
2019-10-31,0.9146506900826811
2019-11-01,0.9109403648035551
2019-11-02,0.9109403648035551
2019-11-03,0.9109403648035551
2019-11-04,0.9109403648035551
2019-11-05,0.9109403648035551
2019-11-06,0.9109403648035551
2019-11-07,0.9109403648035551
2019-11-08,0.9109403648035551
2019-11-09,0.9109403648035551
2019-11-10,0.9109403648035551
2019-11-11,0.8891584261720508
2019-11-12,0.8891584261720508
2019-11-13,0.8891584261720508
2019-11-14,0.8891584261720508
2019-11-15,0.8891584261720508
2019-11-16,0.8793747646709295
2019-11-17,0.8793747646709295
2019-11-18,0.8793747646709295
2019-11-19,0.8793747646709295
2019-11-20,0.8793747646709295
2019-11-21,0.8793747646709295
2019-11-22,0.9001727216896093
2019-11-23,0.9001727216896093
2019-11-24,0.9001727216896093
2019-11-25,0.8868140377720485
2019-11-26,0.8868140377720485
2019-11-27,0.8868140377720485
2019-11-28,0.8868140377720485
2019-11-29,0.8868140377720485
2019-11-30,0.8868140377720485
2019-12-01,0.8868140377720485
2019-12-02,0.8868140377720485
2019-12-03,0.8868140377720485
2019-12-04,0.8868140377720485
2019-12-05,0.8868140377720485
2019-12-06,0.8868140377720485
2019-12-07,0.8868140377720485
2019-12-08,0.8868140377720485
2019-12-09,0.8868140377720485
2019-12-10,0.8868140377720485
2019-12-11,0.8868140377720485
2019-12-12,0.8770417616193836
2019-12-13,0.8770417616193836
2019-12-14,0.8770417616193836
2019-12-15,0.8770417616193836
2019-12-16,0.8770417616193836
2019-12-17,0.8770417616193836
2019-12-18,0.9000376559472939
2019-12-19,0.9000376559472939
2019-12-20,0.9000376559472939
2019-12-21,0.9000376559472939
2019-12-22,0.9000376559472939
2019-12-23,0.8936767564547021
2019-12-24,0.8936767564547021
2019-12-25,0.8936767564547021
2019-12-26,0.8936767564547021
2019-12-27,0.8936767564547021
2019-12-28,0.8936767564547021
2019-12-29,0.8936767564547021
2019-12-30,0.8839288129955565
2019-12-31,0.8786346396124962
2020-01-01,0.8786346396124962
2020-01-02,0.8786346396124962
2020-01-03,0.8690429600056001
2020-01-04,0.8690429600056001
2020-01-05,0.8690429600056001
2020-01-06,0.8690429600056001
2020-01-07,0.8677757279576609
2020-01-08,0.8677757279576609
2020-01-09,0.8677757279576609
2020-01-10,0.8677757279576609
2020-01-11,0.8677757279576609
2020-01-12,0.8677757279576609
2020-01-13,0.8677757279576609
2020-01-14,0.8677757279576609
2020-01-15,0.9180135836499416
2020-01-16,0.9180135836499416
2020-01-17,0.9180135836499416
2020-01-18,0.9180135836499416
2020-01-19,0.9083776468445813
2020-01-20,0.9083776468445813
2020-01-21,0.9035970958862409
2020-01-22,0.9035970958862409
2020-01-23,0.9035970958862409
2020-01-24,0.9035970958862409
2020-01-25,0.9003510842882182
2020-01-26,0.9003510842882182
2020-01-27,0.9003510842882182
2020-01-28,0.9003510842882182
2020-01-29,0.9003510842882182
2020-01-30,0.9003510842882182
2020-01-31,0.8801044282138503
2020-02-01,0.8801044282138503
2020-02-02,0.8801044282138503
2020-02-03,0.8801044282138503
2020-02-04,0.8758970080034773
2020-02-05,0.8758970080034773
2020-02-06,0.8758970080034773
2020-02-07,0.8758970080034773
2020-02-08,0.9160534693976701
2020-02-09,0.9160534693976701
2020-02-10,0.9037348112344399
2020-02-11,0.9037348112344399
2020-02-12,0.9037348112344399
2020-02-13,0.9403179117833346
2020-02-14,0.9403179117833346
2020-02-15,0.9403179117833346
2020-02-16,0.9403179117833346
2020-02-17,0.9242464421605094
2020-02-18,0.9242464421605094
2020-02-19,0.9242464421605094
2020-02-20,0.9242464421605094
2020-02-21,0.9242464421605094
2020-02-22,0.9242464421605094
2020-02-23,0.9242464421605094
2020-02-24,0.9242464421605094
2020-02-25,0.9242464421605094
2020-02-26,0.9242464421605094
2020-02-27,0.9242464421605094
2020-02-28,0.9242464421605094
2020-02-29,0.9242464421605094
2020-03-01,0.9242464421605094
2020-03-02,0.9242464421605094
2020-03-03,0.9242464421605094
2020-03-04,0.9242464421605094
2020-03-05,0.9242464421605094
2020-03-06,0.9223871258882896
2020-03-07,0.9223871258882896
2020-03-08,0.9223871258882896
2020-03-09,0.9223871258882896
2020-03-10,0.9223871258882896
2020-03-11,0.9223871258882896
2020-03-12,1.025499424190541
2020-03-13,1.025499424190541
2020-03-14,1.025499424190541
2020-03-15,1.025499424190541
2020-03-16,1.025499424190541
2020-03-17,1.025499424190541
2020-03-18,1.025499424190541
2020-03-19,1.025499424190541
2020-03-20,1.0149788188846318
2020-03-21,1.0149788188846318
2020-03-22,1.0149788188846318
2020-03-23,1.0149788188846318
2020-03-24,1.0149788188846318
2020-03-25,1.0149788188846318
2020-03-26,1.0149788188846318
2020-03-27,1.0149788188846318
2020-03-28,1.0149788188846318
2020-03-29,1.0149788188846318
2020-03-30,1.0149788188846318
2020-03-31,1.0149788188846318
2020-04-01,1.0149788188846318
2020-04-02,1.0149788188846318
2020-04-03,1.0344150348600065
2020-04-04,1.0344150348600065
2020-04-05,1.0344150348600065
2020-04-06,1.0625651957690805
2020-04-07,1.118335752055087
2020-04-08,1.118335752055087
2020-04-09,1.118335752055087
2020-04-10,1.118335752055087
2020-04-11,1.118335752055087
2020-04-12,1.106444078717803
2020-04-13,1.1029569813094158
2020-04-14,1.1029569813094158
2020-04-15,1.1029569813094158
2020-04-16,1.1029569813094158
2020-04-17,1.1029569813094158
2020-04-18,1.1029569813094158
2020-04-19,1.1162378243720734
2020-04-20,1.1162378243720734
2020-04-21,1.1046310423149237
2020-04-22,1.1046310423149237
2020-04-23,1.1028394179497063
2020-04-24,1.091263732796203
2020-04-25,1.091263732796203
2020-04-26,1.091263732796203
2020-04-27,1.091263732796203
2020-04-28,1.091263732796203
2020-04-29,1.091263732796203
2020-04-30,1.1204194340143763
2020-05-01,1.1204194340143763
2020-05-02,1.1204194340143763
2020-05-03,1.1204194340143763
2020-05-04,1.1086600469705599
2020-05-05,1.1086600469705599
2020-05-06,1.1086600469705599
2020-05-07,1.1086600469705599
2020-05-08,1.0940621341202645
2020-05-09,1.0940621341202645
2020-05-10,1.0826884123096658
2020-05-11,1.0826884123096658
2020-05-12,1.0826884123096658
2020-05-13,1.0826884123096658
2020-05-14,1.0826884123096658
2020-05-15,1.1112705006937116
2020-05-16,1.100406187492697
2020-05-17,1.100406187492697
2020-05-18,1.100406187492697
2020-05-19,1.100406187492697
2020-05-20,1.0927708401181682
2020-05-21,1.0927708401181682
2020-05-22,1.0831524622455682
2020-05-23,1.0831524622455682
2020-05-24,1.0831524622455682
2020-05-25,1.0831524622455682
2020-05-26,1.0831524622455682
2020-05-27,1.0831524622455682
2020-05-28,1.0831524622455682
2020-05-29,1.0831524622455682
2020-05-30,1.0831524622455682
2020-05-31,1.155101043330712
2020-06-01,1.1515875289726787
2020-06-02,1.1515875289726787
2020-06-03,1.1515875289726787
2020-06-04,1.1515875289726787
2020-06-05,1.1515875289726787
2020-06-06,1.1515875289726787
2020-06-07,1.1515875289726787
2020-06-08,1.1515875289726787
2020-06-09,1.1515875289726787
2020-06-10,1.13684006657952
2020-06-11,1.13684006657952
2020-06-12,1.124584236234059
2020-06-13,1.124584236234059
2020-06-14,1.124584236234059
2020-06-15,1.124584236234059
2020-06-16,1.124584236234059
2020-06-17,1.124584236234059
2020-06-18,1.124584236234059
2020-06-19,1.124584236234059
2020-06-20,1.124584236234059
2020-06-21,1.124584236234059
2020-06-22,1.124584236234059
2020-06-23,1.1524833940818162
2020-06-24,1.1779750535948155
2020-06-25,1.1779750535948155
2020-06-26,1.1779750535948155
2020-06-27,1.1779750535948155
2020-06-28,1.165327100549209
2020-06-29,1.165327100549209
2020-06-30,1.165327100549209
2020-07-01,1.1611249185578203
2020-07-02,1.1611249185578203
2020-07-03,1.1611249185578203
2020-07-04,1.1611249185578203
2020-07-05,1.1611249185578203
2020-07-06,1.1611249185578203
2020-07-07,1.1743060760795445
2020-07-08,1.2046296727532586
2020-07-09,1.2046296727532586
2020-07-10,1.2046296727532586
2020-07-11,1.2046296727532586
2020-07-12,1.2046296727532586
2020-07-13,1.2046296727532586
2020-07-14,1.2046296727532586
2020-07-15,1.2046296727532586
2020-07-16,1.2046296727532586
2020-07-17,1.2046296727532586
2020-07-18,1.1907005795600527
2020-07-19,1.1907005795600527
2020-07-20,1.1907005795600527
2020-07-21,1.2195176318220475
2020-07-22,1.2195176318220475
2020-07-23,1.3234125040398799
2020-07-24,1.3234125040398799
2020-07-25,1.3234125040398799
2020-07-26,1.3234125040398799
2020-07-27,1.3234125040398799
2020-07-28,1.3234125040398799
2020-07-29,1.3234125040398799
2020-07-30,1.3234125040398799
2020-07-31,1.3234125040398799
2020-08-01,1.3234125040398799
2020-08-02,1.3228707734522853
2020-08-03,1.3228707734522853
2020-08-04,1.3228707734522853
2020-08-05,1.3592851456485322
2020-08-06,1.3592851456485322
2020-08-07,1.3592851456485322
2020-08-08,1.3449857978537871
2020-08-09,1.3449857978537871
2020-08-10,1.3449857978537871
2020-08-11,1.3449857978537871
2020-08-12,1.3449857978537871
2020-08-13,1.3449857978537871
2020-08-14,1.3449857978537871
2020-08-15,1.3449857978537871
2020-08-16,1.3338635763147122
2020-08-17,1.3338635763147122
2020-08-18,1.3316348592348268
2020-08-19,1.3316348592348268
2020-08-20,1.3316348592348268
2020-08-21,1.3316348592348268
2020-08-22,1.3316348592348268
2020-08-23,1.3316348592348268
2020-08-24,1.3316348592348268
2020-08-25,1.3316348592348268
2020-08-26,1.3174967434721634
2020-08-27,1.3174967434721634
2020-08-28,1.3174967434721634
2020-08-29,1.3174967434721634
2020-08-30,1.3174967434721634
2020-08-31,1.3174967434721634
2020-09-01,1.3147171645329583
2020-09-02,1.4010694766340093
2020-09-03,1.4010694766340093
2020-09-04,1.4010694766340093
2020-09-05,1.4010694766340093
2020-09-06,1.4417614787659863
2020-09-07,1.4417614787659863
2020-09-08,1.4417614787659863
2020-09-09,1.4417614787659863
2020-09-10,1.4239429766213576
2020-09-11,1.4239429766213576
2020-09-12,1.4239429766213576
2020-09-13,1.4239429766213576
2020-09-14,1.4239429766213576
2020-09-15,1.4239429766213576
2020-09-16,1.4239429766213576
2020-09-17,1.4239429766213576
2020-09-18,1.4239429766213576
2020-09-19,1.4239429766213576
2020-09-20,1.4239429766213576
2020-09-21,1.4239429766213576
2020-09-22,1.4239429766213576
2020-09-23,1.4239429766213576
2020-09-24,1.4551208368030377
2020-09-25,1.4551208368030377
2020-09-26,1.4551208368030377
2020-09-27,1.4551208368030377
2020-09-28,1.4551208368030377
2020-09-29,1.4551208368030377
2020-09-30,1.4551208368030377
2020-10-01,1.4551208368030377
2020-10-02,1.4551208368030377
2020-10-03,1.4394505973311296
2020-10-04,1.4394505973311296
2020-10-05,1.4394505973311296
2020-10-06,1.4394505973311296
2020-10-07,1.4358079087254894
2020-10-08,1.4358079087254894
2020-10-09,1.4358079087254894
2020-10-10,1.4358079087254894
2020-10-11,1.4358079087254894
2020-10-12,1.4358079087254894
2020-10-13,1.4833814769534224
2020-10-14,1.4833814769534224
2020-10-15,1.4833814769534224
2020-10-16,1.4833814769534224
2020-10-17,1.4833814769534224
2020-10-18,1.4669604547172912
2020-10-19,1.4507801972690397
2020-10-20,1.4507801972690397
2020-10-21,1.4507801972690397
2020-10-22,1.445467403920128
2020-10-23,1.445467403920128
2020-10-24,1.445467403920128
2020-10-25,1.445467403920128
2020-10-26,1.445467403920128
2020-10-27,1.445467403920128
2020-10-28,1.445467403920128
2020-10-29,1.4406653469366817
2020-10-30,1.4406653469366817
2020-10-31,1.4406653469366817
2020-11-01,1.4406653469366817
2020-11-02,1.4406653469366817
2020-11-03,1.4406653469366817
2020-11-04,1.4406653469366817
2020-11-05,1.4406653469366817
2020-11-06,1.4406653469366817
2020-11-07,1.491376901451861
2020-11-08,1.491376901451861
2020-11-09,1.491376901451861
2020-11-10,1.491376901451861
2020-11-11,1.491376901451861
2020-11-12,1.491376901451861
2020-11-13,1.491376901451861
2020-11-14,1.491376901451861
2020-11-15,1.491376901451861
2020-11-16,1.491376901451861
2020-11-17,1.491376901451861
2020-11-18,1.4791152481629823
2020-11-19,1.4791152481629823
2020-11-20,1.4791152481629823
2020-11-21,1.4791152481629823
2020-11-22,1.5180870819592438
2020-11-23,1.5180870819592438
2020-11-24,1.5590810660158454
2020-11-25,1.5590810660158454
2020-11-26,1.5590810660158454
2020-11-27,1.5590810660158454
2020-11-28,1.5590810660158454
2020-11-29,1.5590810660158454
2020-11-30,1.5530655164639462
2020-12-01,1.5530655164639462
2020-12-02,1.5530655164639462
2020-12-03,1.5530655164639462
2020-12-04,1.5530655164639462
2020-12-05,1.5530655164639462
2020-12-06,1.5530655164639462
2020-12-07,1.5530655164639462
2020-12-08,1.5530655164639462
2020-12-09,1.5530655164639462
2020-12-10,1.5530655164639462
2020-12-11,1.5530655164639462
2020-12-12,1.5530655164639462
2020-12-13,1.5530655164639462
2020-12-14,1.5530655164639462
2020-12-15,1.5530655164639462
2020-12-16,1.5530655164639462
2020-12-17,1.578952642511759
2020-12-18,1.578952642511759
2020-12-19,1.578952642511759
2020-12-20,1.578952642511759
2020-12-21,1.578952642511759
2020-12-22,1.5622913348969607
2020-12-23,1.5622913348969607
2020-12-24,1.5622913348969607
2020-12-25,1.5460039691158163
2020-12-26,1.5460039691158163
2020-12-27,1.5297095570646868
2020-12-28,1.5251446489184717
2020-12-29,1.5251446489184717
2020-12-30,1.5251446489184717
2020-12-31,1.5251446489184717
2021-01-01,1.5251446489184717
2021-01-02,1.5251446489184717
2021-01-03,1.5251446489184717
2021-01-04,1.6814861131677865
2021-01-05,1.6814861131677865
2021-01-06,1.6814861131677865
2021-01-07,1.6814861131677865
2021-01-08,1.6814861131677865
2021-01-09,1.6814861131677865
2021-01-10,1.6814861131677865
2021-01-11,1.6814861131677865
2021-01-12,1.6814861131677865
2021-01-13,1.6814861131677865
2021-01-14,1.6814861131677865
2021-01-15,1.6814861131677865
2021-01-16,1.6814861131677865
2021-01-17,1.6814861131677865
2021-01-18,1.6613013004472115
2021-01-19,1.6613013004472115
2021-01-20,1.6613013004472115
2021-01-21,1.6613013004472115
2021-01-22,1.6613013004472115
2021-01-23,1.6613013004472115
2021-01-24,1.6613013004472115
2021-01-25,1.6613013004472115
2021-01-26,1.6613013004472115
2021-01-27,1.6613013004472115
2021-01-28,1.6613013004472115
2021-01-29,1.6441815025612854
2021-01-30,1.6441815025612854
2021-01-31,1.6441815025612854
2021-02-01,1.6441815025612854
2021-02-02,1.6441815025612854
2021-02-03,1.6441815025612854
2021-02-04,1.7039934657502835
2021-02-05,1.7039934657502835
2021-02-06,1.7039934657502835
2021-02-07,1.7039934657502835
2021-02-08,1.7039934657502835
2021-02-09,1.7039934657502835
2021-02-10,1.7039934657502835
2021-02-11,1.7039934657502835
2021-02-12,1.6990887258728284
2021-02-13,1.6990887258728284
2021-02-14,1.6990887258728284
2021-02-15,1.6813507046014426
2021-02-16,1.6813507046014426
2021-02-17,1.6813507046014426
2021-02-18,1.6761348547239308
2021-02-19,1.6761348547239308
2021-02-20,1.6583394597354502
2021-02-21,1.6583394597354502
2021-02-22,1.6826061662973055
2021-02-23,1.6826061662973055
2021-02-24,1.6826061662973055
2021-02-25,1.6826061662973055
2021-02-26,1.67856330509756
2021-02-27,1.67856330509756
2021-02-28,1.67856330509756
2021-03-01,1.67856330509756
2021-03-02,1.67856330509756
2021-03-03,1.67856330509756
2021-03-04,1.67856330509756
2021-03-05,1.675508232535089
2021-03-06,1.675508232535089
2021-03-07,1.675508232535089
2021-03-08,1.675508232535089
2021-03-09,1.675508232535089
2021-03-10,1.675508232535089
2021-03-11,1.675508232535089
2021-03-12,1.675508232535089
2021-03-13,1.675508232535089
2021-03-14,1.675508232535089
2021-03-15,1.675508232535089
2021-03-16,1.675508232535089
2021-03-17,1.675508232535089
2021-03-18,1.675508232535089
2021-03-19,1.675508232535089
2021-03-20,1.675508232535089
2021-03-21,1.675508232535089
2021-03-22,1.675508232535089
2021-03-23,1.675508232535089
2021-03-24,1.675508232535089
2021-03-25,1.675508232535089
2021-03-26,1.675508232535089
2021-03-27,1.675508232535089
2021-03-28,1.675508232535089
2021-03-29,1.675508232535089
2021-03-30,1.7198100693474965
2021-03-31,1.723318882492297
2021-04-01,1.723318882492297
2021-04-02,1.723318882492297
2021-04-03,1.723318882492297
2021-04-04,1.723318882492297
2021-04-05,1.723318882492297
2021-04-06,1.723318882492297
2021-04-07,1.723318882492297
2021-04-08,1.723318882492297
2021-04-09,1.723318882492297
2021-04-10,1.723318882492297
2021-04-11,1.723318882492297
2021-04-12,1.723318882492297
2021-04-13,1.723318882492297
2021-04-14,1.723318882492297
2021-04-15,1.723318882492297
2021-04-16,1.8017556060739497
2021-04-17,1.8017556060739497
2021-04-18,1.8017556060739497
2021-04-19,1.7830902067148204
2021-04-20,1.7830902067148204
2021-04-21,1.7830902067148204
2021-04-22,1.7586119447141637
2021-04-23,1.7586119447141637
2021-04-24,1.7586119447141637
2021-04-25,1.7586119447141637
2021-04-26,1.7586119447141637
2021-04-27,1.7586119447141637
2021-04-28,1.7586119447141637
2021-04-29,1.7586119447141637
2021-04-30,1.7586119447141637
2021-05-01,1.7586119447141637
2021-05-02,1.7586119447141637
2021-05-03,1.7586119447141637
2021-05-04,1.7222314786241837
2021-05-05,1.7222314786241837
2021-05-06,1.7222314786241837
2021-05-07,1.7681040158452883
2021-05-08,1.7681040158452883
2021-05-09,1.7681040158452883
2021-05-10,1.7681040158452883
2021-05-11,1.7681040158452883
2021-05-12,1.7681040158452883
2021-05-13,1.7681040158452883
2021-05-14,1.7681040158452883
2021-05-15,1.7681040158452883
2021-05-16,1.7681040158452883
2021-05-17,1.7618998035091495
2021-05-18,1.7618998035091495
2021-05-19,1.8574349386153295
2021-05-20,1.8574349386153295
2021-05-21,1.8574349386153295
2021-05-22,1.8574349386153295
2021-05-23,1.8574349386153295
2021-05-24,1.8574349386153295
2021-05-25,1.8574349386153295
2021-05-26,1.8505281574213077
2021-05-27,1.8505281574213077
2021-05-28,1.8505281574213077
2021-05-29,1.8505281574213077
2021-05-30,1.8505281574213077
2021-05-31,1.8505281574213077
2021-06-01,1.8423215859209308
2021-06-02,1.8423215859209308
2021-06-03,1.8423215859209308
2021-06-04,1.8423215859209308
2021-06-05,1.8423215859209308
2021-06-06,1.8423215859209308
2021-06-07,1.8423215859209308
2021-06-08,1.8423215859209308
2021-06-09,1.8281132032850957
2021-06-10,1.8281132032850957
2021-06-11,1.8281132032850957
2021-06-12,1.8281132032850957
2021-06-13,1.8281132032850957
2021-06-14,1.8281132032850957
2021-06-15,1.8281132032850957
2021-06-16,1.8281132032850957
2021-06-17,1.8281132032850957
2021-06-18,1.8281132032850957
2021-06-19,1.8281132032850957
2021-06-20,1.809113553712515
2021-06-21,1.809113553712515
2021-06-22,1.809113553712515
2021-06-23,1.809113553712515
2021-06-24,1.809113553712515
2021-06-25,1.809113553712515
2021-06-26,1.809113553712515
2021-06-27,1.809113553712515
2021-06-28,1.809113553712515
2021-06-29,1.809113553712515
2021-06-30,1.800952385599874
2021-07-01,1.800952385599874
2021-07-02,1.800952385599874
2021-07-03,1.800952385599874
2021-07-04,1.800952385599874
2021-07-05,1.800952385599874
2021-07-06,1.800952385599874
2021-07-07,1.800952385599874
2021-07-08,1.800952385599874
2021-07-09,1.800952385599874
2021-07-10,1.800952385599874
2021-07-11,1.800952385599874
2021-07-12,1.800952385599874
2021-07-13,1.800952385599874
2021-07-14,1.800952385599874
2021-07-15,1.800952385599874
2021-07-16,1.800952385599874
2021-07-17,1.800952385599874
2021-07-18,1.800952385599874
2021-07-19,1.800952385599874
2021-07-20,1.800952385599874
2021-07-21,1.795233297325919
2021-07-22,1.795233297325919
2021-07-23,1.795233297325919
2021-07-24,1.795233297325919
2021-07-25,1.795233297325919
2021-07-26,1.795233297325919
2021-07-27,1.7843894723698495
2021-07-28,1.7843894723698495
2021-07-29,1.7843894723698495
2021-07-30,1.7843894723698495
2021-07-31,1.7843894723698495
2021-08-01,1.7843894723698495
2021-08-02,1.8037136889846466
2021-08-03,1.8037136889846466
2021-08-04,1.8037136889846466
2021-08-05,1.8037136889846466
2021-08-06,1.8497563731674855
2021-08-07,1.8497563731674855
2021-08-08,1.8549414232987618
2021-08-09,1.8549414232987618
2021-08-10,1.8549414232987618
2021-08-11,1.8549414232987618
2021-08-12,1.8549414232987618
2021-08-13,1.8549414232987618
2021-08-14,1.8549414232987618
2021-08-15,1.8549414232987618
2021-08-16,1.8549414232987618
2021-08-17,1.8549414232987618
2021-08-18,1.8354595962262366
2021-08-19,1.8354595962262366
2021-08-20,1.8354595962262366
2021-08-21,1.8354595962262366
2021-08-22,1.8354595962262366
2021-08-23,1.8354595962262366
2021-08-24,1.815685947893655
2021-08-25,1.815685947893655
2021-08-26,1.815685947893655
2021-08-27,1.815685947893655
2021-08-28,1.815685947893655
2021-08-29,1.815685947893655
2021-08-30,1.8071251069654415
2021-08-31,1.7877790153298174
2021-09-01,1.7877790153298174
2021-09-02,1.7877790153298174
2021-09-03,1.7877790153298174
2021-09-04,1.7612601781924568
2021-09-05,1.7612601781924568
2021-09-06,1.7612601781924568
2021-09-07,1.8841045052424545
2021-09-08,1.8841045052424545
2021-09-09,1.8841045052424545
2021-09-10,1.8841045052424545
2021-09-11,1.8841045052424545
2021-09-12,1.8841045052424545
2021-09-13,1.8841045052424545
2021-09-14,1.8841045052424545
2021-09-15,1.8841045052424545
2021-09-16,1.934081248674407
2021-09-17,1.934081248674407
2021-09-18,1.934081248674407
2021-09-19,1.934081248674407
2021-09-20,1.934081248674407
2021-09-21,1.9654530305388997
2021-09-22,1.9654530305388997
2021-09-23,1.9654530305388997
2021-09-24,1.9654530305388997
2021-09-25,1.9654530305388997
2021-09-26,1.9654530305388997
2021-09-27,1.9654530305388997
2021-09-28,1.9596350643469993
2021-09-29,1.9596350643469993
2021-09-30,1.9596350643469993
2021-10-01,1.9596350643469993
2021-10-02,1.9596350643469993
2021-10-03,1.9596350643469993
2021-10-04,1.9596350643469993
2021-10-05,1.9596350643469993
2021-10-06,1.9596350643469993
2021-10-07,1.9596350643469993
2021-10-08,1.9596350643469993
2021-10-09,2.016107698833957
2021-10-10,2.016107698833957
2021-10-11,1.9947589590620622
2021-10-12,1.9947589590620622
2021-10-13,1.9947589590620622
2021-10-14,1.9947589590620622
2021-10-15,1.9947589590620622
2021-10-16,1.973455111261216
2021-10-17,1.973455111261216
2021-10-18,1.973455111261216
2021-10-19,1.973455111261216
2021-10-20,1.973455111261216
2021-10-21,1.9885943972431008
2021-10-22,1.961144634647849
2021-10-23,1.961144634647849
2021-10-24,1.961144634647849
2021-10-25,1.961144634647849
2021-10-26,1.961144634647849
2021-10-27,1.961144634647849
2021-10-28,1.961144634647849
2021-10-29,1.961144634647849
2021-10-30,1.940121279861181
2021-10-31,1.940121279861181
2021-11-01,1.940121279861181
2021-11-02,1.940121279861181
2021-11-03,1.940121279861181
2021-11-04,1.940121279861181
2021-11-05,1.940121279861181
2021-11-06,1.940121279861181
2021-11-07,1.940121279861181
2021-11-08,1.940121279861181
2021-11-09,1.940121279861181
2021-11-10,1.9656212233525796
2021-11-11,1.9656212233525796
2021-11-12,1.9656212233525796
2021-11-13,1.9656212233525796
2021-11-14,1.9656212233525796
2021-11-15,1.9656212233525796
2021-11-16,1.9396261765061946
2021-11-17,1.9396261765061946
2021-11-18,1.937036941404982
2021-11-19,1.937036941404982
2021-11-20,1.937036941404982
2021-11-21,1.937036941404982
2021-11-22,1.937036941404982
2021-11-23,1.937036941404982
2021-11-24,1.937036941404982
2021-11-25,1.937036941404982
2021-11-26,1.9168426612654599
2021-11-27,1.9168426612654599
2021-11-28,1.9168426612654599
2021-11-29,1.9168426612654599
2021-11-30,1.9168426612654599
2021-12-01,1.9168426612654599
2021-12-02,1.8993382920266644
2021-12-03,1.8942957308594743
2021-12-04,1.9493340694416832
2021-12-05,1.9493340694416832
2021-12-06,1.9493340694416832
2021-12-07,1.9493340694416832
2021-12-08,1.9493340694416832
2021-12-09,1.9493340694416832
2021-12-10,1.9493340694416832
2021-12-11,1.9493340694416832
2021-12-12,1.9493340694416832
2021-12-13,1.9493340694416832
2021-12-14,1.9493340694416832
2021-12-15,1.9493340694416832
2021-12-16,1.940796922030005
2021-12-17,1.940796922030005
2021-12-18,1.940796922030005
2021-12-19,1.940796922030005
2021-12-20,1.940796922030005
2021-12-21,1.940796922030005
2021-12-22,1.940796922030005
2021-12-23,1.912002966335923
2021-12-24,1.912002966335923
2021-12-25,1.8913569461382107
2021-12-26,1.8913569461382107
2021-12-27,1.8913569461382107
2021-12-28,1.8913569461382107
2021-12-29,1.8913569461382107
2021-12-30,1.9031622744139811
2021-12-31,1.9031622744139811
2022-01-01,1.9031622744139811
2022-01-02,1.9031622744139811
2022-01-03,1.8902035069718721
2022-01-04,1.8902035069718721
2022-01-05,1.8902035069718721
2022-01-06,1.8902035069718721
2022-01-07,1.8902035069718721
2022-01-08,1.9951804314408403
2022-01-09,1.9951804314408403
2022-01-10,1.9951804314408403
2022-01-11,1.9951804314408403
2022-01-12,1.9951804314408403
2022-01-13,1.9951804314408403
2022-01-14,1.9951804314408403
2022-01-15,1.9951804314408403
2022-01-16,1.9951804314408403
2022-01-17,1.9951804314408403
2022-01-18,1.9774841076753515
2022-01-19,1.9774841076753515
2022-01-20,1.9696884415772422
2022-01-21,1.9696884415772422
2022-01-22,1.9696884415772422
2022-01-23,2.0345939909278177
2022-01-24,2.0137383034265013
2022-01-25,2.0137383034265013
2022-01-26,2.0137383034265013
2022-01-27,2.0137383034265013
2022-01-28,2.0137383034265013
2022-01-29,2.0137383034265013
2022-01-30,2.0137383034265013
2022-01-31,2.0137383034265013
2022-02-01,2.0137383034265013
2022-02-02,2.0137383034265013
2022-02-03,2.0137383034265013
2022-02-04,2.0137383034265013
2022-02-05,2.0137383034265013
2022-02-06,2.0137383034265013
2022-02-07,2.0137383034265013
2022-02-08,2.0137383034265013
2022-02-09,2.0137383034265013
2022-02-10,2.0137383034265013
2022-02-11,2.0137383034265013
2022-02-12,2.0137383034265013
2022-02-13,2.0137383034265013
2022-02-14,2.0137383034265013
2022-02-15,2.0137383034265013
2022-02-16,2.0137383034265013
2022-02-17,2.0137383034265013
2022-02-18,2.0137383034265013
2022-02-19,2.0137383034265013
2022-02-20,2.0137383034265013
2022-02-21,2.0137383034265013
2022-02-22,2.0627662072160193
2022-02-23,2.0854895863753367
2022-02-24,2.1201049962943928
2022-02-25,2.1201049962943928
2022-02-26,2.1201049962943928
2022-02-27,2.1201049962943928
2022-02-28,2.1201049962943928
2022-03-01,2.1201049962943928
2022-03-02,2.1201049962943928
2022-03-03,2.1201049962943928
2022-03-04,2.1201049962943928
2022-03-05,2.1201049962943928
2022-03-06,2.1201049962943928
2022-03-07,2.1774689173789894
2022-03-08,2.1774689173789894
2022-03-09,2.1774689173789894
2022-03-10,2.1774689173789894
2022-03-11,2.1774689173789894
2022-03-12,2.1774689173789894
2022-03-13,2.1774689173789894
2022-03-14,2.1774689173789894
2022-03-15,2.1774689173789894
2022-03-16,2.1774689173789894
2022-03-17,2.1774689173789894
2022-03-18,2.1774689173789894
2022-03-19,2.1774689173789894
2022-03-20,2.24463717319015
2022-03-21,2.24463717319015
2022-03-22,2.24463717319015
2022-03-23,2.220421081007196
2022-03-24,2.2142485058387997
2022-03-25,2.2142485058387997
2022-03-26,2.2142485058387997
2022-03-27,2.2142485058387997
2022-03-28,2.2142485058387997
2022-03-29,2.2142485058387997
2022-03-30,2.2142485058387997
2022-03-31,2.2776122934791534
2022-04-01,2.2529873470938613
2022-04-02,2.2529873470938613
2022-04-03,2.2529873470938613
2022-04-04,2.2529873470938613
2022-04-05,2.2529873470938613
2022-04-06,2.2529873470938613
2022-04-07,2.2529873470938613
2022-04-08,2.2615812187467665
2022-04-09,2.2615812187467665
2022-04-10,2.2615812187467665
2022-04-11,2.2317066241017565
2022-04-12,2.2317066241017565
2022-04-13,2.2111769057292663
2022-04-14,2.2111769057292663
2022-04-15,2.2111769057292663
2022-04-16,2.2111769057292663
2022-04-17,2.2111769057292663
2022-04-18,2.187207702710947
2022-04-19,2.187207702710947
2022-04-20,2.187207702710947
2022-04-21,2.187207702710947
2022-04-22,2.187207702710947
2022-04-23,2.187207702710947
2022-04-24,2.187207702710947
2022-04-25,2.1667877962989555
2022-04-26,2.1667877962989555
2022-04-27,2.1667877962989555
2022-04-28,2.1610264120474767
2022-04-29,2.1610264120474767
2022-04-30,2.1610264120474767
2022-05-01,2.1610264120474767
2022-05-02,2.1610264120474767
2022-05-03,2.1548232594164793
2022-05-04,2.1548232594164793
2022-05-05,2.131590627932667
2022-05-06,2.131590627932667
2022-05-07,2.131590627932667
2022-05-08,2.131590627932667
2022-05-09,2.105039006016029
2022-05-10,2.237877417919499
2022-05-11,2.237877417919499
2022-05-12,2.237877417919499
2022-05-13,2.2325221019143573
2022-05-14,2.2325221019143573
2022-05-15,2.2325221019143573
2022-05-16,2.2325221019143573
2022-05-17,2.2325221019143573
2022-05-18,2.2325221019143573
2022-05-19,2.2325221019143573
2022-05-20,2.2325221019143573
2022-05-21,2.2325221019143573
2022-05-22,2.2325221019143573
2022-05-23,2.2325221019143573
2022-05-24,2.2325221019143573
2022-05-25,2.2325221019143573
2022-05-26,2.2090652928344343
2022-05-27,2.2090652928344343
2022-05-28,2.2090652928344343
2022-05-29,2.2090652928344343
2022-05-30,2.2090652928344343
2022-05-31,2.2090652928344343
2022-06-01,2.201041385260072
2022-06-02,2.201041385260072
2022-06-03,2.201041385260072
2022-06-04,2.201041385260072
2022-06-05,2.201041385260072
2022-06-06,2.201041385260072
2022-06-07,2.17010242387914
2022-06-08,2.17010242387914
2022-06-09,2.17010242387914
2022-06-10,2.1400367224065477
2022-06-11,2.1400367224065477
2022-06-12,2.2392255678589863
2022-06-13,2.2392255678589863
2022-06-14,2.2392255678589863
2022-06-15,2.2392255678589863
2022-06-16,2.2392255678589863
2022-06-17,2.2392255678589863
2022-06-18,2.2392255678589863
2022-06-19,2.2392255678589863
2022-06-20,2.2392255678589863
2022-06-21,2.2392255678589863
2022-06-22,2.209524593977506
2022-06-23,2.209524593977506
2022-06-24,2.209524593977506
2022-06-25,2.209524593977506
2022-06-26,2.209524593977506
2022-06-27,2.209524593977506
2022-06-28,2.209524593977506
2022-06-29,2.1792589836926513
2022-06-30,2.1792589836926513
2022-07-01,2.1792589836926513
2022-07-02,2.1792589836926513
2022-07-03,2.1792589836926513
2022-07-04,2.1792589836926513
2022-07-05,2.165115794913396
2022-07-06,2.159287069450225
2022-07-07,2.159287069450225
2022-07-08,2.159287069450225
2022-07-09,2.159287069450225
2022-07-10,2.159287069450225
2022-07-11,2.159287069450225
2022-07-12,2.130604271157157
2022-07-13,2.130604271157157
2022-07-14,2.130604271157157
2022-07-15,2.130604271157157
2022-07-16,2.128617750933867
2022-07-17,2.128617750933867
2022-07-18,2.128617750933867
2022-07-19,2.128617750933867
2022-07-20,2.128617750933867
2022-07-21,2.1207626131082704
2022-07-22,2.1207626131082704
2022-07-23,2.1207626131082704
2022-07-24,2.1207626131082704
2022-07-25,2.1207626131082704
2022-07-26,2.1207626131082704
2022-07-27,2.1207626131082704
2022-07-28,2.1207626131082704
2022-07-29,2.098652756570552
2022-07-30,2.098652756570552
2022-07-31,2.098652756570552
2022-08-01,2.098652756570552
2022-08-02,2.098652756570552
2022-08-03,2.098652756570552
2022-08-04,2.098652756570552
2022-08-05,2.098652756570552
2022-08-06,2.098652756570552
2022-08-07,2.098652756570552
2022-08-08,2.098652756570552
2022-08-09,2.098652756570552
2022-08-10,2.0700799861864447
2022-08-11,2.0700799861864447
2022-08-12,2.0700799861864447
2022-08-13,2.0700799861864447
2022-08-14,2.1039720031180376
2022-08-15,2.1039720031180376
2022-08-16,2.1039720031180376
2022-08-17,2.1039720031180376
2022-08-18,2.081623593905113
2022-08-19,2.081623593905113
2022-08-20,2.081623593905113
2022-08-21,2.081623593905113
2022-08-22,2.081623593905113
2022-08-23,2.0637083342917593
2022-08-24,2.0637083342917593
2022-08-25,2.0637083342917593
2022-08-26,2.0637083342917593
2022-08-27,2.0637083342917593
2022-08-28,2.0637083342917593
2022-08-29,2.0653313361144647
2022-08-30,2.0653313361144647
2022-08-31,2.037801823170995
2022-09-01,2.037801823170995
2022-09-02,2.0164790006512847
2022-09-03,2.0164790006512847
2022-09-04,2.0164790006512847
2022-09-05,2.0164790006512847
2022-09-06,2.0164790006512847
2022-09-07,1.989392828072536
2022-09-08,1.989392828072536
2022-09-09,1.989392828072536
2022-09-10,1.989392828072536
2022-09-11,1.989392828072536
2022-09-12,1.989392828072536
2022-09-13,1.9751516812035939
2022-09-14,1.9751516812035939
2022-09-15,2.0069140422503935
2022-09-16,2.0069140422503935
2022-09-17,2.0069140422503935
2022-09-18,2.0069140422503935
2022-09-19,2.0069140422503935
2022-09-20,2.006679699805783
2022-09-21,2.006679699805783
2022-09-22,1.9858561001174542
2022-09-23,1.9814279612045589
2022-09-24,1.9814279612045589
2022-09-25,1.9814279612045589
2022-09-26,1.9814279612045589
2022-09-27,1.9814279612045589
2022-09-28,1.9814279612045589
2022-09-29,1.9814279612045589
2022-09-30,1.9814279612045589
2022-10-01,1.9814279612045589
2022-10-02,1.9814279612045589
2022-10-03,1.9814279612045589
2022-10-04,1.9814279612045589
2022-10-05,1.9814279612045589
2022-10-06,1.9814279612045589
2022-10-07,1.9814279612045589
2022-10-08,1.9814279612045589
2022-10-09,1.9814279612045589
2022-10-10,1.9814279612045589
2022-10-11,1.9814279612045589
2022-10-12,1.9814279612045589
2022-10-13,2.010831660823812
2022-10-14,1.9892519433512401
2022-10-15,1.9892519433512401
2022-10-16,1.9892519433512401
2022-10-17,1.9892519433512401
2022-10-18,1.9892519433512401
2022-10-19,1.9892519433512401
2022-10-20,1.9830765994896933
2022-10-21,1.9830765994896933
2022-10-22,1.9830765994896933
2022-10-23,1.9830765994896933
2022-10-24,1.9830765994896933
2022-10-25,1.9830765994896933
2022-10-26,2.041282684955922
2022-10-27,2.041282684955922
2022-10-28,2.041282684955922
2022-10-29,2.041282684955922
2022-10-30,2.041282684955922
2022-10-31,2.041282684955922
2022-11-01,2.014415255617132
2022-11-02,2.014415255617132
2022-11-03,2.0092393821754597
2022-11-04,1.9876374262485161
2022-11-05,1.9876374262485161
2022-11-06,1.9876374262485161
2022-11-07,1.9660919255440608
2022-11-08,1.9616116513540147
2022-11-09,1.9563701152443393
2022-11-10,1.9563701152443393
2022-11-11,1.9563701152443393
2022-11-12,1.9563701152443393
2022-11-13,1.9563701152443393
2022-11-14,1.9563701152443393
2022-11-15,1.9563701152443393
2022-11-16,1.9563701152443393
2022-11-17,1.9563701152443393
2022-11-18,1.9563701152443393
2022-11-19,1.9563701152443393
2022-11-20,1.9563701152443393
2022-11-21,1.9563701152443393
2022-11-22,1.9563701152443393
2022-11-23,1.9563701152443393
2022-11-24,1.9563701152443393
2022-11-25,1.9488292133161471
2022-11-26,1.9488292133161471
2022-11-27,1.9488292133161471
2022-11-28,1.9488292133161471
2022-11-29,1.9488292133161471
2022-11-30,1.9488292133161471
2022-12-01,2.0009098838086987
2022-12-02,2.0009098838086987
2022-12-03,2.0009098838086987
2022-12-04,1.9861376482616226
2022-12-05,1.9861376482616226
2022-12-06,1.9861376482616226
2022-12-07,1.9861376482616226
2022-12-08,1.9643260512521679
2022-12-09,1.9574152184887679
2022-12-10,1.9574152184887679
2022-12-11,1.9574152184887679
2022-12-12,1.9574152184887679
2022-12-13,1.9615382942177748
2022-12-14,1.9560433313813825
2022-12-15,1.9560433313813825
2022-12-16,1.9560433313813825
2022-12-17,1.9560433313813825
2022-12-18,1.9560433313813825
2022-12-19,1.9560433313813825
2022-12-20,1.9357179445900659
2022-12-21,1.9357179445900659
2022-12-22,1.9357179445900659
2022-12-23,1.9357179445900659
2022-12-24,1.9357179445900659
2022-12-25,1.9357179445900659
2022-12-26,1.9357179445900659
2022-12-27,1.9105823030287055
2022-12-28,1.9105823030287055
2022-12-29,1.9105823030287055
2022-12-30,1.9105823030287055
2022-12-31,1.9105823030287055
2023-01-01,1.9105823030287055
2023-01-02,1.9105823030287055
2023-01-03,1.90335801799308
2023-01-04,1.90335801799308
2023-01-05,1.8899500258929023
2023-01-06,1.8899500258929023
2023-01-07,1.8899500258929023
2023-01-08,1.8677250760334771
2023-01-09,1.8677250760334771
2023-01-10,1.90148355421141
2023-01-11,1.894863045909182
2023-01-12,1.8779179917981978
2023-01-13,1.8779179917981978
2023-01-14,1.8779179917981978
2023-01-15,1.8779179917981978
2023-01-16,1.8779179917981978
2023-01-17,1.8779179917981978
2023-01-18,1.8779179917981978
2023-01-19,1.8779179917981978
2023-01-20,1.8724036768974228
2023-01-21,1.8724036768974228
2023-01-22,1.8724036768974228
2023-01-23,1.8724036768974228
2023-01-24,1.8478037697836316
2023-01-25,1.8478037697836316
2023-01-26,1.8277865651265228
2023-01-27,1.8277865651265228
2023-01-28,1.8277865651265228
2023-01-29,1.8277865651265228
2023-01-30,1.8277865651265228
2023-01-31,1.8277865651265228
2023-02-01,1.8277865651265228
2023-02-02,1.821815736805086
2023-02-03,1.821815736805086
2023-02-04,1.821815736805086
2023-02-05,1.821815736805086
2023-02-06,1.821815736805086
2023-02-07,1.821815736805086
2023-02-08,1.821815736805086
2023-02-09,1.821815736805086
2023-02-10,1.821815736805086
2023-02-11,1.821815736805086
2023-02-12,1.821815736805086
2023-02-13,1.821815736805086
2023-02-14,1.849033962322809
2023-02-15,1.8438136964623826
2023-02-16,1.8438136964623826
2023-02-17,1.8717265358034965
2023-02-18,1.8717265358034965
2023-02-19,1.8717265358034965
2023-02-20,1.8717265358034965
2023-02-21,1.8717265358034965
2023-02-22,1.8717265358034965
2023-02-23,1.8717265358034965
2023-02-24,1.8717265358034965
2023-02-25,1.8717265358034965
2023-02-26,1.8717265358034965
2023-02-27,1.8613805378660158
2023-02-28,1.8613805378660158
2023-03-01,1.8613805378660158
2023-03-02,1.8613805378660158
2023-03-03,1.8613805378660158
2023-03-04,1.8613805378660158
2023-03-05,1.8613805378660158
2023-03-06,1.8613805378660158
2023-03-07,1.8613805378660158
2023-03-08,1.8541007036692434
2023-03-09,1.8541007036692434
2023-03-10,1.8541007036692434
2023-03-11,1.926876388054113
2023-03-12,1.926876388054113
2023-03-13,1.926876388054113
2023-03-14,1.9826884569672196
2023-03-15,1.9826884569672196
2023-03-16,1.9826884569672196
2023-03-17,1.9826884569672196
2023-03-18,1.9826884569672196
2023-03-19,1.9826884569672196
2023-03-20,2.0355811188890747
2023-03-21,2.0355811188890747
2023-03-22,2.0355811188890747
2023-03-23,1.9926225388835979
2023-03-24,1.9926225388835979
2023-03-25,1.9926225388835979
2023-03-26,1.9926225388835979
2023-03-27,1.9926225388835979
2023-03-28,1.9710914615287944
2023-03-29,1.9710914615287944
2023-03-30,1.9710914615287944
2023-03-31,1.9642089721610558
2023-04-01,1.9642089721610558
2023-04-02,1.9422676396421166
2023-04-03,1.9422676396421166
2023-04-04,1.9422676396421166
2023-04-05,1.9422676396421166
2023-04-06,1.9441898596770713
2023-04-07,1.9441898596770713
2023-04-08,1.9441898596770713
2023-04-09,1.9441898596770713
2023-04-10,1.9441898596770713
2023-04-11,1.9441898596770713
2023-04-12,1.936654187320439
2023-04-13,1.936654187320439
2023-04-14,1.9761065414725947
2023-04-15,1.9761065414725947
2023-04-16,1.9761065414725947
2023-04-17,1.9761065414725947
2023-04-18,1.9761065414725947
2023-04-19,1.9761065414725947
2023-04-20,1.9761065414725947
2023-04-21,1.9761065414725947
2023-04-22,1.9761065414725947
2023-04-23,1.9761065414725947
2023-04-24,1.9761065414725947
2023-04-25,1.9761065414725947
2023-04-26,2.004517841415529
2023-04-27,2.004517841415529
2023-04-28,2.004517841415529
2023-04-29,2.004517841415529
2023-04-30,2.004517841415529
2023-05-01,2.004517841415529
2023-05-02,2.004517841415529
2023-05-03,2.004517841415529
2023-05-04,2.05778300046185
2023-05-05,2.05778300046185
2023-05-06,2.0539252999238156
2023-05-07,2.0539252999238156
2023-05-08,2.0539252999238156
2023-05-09,2.0539252999238156
2023-05-10,2.0539252999238156
2023-05-11,2.0539252999238156
2023-05-12,2.0539252999238156
2023-05-13,2.031433490490596
2023-05-14,2.031433490490596
2023-05-15,2.031433490490596
2023-05-16,2.031433490490596
2023-05-17,2.031433490490596
2023-05-18,2.031433490490596
2023-05-19,2.031433490490596
2023-05-20,2.031433490490596
2023-05-21,2.031433490490596
2023-05-22,2.031433490490596
2023-05-23,2.0080440437302003
2023-05-24,2.0080440437302003
2023-05-25,2.0080440437302003
2023-05-26,2.0018030703646397
2023-05-27,2.0018030703646397
2023-05-28,2.0018030703646397
2023-05-29,1.9788807130063266
2023-05-30,1.9788807130063266
2023-05-31,1.9788807130063266
2023-06-01,1.9788807130063266
2023-06-02,1.9788807130063266
2023-06-03,1.9788807130063266
2023-06-04,1.9788807130063266
2023-06-05,1.9788807130063266
2023-06-06,1.9715675154759293
2023-06-07,1.9715675154759293
2023-06-08,1.9715675154759293
2023-06-09,1.9715675154759293
2023-06-10,1.9498639854563373
2023-06-11,1.9498639854563373
2023-06-12,1.9498639854563373
2023-06-13,1.9498639854563373
2023-06-14,1.9230969358534213
2023-06-15,1.9230969358534213
2023-06-16,1.9018993599165612
2023-06-17,1.9018993599165612
2023-06-18,1.9018993599165612
2023-06-19,1.9018993599165612
2023-06-20,1.9018993599165612
2023-06-21,1.9018993599165612
2023-06-22,1.9800997456843215
2023-06-23,1.9521424474317457
2023-06-24,1.9521424474317457
2023-06-25,1.9521424474317457
2023-06-26,1.9521424474317457
2023-06-27,1.9307840312534705
2023-06-28,1.9228770559659472
2023-06-29,1.9228770559659472
2023-06-30,1.9228770559659472
2023-07-01,1.9228770559659472
2023-07-02,1.901677846047118
2023-07-03,1.901677846047118
2023-07-04,1.901677846047118
2023-07-05,1.901677846047118
2023-07-06,1.901677846047118
2023-07-07,1.901677846047118
2023-07-08,1.901677846047118
2023-07-09,1.901677846047118
2023-07-10,1.8994576905700324
2023-07-11,1.8994576905700324
2023-07-12,1.8994576905700324
2023-07-13,1.8994576905700324
2023-07-14,1.9423488312121975
2023-07-15,1.9423488312121975
2023-07-16,1.9423488312121975
2023-07-17,1.9423488312121975
2023-07-18,1.9207086916854836
2023-07-19,1.8933426227729877
2023-07-20,1.8933426227729877
2023-07-21,1.8933426227729877
2023-07-22,1.8933426227729877
2023-07-23,1.8933426227729877
2023-07-24,1.8933426227729877
2023-07-25,1.8933426227729877
2023-07-26,1.8933426227729877
2023-07-27,1.8933426227729877
2023-07-28,1.8933426227729877
2023-07-29,1.8933426227729877
2023-07-30,1.8933426227729877
2023-07-31,1.8933426227729877
2023-08-01,1.870595054478145
2023-08-02,1.870595054478145
2023-08-03,1.870595054478145
2023-08-04,1.870595054478145
2023-08-05,1.870595054478145
2023-08-06,1.870595054478145
2023-08-07,1.870595054478145
2023-08-08,1.870595054478145
2023-08-09,1.870595054478145
2023-08-10,1.8185979129224004
2023-08-11,1.8185979129224004
2023-08-12,1.8185979129224004
2023-08-13,1.8185979129224004
2023-08-14,1.8185979129224004
2023-08-15,1.8185979129224004
2023-08-16,1.8185979129224004
2023-08-17,1.7910382691193112
2023-08-18,2.1478211345711125
2023-08-19,2.1478211345711125
2023-08-20,2.1478211345711125
2023-08-21,2.1478211345711125
2023-08-22,2.1478211345711125
2023-08-23,2.14599913475296
2023-08-24,2.14599913475296
2023-08-25,2.14599913475296
2023-08-26,2.14599913475296
2023-08-27,2.14599913475296
2023-08-28,2.14599913475296
2023-08-29,2.14599913475296
2023-08-30,2.1240059900954993
2023-08-31,2.1240059900954993
2023-09-01,2.1240059900954993
2023-09-02,2.1001524789847483
2023-09-03,2.1001524789847483
2023-09-04,2.1001524789847483
2023-09-05,2.1001524789847483
2023-09-06,2.1001524789847483
2023-09-07,2.1001524789847483
2023-09-08,2.1001524789847483
2023-09-09,2.1001524789847483
2023-09-10,2.1001524789847483
2023-09-11,2.1001524789847483
2023-09-12,2.117423525588371
2023-09-13,2.117423525588371
2023-09-14,2.117423525588371
2023-09-15,2.117423525588371
2023-09-16,2.117423525588371
2023-09-17,2.117423525588371
2023-09-18,2.117423525588371
2023-09-19,2.117423525588371
2023-09-20,2.117423525588371
2023-09-21,2.117423525588371
2023-09-22,2.117423525588371
2023-09-23,2.117423525588371
2023-09-24,2.117423525588371
2023-09-25,2.117423525588371
2023-09-26,2.1044430135420154
2023-09-27,2.0610685886776405
2023-09-28,2.0610685886776405
2023-09-29,2.0610685886776405
2023-09-30,2.0610685886776405
2023-10-01,2.0610685886776405
2023-10-02,2.0379177655311405
2023-10-03,2.0379177655311405
2023-10-04,2.0379177655311405
2023-10-05,2.0379177655311405
2023-10-06,2.01497026542169
2023-10-07,2.01497026542169
2023-10-08,2.01497026542169
2023-10-09,2.01497026542169
2023-10-10,2.017660692635195
2023-10-11,2.017660692635195
2023-10-12,2.017660692635195
2023-10-13,1.9949737269457009
2023-10-14,1.9949737269457009
2023-10-15,1.9949737269457009
2023-10-16,2.030775734817376
2023-10-17,2.030775734817376
2023-10-18,2.030775734817376
2023-10-19,2.0832567835484324
2023-10-20,2.0832567835484324
2023-10-21,2.059680207734776
2023-10-22,2.059680207734776
2023-10-23,2.059680207734776
2023-10-24,2.2178702615601713
2023-10-25,2.2178702615601713
2023-10-26,2.1886436516540817
2023-10-27,2.1886436516540817
2023-10-28,2.1886436516540817
2023-10-29,2.1886436516540817
2023-10-30,2.1886436516540817
2023-10-31,2.1886436516540817
2023-11-01,2.1886436516540817
2023-11-02,2.1644498753336534
2023-11-03,2.1644498753336534
2023-11-04,2.1644498753336534
2023-11-05,2.1644498753336534
2023-11-06,2.1644498753336534
2023-11-07,2.1644498753336534
2023-11-08,2.1644498753336534
2023-11-09,2.140969310617676
2023-11-10,2.140969310617676
2023-11-11,2.140969310617676
2023-11-12,2.140969310617676
2023-11-13,2.140969310617676
2023-11-14,2.140969310617676
2023-11-15,2.087924385443984
2023-11-16,2.087924385443984
2023-11-17,2.087924385443984
2023-11-18,2.087924385443984
2023-11-19,2.087924385443984
2023-11-20,2.087924385443984
2023-11-21,2.087924385443984
2023-11-22,2.059589887651858
2023-11-23,2.059589887651858
2023-11-24,2.059589887651858
2023-11-25,2.037095670289062
2023-11-26,2.037095670289062
2023-11-27,2.027565961799823
2023-11-28,2.027565961799823
2023-11-29,2.027565961799823
2023-11-30,2.027565961799823
2023-12-01,2.027565961799823
2023-12-02,2.027565961799823
2023-12-03,2.027565961799823
2023-12-04,2.1134572453422185
2023-12-05,2.1134572453422185
2023-12-06,2.1134572453422185
2023-12-07,2.1134572453422185
2023-12-08,2.1134572453422185
2023-12-09,2.1134572453422185
2023-12-10,2.1134572453422185
2023-12-11,2.1134572453422185
2023-12-12,2.1134572453422185
2023-12-13,2.111287941900335
2023-12-14,2.111287941900335
2023-12-15,2.111287941900335
2023-12-16,2.111287941900335
2023-12-17,2.111287941900335
2023-12-18,2.111287941900335
2023-12-19,2.0883039019687017
2023-12-20,2.0883039019687017
2023-12-21,2.0883039019687017
2023-12-22,2.079721367529854
2023-12-23,2.057131623716269
2023-12-24,2.057131623716269
2023-12-25,2.057131623716269
2023-12-26,2.057131623716269
2023-12-27,2.0344320914569773
2023-12-28,2.0328173703020305
2023-12-29,2.0328173703020305
2023-12-30,2.0328173703020305
2023-12-31,2.0328173703020305
2024-01-01,2.0328173703020305
2024-01-02,2.0328173703020305
2024-01-03,2.0328173703020305
2024-01-04,2.0109954775927883
2024-01-05,2.0109954775927883
2024-01-06,2.0109954775927883
2024-01-07,2.0109954775927883
2024-01-08,2.0109954775927883
2024-01-09,1.9892404362747849
2024-01-10,1.9892404362747849
2024-01-11,1.9892404362747849
2024-01-12,1.9824907675722705
2024-01-13,1.9824907675722705
2024-01-14,1.9824907675722705
2024-01-15,1.9824907675722705
2024-01-16,1.9824907675722705
2024-01-17,1.9824907675722705
2024-01-18,1.9824907675722705
2024-01-19,1.9824907675722705
2024-01-20,1.9824907675722705
2024-01-21,1.9824907675722705
2024-01-22,1.9824907675722705
2024-01-23,1.9824907675722705
2024-01-24,1.9609756512940963
2024-01-25,1.9609756512940963
2024-01-26,1.9609756512940963
2024-01-27,1.9609756512940963
2024-01-28,1.9609756512940963
2024-01-29,1.9609756512940963
2024-01-30,1.9337734854229234
2024-01-31,1.9337734854229234
2024-02-01,1.9337734854229234
2024-02-02,1.9337734854229234
2024-02-03,1.9337734854229234
2024-02-04,1.9337734854229234
2024-02-05,1.9337734854229234
2024-02-06,1.9337734854229234
2024-02-07,1.9337734854229234
2024-02-08,1.9337734854229234
2024-02-09,1.9337734854229234
2024-02-10,1.9337734854229234
2024-02-11,1.9337734854229234
2024-02-12,1.906251190350421
2024-02-13,2.035909540337315
2024-02-14,2.035909540337315
2024-02-15,2.035909540337315
2024-02-16,2.035909540337315
2024-02-17,2.035909540337315
2024-02-18,2.035909540337315
2024-02-19,2.035909540337315
2024-02-20,2.0396328785652202
2024-02-21,2.0396328785652202
2024-02-22,2.0396328785652202
2024-02-23,2.0396328785652202
2024-02-24,2.0396328785652202
2024-02-25,2.0396328785652202
2024-02-26,2.005672978042816
2024-02-27,2.005672978042816
2024-02-28,2.043966382199516
2024-02-29,2.043966382199516
2024-03-01,2.0129031332072285
2024-03-02,2.0129031332072285
2024-03-03,2.0129031332072285
2024-03-04,2.0129031332072285
2024-03-05,1.9913436625011776
2024-03-06,1.9913436625011776
2024-03-07,1.9913436625011776
2024-03-08,1.9913436625011776
2024-03-09,1.9913436625011776
2024-03-10,1.9913436625011776
2024-03-11,1.9913436625011776
2024-03-12,1.9913436625011776
2024-03-13,1.9913436625011776
2024-03-14,1.9913436625011776
2024-03-15,1.9702463931751277
2024-03-16,1.9702463931751277
2024-03-17,1.9702463931751277
2024-03-18,1.9702463931751277
2024-03-19,1.9702463931751277
2024-03-20,1.9702463931751277
2024-03-21,2.022628912454225
2024-03-22,2.022628912454225
2024-03-23,2.022628912454225
2024-03-24,2.022628912454225
2024-03-25,2.022628912454225
2024-03-26,2.022628912454225
2024-03-27,2.022628912454225
2024-03-28,2.022628912454225
2024-03-29,2.022628912454225
2024-03-30,2.022628912454225
2024-03-31,2.022628912454225
2024-04-01,2.073409355341204
2024-04-02,2.073409355341204
2024-04-03,2.0685245264229724
2024-04-04,2.0633446410675935
2024-04-05,2.0633446410675935
2024-04-06,2.0633446410675935
2024-04-07,2.0633446410675935
2024-04-08,2.0633446410675935
2024-04-09,2.0410038400680937
2024-04-10,2.0410038400680937
2024-04-11,2.0410038400680937
2024-04-12,2.097324961213687
2024-04-13,2.0751675645653362
2024-04-14,2.0751675645653362
2024-04-15,2.0751675645653362
2024-04-16,2.0751675645653362
2024-04-17,2.0751675645653362
2024-04-18,2.0751675645653362
2024-04-19,2.0751675645653362
2024-04-20,2.0751675645653362
2024-04-21,2.0751675645653362
2024-04-22,2.0751675645653362
2024-04-23,2.0751675645653362
2024-04-24,2.0751675645653362
2024-04-25,2.0751675645653362
2024-04-26,2.0494317604008656
2024-04-27,2.0494317604008656
2024-04-28,2.0494317604008656
2024-04-29,2.0494317604008656
2024-04-30,2.0494317604008656
2024-05-01,2.0555046462586226
2024-05-02,2.0555046462586226
2024-05-03,2.0555046462586226
2024-05-04,2.0555046462586226
2024-05-05,2.0555046462586226
2024-05-06,2.0555046462586226
2024-05-07,2.0555046462586226
2024-05-08,2.0555046462586226
2024-05-09,2.0555046462586226
2024-05-10,2.0555046462586226
2024-05-11,2.0555046462586226
2024-05-12,2.0555046462586226
2024-05-13,2.02268024652597
2024-05-14,2.02268024652597
2024-05-15,2.02268024652597
2024-05-16,1.9942730800807476
2024-05-17,1.9942730800807476
2024-05-18,1.9942730800807476
2024-05-19,1.9942730800807476
2024-05-20,1.9942730800807476
2024-05-21,1.9942730800807476
2024-05-22,2.0710076239245887
2024-05-23,2.0710076239245887
2024-05-24,2.0710076239245887
2024-05-25,2.0710076239245887
2024-05-26,2.0710076239245887
2024-05-27,2.0710076239245887
2024-05-28,2.0710076239245887
2024-05-29,2.0710076239245887
2024-05-30,2.0710076239245887
2024-05-31,2.0710076239245887
2024-06-01,2.0710076239245887
2024-06-02,2.0710076239245887
2024-06-03,2.0710076239245887
2024-06-04,2.0710076239245887
2024-06-05,2.0710076239245887
2024-06-06,2.0438593109878007
2024-06-07,2.0438593109878007
2024-06-08,2.0438593109878007
2024-06-09,2.0438593109878007
2024-06-10,2.0438593109878007
2024-06-11,2.0438593109878007
2024-06-12,2.0837133024685537
2024-06-13,2.0837133024685537
2024-06-14,2.0837133024685537
2024-06-15,2.061243556879467
2024-06-16,2.061243556879467
2024-06-17,2.061243556879467
2024-06-18,2.061243556879467
2024-06-19,2.061243556879467
2024-06-20,2.061243556879467
2024-06-21,2.053323485157557
2024-06-22,2.053323485157557
2024-06-23,2.053323485157557
2024-06-24,2.053323485157557
2024-06-25,2.053323485157557
2024-06-26,2.053323485157557
2024-06-27,2.0258929191746957
2024-06-28,2.0258929191746957
2024-06-29,2.0258929191746957
2024-06-30,2.0258929191746957
2024-07-01,2.0258929191746957
2024-07-02,2.0258929191746957
2024-07-03,2.0258929191746957
2024-07-04,2.0258929191746957
2024-07-05,2.2649900162074066
2024-07-06,2.2649900162074066
2024-07-07,2.2649900162074066
2024-07-08,2.2649900162074066
2024-07-09,2.2649900162074066
2024-07-10,2.2649900162074066
2024-07-11,2.2649900162074066
2024-07-12,2.2347400626764706
2024-07-13,2.2347400626764706
2024-07-14,2.2347400626764706
2024-07-15,2.205640706404369
2024-07-16,2.205640706404369
2024-07-17,2.205640706404369
2024-07-18,2.205640706404369
2024-07-19,2.205640706404369
2024-07-20,2.205640706404369
2024-07-21,2.1810770328025573
2024-07-22,2.1810770328025573
2024-07-23,2.1810770328025573
2024-07-24,2.1523992683893094
2024-07-25,2.1523992683893094
2024-07-26,2.1523992683893094
2024-07-27,2.1523992683893094
2024-07-28,2.1523992683893094
2024-07-29,2.1523992683893094
2024-07-30,2.1523992683893094
2024-07-31,2.2099902235554585
2024-08-01,2.2099902235554585
2024-08-02,2.2099902235554585
2024-08-03,2.2099902235554585
2024-08-04,2.2099902235554585
2024-08-05,2.450687903053671
2024-08-06,2.450687903053671
2024-08-07,2.450687903053671
2024-08-08,2.450687903053671
2024-08-09,2.450687903053671
2024-08-10,2.450687903053671
2024-08-11,2.450687903053671
2024-08-12,2.450687903053671
2024-08-13,2.450687903053671
2024-08-14,2.5142762193208568
2024-08-15,2.5142762193208568
2024-08-16,2.5142762193208568
2024-08-17,2.5142762193208568
2024-08-18,2.5142762193208568
2024-08-19,2.503940399547686
2024-08-20,2.503940399547686
2024-08-21,2.503940399547686
2024-08-22,2.503940399547686
2024-08-23,2.503940399547686
2024-08-24,2.503940399547686
2024-08-25,2.503940399547686
2024-08-26,2.477497622220254
2024-08-27,2.443269690332484
2024-08-28,2.4171922176046152
2024-08-29,2.4171922176046152
2024-08-30,2.4171922176046152
2024-08-31,2.4171922176046152
2024-09-01,2.4171922176046152
2024-09-02,2.4171922176046152
2024-09-03,2.4171922176046152
2024-09-04,2.3914477612592084
2024-09-05,2.3594741875307665
2024-09-06,2.3594741875307665
2024-09-07,2.3577049776792074
2024-09-08,2.3577049776792074
2024-09-09,2.3577049776792074
2024-09-10,2.3577049776792074
2024-09-11,2.3577049776792074
2024-09-12,2.3577049776792074
2024-09-13,2.3577049776792074
2024-09-14,2.3577049776792074
2024-09-15,2.3313582322527857
2024-09-16,2.362689244784462
2024-09-17,2.362689244784462
2024-09-18,2.362689244784462
2024-09-19,2.362689244784462
2024-09-20,2.3558730550523777
2024-09-21,2.3558730550523777
2024-09-22,2.3558730550523777
2024-09-23,2.3558730550523777
2024-09-24,2.330229690673213
2024-09-25,2.330229690673213
2024-09-26,2.330229690673213
2024-09-27,2.330229690673213
2024-09-28,2.330229690673213
2024-09-29,2.330229690673213
2024-09-30,2.330229690673213
2024-10-01,2.330229690673213
2024-10-02,2.330229690673213
2024-10-03,2.330229690673213
2024-10-04,2.3864482512610694
2024-10-05,2.3864482512610694
2024-10-06,2.3864482512610694
2024-10-07,2.3864482512610694
2024-10-08,2.3864482512610694
2024-10-09,2.3864482512610694
2024-10-10,2.3864482512610694
2024-10-11,2.3864482512610694
2024-10-12,2.3864482512610694
2024-10-13,2.3864482512610694
2024-10-14,2.352450345462104
2024-10-15,2.38429230012901
2024-10-16,2.3759343009867
2024-10-17,2.3759343009867
2024-10-18,2.3759343009867
2024-10-19,2.3759343009867
2024-10-20,2.3759343009867
2024-10-21,2.360582070349288
2024-10-22,2.360582070349288
2024-10-23,2.360582070349288
2024-10-24,2.360582070349288
2024-10-25,2.360582070349288
2024-10-26,2.360582070349288
2024-10-27,2.3351155721976173
2024-10-28,2.3351155721976173
2024-10-29,2.3351155721976173
2024-10-30,2.395385286979061
2024-10-31,2.395385286979061
2024-11-01,2.395385286979061
2024-11-02,2.395385286979061
2024-11-03,2.395385286979061
2024-11-04,2.395385286979061
2024-11-05,2.395385286979061
2024-11-06,2.395385286979061
2024-11-07,2.395385286979061
2024-11-08,2.395385286979061
2024-11-09,2.395385286979061
2024-11-10,2.395385286979061
2024-11-11,2.625200197928241
2024-11-12,2.5973204007803736
2024-11-13,2.5973204007803736
2024-11-14,2.5973204007803736
2024-11-15,2.5973204007803736
2024-11-16,2.5973204007803736
2024-11-17,2.5973204007803736
2024-11-18,2.5973204007803736
2024-11-19,2.5973204007803736
2024-11-20,2.5973204007803736
2024-11-21,2.5973204007803736
2024-11-22,2.5973204007803736
2024-11-23,2.5973204007803736
2024-11-24,2.6030765203163497
2024-11-25,2.6030765203163497
2024-11-26,2.6030765203163497
2024-11-27,2.6030765203163497
2024-11-28,2.6030765203163497
2024-11-29,2.6030765203163497
2024-11-30,2.6030765203163497
2024-12-01,2.6030765203163497
2024-12-02,2.6030765203163497
2024-12-03,2.596740188581159
2024-12-04,2.569026014867485
2024-12-05,2.569026014867485
2024-12-06,2.569026014867485
2024-12-07,2.569026014867485
2024-12-08,2.569026014867485
2024-12-09,2.569026014867485
2024-12-10,2.569026014867485
2024-12-11,2.569026014867485
2024-12-12,2.569026014867485
2024-12-13,2.569026014867485
2024-12-14,2.569026014867485
2024-12-15,2.569026014867485
2024-12-16,2.569026014867485
2024-12-17,2.541482943042006
2024-12-18,2.541482943042006
2024-12-19,2.541482943042006
2024-12-20,2.56290005960338
2024-12-21,2.56290005960338
2024-12-22,2.56290005960338
2024-12-23,2.56290005960338
2024-12-24,2.56290005960338
2024-12-25,2.56290005960338
2024-12-26,2.56290005960338
2024-12-27,2.56290005960338
2024-12-28,2.56290005960338
2024-12-29,2.56290005960338
2024-12-30,2.56290005960338
2024-12-31,2.5534992990056575
2025-01-01,2.5534992990056575
2025-01-02,2.5534992990056575
2025-01-03,2.5534992990056575
2025-01-04,2.5534992990056575
2025-01-05,2.5534992990056575
2025-01-06,2.5534992990056575
2025-01-07,2.570035137453266
2025-01-08,2.535602067336848
2025-01-09,2.535602067336848
2025-01-10,2.5953704429182274
2025-01-11,2.5953704429182274
2025-01-12,2.5953704429182274
2025-01-13,2.5953704429182274
2025-01-14,2.583976041055869
2025-01-15,2.583976041055869
2025-01-16,2.583976041055869
2025-01-17,2.5731736008104926
2025-01-18,2.5731736008104926
2025-01-19,2.546116560561963
2025-01-20,2.546116560561963
2025-01-21,2.5116260243827253
2025-01-22,2.5116260243827253
2025-01-23,2.5116260243827253
2025-01-24,2.5116260243827253
2025-01-25,2.5116260243827253
2025-01-26,2.5116260243827253
2025-01-27,2.5116260243827253
2025-01-28,2.5116260243827253
2025-01-29,2.5116260243827253
2025-01-30,2.5116260243827253
2025-01-31,2.574999146114669
2025-02-01,2.574999146114669
2025-02-02,2.574999146114669
2025-02-03,2.780643236210159
2025-02-04,2.780643236210159
2025-02-05,2.780643236210159
2025-02-06,2.780643236210159
2025-02-07,2.780643236210159
2025-02-08,2.780643236210159
2025-02-09,2.780643236210159
2025-02-10,2.780643236210159
2025-02-11,2.855587010825491
2025-02-12,2.855587010825491
2025-02-13,2.855587010825491
2025-02-14,2.855587010825491
2025-02-15,2.855587010825491
2025-02-16,2.855587010825491
2025-02-17,2.855587010825491
2025-02-18,2.855587010825491
2025-02-19,2.855587010825491
2025-02-20,2.817174889083735
2025-02-21,2.817174889083735
2025-02-22,2.817174889083735
2025-02-23,2.817174889083735
2025-02-24,2.817174889083735
2025-02-25,2.817174889083735
2025-02-26,2.826749270583196
2025-02-27,2.826749270583196
2025-02-28,2.826749270583196
2025-03-01,2.826749270583196
2025-03-02,2.826749270583196
2025-03-03,2.7972912887076835
2025-03-04,2.7333124849603982
2025-03-05,2.7333124849603982
2025-03-06,2.7333124849603982
2025-03-07,2.7333124849603982
2025-03-08,2.7333124849603982
2025-03-09,2.7333124849603982
2025-03-10,2.7333124849603982
2025-03-11,2.7049914052270427
2025-03-12,2.7049914052270427
2025-03-13,2.776704248369205
2025-03-14,2.776704248369205
2025-03-15,2.776704248369205
2025-03-16,2.776704248369205
2025-03-17,2.776704248369205
2025-03-18,2.776704248369205
2025-03-19,2.8474196978921014
2025-03-20,2.817262855387782
2025-03-21,2.817262855387782
2025-03-22,2.817262855387782
2025-03-23,2.817262855387782
2025-03-24,2.817262855387782
2025-03-25,2.817262855387782
2025-03-26,2.7856368857943985
2025-03-27,2.7481925102762865
2025-03-28,2.7481925102762865
2025-03-29,2.7481925102762865
2025-03-30,2.7481925102762865
2025-03-31,2.7481925102762865
2025-04-01,2.7886339521691283
2025-04-02,2.7587710960637843
2025-04-03,2.7587710960637843
2025-04-04,2.7587710960637843
2025-04-05,2.7587710960637843
2025-04-06,2.7587710960637843
2025-04-07,2.822776698873518
2025-04-08,2.822776698873518
2025-04-09,2.822776698873518
2025-04-10,2.822776698873518
2025-04-11,2.903031750545639
2025-04-12,2.903031750545639
2025-04-13,2.903031750545639
2025-04-14,2.903031750545639
2025-04-15,2.903031750545639
2025-04-16,2.983821355760994
2025-04-17,2.983821355760994
2025-04-18,2.983821355760994
2025-04-19,2.983821355760994
2025-04-20,2.983821355760994
2025-04-21,2.983821355760994
2025-04-22,3.0671478946232145
2025-04-23,3.0671478946232145
2025-04-24,3.099411212220292
2025-04-25,3.099411212220292
2025-04-26,3.099411212220292
2025-04-27,3.099411212220292
2025-04-28,3.099411212220292
2025-04-29,3.099411212220292
2025-04-30,3.099411212220292
2025-05-01,3.099411212220292
2025-05-02,3.099411212220292
2025-05-03,3.099411212220292
2025-05-04,3.099411212220292
2025-05-05,3.099411212220292
2025-05-06,3.185809877789879
2025-05-07,3.185809877789879
2025-05-08,3.185809877789879
2025-05-09,3.5662868354351147
2025-05-10,3.5662868354351147
2025-05-11,3.5662868354351147
2025-05-12,3.5662868354351147
2025-05-13,3.5662868354351147
2025-05-14,3.5662868354351147
2025-05-15,3.5662868354351147
2025-05-16,3.5662868354351147
2025-05-17,3.5662868354351147
2025-05-18,3.5662868354351147
2025-05-19,3.5662868354351147
2025-05-20,3.5662868354351147
2025-05-21,3.5662868354351147
2025-05-22,3.5662868354351147
2025-05-23,3.663749875444452
2025-05-24,3.663749875444452
2025-05-25,3.663749875444452
2025-05-26,3.663749875444452
2025-05-27,3.663749875444452
2025-05-28,3.663749875444452
2025-05-29,3.663749875444452
2025-05-30,3.663749875444452
2025-05-31,3.663749875444452
2025-06-01,3.663749875444452
2025-06-02,3.663749875444452
2025-06-03,3.654647971948762
2025-06-04,3.654647971948762
2025-06-05,3.5703503756023127
2025-06-06,3.5323901058314076
2025-06-07,3.5323901058314076
2025-06-08,3.5323901058314076
2025-06-09,3.5323901058314076
2025-06-10,3.4944677456942133
2025-06-11,3.4944677456942133
2025-06-12,3.486244138513176
2025-06-13,3.486244138513176
2025-06-14,3.486244138513176
2025-06-15,3.486244138513176
2025-06-16,3.4486486232775575
2025-06-17,3.4486486232775575
2025-06-18,3.4486486232775575
2025-06-19,3.4486486232775575
2025-06-20,3.4486486232775575
2025-06-21,3.4486486232775575
2025-06-22,3.4486486232775575
2025-06-23,3.5575291576623433
2025-06-24,3.5575291576623433
2025-06-25,3.5575291576623433
2025-06-26,3.5575291576623433
2025-06-27,3.5575291576623433
2025-06-28,3.5575291576623433
2025-06-29,3.5575291576623433
2025-06-30,3.5575291576623433
2025-07-01,3.5575291576623433
2025-07-02,3.5575291576623433
2025-07-03,3.4718415117028165
2025-07-04,3.4718415117028165
2025-07-05,3.4718415117028165
2025-07-06,3.4718415117028165
2025-07-07,3.4718415117028165
2025-07-08,3.4718415117028165
2025-07-09,3.4718415117028165
2025-07-10,3.4718415117028165
2025-07-11,3.7293207714438186
2025-07-12,3.7293207714438186
2025-07-13,3.7293207714438186
2025-07-14,3.710664083734964
2025-07-15,3.710664083734964
2025-07-16,3.710664083734964
2025-07-17,3.710664083734964
2025-07-18,3.710664083734964
2025-07-19,3.864026701374576
2025-07-20,3.864026701374576
2025-07-21,3.864026701374576
2025-07-22,3.8105783380384644
2025-07-23,3.8105783380384644
2025-07-24,3.8105783380384644
2025-07-25,3.8105783380384644
2025-07-26,3.8105783380384644
2025-07-27,3.8105783380384644
2025-07-28,3.8105783380384644
2025-07-29,3.8105783380384644
2025-07-30,3.8105783380384644
2025-07-31,3.8105783380384644
2025-08-01,3.8105783380384644
2025-08-02,3.8105783380384644
2025-08-03,3.8105783380384644
2025-08-04,3.8105783380384644
2025-08-05,3.8105783380384644
2025-08-06,3.8105783380384644
2025-08-07,3.8105783380384644
2025-08-08,3.8105783380384644
2025-08-09,3.8105783380384644
2025-08-10,3.8105783380384644
2025-08-11,3.8105783380384644
2025-08-12,3.8105783380384644
2025-08-13,3.8105783380384644
2025-08-14,4.20435963929103
2025-08-15,4.20435963929103
2025-08-16,4.20435963929103
2025-08-17,4.20435963929103
2025-08-18,4.147513631459193
2025-08-19,4.147513631459193
2025-08-20,4.150009963909112
2025-08-21,4.150009963909112
2025-08-22,4.150009963909112
2025-08-23,4.150009963909112
2025-08-24,4.150009963909112
2025-08-25,4.16593040320662
2025-08-26,4.16593040320662
2025-08-27,4.1080066148107655
2025-08-28,4.1080066148107655
2025-08-29,4.1080066148107655
2025-08-30,4.1080066148107655
2025-08-31,4.1080066148107655
2025-09-01,4.1080066148107655
2025-09-02,4.1080066148107655
2025-09-03,4.1080066148107655
2025-09-04,4.1080066148107655
2025-09-05,4.1080066148107655
2025-09-06,4.1080066148107655
2025-09-07,4.1080066148107655
2025-09-08,4.1080066148107655
2025-09-09,4.213309843409229
2025-09-10,4.166651707677742
2025-09-11,4.166651707677742
2025-09-12,4.166651707677742
2025-09-13,4.166651707677742
2025-09-14,4.166651707677742
2025-09-15,4.166651707677742
2025-09-16,4.152443208312859
2025-09-17,4.152443208312859
2025-09-18,4.152443208312859
2025-09-19,4.152443208312859
2025-09-20,4.152443208312859
2025-09-21,4.152443208312859
2025-09-22,4.203333316959405
2025-09-23,4.203333316959405
2025-09-24,4.203333316959405
2025-09-25,4.203333316959405
2025-09-26,4.247314867541539
2025-09-27,4.247314867541539
2025-09-28,4.247314867541539
2025-09-29,4.247314867541539
2025-09-30,4.361877453402526
2025-10-01,4.361877453402526
2025-10-02,4.361877453402526
2025-10-03,4.361877453402526
2025-10-04,4.361877453402526
2025-10-05,4.361877453402526
2025-10-06,4.361877453402526
2025-10-07,4.637203176174462
2025-10-08,4.637203176174462
2025-10-09,4.637203176174462
2025-10-10,4.637203176174462
2025-10-11,4.594821661977677
2025-10-12,4.594821661977677
2025-10-13,4.594821661977677
2025-10-14,4.723384412065175
2025-10-15,4.723384412065175
2025-10-16,4.723384412065175
2025-10-17,4.723384412065175
2025-10-18,4.723384412065175
2025-10-19,4.723384412065175
2025-10-20,4.723384412065175
2025-10-21,4.723384412065175
2025-10-22,4.723384412065175
2025-10-23,4.723384412065175
2025-10-24,4.723384412065175
2025-10-25,4.723384412065175
2025-10-26,4.723384412065175
2025-10-27,4.723384412065175
2025-10-28,4.723384412065175
2025-10-29,4.723384412065175
2025-10-30,4.723384412065175
2025-10-31,4.739313955570736
2025-11-01,4.739313955570736
2025-11-02,4.739313955570736
2025-11-03,4.688867437178405
2025-11-04,4.688867437178405
2025-11-05,4.688867437178405
2025-11-06,4.688867437178405
2025-11-07,4.688867437178405
2025-11-08,4.688867437178405
2025-11-09,4.688867437178405
2025-11-10,4.688867437178405
2025-11-11,4.817779511813741
2025-11-12,4.817779511813741
2025-11-13,4.817779511813741
2025-11-14,4.817779511813741
2025-11-15,4.817779511813741
2025-11-16,4.817779511813741
2025-11-17,4.817779511813741
2025-11-18,4.817779511813741
2025-11-19,4.817779511813741
2025-11-20,4.817779511813741
2025-11-21,5.030981044731287
2025-11-22,5.030981044731287
2025-11-23,5.030981044731287
2025-11-24,5.030981044731287
2025-11-25,5.030981044731287
2025-11-26,5.019329068943971
2025-11-27,5.019329068943971
2025-11-28,5.019329068943971
2025-11-29,5.019329068943971
2025-11-30,5.019329068943971
2025-12-01,5.019329068943971
2025-12-02,4.992451961228162
2025-12-03,4.992451961228162
2025-12-04,4.985135282517415
2025-12-05,4.922770171741665
2025-12-06,4.922770171741665
2025-12-07,4.922770171741665
2025-12-08,4.922770171741665
2025-12-09,4.922770171741665
2025-12-10,4.922770171741665
2025-12-11,4.922770171741665
2025-12-12,5.05646299173581
2025-12-13,5.05646299173581
2025-12-14,5.05646299173581
2025-12-15,5.05646299173581
2025-12-16,5.05646299173581
2025-12-17,5.05646299173581
2025-12-18,5.102092221616528
2025-12-19,5.102092221616528
2025-12-20,5.102092221616528
2025-12-21,5.102092221616528
2025-12-22,5.102092221616528
2025-12-23,5.238950177874982
2025-12-24,5.238950177874982
2025-12-25,5.238950177874982
2025-12-26,5.238950177874982
2025-12-27,5.238950177874982
2025-12-28,5.238950177874982
2025-12-29,5.18056206134227
2025-12-30,5.18056206134227
2025-12-31,5.18056206134227
2026-01-01,5.18056206134227
2026-01-02,5.18056206134227
2026-01-03,5.18056206134227
2026-01-04,5.18056206134227
2026-01-05,5.18056206134227
2026-01-06,5.415249745400225
2026-01-07,5.415249745400225
2026-01-08,5.401235541864262
2026-01-09,5.401235541864262
2026-01-10,5.401235541864262
2026-01-11,5.401235541864262
2026-01-12,5.544859614031395
2026-01-13,5.544859614031395
2026-01-14,5.544859614031395
2026-01-15,5.544859614031395
2026-01-16,5.544859614031395
2026-01-17,5.544859614031395
2026-01-18,5.544859614031395
2026-01-19,5.544859614031395
2026-01-20,5.544859614031395
2026-01-21,5.945690975482909
2026-01-22,5.945690975482909
2026-01-23,5.945690975482909
2026-01-24,5.945690975482909
2026-01-25,5.945690975482909
2026-01-26,5.880938142046423
2026-01-27,5.880938142046423
2026-01-28,5.880938142046423
2026-01-29,5.880938142046423
2026-01-30,5.880938142046423
2026-01-31,5.880938142046423
2026-02-01,6.350629670282051
2026-02-02,6.350629670282051
2026-02-03,6.350629670282051
2026-02-04,6.350629670282051
2026-02-05,6.350629670282051
2026-02-06,6.330007674785216
2026-02-07,6.330007674785216
2026-02-08,6.330007674785216
2026-02-09,6.330007674785216
2026-02-10,6.330007674785216
2026-02-11,6.330007674785216
2026-02-12,6.2588137665078
2026-02-13,6.2588137665078
2026-02-14,6.2588137665078
2026-02-15,6.2588137665078
2026-02-16,6.2588137665078
2026-02-17,6.2588137665078
2026-02-18,6.2588137665078
2026-02-19,6.2588137665078
2026-02-20,6.2588137665078
2026-02-21,6.2588137665078
2026-02-22,6.2588137665078
2026-02-23,6.19127548917075
2026-02-24,6.363270984893123
2026-02-25,6.363270984893123
2026-02-26,6.394934608423623
2026-02-27,6.394934608423623
2026-02-28,6.394934608423623
2026-03-01,6.394934608423623
2026-03-02,6.56982500633854
2026-03-03,6.56982500633854
2026-03-04,6.56982500633854
2026-03-05,6.500542532046926
2026-03-06,6.500542532046926
2026-03-07,6.500542532046926
2026-03-08,6.500542532046926
2026-03-09,6.500542532046926
2026-03-10,6.427582820360107
2026-03-11,6.427582820360107
2026-03-12,6.427582820360107
2026-03-13,6.427582820360107
2026-03-14,6.427582820360107
2026-03-15,6.427582820360107
2026-03-16,6.427582820360107
2026-03-17,6.427582820360107
2026-03-18,6.357390428687195
2026-03-19,6.357390428687195
2026-03-20,6.357390428687195
2026-03-21,6.357390428687195
2026-03-22,6.357390428687195
2026-03-23,6.357390428687195
2026-03-24,6.357390428687195
2026-03-25,6.357390428687195
2026-03-26,6.357390428687195
2026-03-27,6.357390428687195
2026-03-28,6.28886919859946
2026-03-29,6.28886919859946
2026-03-30,6.28886919859946
2026-03-31,6.28886919859946
2026-04-01,6.28886919859946
2026-04-02,6.2312183374734165
2026-04-03,6.2312183374734165
2026-04-04,6.2312183374734165
2026-04-05,6.2312183374734165
2026-04-06,6.2312183374734165
2026-04-07,6.2312183374734165
2026-04-08,6.164129103700029
2026-04-09,6.164129103700029
2026-04-10,6.164129103700029
2026-04-11,6.164129103700029
2026-04-12,6.164129103700029
2026-04-13,6.164129103700029
2026-04-14,6.097474476724247
2026-04-15,6.097474476724247
2026-04-16,6.097474476724247
2026-04-17,6.097474476724247
2026-04-18,6.031166864033876
2026-04-19,6.031166864033876
2026-04-20,6.031166864033876
2026-04-21,6.031166864033876
2026-04-22,6.031166864033876
2026-04-23,6.031166864033876
2026-04-24,6.031166864033876
2026-04-25,6.031166864033876
2026-04-26,6.031166864033876
2026-04-27,6.031166864033876
2026-04-28,5.964832243568772
2026-04-29,6.129380776110554
2026-04-30,6.062586098413949
2026-05-01,6.062586098413949
2026-05-02,6.062586098413949
2026-05-03,6.062586098413949
2026-05-04,5.994853467723419
2026-05-05,5.994853467723419
2026-05-06,5.928811047991934
2026-05-07,5.928811047991934
2026-05-08,5.928811047991934
2026-05-09,5.86175967049071
2026-05-10,5.86175967049071
2026-05-11,5.86175967049071
2026-05-12,5.86175967049071
2026-05-13,5.86175967049071
2026-05-14,5.86175967049071
2026-05-15,5.86175967049071
2026-05-16,5.86175967049071
2026-05-17,5.86175967049071
2026-05-18,6.020147698078669
2026-05-19,6.020147698078669
2026-05-20,5.949468659661606
2026-05-21,5.949468659661606
2026-05-22,5.949468659661606
2026-05-23,5.949468659661606
2026-05-24,5.949468659661606
2026-05-25,5.949468659661606
2026-05-26,5.949468659661606
2026-05-27,5.949468659661606
2026-05-28,6.114100647703871
2026-05-29,6.114100647703871
2026-05-30,6.114100647703871
2026-05-31,6.114100647703871
2026-06-01,6.045651251998487
2026-06-02,6.045651251998487
2026-06-03,6.045651251998487
2026-06-04,6.045651251998487
2026-06-05,6.045651251998487
2026-06-06,6.045651251998487
2026-06-07,6.094189564621974
2026-06-08,6.08071089985548
2026-06-09,6.08071089985548
2026-06-10,6.08071089985548
2026-06-11,6.08071089985548
2026-06-12,6.08071089985548
2026-06-13,6.08071089985548
2026-06-14,6.08071089985548
2026-06-15,6.08071089985548
2026-06-16,6.08071089985548
2026-06-17,6.08071089985548
2026-06-18,6.08071089985548
2026-06-19,6.08071089985548
2026-06-20,6.08071089985548
2026-06-21,6.08071089985548
2026-06-22,6.066827433314298
2026-06-23,5.99697561937683
2026-06-24,5.99697561937683
2026-06-25,5.973154025132893
2026-06-26,5.973154025132893
2026-06-27,5.973154025132893
2026-06-28,5.973154025132893
2026-06-29,5.973154025132893
2026-06-30,5.909057374267001
2026-07-01,5.909057374267001
2026-07-02,5.909057374267001
2026-07-03,5.909057374267001
2026-07-04,5.909057374267001
2026-07-05,5.909057374267001
2026-07-06,5.909057374267001
2026-07-07,5.909057374267001
2026-07-08,5.899255268431468
2026-07-09,5.899255268431468
2026-07-10,5.899255268431468
2026-07-11,5.899255268431468
2026-07-12,5.899255268431468
2026-07-13,5.899255268431468
2026-07-14,5.888657054814419
2026-07-15,5.888657054814419
2026-07-16,5.876686378887725
2026-07-17,5.876686378887725
2026-07-18,5.876686378887725
2026-07-19,5.876686378887725
2026-07-20,5.876686378887725
2026-07-21,5.876686378887725
2026-07-22,5.876686378887725
2026-07-23,5.876686378887725
2026-07-24,5.876686378887725
2026-07-25,5.876686378887725
2026-07-26,5.876686378887725
2026-07-27,5.876686378887725
2026-07-28,5.876686378887725
2026-07-29,5.805407965787801
2026-07-30,5.805407965787801
2026-07-31,5.805407965787801
2026-08-01,5.805407965787801
2026-08-02,5.805407965787801
2026-08-03,5.805407965787801
2026-08-04,5.805407965787801
2026-08-05,5.805407965787801
2026-08-06,5.740211311368706
2026-08-07,5.740211311368706
2026-08-08,5.740211311368706
2026-08-09,5.740211311368706
2026-08-10,5.740211311368706
2026-08-11,5.673743346512871
2026-08-12,5.673743346512871
2026-08-13,5.673743346512871
2026-08-14,5.673743346512871
2026-08-15,5.673743346512871
2026-08-16,5.673743346512871
2026-08-17,5.673743346512871
2026-08-18,5.673743346512871
2026-08-19,5.673743346512871
2026-08-20,6.025965248649657
2026-08-21,6.025965248649657
2026-08-22,6.025965248649657
2026-08-23,6.025965248649657
2026-08-24,6.025965248649657
2026-08-25,6.025965248649657
2026-08-26,6.025965248649657
2026-08-27,6.025965248649657
2026-08-28,6.025965248649657
2026-08-29,6.025965248649657
2026-08-30,6.025965248649657
2026-08-31,6.025965248649657
2026-09-01,6.025965248649657
2026-09-02,6.025965248649657
2026-09-03,6.025965248649657
2026-09-04,5.887795936177219
2026-09-05,5.887795936177219
2026-09-06,5.887795936177219
2026-09-07,5.887795936177219
2026-09-08,5.887795936177219
2026-09-09,5.887795936177219
2026-09-10,5.822905154531905
2026-09-11,5.75439230378589
2026-09-12,5.692391440329859
2026-09-13,5.692391440329859
2026-09-14,5.692391440329859
2026-09-15,5.692391440329859
2026-09-16,5.692391440329859
2026-09-17,5.635476396815218
2026-09-18,5.635476396815218
2026-09-19,5.635476396815218
2026-09-20,5.635476396815218
2026-09-21,5.635476396815218
2026-09-22,5.635476396815218
2026-09-23,5.779549867014021
