,risk_%0.25,risk_%0.5,risk_%0.75,risk_%1,risk_%1.5,risk_%2
2011-11-30 00:00:00+00:00,0.997416417702577,0.9948328354051541,0.9922492531077312,0.9896656708103082,0.9844985062154623,0.9793313416206163
2011-12-01 00:00:00+00:00,0.997416417702577,0.9948328354051541,0.9922492531077312,0.9896656708103082,0.9844985062154623,0.9793313416206163
2011-12-02 00:00:00+00:00,0.997416417702577,0.9948328354051541,0.9922492531077312,0.9896656708103082,0.9844985062154623,0.9793313416206163
2011-12-03 00:00:00+00:00,0.997416417702577,0.9948328354051541,0.9922492531077312,0.9896656708103082,0.9844985062154623,0.9793313416206163
2011-12-04 00:00:00+00:00,0.997416417702577,0.9948328354051541,0.9922492531077312,0.9896656708103082,0.9844985062154623,0.9793313416206163
2011-12-05 00:00:00+00:00,0.997416417702577,0.9948328354051541,0.9922492531077312,0.9896656708103082,0.9844985062154623,0.9793313416206163
2011-12-06 00:00:00+00:00,0.997416417702577,0.9948328354051541,0.9922492531077312,0.9896656708103082,0.9844985062154623,0.9793313416206163
2011-12-07 00:00:00+00:00,0.997416417702577,0.9948328354051541,0.9922492531077312,0.9896656708103082,0.9844985062154623,0.9793313416206163
2011-12-08 00:00:00+00:00,0.997416417702577,0.9948328354051541,0.9922492531077312,0.9896656708103082,0.9844985062154623,0.9793313416206163
2011-12-09 00:00:00+00:00,0.997416417702577,0.9948328354051541,0.9922492531077312,0.9896656708103082,0.9844985062154623,0.9793313416206163
2011-12-10 00:00:00+00:00,0.997416417702577,0.9948328354051541,0.9922492531077312,0.9896656708103082,0.9844985062154623,0.9793313416206163
2011-12-11 00:00:00+00:00,0.997416417702577,0.9948328354051541,0.9922492531077312,0.9896656708103082,0.9844985062154623,0.9793313416206163
2011-12-12 00:00:00+00:00,0.997416417702577,0.9948328354051541,0.9922492531077312,0.9896656708103082,0.9844985062154623,0.9793313416206163
2011-12-13 00:00:00+00:00,0.997416417702577,0.9948328354051541,0.9922492531077312,0.9896656708103082,0.9844985062154623,0.9793313416206163
2011-12-14 00:00:00+00:00,0.997416417702577,0.9948328354051541,0.9922492531077312,0.9896656708103082,0.9844985062154623,0.9793313416206163
2011-12-15 00:00:00+00:00,0.997416417702577,0.9948328354051541,0.9922492531077312,0.9896656708103082,0.9844985062154623,0.9793313416206163
2011-12-16 00:00:00+00:00,0.997416417702577,0.9948328354051541,0.9922492531077312,0.9896656708103082,0.9844985062154623,0.9793313416206163
2011-12-17 00:00:00+00:00,0.997416417702577,0.9948328354051541,0.9922492531077312,0.9896656708103082,0.9844985062154623,0.9793313416206163
2011-12-18 00:00:00+00:00,0.997416417702577,0.9948328354051541,0.9922492531077312,0.9896656708103082,0.9844985062154623,0.9793313416206163
2011-12-19 00:00:00+00:00,0.997416417702577,0.9948328354051541,0.9922492531077312,0.9896656708103082,0.9844985062154623,0.9793313416206163
2011-12-20 00:00:00+00:00,0.997416417702577,0.9948328354051541,0.9922492531077312,0.9896656708103082,0.9844985062154623,0.9793313416206163
2011-12-21 00:00:00+00:00,0.997416417702577,0.9948328354051541,0.9922492531077312,0.9896656708103082,0.9844985062154623,0.9793313416206163
2011-12-22 00:00:00+00:00,0.997416417702577,0.9948328354051541,0.9922492531077312,0.9896656708103082,0.9844985062154623,0.9793313416206163
2011-12-23 00:00:00+00:00,0.997416417702577,0.9948328354051541,0.9922492531077312,0.9896656708103082,0.9844985062154623,0.9793313416206163
2011-12-24 00:00:00+00:00,0.997416417702577,0.9948328354051541,0.9922492531077312,0.9896656708103082,0.9844985062154623,0.9793313416206163
2011-12-25 00:00:00+00:00,0.997416417702577,0.9948328354051541,0.9922492531077312,0.9896656708103082,0.9844985062154623,0.9793313416206163
2011-12-26 00:00:00+00:00,0.997416417702577,0.9948328354051541,0.9922492531077312,0.9896656708103082,0.9844985062154623,0.9793313416206163
2011-12-27 00:00:00+00:00,0.997416417702577,0.9948328354051541,0.9922492531077312,0.9896656708103082,0.9844985062154623,0.9793313416206163
2011-12-28 00:00:00+00:00,0.997416417702577,0.9948328354051541,0.9922492531077312,0.9896656708103082,0.9844985062154623,0.9793313416206163
2011-12-29 00:00:00+00:00,0.997416417702577,0.9948328354051541,0.9922492531077312,0.9896656708103082,0.9844985062154623,0.9793313416206163
2011-12-30 00:00:00+00:00,0.997416417702577,0.9948328354051541,0.9922492531077312,0.9896656708103082,0.9844985062154623,0.9793313416206163
2011-12-31 00:00:00+00:00,0.997416417702577,0.9948328354051541,0.9922492531077312,0.9896656708103082,0.9844985062154623,0.9793313416206163
2012-01-01 00:00:00+00:00,0.997416417702577,0.9948328354051541,0.9922492531077312,0.9896656708103082,0.9844985062154623,0.9793313416206163
2012-01-02 00:00:00+00:00,0.997416417702577,0.9948328354051541,0.9922492531077312,0.9896656708103082,0.9844985062154623,0.9793313416206163
2012-01-03 00:00:00+00:00,0.997416417702577,0.9948328354051541,0.9922492531077312,0.9896656708103082,0.9844985062154623,0.9793313416206163
2012-01-04 00:00:00+00:00,0.997416417702577,0.9948328354051541,0.9922492531077312,0.9896656708103082,0.9844985062154623,0.9793313416206163
2012-01-05 00:00:00+00:00,0.997416417702577,0.9948328354051541,0.9922492531077312,0.9896656708103082,0.9844985062154623,0.9793313416206163
2012-01-06 00:00:00+00:00,0.997416417702577,0.9948328354051541,0.9922492531077312,0.9896656708103082,0.9844985062154623,0.9793313416206163
2012-01-07 00:00:00+00:00,0.997416417702577,0.9948328354051541,0.9922492531077312,0.9896656708103082,0.9844985062154623,0.9793313416206163
2012-01-08 00:00:00+00:00,0.997416417702577,0.9948328354051541,0.9922492531077312,0.9896656708103082,0.9844985062154623,0.9793313416206163
2012-01-09 00:00:00+00:00,0.997416417702577,0.9948328354051541,0.9922492531077312,0.9896656708103082,0.9844985062154623,0.9793313416206163
2012-01-10 00:00:00+00:00,0.997416417702577,0.9948328354051541,0.9922492531077312,0.9896656708103082,0.9844985062154623,0.9793313416206163
2012-01-11 00:00:00+00:00,0.997416417702577,0.9948328354051541,0.9922492531077312,0.9896656708103082,0.9844985062154623,0.9793313416206163
2012-01-12 00:00:00+00:00,0.997416417702577,0.9948328354051541,0.9922492531077312,0.9896656708103082,0.9844985062154623,0.9793313416206163
2012-01-13 00:00:00+00:00,0.9973368925841783,0.9946741971521269,0.9920119137038457,0.9893500422393345,0.9840275352616228,0.9787066762189915
2012-01-14 00:00:00+00:00,0.9973368925841783,0.9946741971521269,0.9920119137038457,0.9893500422393345,0.9840275352616228,0.9787066762189915
2012-01-15 00:00:00+00:00,0.9973368925841783,0.9946741971521269,0.9920119137038457,0.9893500422393345,0.9840275352616228,0.9787066762189915
2012-01-16 00:00:00+00:00,0.9973368925841783,0.9946741971521269,0.9920119137038457,0.9893500422393345,0.9840275352616228,0.9787066762189915
2012-01-17 00:00:00+00:00,0.9947497543050734,0.9895137349054683,0.9842919385950695,0.9790843621677616,0.9687118561379585,0.9583961911671374
2012-01-18 00:00:00+00:00,0.9947497543050734,0.9895137349054683,0.9842919385950695,0.9790843621677616,0.9687118561379585,0.9583961911671374
2012-01-19 00:00:00+00:00,0.9947497543050734,0.9895137349054683,0.9842919385950695,0.9790843621677616,0.9687118561379585,0.9583961911671374
2012-01-20 00:00:00+00:00,0.9947497543050734,0.9895137349054683,0.9842919385950695,0.9790843621677616,0.9687118561379585,0.9583961911671374
2012-01-21 00:00:00+00:00,0.9947497543050734,0.9895137349054683,0.9842919385950695,0.9790843621677616,0.9687118561379585,0.9583961911671374
2012-01-22 00:00:00+00:00,0.9947497543050734,0.9895137349054683,0.9842919385950695,0.9790843621677616,0.9687118561379585,0.9583961911671374
2012-01-23 00:00:00+00:00,0.9947497543050734,0.9895137349054683,0.9842919385950695,0.9790843621677616,0.9687118561379585,0.9583961911671374
2012-01-24 00:00:00+00:00,0.992166137357369,0.9843736995459743,0.9766225725368103,0.9689126423341795,0.9536159165322717,0.9384826108408407
2012-01-25 00:00:00+00:00,0.992166137357369,0.9843736995459743,0.9766225725368103,0.9689126423341795,0.9536159165322717,0.9384826108408407
2012-01-26 00:00:00+00:00,0.992166137357369,0.9843736995459743,0.9766225725368103,0.9689126423341795,0.9536159165322717,0.9384826108408407
2012-01-27 00:00:00+00:00,0.992166137357369,0.9843736995459743,0.9766225725368103,0.9689126423341795,0.9536159165322717,0.9384826108408407
2012-01-28 00:00:00+00:00,0.992166137357369,0.9843736995459743,0.9766225725368103,0.9689126423341795,0.9536159165322717,0.9384826108408407
2012-01-29 00:00:00+00:00,0.992166137357369,0.9843736995459743,0.9766225725368103,0.9689126423341795,0.9536159165322717,0.9384826108408407
2012-01-30 00:00:00+00:00,0.992166137357369,0.9843736995459743,0.9766225725368103,0.9689126423341795,0.9536159165322717,0.9384826108408407
2012-01-31 00:00:00+00:00,0.9995339150882224,0.998993522475368,0.9983796284484868,0.9976930359418311,0.9961049504696382,0.994235622523849
2012-02-01 00:00:00+00:00,0.9995339150882224,0.998993522475368,0.9983796284484868,0.9976930359418311,0.9961049504696382,0.994235622523849
2012-02-02 00:00:00+00:00,0.9995339150882224,0.998993522475368,0.9983796284484868,0.9976930359418311,0.9961049504696382,0.994235622523849
2012-02-03 00:00:00+00:00,0.9969404806380657,0.993809457827712,0.990608309985948,0.9873384038436713,0.980597725418901,0.9735981243771353
2012-02-04 00:00:00+00:00,0.9969404806380657,0.993809457827712,0.990608309985948,0.9873384038436713,0.980597725418901,0.9735981243771353
2012-02-05 00:00:00+00:00,0.9969404806380657,0.993809457827712,0.990608309985948,0.9873384038436713,0.980597725418901,0.9735981243771353
2012-02-06 00:00:00+00:00,0.9969404806380657,0.993809457827712,0.990608309985948,0.9873384038436713,0.980597725418901,0.9735981243771353
2012-02-07 00:00:00+00:00,0.9969404806380657,0.993809457827712,0.990608309985948,0.9873384038436713,0.980597725418901,0.9735981243771353
2012-02-08 00:00:00+00:00,0.9969404806380657,0.993809457827712,0.990608309985948,0.9873384038436713,0.980597725418901,0.9735981243771353
2012-02-09 00:00:00+00:00,0.9969404806380657,0.993809457827712,0.990608309985948,0.9873384038436713,0.980597725418901,0.9735981243771353
2012-02-10 00:00:00+00:00,0.9969404806380657,0.993809457827712,0.990608309985948,0.9873384038436713,0.980597725418901,0.9735981243771353
2012-02-11 00:00:00+00:00,0.9969404806380657,0.993809457827712,0.990608309985948,0.9873384038436713,0.980597725418901,0.9735981243771353
2012-02-12 00:00:00+00:00,0.9969404806380657,0.993809457827712,0.990608309985948,0.9873384038436713,0.980597725418901,0.9735981243771353
2012-02-13 00:00:00+00:00,0.9969404806380657,0.993809457827712,0.990608309985948,0.9873384038436713,0.980597725418901,0.9735981243771353
2012-02-14 00:00:00+00:00,0.9969404806380657,0.993809457827712,0.990608309985948,0.9873384038436713,0.980597725418901,0.9735981243771353
2012-02-15 00:00:00+00:00,0.9969404806380657,0.993809457827712,0.990608309985948,0.9873384038436713,0.980597725418901,0.9735981243771353
2012-02-16 00:00:00+00:00,0.9969404806380657,0.993809457827712,0.990608309985948,0.9873384038436713,0.980597725418901,0.9735981243771353
2012-02-17 00:00:00+00:00,0.9969404806380657,0.993809457827712,0.990608309985948,0.9873384038436713,0.980597725418901,0.9735981243771353
2012-02-18 00:00:00+00:00,0.9969404806380657,0.993809457827712,0.990608309985948,0.9873384038436713,0.980597725418901,0.9735981243771353
2012-02-19 00:00:00+00:00,0.9969404806380657,0.993809457827712,0.990608309985948,0.9873384038436713,0.980597725418901,0.9735981243771353
2012-02-20 00:00:00+00:00,0.9969404806380657,0.993809457827712,0.990608309985948,0.9873384038436713,0.980597725418901,0.9735981243771353
2012-02-21 00:00:00+00:00,0.9969404806380657,0.993809457827712,0.990608309985948,0.9873384038436713,0.980597725418901,0.9735981243771353
2012-02-22 00:00:00+00:00,1.0042941500906772,1.0084706063991224,1.0125291955657505,1.0164697728701892,1.0239964539012558,1.0310500499466113
2012-02-23 00:00:00+00:00,1.0042941500906772,1.0084706063991224,1.0125291955657505,1.0164697728701892,1.0239964539012558,1.0310500499466113
2012-02-24 00:00:00+00:00,1.0042941500906772,1.0084706063991224,1.0125291955657505,1.0164697728701892,1.0239964539012558,1.0310500499466113
2012-02-25 00:00:00+00:00,1.0042941500906772,1.0084706063991224,1.0125291955657505,1.0164697728701892,1.0239964539012558,1.0310500499466113
2012-02-26 00:00:00+00:00,1.0042941500906772,1.0084706063991224,1.0125291955657505,1.0164697728701892,1.0239964539012558,1.0310500499466113
2012-02-27 00:00:00+00:00,1.0042941500906772,1.0084706063991224,1.0125291955657505,1.0164697728701892,1.0239964539012558,1.0310500499466113
2012-02-28 00:00:00+00:00,1.0042941500906772,1.0084706063991224,1.0125291955657505,1.0164697728701892,1.0239964539012558,1.0310500499466113
2012-02-29 00:00:00+00:00,1.0042941500906772,1.0084706063991224,1.0125291955657505,1.0164697728701892,1.0239964539012558,1.0310500499466113
2012-03-01 00:00:00+00:00,1.0042941500906772,1.0084706063991224,1.0125291955657505,1.0164697728701892,1.0239964539012558,1.0310500499466113
2012-03-02 00:00:00+00:00,1.0042941500906772,1.0084706063991224,1.0125291955657505,1.0164697728701892,1.0239964539012558,1.0310500499466113
2012-03-03 00:00:00+00:00,1.0042941500906772,1.0084706063991224,1.0125291955657505,1.0164697728701892,1.0239964539012558,1.0310500499466113
2012-03-04 00:00:00+00:00,1.0042941500906772,1.0084706063991224,1.0125291955657505,1.0164697728701892,1.0239964539012558,1.0310500499466113
2012-03-05 00:00:00+00:00,1.0042941500906772,1.0084706063991224,1.0125291955657505,1.0164697728701892,1.0239964539012558,1.0310500499466113
2012-03-06 00:00:00+00:00,1.0042941500906772,1.0084706063991224,1.0125291955657505,1.0164697728701892,1.0239964539012558,1.0310500499466113
2012-03-07 00:00:00+00:00,1.0042941500906772,1.0084706063991224,1.0125291955657505,1.0164697728701892,1.0239964539012558,1.0310500499466113
2012-03-08 00:00:00+00:00,1.0042941500906772,1.0084706063991224,1.0125291955657505,1.0164697728701892,1.0239964539012558,1.0310500499466113
2012-03-09 00:00:00+00:00,1.0042941500906772,1.0084706063991224,1.0125291955657505,1.0164697728701892,1.0239964539012558,1.0310500499466113
2012-03-10 00:00:00+00:00,1.0042941500906772,1.0084706063991224,1.0125291955657505,1.0164697728701892,1.0239964539012558,1.0310500499466113
2012-03-11 00:00:00+00:00,1.0042941500906772,1.0084706063991224,1.0125291955657505,1.0164697728701892,1.0239964539012558,1.0310500499466113
2012-03-12 00:00:00+00:00,1.0042941500906772,1.0084706063991224,1.0125291955657505,1.0164697728701892,1.0239964539012558,1.0310500499466113
2012-03-13 00:00:00+00:00,1.0042941500906772,1.0084706063991224,1.0125291955657505,1.0164697728701892,1.0239964539012558,1.0310500499466113
2012-03-14 00:00:00+00:00,1.0042941500906772,1.0084706063991224,1.0125291955657505,1.0164697728701892,1.0239964539012558,1.0310500499466113
2012-03-15 00:00:00+00:00,1.0042941500906772,1.0084706063991224,1.0125291955657505,1.0164697728701892,1.0239964539012558,1.0310500499466113
2012-03-16 00:00:00+00:00,1.0042941500906772,1.0084706063991224,1.0125291955657505,1.0164697728701892,1.0239964539012558,1.0310500499466113
2012-03-17 00:00:00+00:00,1.0042941500906772,1.0084706063991224,1.0125291955657505,1.0164697728701892,1.0239964539012558,1.0310500499466113
2012-03-18 00:00:00+00:00,1.0042941500906772,1.0084706063991224,1.0125291955657505,1.0164697728701892,1.0239964539012558,1.0310500499466113
2012-03-19 00:00:00+00:00,1.0042941500906772,1.0084706063991224,1.0125291955657505,1.0164697728701892,1.0239964539012558,1.0310500499466113
2012-03-20 00:00:00+00:00,1.0042941500906772,1.0084706063991224,1.0125291955657505,1.0164697728701892,1.0239964539012558,1.0310500499466113
2012-03-21 00:00:00+00:00,1.0042941500906772,1.0084706063991224,1.0125291955657505,1.0164697728701892,1.0239964539012558,1.0310500499466113
2012-03-22 00:00:00+00:00,1.0042941500906772,1.0084706063991224,1.0125291955657505,1.0164697728701892,1.0239964539012558,1.0310500499466113
2012-03-23 00:00:00+00:00,1.0042941500906772,1.0084706063991224,1.0125291955657505,1.0164697728701892,1.0239964539012558,1.0310500499466113
2012-03-24 00:00:00+00:00,1.0042941500906772,1.0084706063991224,1.0125291955657505,1.0164697728701892,1.0239964539012558,1.0310500499466113
2012-03-25 00:00:00+00:00,1.0042941500906772,1.0084706063991224,1.0125291955657505,1.0164697728701892,1.0239964539012558,1.0310500499466113
2012-03-26 00:00:00+00:00,1.0042941500906772,1.0084706063991224,1.0125291955657505,1.0164697728701892,1.0239964539012558,1.0310500499466113
2012-03-27 00:00:00+00:00,1.0042941500906772,1.0084706063991224,1.0125291955657505,1.0164697728701892,1.0239964539012558,1.0310500499466113
2012-03-28 00:00:00+00:00,1.0042941500906772,1.0084706063991224,1.0125291955657505,1.0164697728701892,1.0239964539012558,1.0310500499466113
2012-03-29 00:00:00+00:00,1.0042941500906772,1.0084706063991224,1.0125291955657505,1.0164697728701892,1.0239964539012558,1.0310500499466113
2012-03-30 00:00:00+00:00,1.0042941500906772,1.0084706063991224,1.0125291955657505,1.0164697728701892,1.0239964539012558,1.0310500499466113
2012-03-31 00:00:00+00:00,1.0042941500906772,1.0084706063991224,1.0125291955657505,1.0164697728701892,1.0239964539012558,1.0310500499466113
2012-04-01 00:00:00+00:00,1.0042941500906772,1.0084706063991224,1.0125291955657505,1.0164697728701892,1.0239964539012558,1.0310500499466113
2012-04-02 00:00:00+00:00,1.0042941500906772,1.0084706063991224,1.0125291955657505,1.0164697728701892,1.0239964539012558,1.0310500499466113
2012-04-03 00:00:00+00:00,1.0042941500906772,1.0084706063991224,1.0125291955657505,1.0164697728701892,1.0239964539012558,1.0310500499466113
2012-04-04 00:00:00+00:00,1.0042941500906772,1.0084706063991224,1.0125291955657505,1.0164697728701892,1.0239964539012558,1.0310500499466113
2012-04-05 00:00:00+00:00,1.0042941500906772,1.0084706063991224,1.0125291955657505,1.0164697728701892,1.0239964539012558,1.0310500499466113
2012-04-06 00:00:00+00:00,1.0042941500906772,1.0084706063991224,1.0125291955657505,1.0164697728701892,1.0239964539012558,1.0310500499466113
2012-04-07 00:00:00+00:00,1.0042941500906772,1.0084706063991224,1.0125291955657505,1.0164697728701892,1.0239964539012558,1.0310500499466113
2012-04-08 00:00:00+00:00,1.0042941500906772,1.0084706063991224,1.0125291955657505,1.0164697728701892,1.0239964539012558,1.0310500499466113
2012-04-09 00:00:00+00:00,1.0042941500906772,1.0084706063991224,1.0125291955657505,1.0164697728701892,1.0239964539012558,1.0310500499466113
2012-04-10 00:00:00+00:00,1.0042941500906772,1.0084706063991224,1.0125291955657505,1.0164697728701892,1.0239964539012558,1.0310500499466113
2012-04-11 00:00:00+00:00,1.0042941500906772,1.0084706063991224,1.0125291955657505,1.0164697728701892,1.0239964539012558,1.0310500499466113
2012-04-12 00:00:00+00:00,1.0042941500906772,1.0084706063991224,1.0125291955657505,1.0164697728701892,1.0239964539012558,1.0310500499466113
2012-04-13 00:00:00+00:00,1.0016863136775718,1.0032332436828773,1.0046415348481503,1.005911962148012,1.0080424712610103,1.0096315453083669
2012-04-14 00:00:00+00:00,1.0016863136775718,1.0032332436828773,1.0046415348481503,1.005911962148012,1.0080424712610103,1.0096315453083669
2012-04-15 00:00:00+00:00,1.0016863136775718,1.0032332436828773,1.0046415348481503,1.005911962148012,1.0080424712610103,1.0096315453083669
2012-04-16 00:00:00+00:00,1.0016863136775718,1.0032332436828773,1.0046415348481503,1.005911962148012,1.0080424712610103,1.0096315453083669
2012-04-17 00:00:00+00:00,1.0016863136775718,1.0032332436828773,1.0046415348481503,1.005911962148012,1.0080424712610103,1.0096315453083669
2012-04-18 00:00:00+00:00,1.0016863136775718,1.0032332436828773,1.0046415348481503,1.005911962148012,1.0080424712610103,1.0096315453083669
2012-04-19 00:00:00+00:00,1.0016863136775718,1.0032332436828773,1.0046415348481503,1.005911962148012,1.0080424712610103,1.0096315453083669
2012-04-20 00:00:00+00:00,1.0016863136775718,1.0032332436828773,1.0046415348481503,1.005911962148012,1.0080424712610103,1.0096315453083669
2012-04-21 00:00:00+00:00,1.0016863136775718,1.0032332436828773,1.0046415348481503,1.005911962148012,1.0080424712610103,1.0096315453083669
2012-04-22 00:00:00+00:00,1.0016863136775718,1.0032332436828773,1.0046415348481503,1.005911962148012,1.0080424712610103,1.0096315453083669
2012-04-23 00:00:00+00:00,1.0016863136775718,1.0032332436828773,1.0046415348481503,1.005911962148012,1.0080424712610103,1.0096315453083669
2012-04-24 00:00:00+00:00,1.0016863136775718,1.0032332436828773,1.0046415348481503,1.005911962148012,1.0080424712610103,1.0096315453083669
2012-04-25 00:00:00+00:00,1.0016863136775718,1.0032332436828773,1.0046415348481503,1.005911962148012,1.0080424712610103,1.0096315453083669
2012-04-26 00:00:00+00:00,1.0016863136775718,1.0032332436828773,1.0046415348481503,1.005911962148012,1.0080424712610103,1.0096315453083669
2012-04-27 00:00:00+00:00,1.0016863136775718,1.0032332436828773,1.0046415348481503,1.005911962148012,1.0080424712610103,1.0096315453083669
2012-04-28 00:00:00+00:00,1.0016863136775718,1.0032332436828773,1.0046415348481503,1.005911962148012,1.0080424712610103,1.0096315453083669
2012-04-29 00:00:00+00:00,1.0016863136775718,1.0032332436828773,1.0046415348481503,1.005911962148012,1.0080424712610103,1.0096315453083669
2012-04-30 00:00:00+00:00,0.9990575633991033,0.9979676238322519,0.9967320176317361,0.9953526031370931,0.9921698858566635,0.9884347361305649
2012-05-01 00:00:00+00:00,0.9990575633991033,0.9979676238322519,0.9967320176317361,0.9953526031370931,0.9921698858566635,0.9884347361305649
2012-05-02 00:00:00+00:00,0.9990575633991033,0.9979676238322519,0.9967320176317361,0.9953526031370931,0.9921698858566635,0.9884347361305649
2012-05-03 00:00:00+00:00,0.9990575633991033,0.9979676238322519,0.9967320176317361,0.9953526031370931,0.9921698858566635,0.9884347361305649
2012-05-04 00:00:00+00:00,0.9990575633991033,0.9979676238322519,0.9967320176317361,0.9953526031370931,0.9921698858566635,0.9884347361305649
2012-05-05 00:00:00+00:00,0.9990575633991033,0.9979676238322519,0.9967320176317361,0.9953526031370931,0.9921698858566635,0.9884347361305649
2012-05-06 00:00:00+00:00,0.9990575633991033,0.9979676238322519,0.9967320176317361,0.9953526031370931,0.9921698858566635,0.9884347361305649
2012-05-07 00:00:00+00:00,0.9990575633991033,0.9979676238322519,0.9967320176317361,0.9953526031370931,0.9921698858566635,0.9884347361305649
2012-05-08 00:00:00+00:00,0.9990575633991033,0.9979676238322519,0.9967320176317361,0.9953526031370931,0.9921698858566635,0.9884347361305649
2012-05-09 00:00:00+00:00,0.9990575633991033,0.9979676238322519,0.9967320176317361,0.9953526031370931,0.9921698858566635,0.9884347361305649
2012-05-10 00:00:00+00:00,0.9990575633991033,0.9979676238322519,0.9967320176317361,0.9953526031370931,0.9921698858566635,0.9884347361305649
2012-05-11 00:00:00+00:00,0.9990575633991033,0.9979676238322519,0.9967320176317361,0.9953526031370931,0.9921698858566635,0.9884347361305649
2012-05-12 00:00:00+00:00,0.9990575633991033,0.9979676238322519,0.9967320176317361,0.9953526031370931,0.9921698858566635,0.9884347361305649
2012-05-13 00:00:00+00:00,0.9990575633991033,0.9979676238322519,0.9967320176317361,0.9953526031370931,0.9921698858566635,0.9884347361305649
2012-05-14 00:00:00+00:00,0.9990575633991033,0.9979676238322519,0.9967320176317361,0.9953526031370931,0.9921698858566635,0.9884347361305649
2012-05-15 00:00:00+00:00,0.9990575633991033,0.9979676238322519,0.9967320176317361,0.9953526031370931,0.9921698858566635,0.9884347361305649
2012-05-16 00:00:00+00:00,0.9990575633991033,0.9979676238322519,0.9967320176317361,0.9953526031370931,0.9921698858566635,0.9884347361305649
2012-05-17 00:00:00+00:00,0.9990575633991033,0.9979676238322519,0.9967320176317361,0.9953526031370931,0.9921698858566635,0.9884347361305649
2012-05-18 00:00:00+00:00,0.9990575633991033,0.9979676238322519,0.9967320176317361,0.9953526031370931,0.9921698858566635,0.9884347361305649
2012-05-19 00:00:00+00:00,0.9990575633991033,0.9979676238322519,0.9967320176317361,0.9953526031370931,0.9921698858566635,0.9884347361305649
2012-05-20 00:00:00+00:00,0.9990575633991033,0.9979676238322519,0.9967320176317361,0.9953526031370931,0.9921698858566635,0.9884347361305649
2012-05-21 00:00:00+00:00,0.9990575633991033,0.9979676238322519,0.9967320176317361,0.9953526031370931,0.9921698858566635,0.9884347361305649
2012-05-22 00:00:00+00:00,0.9990575633991033,0.9979676238322519,0.9967320176317361,0.9953526031370931,0.9921698858566635,0.9884347361305649
2012-05-23 00:00:00+00:00,0.9990575633991033,0.9979676238322519,0.9967320176317361,0.9953526031370931,0.9921698858566635,0.9884347361305649
2012-05-24 00:00:00+00:00,0.9990575633991033,0.9979676238322519,0.9967320176317361,0.9953526031370931,0.9921698858566635,0.9884347361305649
2012-05-25 00:00:00+00:00,0.9990575633991033,0.9979676238322519,0.9967320176317361,0.9953526031370931,0.9921698858566635,0.9884347361305649
2012-05-26 00:00:00+00:00,0.9990575633991033,0.9979676238322519,0.9967320176317361,0.9953526031370931,0.9921698858566635,0.9884347361305649
2012-05-27 00:00:00+00:00,0.9990575633991033,0.9979676238322519,0.9967320176317361,0.9953526031370931,0.9921698858566635,0.9884347361305649
2012-05-28 00:00:00+00:00,0.9990575633991033,0.9979676238322519,0.9967320176317361,0.9953526031370931,0.9921698858566635,0.9884347361305649
2012-05-29 00:00:00+00:00,0.9990575633991033,0.9979676238322519,0.9967320176317361,0.9953526031370931,0.9921698858566635,0.9884347361305649
2012-05-30 00:00:00+00:00,0.9990575633991033,0.9979676238322519,0.9967320176317361,0.9953526031370931,0.9921698858566635,0.9884347361305649
2012-05-31 00:00:00+00:00,0.9990575633991033,0.9979676238322519,0.9967320176317361,0.9953526031370931,0.9921698858566635,0.9884347361305649
2012-06-01 00:00:00+00:00,0.9990575633991033,0.9979676238322519,0.9967320176317361,0.9953526031370931,0.9921698858566635,0.9884347361305649
2012-06-02 00:00:00+00:00,0.9990575633991033,0.9979676238322519,0.9967320176317361,0.9953526031370931,0.9921698858566635,0.9884347361305649
2012-06-03 00:00:00+00:00,0.9990575633991033,0.9979676238322519,0.9967320176317361,0.9953526031370931,0.9921698858566635,0.9884347361305649
2012-06-04 00:00:00+00:00,0.9990015668168317,0.9978557528486378,0.9965644189212931,0.995129447451284,0.9918362226644143,0.9879915266975989
2012-06-05 00:00:00+00:00,0.9990015668168317,0.9978557528486378,0.9965644189212931,0.995129447451284,0.9918362226644143,0.9879915266975989
2012-06-06 00:00:00+00:00,0.9964263148118553,0.9927111562562845,0.9888575105344742,0.9848683660280555,0.9764955366883341,0.9676165663808908
2012-06-07 00:00:00+00:00,0.9964263148118553,0.9927111562562845,0.9888575105344742,0.9848683660280555,0.9764955366883341,0.9676165663808908
2012-06-08 00:00:00+00:00,0.9964263148118553,0.9927111562562845,0.9888575105344742,0.9848683660280555,0.9764955366883341,0.9676165663808908
2012-06-09 00:00:00+00:00,0.9964263148118553,0.9927111562562845,0.9888575105344742,0.9848683660280555,0.9764955366883341,0.9676165663808908
2012-06-10 00:00:00+00:00,0.9964263148118553,0.9927111562562845,0.9888575105344742,0.9848683660280555,0.9764955366883341,0.9676165663808908
2012-06-11 00:00:00+00:00,0.9964263148118553,0.9927111562562845,0.9888575105344742,0.9848683660280555,0.9764955366883341,0.9676165663808908
2012-06-12 00:00:00+00:00,0.9964263148118553,0.9927111562562845,0.9888575105344742,0.9848683660280555,0.9764955366883341,0.9676165663808908
2012-06-13 00:00:00+00:00,0.9964263148118553,0.9927111562562845,0.9888575105344742,0.9848683660280555,0.9764955366883341,0.9676165663808908
2012-06-14 00:00:00+00:00,0.9964263148118553,0.9927111562562845,0.9888575105344742,0.9848683660280555,0.9764955366883341,0.9676165663808908
2012-06-15 00:00:00+00:00,0.9964263148118553,0.9927111562562845,0.9888575105344742,0.9848683660280555,0.9764955366883341,0.9676165663808908
2012-06-16 00:00:00+00:00,0.9964263148118553,0.9927111562562845,0.9888575105344742,0.9848683660280555,0.9764955366883341,0.9676165663808908
2012-06-17 00:00:00+00:00,0.9964263148118553,0.9927111562562845,0.9888575105344742,0.9848683660280555,0.9764955366883341,0.9676165663808908
2012-06-18 00:00:00+00:00,0.9963549810915597,0.9925690207488174,0.9886451349156651,0.9845863408606915,0.9760760953802402,0.9670623964359705
2012-06-19 00:00:00+00:00,0.9963549810915597,0.9925690207488174,0.9886451349156651,0.9845863408606915,0.9760760953802402,0.9670623964359705
2012-06-20 00:00:00+00:00,0.9963549810915597,0.9925690207488174,0.9886451349156651,0.9845863408606915,0.9760760953802402,0.9670623964359705
2012-06-21 00:00:00+00:00,0.9963549810915597,0.9925690207488174,0.9886451349156651,0.9845863408606915,0.9760760953802402,0.9670623964359705
2012-06-22 00:00:00+00:00,0.9963549810915597,0.9925690207488174,0.9886451349156651,0.9845863408606915,0.9760760953802402,0.9670623964359705
2012-06-23 00:00:00+00:00,0.9963549810915597,0.9925690207488174,0.9886451349156651,0.9845863408606915,0.9760760953802402,0.9670623964359705
2012-06-24 00:00:00+00:00,0.9963549810915597,0.9925690207488174,0.9886451349156651,0.9845863408606915,0.9760760953802402,0.9670623964359705
2012-06-25 00:00:00+00:00,0.9963549810915597,0.9925690207488174,0.9886451349156651,0.9845863408606915,0.9760760953802402,0.9670623964359705
2012-06-26 00:00:00+00:00,0.9963549810915597,0.9925690207488174,0.9886451349156651,0.9845863408606915,0.9760760953802402,0.9670623964359705
2012-06-27 00:00:00+00:00,0.9963549810915597,0.9925690207488174,0.9886451349156651,0.9845863408606915,0.9760760953802402,0.9670623964359705
2012-06-28 00:00:00+00:00,0.9963549810915597,0.9925690207488174,0.9886451349156651,0.9845863408606915,0.9760760953802402,0.9670623964359705
2012-06-29 00:00:00+00:00,0.9963549810915597,0.9925690207488174,0.9886451349156651,0.9845863408606915,0.9760760953802402,0.9670623964359705
2012-06-30 00:00:00+00:00,0.9963549810915597,0.9925690207488174,0.9886451349156651,0.9845863408606915,0.9760760953802402,0.9670623964359705
2012-07-01 00:00:00+00:00,0.9963549810915597,0.9925690207488174,0.9886451349156651,0.9845863408606915,0.9760760953802402,0.9670623964359705
2012-07-02 00:00:00+00:00,0.9962792039529258,0.9924180423491176,0.9884195626019715,0.9842868125316746,0.9756306863342641,0.9664740019567085
2012-07-03 00:00:00+00:00,0.9962792039529258,0.9924180423491176,0.9884195626019715,0.9842868125316746,0.9756306863342641,0.9664740019567085
2012-07-04 00:00:00+00:00,0.9962792039529258,0.9924180423491176,0.9884195626019715,0.9842868125316746,0.9756306863342641,0.9664740019567085
2012-07-05 00:00:00+00:00,0.9962792039529258,0.9924180423491176,0.9884195626019715,0.9842868125316746,0.9756306863342641,0.9664740019567085
2012-07-06 00:00:00+00:00,0.9962792039529258,0.9924180423491176,0.9884195626019715,0.9842868125316746,0.9756306863342641,0.9664740019567085
2012-07-07 00:00:00+00:00,0.9962792039529258,0.9924180423491176,0.9884195626019715,0.9842868125316746,0.9756306863342641,0.9664740019567085
2012-07-08 00:00:00+00:00,0.9962792039529258,0.9924180423491176,0.9884195626019715,0.9842868125316746,0.9756306863342641,0.9664740019567085
2012-07-09 00:00:00+00:00,0.9962792039529258,0.9924180423491176,0.9884195626019715,0.9842868125316746,0.9756306863342641,0.9664740019567085
2012-07-10 00:00:00+00:00,0.9962792039529258,0.9924180423491176,0.9884195626019715,0.9842868125316746,0.9756306863342641,0.9664740019567085
2012-07-11 00:00:00+00:00,0.9962792039529258,0.9924180423491176,0.9884195626019715,0.9842868125316746,0.9756306863342641,0.9664740019567085
2012-07-12 00:00:00+00:00,0.9962792039529258,0.9924180423491176,0.9884195626019715,0.9842868125316746,0.9756306863342641,0.9664740019567085
2012-07-13 00:00:00+00:00,0.9962792039529258,0.9924180423491176,0.9884195626019715,0.9842868125316746,0.9756306863342641,0.9664740019567085
2012-07-14 00:00:00+00:00,0.9962792039529258,0.9924180423491176,0.9884195626019715,0.9842868125316746,0.9756306863342641,0.9664740019567085
2012-07-15 00:00:00+00:00,0.9962792039529258,0.9924180423491176,0.9884195626019715,0.9842868125316746,0.9756306863342641,0.9664740019567085
2012-07-16 00:00:00+00:00,0.9962792039529258,0.9924180423491176,0.9884195626019715,0.9842868125316746,0.9756306863342641,0.9664740019567085
2012-07-17 00:00:00+00:00,0.9962792039529258,0.9924180423491176,0.9884195626019715,0.9842868125316746,0.9756306863342641,0.9664740019567085
2012-07-18 00:00:00+00:00,0.9962792039529258,0.9924180423491176,0.9884195626019715,0.9842868125316746,0.9756306863342641,0.9664740019567085
2012-07-19 00:00:00+00:00,0.9962792039529258,0.9924180423491176,0.9884195626019715,0.9842868125316746,0.9756306863342641,0.9664740019567085
2012-07-20 00:00:00+00:00,0.9962792039529258,0.9924180423491176,0.9884195626019715,0.9842868125316746,0.9756306863342641,0.9664740019567085
2012-07-21 00:00:00+00:00,0.9962792039529258,0.9924180423491176,0.9884195626019715,0.9842868125316746,0.9756306863342641,0.9664740019567085
2012-07-22 00:00:00+00:00,0.9962792039529258,0.9924180423491176,0.9884195626019715,0.9842868125316746,0.9756306863342641,0.9664740019567085
2012-07-23 00:00:00+00:00,0.9962792039529258,0.9924180423491176,0.9884195626019715,0.9842868125316746,0.9756306863342641,0.9664740019567085
2012-07-24 00:00:00+00:00,0.9962792039529258,0.9924180423491176,0.9884195626019715,0.9842868125316746,0.9756306863342641,0.9664740019567085
2012-07-25 00:00:00+00:00,0.9962792039529258,0.9924180423491176,0.9884195626019715,0.9842868125316746,0.9756306863342641,0.9664740019567085
2012-07-26 00:00:00+00:00,1.0036459124143262,1.0070943587086532,1.0103453402143419,1.0133989488145658,1.0189148589057926,1.0236445796798144
2012-07-27 00:00:00+00:00,1.0036459124143262,1.0070943587086532,1.0103453402143419,1.0133989488145658,1.0189148589057926,1.0236445796798144
2012-07-28 00:00:00+00:00,1.0036459124143262,1.0070943587086532,1.0103453402143419,1.0133989488145658,1.0189148589057926,1.0236445796798144
2012-07-29 00:00:00+00:00,1.0036459124143262,1.0070943587086532,1.0103453402143419,1.0133989488145658,1.0189148589057926,1.0236445796798144
2012-07-30 00:00:00+00:00,1.0036459124143262,1.0070943587086532,1.0103453402143419,1.0133989488145658,1.0189148589057926,1.0236445796798144
2012-07-31 00:00:00+00:00,1.0036459124143262,1.0070943587086532,1.0103453402143419,1.0133989488145658,1.0189148589057926,1.0236445796798144
2012-08-01 00:00:00+00:00,1.0036459124143262,1.0070943587086532,1.0103453402143419,1.0133989488145658,1.0189148589057926,1.0236445796798144
2012-08-02 00:00:00+00:00,1.0036459124143262,1.0070943587086532,1.0103453402143419,1.0133989488145658,1.0189148589057926,1.0236445796798144
2012-08-03 00:00:00+00:00,1.0036459124143262,1.0070943587086532,1.0103453402143419,1.0133989488145658,1.0189148589057926,1.0236445796798144
2012-08-04 00:00:00+00:00,1.0036459124143262,1.0070943587086532,1.0103453402143419,1.0133989488145658,1.0189148589057926,1.0236445796798144
2012-08-05 00:00:00+00:00,1.0036459124143262,1.0070943587086532,1.0103453402143419,1.0133989488145658,1.0189148589057926,1.0236445796798144
2012-08-06 00:00:00+00:00,1.0036459124143262,1.0070943587086532,1.0103453402143419,1.0133989488145658,1.0189148589057926,1.0236445796798144
2012-08-07 00:00:00+00:00,1.0036459124143262,1.0070943587086532,1.0103453402143419,1.0133989488145658,1.0189148589057926,1.0236445796798144
2012-08-08 00:00:00+00:00,1.0036459124143262,1.0070943587086532,1.0103453402143419,1.0133989488145658,1.0189148589057926,1.0236445796798144
2012-08-09 00:00:00+00:00,1.0036459124143262,1.0070943587086532,1.0103453402143419,1.0133989488145658,1.0189148589057926,1.0236445796798144
2012-08-10 00:00:00+00:00,1.0036459124143262,1.0070943587086532,1.0103453402143419,1.0133989488145658,1.0189148589057926,1.0236445796798144
2012-08-11 00:00:00+00:00,1.0036459124143262,1.0070943587086532,1.0103453402143419,1.0133989488145658,1.0189148589057926,1.0236445796798144
2012-08-12 00:00:00+00:00,1.0036459124143262,1.0070943587086532,1.0103453402143419,1.0133989488145658,1.0189148589057926,1.0236445796798144
2012-08-13 00:00:00+00:00,1.0010092964570034,1.001803008395048,1.0023826933880093,1.0027499985960524,1.0028544905453107,1.002131353949291
2012-08-14 00:00:00+00:00,1.0010092964570034,1.001803008395048,1.0023826933880093,1.0027499985960524,1.0028544905453107,1.002131353949291
2012-08-15 00:00:00+00:00,1.0010092964570034,1.001803008395048,1.0023826933880093,1.0027499985960524,1.0028544905453107,1.002131353949291
2012-08-16 00:00:00+00:00,1.0010092964570034,1.001803008395048,1.0023826933880093,1.0027499985960524,1.0028544905453107,1.002131353949291
2012-08-17 00:00:00+00:00,1.0010092964570034,1.001803008395048,1.0023826933880093,1.0027499985960524,1.0028544905453107,1.002131353949291
2012-08-18 00:00:00+00:00,1.0010092964570034,1.001803008395048,1.0023826933880093,1.0027499985960524,1.0028544905453107,1.002131353949291
2012-08-19 00:00:00+00:00,1.0010092964570034,1.001803008395048,1.0023826933880093,1.0027499985960524,1.0028544905453107,1.002131353949291
2012-08-20 00:00:00+00:00,1.0010092964570034,1.001803008395048,1.0023826933880093,1.0027499985960524,1.0028544905453107,1.002131353949291
2012-08-21 00:00:00+00:00,1.0010092964570034,1.001803008395048,1.0023826933880093,1.0027499985960524,1.0028544905453107,1.002131353949291
2012-08-22 00:00:00+00:00,1.0083584767590739,1.016513023500623,1.02446048378853,1.0321978391452526,1.0470308543044362,1.0609906994726432
2012-08-23 00:00:00+00:00,1.0083584767590739,1.016513023500623,1.02446048378853,1.0321978391452526,1.0470308543044362,1.0609906994726432
2012-08-24 00:00:00+00:00,1.0083584767590739,1.016513023500623,1.02446048378853,1.0321978391452526,1.0470308543044362,1.0609906994726432
2012-08-25 00:00:00+00:00,1.0083584767590739,1.016513023500623,1.02446048378853,1.0321978391452526,1.0470308543044362,1.0609906994726432
2012-08-26 00:00:00+00:00,1.0083584767590739,1.016513023500623,1.02446048378853,1.0321978391452526,1.0470308543044362,1.0609906994726432
2012-08-27 00:00:00+00:00,1.0083584767590739,1.016513023500623,1.02446048378853,1.0321978391452526,1.0470308543044362,1.0609906994726432
2012-08-28 00:00:00+00:00,1.0083584767590739,1.016513023500623,1.02446048378853,1.0321978391452526,1.0470308543044362,1.0609906994726432
2012-08-29 00:00:00+00:00,1.0083584767590739,1.016513023500623,1.02446048378853,1.0321978391452526,1.0470308543044362,1.0609906994726432
2012-08-30 00:00:00+00:00,1.0083584767590739,1.016513023500623,1.02446048378853,1.0321978391452526,1.0470308543044362,1.0609906994726432
2012-08-31 00:00:00+00:00,1.0083584767590739,1.016513023500623,1.02446048378853,1.0321978391452526,1.0470308543044362,1.0609906994726432
2012-09-01 00:00:00+00:00,1.0083584767590739,1.016513023500623,1.02446048378853,1.0321978391452526,1.0470308543044362,1.0609906994726432
2012-09-02 00:00:00+00:00,1.0083584767590739,1.016513023500623,1.02446048378853,1.0321978391452526,1.0470308543044362,1.0609906994726432
2012-09-03 00:00:00+00:00,1.0083584767590739,1.016513023500623,1.02446048378853,1.0321978391452526,1.0470308543044362,1.0609906994726432
2012-09-04 00:00:00+00:00,1.0083584767590739,1.016513023500623,1.02446048378853,1.0321978391452526,1.0470308543044362,1.0609906994726432
2012-09-05 00:00:00+00:00,1.0083584767590739,1.016513023500623,1.02446048378853,1.0321978391452526,1.0470308543044362,1.0609906994726432
2012-09-06 00:00:00+00:00,1.0131372593800287,1.0261082418560457,1.0389059170152672,1.05152338434084,1.076190772626396,1.1000579853247248
2012-09-07 00:00:00+00:00,1.0131372593800287,1.0261082418560457,1.0389059170152672,1.05152338434084,1.076190772626396,1.1000579853247248
2012-09-08 00:00:00+00:00,1.0131372593800287,1.0261082418560457,1.0389059170152672,1.05152338434084,1.076190772626396,1.1000579853247248
2012-09-09 00:00:00+00:00,1.0131372593800287,1.0261082418560457,1.0389059170152672,1.05152338434084,1.076190772626396,1.1000579853247248
2012-09-10 00:00:00+00:00,1.0131372593800287,1.0261082418560457,1.0389059170152672,1.05152338434084,1.076190772626396,1.1000579853247248
2012-09-11 00:00:00+00:00,1.0131372593800287,1.0261082418560457,1.0389059170152672,1.05152338434084,1.076190772626396,1.1000579853247248
2012-09-12 00:00:00+00:00,1.0104685479606454,1.0207024851193125,1.0306961505929957,1.0404440861014044,1.059181966103376,1.076876626390467
2012-09-13 00:00:00+00:00,1.0104685479606454,1.0207024851193125,1.0306961505929957,1.0404440861014044,1.059181966103376,1.076876626390467
2012-09-14 00:00:00+00:00,1.0104685479606454,1.0207024851193125,1.0306961505929957,1.0404440861014044,1.059181966103376,1.076876626390467
2012-09-15 00:00:00+00:00,1.0104685479606454,1.0207024851193125,1.0306961505929957,1.0404440861014044,1.059181966103376,1.076876626390467
2012-09-16 00:00:00+00:00,1.0104685479606454,1.0207024851193125,1.0306961505929957,1.0404440861014044,1.059181966103376,1.076876626390467
2012-09-17 00:00:00+00:00,1.0104685479606454,1.0207024851193125,1.0306961505929957,1.0404440861014044,1.059181966103376,1.076876626390467
2012-09-18 00:00:00+00:00,1.0104685479606454,1.0207024851193125,1.0306961505929957,1.0404440861014044,1.059181966103376,1.076876626390467
2012-09-19 00:00:00+00:00,1.0104685479606454,1.0207024851193125,1.0306961505929957,1.0404440861014044,1.059181966103376,1.076876626390467
2012-09-20 00:00:00+00:00,1.0104685479606454,1.0207024851193125,1.0306961505929957,1.0404440861014044,1.059181966103376,1.076876626390467
2012-09-21 00:00:00+00:00,1.0104685479606454,1.0207024851193125,1.0306961505929957,1.0404440861014044,1.059181966103376,1.076876626390467
2012-09-22 00:00:00+00:00,1.0104685479606454,1.0207024851193125,1.0306961505929957,1.0404440861014044,1.059181966103376,1.076876626390467
2012-09-23 00:00:00+00:00,1.0104685479606454,1.0207024851193125,1.0306961505929957,1.0404440861014044,1.059181966103376,1.076876626390467
2012-09-24 00:00:00+00:00,1.0104685479606454,1.0207024851193125,1.0306961505929957,1.0404440861014044,1.059181966103376,1.076876626390467
2012-09-25 00:00:00+00:00,1.0104685479606454,1.0207024851193125,1.0306961505929957,1.0404440861014044,1.059181966103376,1.076876626390467
2012-09-26 00:00:00+00:00,1.0104685479606454,1.0207024851193125,1.0306961505929957,1.0404440861014044,1.059181966103376,1.076876626390467
2012-09-27 00:00:00+00:00,1.0104685479606454,1.0207024851193125,1.0306961505929957,1.0404440861014044,1.059181966103376,1.076876626390467
2012-09-28 00:00:00+00:00,1.0078296898917676,1.0153713167336824,1.0226211020651332,1.029575527045841,1.04258552151357,1.054378354035753
2012-09-29 00:00:00+00:00,1.0078296898917676,1.0153713167336824,1.0226211020651332,1.029575527045841,1.04258552151357,1.054378354035753
2012-09-30 00:00:00+00:00,1.0078296898917676,1.0153713167336824,1.0226211020651332,1.029575527045841,1.04258552151357,1.054378354035753
2012-10-01 00:00:00+00:00,1.0078296898917676,1.0153713167336824,1.0226211020651332,1.029575527045841,1.04258552151357,1.054378354035753
2012-10-02 00:00:00+00:00,1.0078296898917676,1.0153713167336824,1.0226211020651332,1.029575527045841,1.04258552151357,1.054378354035753
2012-10-03 00:00:00+00:00,1.0078296898917676,1.0153713167336824,1.0226211020651332,1.029575527045841,1.04258552151357,1.054378354035753
2012-10-04 00:00:00+00:00,1.0078296898917676,1.0153713167336824,1.0226211020651332,1.029575527045841,1.04258552151357,1.054378354035753
2012-10-05 00:00:00+00:00,1.0078296898917676,1.0153713167336824,1.0226211020651332,1.029575527045841,1.04258552151357,1.054378354035753
2012-10-06 00:00:00+00:00,1.0078296898917676,1.0153713167336824,1.0226211020651332,1.029575527045841,1.04258552151357,1.054378354035753
2012-10-07 00:00:00+00:00,1.0078296898917676,1.0153713167336824,1.0226211020651332,1.029575527045841,1.04258552151357,1.054378354035753
2012-10-08 00:00:00+00:00,1.0078296898917676,1.0153713167336824,1.0226211020651332,1.029575527045841,1.04258552151357,1.054378354035753
2012-10-09 00:00:00+00:00,1.0078296898917676,1.0153713167336824,1.0226211020651332,1.029575527045841,1.04258552151357,1.054378354035753
2012-10-10 00:00:00+00:00,1.0078296898917676,1.0153713167336824,1.0226211020651332,1.029575527045841,1.04258552151357,1.054378354035753
2012-10-11 00:00:00+00:00,1.0078296898917676,1.0153713167336824,1.0226211020651332,1.029575527045841,1.04258552151357,1.054378354035753
2012-10-12 00:00:00+00:00,1.0078296898917676,1.0153713167336824,1.0226211020651332,1.029575527045841,1.04258552151357,1.054378354035753
2012-10-13 00:00:00+00:00,1.0078296898917676,1.0153713167336824,1.0226211020651332,1.029575527045841,1.04258552151357,1.054378354035753
2012-10-14 00:00:00+00:00,1.0078296898917676,1.0153713167336824,1.0226211020651332,1.029575527045841,1.04258552151357,1.054378354035753
2012-10-15 00:00:00+00:00,1.0078296898917676,1.0153713167336824,1.0226211020651332,1.029575527045841,1.04258552151357,1.054378354035753
2012-10-16 00:00:00+00:00,1.0078296898917676,1.0153713167336824,1.0226211020651332,1.029575527045841,1.04258552151357,1.054378354035753
2012-10-17 00:00:00+00:00,1.0078296898917676,1.0153713167336824,1.0226211020651332,1.029575527045841,1.04258552151357,1.054378354035753
2012-10-18 00:00:00+00:00,1.0078296898917676,1.0153713167336824,1.0226211020651332,1.029575527045841,1.04258552151357,1.054378354035753
2012-10-19 00:00:00+00:00,1.0078296898917676,1.0153713167336824,1.0226211020651332,1.029575527045841,1.04258552151357,1.054378354035753
2012-10-20 00:00:00+00:00,1.0078296898917676,1.0153713167336824,1.0226211020651332,1.029575527045841,1.04258552151357,1.054378354035753
2012-10-21 00:00:00+00:00,1.0078296898917676,1.0153713167336824,1.0226211020651332,1.029575527045841,1.04258552151357,1.054378354035753
2012-10-22 00:00:00+00:00,1.0078296898917676,1.0153713167336824,1.0226211020651332,1.029575527045841,1.04258552151357,1.054378354035753
2012-10-23 00:00:00+00:00,1.0078296898917676,1.0153713167336824,1.0226211020651332,1.029575527045841,1.04258552151357,1.054378354035753
2012-10-24 00:00:00+00:00,1.0078296898917676,1.0153713167336824,1.0226211020651332,1.029575527045841,1.04258552151357,1.054378354035753
2012-10-25 00:00:00+00:00,1.0078296898917676,1.0153713167336824,1.0226211020651332,1.029575527045841,1.04258552151357,1.054378354035753
2012-10-26 00:00:00+00:00,1.0078296898917676,1.0153713167336824,1.0226211020651332,1.029575527045841,1.04258552151357,1.054378354035753
2012-10-27 00:00:00+00:00,1.0078296898917676,1.0153713167336824,1.0226211020651332,1.029575527045841,1.04258552151357,1.054378354035753
2012-10-28 00:00:00+00:00,1.0078296898917676,1.0153713167336824,1.0226211020651332,1.029575527045841,1.04258552151357,1.054378354035753
2012-10-29 00:00:00+00:00,1.0078296898917676,1.0153713167336824,1.0226211020651332,1.029575527045841,1.04258552151357,1.054378354035753
2012-10-30 00:00:00+00:00,1.0078296898917676,1.0153713167336824,1.0226211020651332,1.029575527045841,1.04258552151357,1.054378354035753
2012-10-31 00:00:00+00:00,1.0078296898917676,1.0153713167336824,1.0226211020651332,1.029575527045841,1.04258552151357,1.054378354035753
2012-11-01 00:00:00+00:00,1.0078296898917676,1.0153713167336824,1.0226211020651332,1.029575527045841,1.04258552151357,1.054378354035753
2012-11-02 00:00:00+00:00,1.0078296898917676,1.0153713167336824,1.0226211020651332,1.029575527045841,1.04258552151357,1.054378354035753
2012-11-03 00:00:00+00:00,1.0078296898917676,1.0153713167336824,1.0226211020651332,1.029575527045841,1.04258552151357,1.054378354035753
2012-11-04 00:00:00+00:00,1.0078296898917676,1.0153713167336824,1.0226211020651332,1.029575527045841,1.04258552151357,1.054378354035753
2012-11-05 00:00:00+00:00,1.0078296898917676,1.0153713167336824,1.0226211020651332,1.029575527045841,1.04258552151357,1.054378354035753
2012-11-06 00:00:00+00:00,1.0078296898917676,1.0153713167336824,1.0226211020651332,1.029575527045841,1.04258552151357,1.054378354035753
2012-11-07 00:00:00+00:00,1.0078296898917676,1.0153713167336824,1.0226211020651332,1.029575527045841,1.04258552151357,1.054378354035753
2012-11-08 00:00:00+00:00,1.0078296898917676,1.0153713167336824,1.0226211020651332,1.029575527045841,1.04258552151357,1.054378354035753
2012-11-09 00:00:00+00:00,1.0078296898917676,1.0153713167336824,1.0226211020651332,1.029575527045841,1.04258552151357,1.054378354035753
2012-11-10 00:00:00+00:00,1.0078296898917676,1.0153713167336824,1.0226211020651332,1.029575527045841,1.04258552151357,1.054378354035753
2012-11-11 00:00:00+00:00,1.0078296898917676,1.0153713167336824,1.0226211020651332,1.029575527045841,1.04258552151357,1.054378354035753
2012-11-12 00:00:00+00:00,1.0078296898917676,1.0153713167336824,1.0226211020651332,1.029575527045841,1.04258552151357,1.054378354035753
2012-11-13 00:00:00+00:00,1.0052204776665439,1.0101138426200797,1.014678583081891,1.0189134833338813,1.026390363249082,1.0325405620440775
2012-11-14 00:00:00+00:00,1.0052204776665439,1.0101138426200797,1.014678583081891,1.0189134833338813,1.026390363249082,1.0325405620440775
2012-11-15 00:00:00+00:00,1.0052204776665439,1.0101138426200797,1.014678583081891,1.0189134833338813,1.026390363249082,1.0325405620440775
2012-11-16 00:00:00+00:00,1.0052204776665439,1.0101138426200797,1.014678583081891,1.0189134833338813,1.026390363249082,1.0325405620440775
2012-11-17 00:00:00+00:00,1.0052204776665439,1.0101138426200797,1.014678583081891,1.0189134833338813,1.026390363249082,1.0325405620440775
2012-11-18 00:00:00+00:00,1.0052204776665439,1.0101138426200797,1.014678583081891,1.0189134833338813,1.026390363249082,1.0325405620440775
2012-11-19 00:00:00+00:00,1.0052204776665439,1.0101138426200797,1.014678583081891,1.0189134833338813,1.026390363249082,1.0325405620440775
2012-11-20 00:00:00+00:00,1.002576102972916,1.004799347855094,1.0066708163474833,1.008191899004128,1.0101899728113959,1.0108106097155953
2012-11-21 00:00:00+00:00,1.002576102972916,1.004799347855094,1.0066708163474833,1.008191899004128,1.0101899728113959,1.0108106097155953
2012-11-22 00:00:00+00:00,1.002576102972916,1.004799347855094,1.0066708163474833,1.008191899004128,1.0101899728113959,1.0108106097155953
2012-11-23 00:00:00+00:00,1.002576102972916,1.004799347855094,1.0066708163474833,1.008191899004128,1.0101899728113959,1.0108106097155953
2012-11-24 00:00:00+00:00,1.002576102972916,1.004799347855094,1.0066708163474833,1.008191899004128,1.0101899728113959,1.0108106097155953
2012-11-25 00:00:00+00:00,1.002576102972916,1.004799347855094,1.0066708163474833,1.008191899004128,1.0101899728113959,1.0108106097155953
2012-11-26 00:00:00+00:00,1.002576102972916,1.004799347855094,1.0066708163474833,1.008191899004128,1.0101899728113959,1.0108106097155953
2012-11-27 00:00:00+00:00,1.0024061584847155,1.0044587051639124,1.0061589006250857,1.0075083133659857,1.0091625622193874,1.0094398873037884
2012-11-28 00:00:00+00:00,1.0024061584847155,1.0044587051639124,1.0061589006250857,1.0075083133659857,1.0091625622193874,1.0094398873037884
2012-11-29 00:00:00+00:00,1.0024061584847155,1.0044587051639124,1.0061589006250857,1.0075083133659857,1.0091625622193874,1.0094398873037884
2012-11-30 00:00:00+00:00,1.0024061584847155,1.0044587051639124,1.0061589006250857,1.0075083133659857,1.0091625622193874,1.0094398873037884
2012-12-01 00:00:00+00:00,1.0024061584847155,1.0044587051639124,1.0061589006250857,1.0075083133659857,1.0091625622193874,1.0094398873037884
2012-12-02 00:00:00+00:00,1.0024061584847155,1.0044587051639124,1.0061589006250857,1.0075083133659857,1.0091625622193874,1.0094398873037884
2012-12-03 00:00:00+00:00,1.0024061584847155,1.0044587051639124,1.0061589006250857,1.0075083133659857,1.0091625622193874,1.0094398873037884
2012-12-04 00:00:00+00:00,1.0024061584847155,1.0044587051639124,1.0061589006250857,1.0075083133659857,1.0091625622193874,1.0094398873037884
2012-12-05 00:00:00+00:00,1.0024061584847155,1.0044587051639124,1.0061589006250857,1.0075083133659857,1.0091625622193874,1.0094398873037884
2012-12-06 00:00:00+00:00,1.0024061584847155,1.0044587051639124,1.0061589006250857,1.0075083133659857,1.0091625622193874,1.0094398873037884
2012-12-07 00:00:00+00:00,1.0024061584847155,1.0044587051639124,1.0061589006250857,1.0075083133659857,1.0091625622193874,1.0094398873037884
2012-12-08 00:00:00+00:00,1.0024061584847155,1.0044587051639124,1.0061589006250857,1.0075083133659857,1.0091625622193874,1.0094398873037884
2012-12-09 00:00:00+00:00,1.0024061584847155,1.0044587051639124,1.0061589006250857,1.0075083133659857,1.0091625622193874,1.0094398873037884
2012-12-10 00:00:00+00:00,1.0024061584847155,1.0044587051639124,1.0061589006250857,1.0075083133659857,1.0091625622193874,1.0094398873037884
2012-12-11 00:00:00+00:00,1.0024061584847155,1.0044587051639124,1.0061589006250857,1.0075083133659857,1.0091625622193874,1.0094398873037884
2012-12-12 00:00:00+00:00,1.0024061584847155,1.0044587051639124,1.0061589006250857,1.0075083133659857,1.0091625622193874,1.0094398873037884
2012-12-13 00:00:00+00:00,1.0024061584847155,1.0044587051639124,1.0061589006250857,1.0075083133659857,1.0091625622193874,1.0094398873037884
2012-12-14 00:00:00+00:00,1.0024061584847155,1.0044587051639124,1.0061589006250857,1.0075083133659857,1.0091625622193874,1.0094398873037884
2012-12-15 00:00:00+00:00,1.0024061584847155,1.0044587051639124,1.0061589006250857,1.0075083133659857,1.0091625622193874,1.0094398873037884
2012-12-16 00:00:00+00:00,1.0024061584847155,1.0044587051639124,1.0061589006250857,1.0075083133659857,1.0091625622193874,1.0094398873037884
2012-12-17 00:00:00+00:00,1.0024061584847155,1.0044587051639124,1.0061589006250857,1.0075083133659857,1.0091625622193874,1.0094398873037884
2012-12-18 00:00:00+00:00,1.0024061584847155,1.0044587051639124,1.0061589006250857,1.0075083133659857,1.0091625622193874,1.0094398873037884
2012-12-19 00:00:00+00:00,1.0024061584847155,1.0044587051639124,1.0061589006250857,1.0075083133659857,1.0091625622193874,1.0094398873037884
2012-12-20 00:00:00+00:00,1.0024061584847155,1.0044587051639124,1.0061589006250857,1.0075083133659857,1.0091625622193874,1.0094398873037884
2012-12-21 00:00:00+00:00,1.0024061584847155,1.0044587051639124,1.0061589006250857,1.0075083133659857,1.0091625622193874,1.0094398873037884
2012-12-22 00:00:00+00:00,1.0024061584847155,1.0044587051639124,1.0061589006250857,1.0075083133659857,1.0091625622193874,1.0094398873037884
2012-12-23 00:00:00+00:00,1.0024061584847155,1.0044587051639124,1.0061589006250857,1.0075083133659857,1.0091625622193874,1.0094398873037884
2012-12-24 00:00:00+00:00,1.0024061584847155,1.0044587051639124,1.0061589006250857,1.0075083133659857,1.0091625622193874,1.0094398873037884
2012-12-25 00:00:00+00:00,1.0024061584847155,1.0044587051639124,1.0061589006250857,1.0075083133659857,1.0091625622193874,1.0094398873037884
2012-12-26 00:00:00+00:00,1.0024061584847155,1.0044587051639124,1.0061589006250857,1.0075083133659857,1.0091625622193874,1.0094398873037884
2012-12-27 00:00:00+00:00,1.0024061584847155,1.0044587051639124,1.0061589006250857,1.0075083133659857,1.0091625622193874,1.0094398873037884
2012-12-28 00:00:00+00:00,1.0024061584847155,1.0044587051639124,1.0061589006250857,1.0075083133659857,1.0091625622193874,1.0094398873037884
2012-12-29 00:00:00+00:00,1.0024061584847155,1.0044587051639124,1.0061589006250857,1.0075083133659857,1.0091625622193874,1.0094398873037884
2012-12-30 00:00:00+00:00,1.0024061584847155,1.0044587051639124,1.0061589006250857,1.0075083133659857,1.0091625622193874,1.0094398873037884
2012-12-31 00:00:00+00:00,1.0024061584847155,1.0044587051639124,1.0061589006250857,1.0075083133659857,1.0091625622193874,1.0094398873037884
2013-01-01 00:00:00+00:00,1.0024061584847155,1.0044587051639124,1.0061589006250857,1.0075083133659857,1.0091625622193874,1.0094398873037884
2013-01-02 00:00:00+00:00,1.0024061584847155,1.0044587051639124,1.0061589006250857,1.0075083133659857,1.0091625622193874,1.0094398873037884
2013-01-03 00:00:00+00:00,0.9997740203786412,0.9991836497156565,0.9982329242311323,0.9969261715810389,0.9932632869839485,0.9882350280105846
2013-01-04 00:00:00+00:00,0.9997740203786412,0.9991836497156565,0.9982329242311323,0.9969261715810389,0.9932632869839485,0.9882350280105846
2013-01-05 00:00:00+00:00,0.9997740203786412,0.9991836497156565,0.9982329242311323,0.9969261715810389,0.9932632869839485,0.9882350280105846
2013-01-06 00:00:00+00:00,0.9997740203786412,0.9991836497156565,0.9982329242311323,0.9969261715810389,0.9932632869839485,0.9882350280105846
2013-01-07 00:00:00+00:00,0.9997740203786412,0.9991836497156565,0.9982329242311323,0.9969261715810389,0.9932632869839485,0.9882350280105846
2013-01-08 00:00:00+00:00,0.9997740203786412,0.9991836497156565,0.9982329242311323,0.9969261715810389,0.9932632869839485,0.9882350280105846
2013-01-09 00:00:00+00:00,0.9997740203786412,0.9991836497156565,0.9982329242311323,0.9969261715810389,0.9932632869839485,0.9882350280105846
2013-01-10 00:00:00+00:00,0.9997740203786412,0.9991836497156565,0.9982329242311323,0.9969261715810389,0.9932632869839485,0.9882350280105846
2013-01-11 00:00:00+00:00,0.9997740203786412,0.9991836497156565,0.9982329242311323,0.9969261715810389,0.9932632869839485,0.9882350280105846
2013-01-12 00:00:00+00:00,0.9997740203786412,0.9991836497156565,0.9982329242311323,0.9969261715810389,0.9932632869839485,0.9882350280105846
2013-01-13 00:00:00+00:00,0.9997740203786412,0.9991836497156565,0.9982329242311323,0.9969261715810389,0.9932632869839485,0.9882350280105846
2013-01-14 00:00:00+00:00,0.9997740203786412,0.9991836497156565,0.9982329242311323,0.9969261715810389,0.9932632869839485,0.9882350280105846
2013-01-15 00:00:00+00:00,0.9997740203786412,0.9991836497156565,0.9982329242311323,0.9969261715810389,0.9932632869839485,0.9882350280105846
2013-01-16 00:00:00+00:00,0.9997740203786412,0.9991836497156565,0.9982329242311323,0.9969261715810389,0.9932632869839485,0.9882350280105846
2013-01-17 00:00:00+00:00,0.9971521089118202,0.9939429232809822,0.9903793144235622,0.9864683996943387,0.9776342647331251,0.9675018247143136
2013-01-18 00:00:00+00:00,0.9970312691087185,0.9937020214846162,0.9900192572960248,0.9859902192999147,0.9769234175253625,0.9665638516291317
2013-01-19 00:00:00+00:00,0.9970312691087185,0.9937020214846162,0.9900192572960248,0.9859902192999147,0.9769234175253625,0.9665638516291317
2013-01-20 00:00:00+00:00,0.9970312691087185,0.9937020214846162,0.9900192572960248,0.9859902192999147,0.9769234175253625,0.9665638516291317
2013-01-21 00:00:00+00:00,0.9970312691087185,0.9937020214846162,0.9900192572960248,0.9859902192999147,0.9769234175253625,0.9665638516291317
2013-01-22 00:00:00+00:00,0.9970312691087185,0.9937020214846162,0.9900192572960248,0.9859902192999147,0.9769234175253625,0.9665638516291317
2013-01-23 00:00:00+00:00,0.9970312691087185,0.9937020214846162,0.9900192572960248,0.9859902192999147,0.9769234175253625,0.9665638516291317
2013-01-24 00:00:00+00:00,0.9970312691087185,0.9937020214846162,0.9900192572960248,0.9859902192999147,0.9769234175253625,0.9665638516291317
2013-01-25 00:00:00+00:00,0.9970312691087185,0.9937020214846162,0.9900192572960248,0.9859902192999147,0.9769234175253625,0.9665638516291317
2013-01-26 00:00:00+00:00,0.9970312691087185,0.9937020214846162,0.9900192572960248,0.9859902192999147,0.9769234175253625,0.9665638516291317
2013-01-27 00:00:00+00:00,0.9970312691087185,0.9937020214846162,0.9900192572960248,0.9859902192999147,0.9769234175253625,0.9665638516291317
2013-01-28 00:00:00+00:00,0.9970312691087185,0.9937020214846162,0.9900192572960248,0.9859902192999147,0.9769234175253625,0.9665638516291317
2013-01-29 00:00:00+00:00,0.9970312691087185,0.9937020214846162,0.9900192572960248,0.9859902192999147,0.9769234175253625,0.9665638516291317
2013-01-30 00:00:00+00:00,0.994398257329446,0.9884535820249493,0.9821757750093638,0.9755748032859917,0.9614439579808833,0.9461434368589219
2013-01-31 00:00:00+00:00,0.994398257329446,0.9884535820249493,0.9821757750093638,0.9755748032859917,0.9614439579808833,0.9461434368589219
2013-02-01 00:00:00+00:00,0.994398257329446,0.9884535820249493,0.9821757750093638,0.9755748032859917,0.9614439579808833,0.9461434368589219
2013-02-02 00:00:00+00:00,0.994398257329446,0.9884535820249493,0.9821757750093638,0.9755748032859917,0.9614439579808833,0.9461434368589219
2013-02-03 00:00:00+00:00,0.994398257329446,0.9884535820249493,0.9821757750093638,0.9755748032859917,0.9614439579808833,0.9461434368589219
2013-02-04 00:00:00+00:00,0.994398257329446,0.9884535820249493,0.9821757750093638,0.9755748032859917,0.9614439579808833,0.9461434368589219
2013-02-05 00:00:00+00:00,0.994398257329446,0.9884535820249493,0.9821757750093638,0.9755748032859917,0.9614439579808833,0.9461434368589219
2013-02-06 00:00:00+00:00,0.994398257329446,0.9884535820249493,0.9821757750093638,0.9755748032859917,0.9614439579808833,0.9461434368589219
2013-02-07 00:00:00+00:00,0.994398257329446,0.9884535820249493,0.9821757750093638,0.9755748032859917,0.9614439579808833,0.9461434368589219
2013-02-08 00:00:00+00:00,0.994398257329446,0.9884535820249493,0.9821757750093638,0.9755748032859917,0.9614439579808833,0.9461434368589219
2013-02-09 00:00:00+00:00,0.994398257329446,0.9884535820249493,0.9821757750093638,0.9755748032859917,0.9614439579808833,0.9461434368589219
2013-02-10 00:00:00+00:00,0.994398257329446,0.9884535820249493,0.9821757750093638,0.9755748032859917,0.9614439579808833,0.9461434368589219
2013-02-11 00:00:00+00:00,0.994398257329446,0.9884535820249493,0.9821757750093638,0.9755748032859917,0.9614439579808833,0.9461434368589219
2013-02-12 00:00:00+00:00,0.994398257329446,0.9884535820249493,0.9821757750093638,0.9755748032859917,0.9614439579808833,0.9461434368589219
2013-02-13 00:00:00+00:00,0.994398257329446,0.9884535820249493,0.9821757750093638,0.9755748032859917,0.9614439579808833,0.9461434368589219
2013-02-14 00:00:00+00:00,0.994398257329446,0.9884535820249493,0.9821757750093638,0.9755748032859917,0.9614439579808833,0.9461434368589219
2013-02-15 00:00:00+00:00,0.994398257329446,0.9884535820249493,0.9821757750093638,0.9755748032859917,0.9614439579808833,0.9461434368589219
2013-02-16 00:00:00+00:00,0.994398257329446,0.9884535820249493,0.9821757750093638,0.9755748032859917,0.9614439579808833,0.9461434368589219
2013-02-17 00:00:00+00:00,0.994398257329446,0.9884535820249493,0.9821757750093638,0.9755748032859917,0.9614439579808833,0.9461434368589219
2013-02-18 00:00:00+00:00,0.994398257329446,0.9884535820249493,0.9821757750093638,0.9755748032859917,0.9614439579808833,0.9461434368589219
2013-02-19 00:00:00+00:00,0.994398257329446,0.9884535820249493,0.9821757750093638,0.9755748032859917,0.9614439579808833,0.9461434368589219
2013-02-20 00:00:00+00:00,0.994398257329446,0.9884535820249493,0.9821757750093638,0.9755748032859917,0.9614439579808833,0.9461434368589219
2013-02-21 00:00:00+00:00,0.994398257329446,0.9884535820249493,0.9821757750093638,0.9755748032859917,0.9614439579808833,0.9461434368589219
2013-02-22 00:00:00+00:00,0.994398257329446,0.9884535820249493,0.9821757750093638,0.9755748032859917,0.9614439579808833,0.9461434368589219
2013-02-23 00:00:00+00:00,0.994398257329446,0.9884535820249493,0.9821757750093638,0.9755748032859917,0.9614439579808833,0.9461434368589219
2013-02-24 00:00:00+00:00,0.994398257329446,0.9884535820249493,0.9821757750093638,0.9755748032859917,0.9614439579808833,0.9461434368589219
2013-02-25 00:00:00+00:00,0.994398257329446,0.9884535820249493,0.9821757750093638,0.9755748032859917,0.9614439579808833,0.9461434368589219
2013-02-26 00:00:00+00:00,0.994398257329446,0.9884535820249493,0.9821757750093638,0.9755748032859917,0.9614439579808833,0.9461434368589219
2013-02-27 00:00:00+00:00,0.994398257329446,0.9884535820249493,0.9821757750093638,0.9755748032859917,0.9614439579808833,0.9461434368589219
2013-02-28 00:00:00+00:00,0.994398257329446,0.9884535820249493,0.9821757750093638,0.9755748032859917,0.9614439579808833,0.9461434368589219
2013-03-01 00:00:00+00:00,0.994398257329446,0.9884535820249493,0.9821757750093638,0.9755748032859917,0.9614439579808833,0.9461434368589219
2013-03-02 00:00:00+00:00,0.994398257329446,0.9884535820249493,0.9821757750093638,0.9755748032859917,0.9614439579808833,0.9461434368589219
2013-03-03 00:00:00+00:00,0.994398257329446,0.9884535820249493,0.9821757750093638,0.9755748032859917,0.9614439579808833,0.9461434368589219
2013-03-04 00:00:00+00:00,0.994398257329446,0.9884535820249493,0.9821757750093638,0.9755748032859917,0.9614439579808833,0.9461434368589219
2013-03-05 00:00:00+00:00,0.994398257329446,0.9884535820249493,0.9821757750093638,0.9755748032859917,0.9614439579808833,0.9461434368589219
2013-03-06 00:00:00+00:00,0.994398257329446,0.9884535820249493,0.9821757750093638,0.9755748032859917,0.9614439579808833,0.9461434368589219
2013-03-07 00:00:00+00:00,0.994398257329446,0.9884535820249493,0.9821757750093638,0.9755748032859917,0.9614439579808833,0.9461434368589219
2013-03-08 00:00:00+00:00,0.994398257329446,0.9884535820249493,0.9821757750093638,0.9755748032859917,0.9614439579808833,0.9461434368589219
2013-03-09 00:00:00+00:00,0.994398257329446,0.9884535820249493,0.9821757750093638,0.9755748032859917,0.9614439579808833,0.9461434368589219
2013-03-10 00:00:00+00:00,0.994398257329446,0.9884535820249493,0.9821757750093638,0.9755748032859917,0.9614439579808833,0.9461434368589219
2013-03-11 00:00:00+00:00,0.994398257329446,0.9884535820249493,0.9821757750093638,0.9755748032859917,0.9614439579808833,0.9461434368589219
2013-03-12 00:00:00+00:00,0.994398257329446,0.9884535820249493,0.9821757750093638,0.9755748032859917,0.9614439579808833,0.9461434368589219
2013-03-13 00:00:00+00:00,0.994398257329446,0.9884535820249493,0.9821757750093638,0.9755748032859917,0.9614439579808833,0.9461434368589219
2013-03-14 00:00:00+00:00,0.994398257329446,0.9884535820249493,0.9821757750093638,0.9755748032859917,0.9614439579808833,0.9461434368589219
2013-03-15 00:00:00+00:00,0.994398257329446,0.9884535820249493,0.9821757750093638,0.9755748032859917,0.9614439579808833,0.9461434368589219
2013-03-16 00:00:00+00:00,0.994398257329446,0.9884535820249493,0.9821757750093638,0.9755748032859917,0.9614439579808833,0.9461434368589219
2013-03-17 00:00:00+00:00,0.994398257329446,0.9884535820249493,0.9821757750093638,0.9755748032859917,0.9614439579808833,0.9461434368589219
2013-03-18 00:00:00+00:00,0.994398257329446,0.9884535820249493,0.9821757750093638,0.9755748032859917,0.9614439579808833,0.9461434368589219
2013-03-19 00:00:00+00:00,0.994398257329446,0.9884535820249493,0.9821757750093638,0.9755748032859917,0.9614439579808833,0.9461434368589219
2013-03-20 00:00:00+00:00,0.9917881907059739,0.983264655587722,0.9744418187503714,0.9653321657351357,0.946302542959879,0.9262761662770552
2013-03-21 00:00:00+00:00,0.9917881907059739,0.983264655587722,0.9744418187503714,0.9653321657351357,0.946302542959879,0.9262761662770552
2013-03-22 00:00:00+00:00,0.9917881907059739,0.983264655587722,0.9744418187503714,0.9653321657351357,0.946302542959879,0.9262761662770552
2013-03-23 00:00:00+00:00,0.9917881907059739,0.983264655587722,0.9744418187503714,0.9653321657351357,0.946302542959879,0.9262761662770552
2013-03-24 00:00:00+00:00,0.9917881907059739,0.983264655587722,0.9744418187503714,0.9653321657351357,0.946302542959879,0.9262761662770552
2013-03-25 00:00:00+00:00,0.9917881907059739,0.983264655587722,0.9744418187503714,0.9653321657351357,0.946302542959879,0.9262761662770552
2013-03-26 00:00:00+00:00,0.9917881907059739,0.983264655587722,0.9744418187503714,0.9653321657351357,0.946302542959879,0.9262761662770552
2013-03-27 00:00:00+00:00,0.9917881907059739,0.983264655587722,0.9744418187503714,0.9653321657351357,0.946302542959879,0.9262761662770552
2013-03-28 00:00:00+00:00,0.9917881907059739,0.983264655587722,0.9744418187503714,0.9653321657351357,0.946302542959879,0.9262761662770552
2013-03-29 00:00:00+00:00,0.9917881907059739,0.983264655587722,0.9744418187503714,0.9653321657351357,0.946302542959879,0.9262761662770552
2013-03-30 00:00:00+00:00,0.9917881907059739,0.983264655587722,0.9744418187503714,0.9653321657351357,0.946302542959879,0.9262761662770552
2013-03-31 00:00:00+00:00,0.9917881907059739,0.983264655587722,0.9744418187503714,0.9653321657351357,0.946302542959879,0.9262761662770552
2013-04-01 00:00:00+00:00,0.9917881907059739,0.983264655587722,0.9744418187503714,0.9653321657351357,0.946302542959879,0.9262761662770552
2013-04-02 00:00:00+00:00,0.9917881907059739,0.983264655587722,0.9744418187503714,0.9653321657351357,0.946302542959879,0.9262761662770552
2013-04-03 00:00:00+00:00,0.9917881907059739,0.983264655587722,0.9744418187503714,0.9653321657351357,0.946302542959879,0.9262761662770552
2013-04-04 00:00:00+00:00,0.9917881907059739,0.983264655587722,0.9744418187503714,0.9653321657351357,0.946302542959879,0.9262761662770552
2013-04-05 00:00:00+00:00,0.9917881907059739,0.983264655587722,0.9744418187503714,0.9653321657351357,0.946302542959879,0.9262761662770552
2013-04-06 00:00:00+00:00,0.9917881907059739,0.983264655587722,0.9744418187503714,0.9653321657351357,0.946302542959879,0.9262761662770552
2013-04-07 00:00:00+00:00,0.9917881907059739,0.983264655587722,0.9744418187503714,0.9653321657351357,0.946302542959879,0.9262761662770552
2013-04-08 00:00:00+00:00,0.9917881907059739,0.983264655587722,0.9744418187503714,0.9653321657351357,0.946302542959879,0.9262761662770552
2013-04-09 00:00:00+00:00,0.9917881907059739,0.983264655587722,0.9744418187503714,0.9653321657351357,0.946302542959879,0.9262761662770552
2013-04-10 00:00:00+00:00,0.9917881907059739,0.983264655587722,0.9744418187503714,0.9653321657351357,0.946302542959879,0.9262761662770552
2013-04-11 00:00:00+00:00,0.9917881907059739,0.983264655587722,0.9744418187503714,0.9653321657351357,0.946302542959879,0.9262761662770552
2013-04-12 00:00:00+00:00,0.9917881907059739,0.983264655587722,0.9744418187503714,0.9653321657351357,0.946302542959879,0.9262761662770552
2013-04-13 00:00:00+00:00,0.9917881907059739,0.983264655587722,0.9744418187503714,0.9653321657351357,0.946302542959879,0.9262761662770552
2013-04-14 00:00:00+00:00,0.9917881907059739,0.983264655587722,0.9744418187503714,0.9653321657351357,0.946302542959879,0.9262761662770552
2013-04-15 00:00:00+00:00,0.9917881907059739,0.983264655587722,0.9744418187503714,0.9653321657351357,0.946302542959879,0.9262761662770552
2013-04-16 00:00:00+00:00,0.9917881907059739,0.983264655587722,0.9744418187503714,0.9653321657351357,0.946302542959879,0.9262761662770552
2013-04-17 00:00:00+00:00,0.9917881907059739,0.983264655587722,0.9744418187503714,0.9653321657351357,0.946302542959879,0.9262761662770552
2013-04-18 00:00:00+00:00,0.9917881907059739,0.983264655587722,0.9744418187503714,0.9653321657351357,0.946302542959879,0.9262761662770552
2013-04-19 00:00:00+00:00,0.9917881907059739,0.983264655587722,0.9744418187503714,0.9653321657351357,0.946302542959879,0.9262761662770552
2013-04-20 00:00:00+00:00,0.9917881907059739,0.983264655587722,0.9744418187503714,0.9653321657351357,0.946302542959879,0.9262761662770552
2013-04-21 00:00:00+00:00,0.9917881907059739,0.983264655587722,0.9744418187503714,0.9653321657351357,0.946302542959879,0.9262761662770552
2013-04-22 00:00:00+00:00,0.9917881907059739,0.983264655587722,0.9744418187503714,0.9653321657351357,0.946302542959879,0.9262761662770552
2013-04-23 00:00:00+00:00,0.9917881907059739,0.983264655587722,0.9744418187503714,0.9653321657351357,0.946302542959879,0.9262761662770552
2013-04-24 00:00:00+00:00,0.9917881907059739,0.983264655587722,0.9744418187503714,0.9653321657351357,0.946302542959879,0.9262761662770552
2013-04-25 00:00:00+00:00,0.9917881907059739,0.983264655587722,0.9744418187503714,0.9653321657351357,0.946302542959879,0.9262761662770552
2013-04-26 00:00:00+00:00,0.9917881907059739,0.983264655587722,0.9744418187503714,0.9653321657351357,0.946302542959879,0.9262761662770552
2013-04-27 00:00:00+00:00,0.9917881907059739,0.983264655587722,0.9744418187503714,0.9653321657351357,0.946302542959879,0.9262761662770552
2013-04-28 00:00:00+00:00,0.9917881907059739,0.983264655587722,0.9744418187503714,0.9653321657351357,0.946302542959879,0.9262761662770552
2013-04-29 00:00:00+00:00,0.9917881907059739,0.983264655587722,0.9744418187503714,0.9653321657351357,0.946302542959879,0.9262761662770552
2013-04-30 00:00:00+00:00,0.9917881907059739,0.983264655587722,0.9744418187503714,0.9653321657351357,0.946302542959879,0.9262761662770552
2013-05-01 00:00:00+00:00,0.9917881907059739,0.983264655587722,0.9744418187503714,0.9653321657351357,0.946302542959879,0.9262761662770552
2013-05-02 00:00:00+00:00,0.9917881907059739,0.983264655587722,0.9744418187503714,0.9653321657351357,0.946302542959879,0.9262761662770552
2013-05-03 00:00:00+00:00,0.9917881907059739,0.983264655587722,0.9744418187503714,0.9653321657351357,0.946302542959879,0.9262761662770552
2013-05-04 00:00:00+00:00,0.9917881907059739,0.983264655587722,0.9744418187503714,0.9653321657351357,0.946302542959879,0.9262761662770552
2013-05-05 00:00:00+00:00,0.9917881907059739,0.983264655587722,0.9744418187503714,0.9653321657351357,0.946302542959879,0.9262761662770552
2013-05-06 00:00:00+00:00,0.9917881907059739,0.983264655587722,0.9744418187503714,0.9653321657351357,0.946302542959879,0.9262761662770552
2013-05-07 00:00:00+00:00,0.9917881907059739,0.983264655587722,0.9744418187503714,0.9653321657351357,0.946302542959879,0.9262761662770552
2013-05-08 00:00:00+00:00,0.9917881907059739,0.983264655587722,0.9744418187503714,0.9653321657351357,0.946302542959879,0.9262761662770552
2013-05-09 00:00:00+00:00,0.9917881907059739,0.983264655587722,0.9744418187503714,0.9653321657351357,0.946302542959879,0.9262761662770552
2013-05-10 00:00:00+00:00,0.9917881907059739,0.983264655587722,0.9744418187503714,0.9653321657351357,0.946302542959879,0.9262761662770552
2013-05-11 00:00:00+00:00,0.9917881907059739,0.983264655587722,0.9744418187503714,0.9653321657351357,0.946302542959879,0.9262761662770552
2013-05-12 00:00:00+00:00,0.9917881907059739,0.983264655587722,0.9744418187503714,0.9653321657351357,0.946302542959879,0.9262761662770552
2013-05-13 00:00:00+00:00,0.9917881907059739,0.983264655587722,0.9744418187503714,0.9653321657351357,0.946302542959879,0.9262761662770552
2013-05-14 00:00:00+00:00,0.9917881907059739,0.983264655587722,0.9744418187503714,0.9653321657351357,0.946302542959879,0.9262761662770552
2013-05-15 00:00:00+00:00,0.9917881907059739,0.983264655587722,0.9744418187503714,0.9653321657351357,0.946302542959879,0.9262761662770552
2013-05-16 00:00:00+00:00,0.9917881907059739,0.983264655587722,0.9744418187503714,0.9653321657351357,0.946302542959879,0.9262761662770552
2013-05-17 00:00:00+00:00,0.9917881907059739,0.983264655587722,0.9744418187503714,0.9653321657351357,0.946302542959879,0.9262761662770552
2013-05-18 00:00:00+00:00,0.9917881907059739,0.983264655587722,0.9744418187503714,0.9653321657351357,0.946302542959879,0.9262761662770552
2013-05-19 00:00:00+00:00,0.9917881907059739,0.983264655587722,0.9744418187503714,0.9653321657351357,0.946302542959879,0.9262761662770552
2013-05-20 00:00:00+00:00,0.9917881907059739,0.983264655587722,0.9744418187503714,0.9653321657351357,0.946302542959879,0.9262761662770552
2013-05-21 00:00:00+00:00,0.9917881907059739,0.983264655587722,0.9744418187503714,0.9653321657351357,0.946302542959879,0.9262761662770552
2013-05-22 00:00:00+00:00,0.9917881907059739,0.983264655587722,0.9744418187503714,0.9653321657351357,0.946302542959879,0.9262761662770552
2013-05-23 00:00:00+00:00,0.9917881907059739,0.983264655587722,0.9744418187503714,0.9653321657351357,0.946302542959879,0.9262761662770552
2013-05-24 00:00:00+00:00,0.9917881907059739,0.983264655587722,0.9744418187503714,0.9653321657351357,0.946302542959879,0.9262761662770552
2013-05-25 00:00:00+00:00,0.9917881907059739,0.983264655587722,0.9744418187503714,0.9653321657351357,0.946302542959879,0.9262761662770552
2013-05-26 00:00:00+00:00,0.9917881907059739,0.983264655587722,0.9744418187503714,0.9653321657351357,0.946302542959879,0.9262761662770552
2013-05-27 00:00:00+00:00,0.9917881907059739,0.983264655587722,0.9744418187503714,0.9653321657351357,0.946302542959879,0.9262761662770552
2013-05-28 00:00:00+00:00,0.9917881907059739,0.983264655587722,0.9744418187503714,0.9653321657351357,0.946302542959879,0.9262761662770552
2013-05-29 00:00:00+00:00,0.9917881907059739,0.983264655587722,0.9744418187503714,0.9653321657351357,0.946302542959879,0.9262761662770552
2013-05-30 00:00:00+00:00,0.9917881907059739,0.983264655587722,0.9744418187503714,0.9653321657351357,0.946302542959879,0.9262761662770552
2013-05-31 00:00:00+00:00,0.9917881907059739,0.983264655587722,0.9744418187503714,0.9653321657351357,0.946302542959879,0.9262761662770552
2013-06-01 00:00:00+00:00,0.9917881907059739,0.983264655587722,0.9744418187503714,0.9653321657351357,0.946302542959879,0.9262761662770552
2013-06-02 00:00:00+00:00,0.9917881907059739,0.983264655587722,0.9744418187503714,0.9653321657351357,0.946302542959879,0.9262761662770552
2013-06-03 00:00:00+00:00,0.9917881907059739,0.983264655587722,0.9744418187503714,0.9653321657351357,0.946302542959879,0.9262761662770552
2013-06-04 00:00:00+00:00,0.9917881907059739,0.983264655587722,0.9744418187503714,0.9653321657351357,0.946302542959879,0.9262761662770552
2013-06-05 00:00:00+00:00,0.9917881907059739,0.983264655587722,0.9744418187503714,0.9653321657351357,0.946302542959879,0.9262761662770552
2013-06-06 00:00:00+00:00,0.9917881907059739,0.983264655587722,0.9744418187503714,0.9653321657351357,0.946302542959879,0.9262761662770552
2013-06-07 00:00:00+00:00,0.9917881907059739,0.983264655587722,0.9744418187503714,0.9653321657351357,0.946302542959879,0.9262761662770552
2013-06-08 00:00:00+00:00,0.9917881907059739,0.983264655587722,0.9744418187503714,0.9653321657351357,0.946302542959879,0.9262761662770552
2013-06-09 00:00:00+00:00,0.9917881907059739,0.983264655587722,0.9744418187503714,0.9653321657351357,0.946302542959879,0.9262761662770552
2013-06-10 00:00:00+00:00,0.9917881907059739,0.983264655587722,0.9744418187503714,0.9653321657351357,0.946302542959879,0.9262761662770552
2013-06-11 00:00:00+00:00,0.9917881907059739,0.983264655587722,0.9744418187503714,0.9653321657351357,0.946302542959879,0.9262761662770552
2013-06-12 00:00:00+00:00,0.9917881907059739,0.983264655587722,0.9744418187503714,0.9653321657351357,0.946302542959879,0.9262761662770552
2013-06-13 00:00:00+00:00,0.9917881907059739,0.983264655587722,0.9744418187503714,0.9653321657351357,0.946302542959879,0.9262761662770552
2013-06-14 00:00:00+00:00,0.9917881907059739,0.983264655587722,0.9744418187503714,0.9653321657351357,0.946302542959879,0.9262761662770552
2013-06-15 00:00:00+00:00,0.9917881907059739,0.983264655587722,0.9744418187503714,0.9653321657351357,0.946302542959879,0.9262761662770552
2013-06-16 00:00:00+00:00,0.9917881907059739,0.983264655587722,0.9744418187503714,0.9653321657351357,0.946302542959879,0.9262761662770552
2013-06-17 00:00:00+00:00,0.9917881907059739,0.983264655587722,0.9744418187503714,0.9653321657351357,0.946302542959879,0.9262761662770552
2013-06-18 00:00:00+00:00,0.9917881907059739,0.983264655587722,0.9744418187503714,0.9653321657351357,0.946302542959879,0.9262761662770552
2013-06-19 00:00:00+00:00,0.9917881907059739,0.983264655587722,0.9744418187503714,0.9653321657351357,0.946302542959879,0.9262761662770552
2013-06-20 00:00:00+00:00,0.9917881907059739,0.983264655587722,0.9744418187503714,0.9653321657351357,0.946302542959879,0.9262761662770552
2013-06-21 00:00:00+00:00,0.9917881907059739,0.983264655587722,0.9744418187503714,0.9653321657351357,0.946302542959879,0.9262761662770552
2013-06-22 00:00:00+00:00,0.9917881907059739,0.983264655587722,0.9744418187503714,0.9653321657351357,0.946302542959879,0.9262761662770552
2013-06-23 00:00:00+00:00,0.9917881907059739,0.983264655587722,0.9744418187503714,0.9653321657351357,0.946302542959879,0.9262761662770552
2013-06-24 00:00:00+00:00,0.9917881907059739,0.983264655587722,0.9744418187503714,0.9653321657351357,0.946302542959879,0.9262761662770552
2013-06-25 00:00:00+00:00,0.9917881907059739,0.983264655587722,0.9744418187503714,0.9653321657351357,0.946302542959879,0.9262761662770552
2013-06-26 00:00:00+00:00,0.9917881907059739,0.983264655587722,0.9744418187503714,0.9653321657351357,0.946302542959879,0.9262761662770552
2013-06-27 00:00:00+00:00,0.9917881907059739,0.983264655587722,0.9744418187503714,0.9653321657351357,0.946302542959879,0.9262761662770552
2013-06-28 00:00:00+00:00,0.9917881907059739,0.983264655587722,0.9744418187503714,0.9653321657351357,0.946302542959879,0.9262761662770552
2013-06-29 00:00:00+00:00,0.9917881907059739,0.983264655587722,0.9744418187503714,0.9653321657351357,0.946302542959879,0.9262761662770552
2013-06-30 00:00:00+00:00,0.9917881907059739,0.983264655587722,0.9744418187503714,0.9653321657351357,0.946302542959879,0.9262761662770552
2013-07-01 00:00:00+00:00,0.9917881907059739,0.983264655587722,0.9744418187503714,0.9653321657351357,0.946302542959879,0.9262761662770552
2013-07-02 00:00:00+00:00,0.9917881907059739,0.983264655587722,0.9744418187503714,0.9653321657351357,0.946302542959879,0.9262761662770552
2013-07-03 00:00:00+00:00,0.9917881907059739,0.983264655587722,0.9744418187503714,0.9653321657351357,0.946302542959879,0.9262761662770552
2013-07-04 00:00:00+00:00,0.9917881907059739,0.983264655587722,0.9744418187503714,0.9653321657351357,0.946302542959879,0.9262761662770552
2013-07-05 00:00:00+00:00,0.9917881907059739,0.983264655587722,0.9744418187503714,0.9653321657351357,0.946302542959879,0.9262761662770552
2013-07-06 00:00:00+00:00,0.9917881907059739,0.983264655587722,0.9744418187503714,0.9653321657351357,0.946302542959879,0.9262761662770552
2013-07-07 00:00:00+00:00,0.9917881907059739,0.983264655587722,0.9744418187503714,0.9653321657351357,0.946302542959879,0.9262761662770552
2013-07-08 00:00:00+00:00,0.9917881907059739,0.983264655587722,0.9744418187503714,0.9653321657351357,0.946302542959879,0.9262761662770552
2013-07-09 00:00:00+00:00,0.9917881907059739,0.983264655587722,0.9744418187503714,0.9653321657351357,0.946302542959879,0.9262761662770552
2013-07-10 00:00:00+00:00,0.9917881907059739,0.983264655587722,0.9744418187503714,0.9653321657351357,0.946302542959879,0.9262761662770552
2013-07-11 00:00:00+00:00,0.9917881907059739,0.983264655587722,0.9744418187503714,0.9653321657351357,0.946302542959879,0.9262761662770552
2013-07-12 00:00:00+00:00,0.9917881907059739,0.983264655587722,0.9744418187503714,0.9653321657351357,0.946302542959879,0.9262761662770552
2013-07-13 00:00:00+00:00,0.9917881907059739,0.983264655587722,0.9744418187503714,0.9653321657351357,0.946302542959879,0.9262761662770552
2013-07-14 00:00:00+00:00,0.9917881907059739,0.983264655587722,0.9744418187503714,0.9653321657351357,0.946302542959879,0.9262761662770552
2013-07-15 00:00:00+00:00,0.9917881907059739,0.983264655587722,0.9744418187503714,0.9653321657351357,0.946302542959879,0.9262761662770552
2013-07-16 00:00:00+00:00,0.9917881907059739,0.983264655587722,0.9744418187503714,0.9653321657351357,0.946302542959879,0.9262761662770552
2013-07-17 00:00:00+00:00,0.9917881907059739,0.983264655587722,0.9744418187503714,0.9653321657351357,0.946302542959879,0.9262761662770552
2013-07-18 00:00:00+00:00,0.9917881907059739,0.983264655587722,0.9744418187503714,0.9653321657351357,0.946302542959879,0.9262761662770552
2013-07-19 00:00:00+00:00,0.9917881907059739,0.983264655587722,0.9744418187503714,0.9653321657351357,0.946302542959879,0.9262761662770552
2013-07-20 00:00:00+00:00,0.9917881907059739,0.983264655587722,0.9744418187503714,0.9653321657351357,0.946302542959879,0.9262761662770552
2013-07-21 00:00:00+00:00,0.9917881907059739,0.983264655587722,0.9744418187503714,0.9653321657351357,0.946302542959879,0.9262761662770552
2013-07-22 00:00:00+00:00,0.9991477172993427,0.9978572116373489,0.9961342442480352,0.9939850083954421,0.988434555392867,0.9812633431150232
2013-07-23 00:00:00+00:00,0.9991477172993427,0.9978572116373489,0.9961342442480352,0.9939850083954421,0.988434555392867,0.9812633431150232
2013-07-24 00:00:00+00:00,0.9991477172993427,0.9978572116373489,0.9961342442480352,0.9939850083954421,0.988434555392867,0.9812633431150232
2013-07-25 00:00:00+00:00,0.9991477172993427,0.9978572116373489,0.9961342442480352,0.9939850083954421,0.988434555392867,0.9812633431150232
2013-07-26 00:00:00+00:00,0.9991477172993427,0.9978572116373489,0.9961342442480352,0.9939850083954421,0.988434555392867,0.9812633431150232
2013-07-27 00:00:00+00:00,0.9991477172993427,0.9978572116373489,0.9961342442480352,0.9939850083954421,0.988434555392867,0.9812633431150232
2013-07-28 00:00:00+00:00,0.9991477172993427,0.9978572116373489,0.9961342442480352,0.9939850083954421,0.988434555392867,0.9812633431150232
2013-07-29 00:00:00+00:00,0.9991477172993427,0.9978572116373489,0.9961342442480352,0.9939850083954421,0.988434555392867,0.9812633431150232
2013-07-30 00:00:00+00:00,0.9991477172993427,0.9978572116373489,0.9961342442480352,0.9939850083954421,0.988434555392867,0.9812633431150232
2013-07-31 00:00:00+00:00,0.9991477172993427,0.9978572116373489,0.9961342442480352,0.9939850083954421,0.988434555392867,0.9812633431150232
2013-08-01 00:00:00+00:00,0.9991477172993427,0.9978572116373489,0.9961342442480352,0.9939850083954421,0.988434555392867,0.9812633431150232
2013-08-02 00:00:00+00:00,0.9991477172993427,0.9978572116373489,0.9961342442480352,0.9939850083954421,0.988434555392867,0.9812633431150232
2013-08-03 00:00:00+00:00,0.9991477172993427,0.9978572116373489,0.9961342442480352,0.9939850083954421,0.988434555392867,0.9812633431150232
2013-08-04 00:00:00+00:00,0.9991477172993427,0.9978572116373489,0.9961342442480352,0.9939850083954421,0.988434555392867,0.9812633431150232
2013-08-05 00:00:00+00:00,0.9991477172993427,0.9978572116373489,0.9961342442480352,0.9939850083954421,0.988434555392867,0.9812633431150232
2013-08-06 00:00:00+00:00,0.9991477172993427,0.9978572116373489,0.9961342442480352,0.9939850083954421,0.988434555392867,0.9812633431150232
2013-08-07 00:00:00+00:00,0.9991477172993427,0.9978572116373489,0.9961342442480352,0.9939850083954421,0.988434555392867,0.9812633431150232
2013-08-08 00:00:00+00:00,0.9991477172993427,0.9978572116373489,0.9961342442480352,0.9939850083954421,0.988434555392867,0.9812633431150232
2013-08-09 00:00:00+00:00,0.9991477172993427,0.9978572116373489,0.9961342442480352,0.9939850083954421,0.988434555392867,0.9812633431150232
2013-08-10 00:00:00+00:00,0.9991477172993427,0.9978572116373489,0.9961342442480352,0.9939850083954421,0.988434555392867,0.9812633431150232
2013-08-11 00:00:00+00:00,0.9991477172993427,0.9978572116373489,0.9961342442480352,0.9939850083954421,0.988434555392867,0.9812633431150232
2013-08-12 00:00:00+00:00,0.9991477172993427,0.9978572116373489,0.9961342442480352,0.9939850083954421,0.988434555392867,0.9812633431150232
2013-08-13 00:00:00+00:00,0.999074035422053,0.9977100382187492,0.9959138652994234,0.993691803776552,0.9879972043644349,0.9806844391232751
2013-08-14 00:00:00+00:00,0.999074035422053,0.9977100382187492,0.9959138652994234,0.993691803776552,0.9879972043644349,0.9806844391232751
2013-08-15 00:00:00+00:00,0.999074035422053,0.9977100382187492,0.9959138652994234,0.993691803776552,0.9879972043644349,0.9806844391232751
2013-08-16 00:00:00+00:00,0.999074035422053,0.9977100382187492,0.9959138652994234,0.993691803776552,0.9879972043644349,0.9806844391232751
2013-08-17 00:00:00+00:00,0.999074035422053,0.9977100382187492,0.9959138652994234,0.993691803776552,0.9879972043644349,0.9806844391232751
2013-08-18 00:00:00+00:00,0.999074035422053,0.9977100382187492,0.9959138652994234,0.993691803776552,0.9879972043644349,0.9806844391232751
2013-08-19 00:00:00+00:00,0.999012225462764,0.9975865870736726,0.9957290219546252,0.9934458958747966,0.9876304563669038,0.9801990611584124
2013-08-20 00:00:00+00:00,0.999012225462764,0.9975865870736726,0.9957290219546252,0.9934458958747966,0.9876304563669038,0.9801990611584124
2013-08-21 00:00:00+00:00,0.999012225462764,0.9975865870736726,0.9957290219546252,0.9934458958747966,0.9876304563669038,0.9801990611584124
2013-08-22 00:00:00+00:00,0.999012225462764,0.9975865870736726,0.9957290219546252,0.9934458958747966,0.9876304563669038,0.9801990611584124
2013-08-23 00:00:00+00:00,0.999012225462764,0.9975865870736726,0.9957290219546252,0.9934458958747966,0.9876304563669038,0.9801990611584124
2013-08-24 00:00:00+00:00,0.999012225462764,0.9975865870736726,0.9957290219546252,0.9934458958747966,0.9876304563669038,0.9801990611584124
2013-08-25 00:00:00+00:00,0.999012225462764,0.9975865870736726,0.9957290219546252,0.9934458958747966,0.9876304563669038,0.9801990611584124
2013-08-26 00:00:00+00:00,0.999012225462764,0.9975865870736726,0.9957290219546252,0.9934458958747966,0.9876304563669038,0.9801990611584124
2013-08-27 00:00:00+00:00,0.999012225462764,0.9975865870736726,0.9957290219546252,0.9934458958747966,0.9876304563669038,0.9801990611584124
2013-08-28 00:00:00+00:00,1.0064381659047985,1.012417273610967,1.0179336283397424,1.0229841532338892,1.0316784755650026,1.0384878361221315
2013-08-29 00:00:00+00:00,1.0064381659047985,1.012417273610967,1.0179336283397424,1.0229841532338892,1.0316784755650026,1.0384878361221315
2013-08-30 00:00:00+00:00,1.0064381659047985,1.012417273610967,1.0179336283397424,1.0229841532338892,1.0316784755650026,1.0384878361221315
2013-08-31 00:00:00+00:00,1.0064381659047985,1.012417273610967,1.0179336283397424,1.0229841532338892,1.0316784755650026,1.0384878361221315
2013-09-01 00:00:00+00:00,1.0064381659047985,1.012417273610967,1.0179336283397424,1.0229841532338892,1.0316784755650026,1.0384878361221315
2013-09-02 00:00:00+00:00,1.0064381659047985,1.012417273610967,1.0179336283397424,1.0229841532338892,1.0316784755650026,1.0384878361221315
2013-09-03 00:00:00+00:00,1.0064381659047985,1.012417273610967,1.0179336283397424,1.0229841532338892,1.0316784755650026,1.0384878361221315
2013-09-04 00:00:00+00:00,1.0064381659047985,1.012417273610967,1.0179336283397424,1.0229841532338892,1.0316784755650026,1.0384878361221315
2013-09-05 00:00:00+00:00,1.0064381659047985,1.012417273610967,1.0179336283397424,1.0229841532338892,1.0316784755650026,1.0384878361221315
2013-09-06 00:00:00+00:00,1.0064381659047985,1.012417273610967,1.0179336283397424,1.0229841532338892,1.0316784755650026,1.0384878361221315
2013-09-07 00:00:00+00:00,1.0064381659047985,1.012417273610967,1.0179336283397424,1.0229841532338892,1.0316784755650026,1.0384878361221315
2013-09-08 00:00:00+00:00,1.0064381659047985,1.012417273610967,1.0179336283397424,1.0229841532338892,1.0316784755650026,1.0384878361221315
2013-09-09 00:00:00+00:00,1.0064381659047985,1.012417273610967,1.0179336283397424,1.0229841532338892,1.0316784755650026,1.0384878361221315
2013-09-10 00:00:00+00:00,1.0064381659047985,1.012417273610967,1.0179336283397424,1.0229841532338892,1.0316784755650026,1.0384878361221315
2013-09-11 00:00:00+00:00,1.0064381659047985,1.012417273610967,1.0179336283397424,1.0229841532338892,1.0316784755650026,1.0384878361221315
2013-09-12 00:00:00+00:00,1.0064381659047985,1.012417273610967,1.0179336283397424,1.0229841532338892,1.0316784755650026,1.0384878361221315
2013-09-13 00:00:00+00:00,1.0064381659047985,1.012417273610967,1.0179336283397424,1.0229841532338892,1.0316784755650026,1.0384878361221315
2013-09-14 00:00:00+00:00,1.0064381659047985,1.012417273610967,1.0179336283397424,1.0229841532338892,1.0316784755650026,1.0384878361221315
2013-09-15 00:00:00+00:00,1.0064381659047985,1.012417273610967,1.0179336283397424,1.0229841532338892,1.0316784755650026,1.0384878361221315
2013-09-16 00:00:00+00:00,1.0064381659047985,1.012417273610967,1.0179336283397424,1.0229841532338892,1.0316784755650026,1.0384878361221315
2013-09-17 00:00:00+00:00,1.0064381659047985,1.012417273610967,1.0179336283397424,1.0229841532338892,1.0316784755650026,1.0384878361221315
2013-09-18 00:00:00+00:00,1.0064381659047985,1.012417273610967,1.0179336283397424,1.0229841532338892,1.0316784755650026,1.0384878361221315
2013-09-19 00:00:00+00:00,1.0064381659047985,1.012417273610967,1.0179336283397424,1.0229841532338892,1.0316784755650026,1.0384878361221315
2013-09-20 00:00:00+00:00,1.003875353362805,1.0072611979086739,1.0101573739467642,1.0125643710476226,1.0159159659977761,1.017332440857654
2013-09-21 00:00:00+00:00,1.003875353362805,1.0072611979086739,1.0101573739467642,1.0125643710476226,1.0159159659977761,1.017332440857654
2013-09-22 00:00:00+00:00,1.003875353362805,1.0072611979086739,1.0101573739467642,1.0125643710476226,1.0159159659977761,1.017332440857654
2013-09-23 00:00:00+00:00,1.003875353362805,1.0072611979086739,1.0101573739467642,1.0125643710476226,1.0159159659977761,1.017332440857654
2013-09-24 00:00:00+00:00,1.003875353362805,1.0072611979086739,1.0101573739467642,1.0125643710476226,1.0159159659977761,1.017332440857654
2013-09-25 00:00:00+00:00,1.003875353362805,1.0072611979086739,1.0101573739467642,1.0125643710476226,1.0159159659977761,1.017332440857654
2013-09-26 00:00:00+00:00,1.003875353362805,1.0072611979086739,1.0101573739467642,1.0125643710476226,1.0159159659977761,1.017332440857654
2013-09-27 00:00:00+00:00,1.003875353362805,1.0072611979086739,1.0101573739467642,1.0125643710476226,1.0159159659977761,1.017332440857654
2013-09-28 00:00:00+00:00,1.003875353362805,1.0072611979086739,1.0101573739467642,1.0125643710476226,1.0159159659977761,1.017332440857654
2013-09-29 00:00:00+00:00,1.003875353362805,1.0072611979086739,1.0101573739467642,1.0125643710476226,1.0159159659977761,1.017332440857654
2013-09-30 00:00:00+00:00,1.003875353362805,1.0072611979086739,1.0101573739467642,1.0125643710476226,1.0159159659977761,1.017332440857654
2013-10-01 00:00:00+00:00,1.003875353362805,1.0072611979086739,1.0101573739467642,1.0125643710476226,1.0159159659977761,1.017332440857654
2013-10-02 00:00:00+00:00,1.003875353362805,1.0072611979086739,1.0101573739467642,1.0125643710476226,1.0159159659977761,1.017332440857654
2013-10-03 00:00:00+00:00,1.003875353362805,1.0072611979086739,1.0101573739467642,1.0125643710476226,1.0159159659977761,1.017332440857654
2013-10-04 00:00:00+00:00,1.003875353362805,1.0072611979086739,1.0101573739467642,1.0125643710476226,1.0159159659977761,1.017332440857654
2013-10-05 00:00:00+00:00,1.003875353362805,1.0072611979086739,1.0101573739467642,1.0125643710476226,1.0159159659977761,1.017332440857654
2013-10-06 00:00:00+00:00,1.003875353362805,1.0072611979086739,1.0101573739467642,1.0125643710476226,1.0159159659977761,1.017332440857654
2013-10-07 00:00:00+00:00,1.003875353362805,1.0072611979086739,1.0101573739467642,1.0125643710476226,1.0159159659977761,1.017332440857654
2013-10-08 00:00:00+00:00,1.003875353362805,1.0072611979086739,1.0101573739467642,1.0125643710476226,1.0159159659977761,1.017332440857654
2013-10-09 00:00:00+00:00,1.003875353362805,1.0072611979086739,1.0101573739467642,1.0125643710476226,1.0159159659977761,1.017332440857654
2013-10-10 00:00:00+00:00,1.003875353362805,1.0072611979086739,1.0101573739467642,1.0125643710476226,1.0159159659977761,1.017332440857654
2013-10-11 00:00:00+00:00,1.003875353362805,1.0072611979086739,1.0101573739467642,1.0125643710476226,1.0159159659977761,1.017332440857654
2013-10-12 00:00:00+00:00,1.003875353362805,1.0072611979086739,1.0101573739467642,1.0125643710476226,1.0159159659977761,1.017332440857654
2013-10-13 00:00:00+00:00,1.003875353362805,1.0072611979086739,1.0101573739467642,1.0125643710476226,1.0159159659977761,1.017332440857654
2013-10-14 00:00:00+00:00,1.003875353362805,1.0072611979086739,1.0101573739467642,1.0125643710476226,1.0159159659977761,1.017332440857654
2013-10-15 00:00:00+00:00,1.003875353362805,1.0072611979086739,1.0101573739467642,1.0125643710476226,1.0159159659977761,1.017332440857654
2013-10-16 00:00:00+00:00,1.003875353362805,1.0072611979086739,1.0101573739467642,1.0125643710476226,1.0159159659977761,1.017332440857654
2013-10-17 00:00:00+00:00,1.0013121358786758,1.0021174726345832,1.0024196014216726,1.0022227576551577,1.0003521996931535,0.9965518187149304
2013-10-18 00:00:00+00:00,1.0013121358786758,1.0021174726345832,1.0024196014216726,1.0022227576551577,1.0003521996931535,0.9965518187149304
2013-10-19 00:00:00+00:00,1.0013121358786758,1.0021174726345832,1.0024196014216726,1.0022227576551577,1.0003521996931535,0.9965518187149304
2013-10-20 00:00:00+00:00,1.0013121358786758,1.0021174726345832,1.0024196014216726,1.0022227576551577,1.0003521996931535,0.9965518187149304
2013-10-21 00:00:00+00:00,1.0013121358786758,1.0021174726345832,1.0024196014216726,1.0022227576551577,1.0003521996931535,0.9965518187149304
2013-10-22 00:00:00+00:00,1.0013121358786758,1.0021174726345832,1.0024196014216726,1.0022227576551577,1.0003521996931535,0.9965518187149304
2013-10-23 00:00:00+00:00,0.9987331343693926,0.9969553211299761,0.9946740396561609,0.9918973699483065,0.9848930252336757,0.9760178928594174
2013-10-24 00:00:00+00:00,0.9987331343693926,0.9969553211299761,0.9946740396561609,0.9918973699483065,0.9848930252336757,0.9760178928594174
2013-10-25 00:00:00+00:00,0.9987331343693926,0.9969553211299761,0.9946740396561609,0.9918973699483065,0.9848930252336757,0.9760178928594174
2013-10-26 00:00:00+00:00,0.9987331343693926,0.9969553211299761,0.9946740396561609,0.9918973699483065,0.9848930252336757,0.9760178928594174
2013-10-27 00:00:00+00:00,0.9987331343693926,0.9969553211299761,0.9946740396561609,0.9918973699483065,0.9848930252336757,0.9760178928594174
2013-10-28 00:00:00+00:00,0.9987331343693926,0.9969553211299761,0.9946740396561609,0.9918973699483065,0.9848930252336757,0.9760178928594174
2013-10-29 00:00:00+00:00,0.9987331343693926,0.9969553211299761,0.9946740396561609,0.9918973699483065,0.9848930252336757,0.9760178928594174
2013-10-30 00:00:00+00:00,0.9987331343693926,0.9969553211299761,0.9946740396561609,0.9918973699483065,0.9848930252336757,0.9760178928594174
2013-10-31 00:00:00+00:00,0.9987331343693926,0.9969553211299761,0.9946740396561609,0.9918973699483065,0.9848930252336757,0.9760178928594174
2013-11-01 00:00:00+00:00,0.9987331343693926,0.9969553211299761,0.9946740396561609,0.9918973699483065,0.9848930252336757,0.9760178928594174
2013-11-02 00:00:00+00:00,0.9987331343693926,0.9969553211299761,0.9946740396561609,0.9918973699483065,0.9848930252336757,0.9760178928594174
2013-11-03 00:00:00+00:00,0.9987331343693926,0.9969553211299761,0.9946740396561609,0.9918973699483065,0.9848930252336757,0.9760178928594174
2013-11-04 00:00:00+00:00,0.9987331343693926,0.9969553211299761,0.9946740396561609,0.9918973699483065,0.9848930252336757,0.9760178928594174
2013-11-05 00:00:00+00:00,0.9987331343693926,0.9969553211299761,0.9946740396561609,0.9918973699483065,0.9848930252336757,0.9760178928594174
2013-11-06 00:00:00+00:00,0.9987331343693926,0.9969553211299761,0.9946740396561609,0.9918973699483065,0.9848930252336757,0.9760178928594174
2013-11-07 00:00:00+00:00,0.9987331343693926,0.9969553211299761,0.9946740396561609,0.9918973699483065,0.9848930252336757,0.9760178928594174
2013-11-08 00:00:00+00:00,0.9987331343693926,0.9969553211299761,0.9946740396561609,0.9918973699483065,0.9848930252336757,0.9760178928594174
2013-11-09 00:00:00+00:00,0.9987331343693926,0.9969553211299761,0.9946740396561609,0.9918973699483065,0.9848930252336757,0.9760178928594174
2013-11-10 00:00:00+00:00,0.9987331343693926,0.9969553211299761,0.9946740396561609,0.9918973699483065,0.9848930252336757,0.9760178928594174
2013-11-11 00:00:00+00:00,0.9987331343693926,0.9969553211299761,0.9946740396561609,0.9918973699483065,0.9848930252336757,0.9760178928594174
2013-11-12 00:00:00+00:00,0.9987331343693926,0.9969553211299761,0.9946740396561609,0.9918973699483065,0.9848930252336757,0.9760178928594174
2013-11-13 00:00:00+00:00,0.9987331343693926,0.9969553211299761,0.9946740396561609,0.9918973699483065,0.9848930252336757,0.9760178928594174
2013-11-14 00:00:00+00:00,0.9987331343693926,0.9969553211299761,0.9946740396561609,0.9918973699483065,0.9848930252336757,0.9760178928594174
2013-11-15 00:00:00+00:00,0.9987331343693926,0.9969553211299761,0.9946740396561609,0.9918973699483065,0.9848930252336757,0.9760178928594174
2013-11-16 00:00:00+00:00,0.9987331343693926,0.9969553211299761,0.9946740396561609,0.9918973699483065,0.9848930252336757,0.9760178928594174
2013-11-17 00:00:00+00:00,0.9987331343693926,0.9969553211299761,0.9946740396561609,0.9918973699483065,0.9848930252336757,0.9760178928594174
2013-11-18 00:00:00+00:00,0.9987331343693926,0.9969553211299761,0.9946740396561609,0.9918973699483065,0.9848930252336757,0.9760178928594174
2013-11-19 00:00:00+00:00,0.9987331343693926,0.9969553211299761,0.9946740396561609,0.9918973699483065,0.9848930252336757,0.9760178928594174
2013-11-20 00:00:00+00:00,0.9987331343693926,0.9969553211299761,0.9946740396561609,0.9918973699483065,0.9848930252336757,0.9760178928594174
2013-11-21 00:00:00+00:00,0.9987331343693926,0.9969553211299761,0.9946740396561609,0.9918973699483065,0.9848930252336757,0.9760178928594174
2013-11-22 00:00:00+00:00,0.9987331343693926,0.9969553211299761,0.9946740396561609,0.9918973699483065,0.9848930252336757,0.9760178928594174
2013-11-23 00:00:00+00:00,0.9987331343693926,0.9969553211299761,0.9946740396561609,0.9918973699483065,0.9848930252336757,0.9760178928594174
2013-11-24 00:00:00+00:00,0.9987331343693926,0.9969553211299761,0.9946740396561609,0.9918973699483065,0.9848930252336757,0.9760178928594174
2013-11-25 00:00:00+00:00,0.9987331343693926,0.9969553211299761,0.9946740396561609,0.9918973699483065,0.9848930252336757,0.9760178928594174
2013-11-26 00:00:00+00:00,0.9987331343693926,0.9969553211299761,0.9946740396561609,0.9918973699483065,0.9848930252336757,0.9760178928594174
2013-11-27 00:00:00+00:00,0.9987331343693926,0.9969553211299761,0.9946740396561609,0.9918973699483065,0.9848930252336757,0.9760178928594174
2013-11-28 00:00:00+00:00,0.9987331343693926,0.9969553211299761,0.9946740396561609,0.9918973699483065,0.9848930252336757,0.9760178928594174
2013-11-29 00:00:00+00:00,0.9987331343693926,0.9969553211299761,0.9946740396561609,0.9918973699483065,0.9848930252336757,0.9760178928594174
2013-11-30 00:00:00+00:00,0.9987331343693926,0.9969553211299761,0.9946740396561609,0.9918973699483065,0.9848930252336757,0.9760178928594174
2013-12-01 00:00:00+00:00,0.9987331343693926,0.9969553211299761,0.9946740396561609,0.9918973699483065,0.9848930252336757,0.9760178928594174
2013-12-02 00:00:00+00:00,0.9987331343693926,0.9969553211299761,0.9946740396561609,0.9918973699483065,0.9848930252336757,0.9760178928594174
2013-12-03 00:00:00+00:00,0.9987331343693926,0.9969553211299761,0.9946740396561609,0.9918973699483065,0.9848930252336757,0.9760178928594174
2013-12-04 00:00:00+00:00,0.9987331343693926,0.9969553211299761,0.9946740396561609,0.9918973699483065,0.9848930252336757,0.9760178928594174
2013-12-05 00:00:00+00:00,0.9987331343693926,0.9969553211299761,0.9946740396561609,0.9918973699483065,0.9848930252336757,0.9760178928594174
2013-12-06 00:00:00+00:00,0.9987331343693926,0.9969553211299761,0.9946740396561609,0.9918973699483065,0.9848930252336757,0.9760178928594174
2013-12-07 00:00:00+00:00,0.9987331343693926,0.9969553211299761,0.9946740396561609,0.9918973699483065,0.9848930252336757,0.9760178928594174
2013-12-08 00:00:00+00:00,0.9987331343693926,0.9969553211299761,0.9946740396561609,0.9918973699483065,0.9848930252336757,0.9760178928594174
2013-12-09 00:00:00+00:00,0.9987331343693926,0.9969553211299761,0.9946740396561609,0.9918973699483065,0.9848930252336757,0.9760178928594174
2013-12-10 00:00:00+00:00,0.9987331343693926,0.9969553211299761,0.9946740396561609,0.9918973699483065,0.9848930252336757,0.9760178928594174
2013-12-11 00:00:00+00:00,0.9987331343693926,0.9969553211299761,0.9946740396561609,0.9918973699483065,0.9848930252336757,0.9760178928594174
2013-12-12 00:00:00+00:00,0.9987331343693926,0.9969553211299761,0.9946740396561609,0.9918973699483065,0.9848930252336757,0.9760178928594174
2013-12-13 00:00:00+00:00,0.9987331343693926,0.9969553211299761,0.9946740396561609,0.9918973699483065,0.9848930252336757,0.9760178928594174
2013-12-14 00:00:00+00:00,0.9987331343693926,0.9969553211299761,0.9946740396561609,0.9918973699483065,0.9848930252336757,0.9760178928594174
2013-12-15 00:00:00+00:00,0.9987331343693926,0.9969553211299761,0.9946740396561609,0.9918973699483065,0.9848930252336757,0.9760178928594174
2013-12-16 00:00:00+00:00,0.9987331343693926,0.9969553211299761,0.9946740396561609,0.9918973699483065,0.9848930252336757,0.9760178928594174
2013-12-17 00:00:00+00:00,0.9987331343693926,0.9969553211299761,0.9946740396561609,0.9918973699483065,0.9848930252336757,0.9760178928594174
2013-12-18 00:00:00+00:00,0.9987331343693926,0.9969553211299761,0.9946740396561609,0.9918973699483065,0.9848930252336757,0.9760178928594174
2013-12-19 00:00:00+00:00,0.9987331343693926,0.9969553211299761,0.9946740396561609,0.9918973699483065,0.9848930252336757,0.9760178928594174
2013-12-20 00:00:00+00:00,0.9987331343693926,0.9969553211299761,0.9946740396561609,0.9918973699483065,0.9848930252336757,0.9760178928594174
2013-12-21 00:00:00+00:00,0.9987331343693926,0.9969553211299761,0.9946740396561609,0.9918973699483065,0.9848930252336757,0.9760178928594174
2013-12-22 00:00:00+00:00,0.9987331343693926,0.9969553211299761,0.9946740396561609,0.9918973699483065,0.9848930252336757,0.9760178928594174
2013-12-23 00:00:00+00:00,0.9987331343693926,0.9969553211299761,0.9946740396561609,0.9918973699483065,0.9848930252336757,0.9760178928594174
2013-12-24 00:00:00+00:00,0.9987331343693926,0.9969553211299761,0.9946740396561609,0.9918973699483065,0.9848930252336757,0.9760178928594174
2013-12-25 00:00:00+00:00,0.9987331343693926,0.9969553211299761,0.9946740396561609,0.9918973699483065,0.9848930252336757,0.9760178928594174
2013-12-26 00:00:00+00:00,0.9987331343693926,0.9969553211299761,0.9946740396561609,0.9918973699483065,0.9848930252336757,0.9760178928594174
2013-12-27 00:00:00+00:00,0.9987331343693926,0.9969553211299761,0.9946740396561609,0.9918973699483065,0.9848930252336757,0.9760178928594174
2013-12-28 00:00:00+00:00,0.9987331343693926,0.9969553211299761,0.9946740396561609,0.9918973699483065,0.9848930252336757,0.9760178928594174
2013-12-29 00:00:00+00:00,0.9987331343693926,0.9969553211299761,0.9946740396561609,0.9918973699483065,0.9848930252336757,0.9760178928594174
2013-12-30 00:00:00+00:00,0.9987331343693926,0.9969553211299761,0.9946740396561609,0.9918973699483065,0.9848930252336757,0.9760178928594174
2013-12-31 00:00:00+00:00,0.9987331343693926,0.9969553211299761,0.9946740396561609,0.9918973699483065,0.9848930252336757,0.9760178928594174
2014-01-01 00:00:00+00:00,0.9987331343693926,0.9969553211299761,0.9946740396561609,0.9918973699483065,0.9848930252336757,0.9760178928594174
2014-01-02 00:00:00+00:00,0.9987331343693926,0.9969553211299761,0.9946740396561609,0.9918973699483065,0.9848930252336757,0.9760178928594174
2014-01-03 00:00:00+00:00,0.9987331343693926,0.9969553211299761,0.9946740396561609,0.9918973699483065,0.9848930252336757,0.9760178928594174
2014-01-04 00:00:00+00:00,0.9987331343693926,0.9969553211299761,0.9946740396561609,0.9918973699483065,0.9848930252336757,0.9760178928594174
2014-01-05 00:00:00+00:00,0.9987331343693926,0.9969553211299761,0.9946740396561609,0.9918973699483065,0.9848930252336757,0.9760178928594174
2014-01-06 00:00:00+00:00,0.9961607679324886,0.9918197462323096,0.986988304516653,0.9816783297843115,0.96967270856529,0.9559070097174892
2014-01-07 00:00:00+00:00,0.9961607679324886,0.9918197462323096,0.986988304516653,0.9816783297843115,0.96967270856529,0.9559070097174892
2014-01-08 00:00:00+00:00,0.9961607679324886,0.9918197462323096,0.986988304516653,0.9816783297843115,0.96967270856529,0.9559070097174892
2014-01-09 00:00:00+00:00,0.9961607679324886,0.9918197462323096,0.986988304516653,0.9816783297843115,0.96967270856529,0.9559070097174892
2014-01-10 00:00:00+00:00,0.9961607679324886,0.9918197462323096,0.986988304516653,0.9816783297843115,0.96967270856529,0.9559070097174892
2014-01-11 00:00:00+00:00,0.9961607679324886,0.9918197462323096,0.986988304516653,0.9816783297843115,0.96967270856529,0.9559070097174892
2014-01-12 00:00:00+00:00,0.9961607679324886,0.9918197462323096,0.986988304516653,0.9816783297843115,0.96967270856529,0.9559070097174892
2014-01-13 00:00:00+00:00,0.9961607679324886,0.9918197462323096,0.986988304516653,0.9816783297843115,0.96967270856529,0.9559070097174892
2014-01-14 00:00:00+00:00,0.9961607679324886,0.9918197462323096,0.986988304516653,0.9816783297843115,0.96967270856529,0.9559070097174892
2014-01-15 00:00:00+00:00,0.9961607679324886,0.9918197462323096,0.986988304516653,0.9816783297843115,0.96967270856529,0.9559070097174892
2014-01-16 00:00:00+00:00,0.9961607679324886,0.9918197462323096,0.986988304516653,0.9816783297843115,0.96967270856529,0.9559070097174892
2014-01-17 00:00:00+00:00,0.9961607679324886,0.9918197462323096,0.986988304516653,0.9816783297843115,0.96967270856529,0.9559070097174892
2014-01-18 00:00:00+00:00,0.9961607679324886,0.9918197462323096,0.986988304516653,0.9816783297843115,0.96967270856529,0.9559070097174892
2014-01-19 00:00:00+00:00,0.9961607679324886,0.9918197462323096,0.986988304516653,0.9816783297843115,0.96967270856529,0.9559070097174892
2014-01-20 00:00:00+00:00,0.9961607679324886,0.9918197462323096,0.986988304516653,0.9816783297843115,0.96967270856529,0.9559070097174892
2014-01-21 00:00:00+00:00,0.9935584483900802,0.9866377876745082,0.9792532309151206,0.9714203843434015,0.954473967636292,0.9359297082843001
2014-01-22 00:00:00+00:00,0.9935584483900802,0.9866377876745082,0.9792532309151206,0.9714203843434015,0.954473967636292,0.9359297082843001
2014-01-23 00:00:00+00:00,0.9935584483900802,0.9866377876745082,0.9792532309151206,0.9714203843434015,0.954473967636292,0.9359297082843001
2014-01-24 00:00:00+00:00,0.9935584483900802,0.9866377876745082,0.9792532309151206,0.9714203843434015,0.954473967636292,0.9359297082843001
2014-01-25 00:00:00+00:00,0.9935584483900802,0.9866377876745082,0.9792532309151206,0.9714203843434015,0.954473967636292,0.9359297082843001
2014-01-26 00:00:00+00:00,0.9935584483900802,0.9866377876745082,0.9792532309151206,0.9714203843434015,0.954473967636292,0.9359297082843001
2014-01-27 00:00:00+00:00,1.0009067034320045,1.0012319287833276,1.0009805963349983,1.000158481225959,0.9968291093379216,0.9913060192315282
2014-01-28 00:00:00+00:00,1.0009067034320045,1.0012319287833276,1.0009805963349983,1.000158481225959,0.9968291093379216,0.9913060192315282
2014-01-29 00:00:00+00:00,1.0009067034320045,1.0012319287833276,1.0009805963349983,1.000158481225959,0.9968291093379216,0.9913060192315282
2014-01-30 00:00:00+00:00,1.0009067034320045,1.0012319287833276,1.0009805963349983,1.000158481225959,0.9968291093379216,0.9913060192315282
2014-01-31 00:00:00+00:00,1.0009067034320045,1.0012319287833276,1.0009805963349983,1.000158481225959,0.9968291093379216,0.9913060192315282
2014-02-01 00:00:00+00:00,1.0009067034320045,1.0012319287833276,1.0009805963349983,1.000158481225959,0.9968291093379216,0.9913060192315282
2014-02-02 00:00:00+00:00,1.0009067034320045,1.0012319287833276,1.0009805963349983,1.000158481225959,0.9968291093379216,0.9913060192315282
2014-02-03 00:00:00+00:00,1.0009067034320045,1.0012319287833276,1.0009805963349983,1.000158481225959,0.9968291093379216,0.9913060192315282
2014-02-04 00:00:00+00:00,1.0009067034320045,1.0012319287833276,1.0009805963349983,1.000158481225959,0.9968291093379216,0.9913060192315282
2014-02-05 00:00:00+00:00,1.0009067034320045,1.0012319287833276,1.0009805963349983,1.000158481225959,0.9968291093379216,0.9913060192315282
2014-02-06 00:00:00+00:00,1.0009067034320045,1.0012319287833276,1.0009805963349983,1.000158481225959,0.9968291093379216,0.9913060192315282
2014-02-07 00:00:00+00:00,1.0009067034320045,1.0012319287833276,1.0009805963349983,1.000158481225959,0.9968291093379216,0.9913060192315282
2014-02-08 00:00:00+00:00,1.0009067034320045,1.0012319287833276,1.0009805963349983,1.000158481225959,0.9968291093379216,0.9913060192315282
2014-02-09 00:00:00+00:00,1.0009067034320045,1.0012319287833276,1.0009805963349983,1.000158481225959,0.9968291093379216,0.9913060192315282
2014-02-10 00:00:00+00:00,1.0009067034320045,1.0012319287833276,1.0009805963349983,1.000158481225959,0.9968291093379216,0.9913060192315282
2014-02-11 00:00:00+00:00,0.9982994127921464,0.9960156531258808,0.9931581469581835,0.9897371149286466,0.9812490965510972,0.9706477668983993
2014-02-12 00:00:00+00:00,0.9982994127921464,0.9960156531258808,0.9931581469581835,0.9897371149286466,0.9812490965510972,0.9706477668983993
2014-02-13 00:00:00+00:00,0.9982994127921464,0.9960156531258808,0.9931581469581835,0.9897371149286466,0.9812490965510972,0.9706477668983993
2014-02-14 00:00:00+00:00,0.9982994127921464,0.9960156531258808,0.9931581469581835,0.9897371149286466,0.9812490965510972,0.9706477668983993
2014-02-15 00:00:00+00:00,0.9982994127921464,0.9960156531258808,0.9931581469581835,0.9897371149286466,0.9812490965510972,0.9706477668983993
2014-02-16 00:00:00+00:00,0.9982994127921464,0.9960156531258808,0.9931581469581835,0.9897371149286466,0.9812490965510972,0.9706477668983993
2014-02-17 00:00:00+00:00,0.9982994127921464,0.9960156531258808,0.9931581469581835,0.9897371149286466,0.9812490965510972,0.9706477668983993
2014-02-18 00:00:00+00:00,0.9982994127921464,0.9960156531258808,0.9931581469581835,0.9897371149286466,0.9812490965510972,0.9706477668983993
2014-02-19 00:00:00+00:00,0.9982994127921464,0.9960156531258808,0.9931581469581835,0.9897371149286466,0.9812490965510972,0.9706477668983993
2014-02-20 00:00:00+00:00,0.9982994127921464,0.9960156531258808,0.9931581469581835,0.9897371149286466,0.9812490965510972,0.9706477668983993
2014-02-21 00:00:00+00:00,0.9982994127921464,0.9960156531258808,0.9931581469581835,0.9897371149286466,0.9812490965510972,0.9706477668983993
2014-02-22 00:00:00+00:00,0.9982994127921464,0.9960156531258808,0.9931581469581835,0.9897371149286466,0.9812490965510972,0.9706477668983993
2014-02-23 00:00:00+00:00,0.9982994127921464,0.9960156531258808,0.9931581469581835,0.9897371149286466,0.9812490965510972,0.9706477668983993
2014-02-24 00:00:00+00:00,0.9981895145001458,0.9957963593595381,0.9928301500186723,0.9893012921000782,0.9806009687548289,0.9697929329249483
2014-02-25 00:00:00+00:00,0.9981895145001458,0.9957963593595381,0.9928301500186723,0.9893012921000782,0.9806009687548289,0.9697929329249483
2014-02-26 00:00:00+00:00,0.9981895145001458,0.9957963593595381,0.9928301500186723,0.9893012921000782,0.9806009687548289,0.9697929329249483
2014-02-27 00:00:00+00:00,0.9981895145001458,0.9957963593595381,0.9928301500186723,0.9893012921000782,0.9806009687548289,0.9697929329249483
2014-02-28 00:00:00+00:00,0.9981895145001458,0.9957963593595381,0.9928301500186723,0.9893012921000782,0.9806009687548289,0.9697929329249483
2014-03-01 00:00:00+00:00,0.9981895145001458,0.9957963593595381,0.9928301500186723,0.9893012921000782,0.9806009687548289,0.9697929329249483
2014-03-02 00:00:00+00:00,0.9981895145001458,0.9957963593595381,0.9928301500186723,0.9893012921000782,0.9806009687548289,0.9697929329249483
2014-03-03 00:00:00+00:00,0.9955958318645021,0.9906214307745561,0.9850908792203716,0.9790189417228564,0.965313084030283,0.9496337543019832
2014-03-04 00:00:00+00:00,0.9955958318645021,0.9906214307745561,0.9850908792203716,0.9790189417228564,0.965313084030283,0.9496337543019832
2014-03-05 00:00:00+00:00,0.9955958318645021,0.9906214307745561,0.9850908792203716,0.9790189417228564,0.965313084030283,0.9496337543019832
2014-03-06 00:00:00+00:00,0.9955958318645021,0.9906214307745561,0.9850908792203716,0.9790189417228564,0.965313084030283,0.9496337543019832
2014-03-07 00:00:00+00:00,0.9955958318645021,0.9906214307745561,0.9850908792203716,0.9790189417228564,0.965313084030283,0.9496337543019832
2014-03-08 00:00:00+00:00,0.9955958318645021,0.9906214307745561,0.9850908792203716,0.9790189417228564,0.965313084030283,0.9496337543019832
2014-03-09 00:00:00+00:00,0.9955958318645021,0.9906214307745561,0.9850908792203716,0.9790189417228564,0.965313084030283,0.9496337543019832
2014-03-10 00:00:00+00:00,0.9955958318645021,0.9906214307745561,0.9850908792203716,0.9790189417228564,0.965313084030283,0.9496337543019832
2014-03-11 00:00:00+00:00,0.9955958318645021,0.9906214307745561,0.9850908792203716,0.9790189417228564,0.965313084030283,0.9496337543019832
2014-03-12 00:00:00+00:00,0.9955958318645021,0.9906214307745561,0.9850908792203716,0.9790189417228564,0.965313084030283,0.9496337543019832
2014-03-13 00:00:00+00:00,0.9955958318645021,0.9906214307745561,0.9850908792203716,0.9790189417228564,0.965313084030283,0.9496337543019832
2014-03-14 00:00:00+00:00,1.002969282024063,1.0052946495909307,1.006977828526799,1.0080216640767286,1.00820812849912,1.0058981695040383
2014-03-15 00:00:00+00:00,1.002969282024063,1.0052946495909307,1.006977828526799,1.0080216640767286,1.00820812849912,1.0058981695040383
2014-03-16 00:00:00+00:00,1.002969282024063,1.0052946495909307,1.006977828526799,1.0080216640767286,1.00820812849912,1.0058981695040383
2014-03-17 00:00:00+00:00,1.002969282024063,1.0052946495909307,1.006977828526799,1.0080216640767286,1.00820812849912,1.0058981695040383
2014-03-18 00:00:00+00:00,1.002969282024063,1.0052946495909307,1.006977828526799,1.0080216640767286,1.00820812849912,1.0058981695040383
2014-03-19 00:00:00+00:00,1.002969282024063,1.0052946495909307,1.006977828526799,1.0080216640767286,1.00820812849912,1.0058981695040383
2014-03-20 00:00:00+00:00,1.002969282024063,1.0052946495909307,1.006977828526799,1.0080216640767286,1.00820812849912,1.0058981695040383
2014-03-21 00:00:00+00:00,1.002969282024063,1.0052946495909307,1.006977828526799,1.0080216640767286,1.00820812849912,1.0058981695040383
2014-03-22 00:00:00+00:00,1.002969282024063,1.0052946495909307,1.006977828526799,1.0080216640767286,1.00820812849912,1.0058981695040383
2014-03-23 00:00:00+00:00,1.002969282024063,1.0052946495909307,1.006977828526799,1.0080216640767286,1.00820812849912,1.0058981695040383
2014-03-24 00:00:00+00:00,1.002969282024063,1.0052946495909307,1.006977828526799,1.0080216640767286,1.00820812849912,1.0058981695040383
2014-03-25 00:00:00+00:00,1.002969282024063,1.0052946495909307,1.006977828526799,1.0080216640767286,1.00820812849912,1.0058981695040383
2014-03-26 00:00:00+00:00,1.002969282024063,1.0052946495909307,1.006977828526799,1.0080216640767286,1.00820812849912,1.0058981695040383
2014-03-27 00:00:00+00:00,1.002969282024063,1.0052946495909307,1.006977828526799,1.0080216640767286,1.00820812849912,1.0058981695040383
2014-03-28 00:00:00+00:00,1.002969282024063,1.0052946495909307,1.006977828526799,1.0080216640767286,1.00820812849912,1.0058981695040383
2014-03-29 00:00:00+00:00,1.002969282024063,1.0052946495909307,1.006977828526799,1.0080216640767286,1.00820812849912,1.0058981695040383
2014-03-30 00:00:00+00:00,1.002969282024063,1.0052946495909307,1.006977828526799,1.0080216640767286,1.00820812849912,1.0058981695040383
2014-03-31 00:00:00+00:00,1.002969282024063,1.0052946495909307,1.006977828526799,1.0080216640767286,1.00820812849912,1.0058981695040383
2014-04-01 00:00:00+00:00,1.002969282024063,1.0052946495909307,1.006977828526799,1.0080216640767286,1.00820812849912,1.0058981695040383
2014-04-02 00:00:00+00:00,1.002969282024063,1.0052946495909307,1.006977828526799,1.0080216640767286,1.00820812849912,1.0058981695040383
2014-04-03 00:00:00+00:00,1.002969282024063,1.0052946495909307,1.006977828526799,1.0080216640767286,1.00820812849912,1.0058981695040383
2014-04-04 00:00:00+00:00,1.002969282024063,1.0052946495909307,1.006977828526799,1.0080216640767286,1.00820812849912,1.0058981695040383
2014-04-05 00:00:00+00:00,1.002969282024063,1.0052946495909307,1.006977828526799,1.0080216640767286,1.00820812849912,1.0058981695040383
2014-04-06 00:00:00+00:00,1.002969282024063,1.0052946495909307,1.006977828526799,1.0080216640767286,1.00820812849912,1.0058981695040383
2014-04-07 00:00:00+00:00,1.002969282024063,1.0052946495909307,1.006977828526799,1.0080216640767286,1.00820812849912,1.0058981695040383
2014-04-08 00:00:00+00:00,1.002969282024063,1.0052946495909307,1.006977828526799,1.0080216640767286,1.00820812849912,1.0058981695040383
2014-04-09 00:00:00+00:00,1.002969282024063,1.0052946495909307,1.006977828526799,1.0080216640767286,1.00820812849912,1.0058981695040383
2014-04-10 00:00:00+00:00,1.002969282024063,1.0052946495909307,1.006977828526799,1.0080216640767286,1.00820812849912,1.0058981695040383
2014-04-11 00:00:00+00:00,1.0028520075889182,1.0050595569229939,1.006624599096465,1.007550203291689,1.0075008065049333,1.0049572342889237
2014-04-12 00:00:00+00:00,1.0028520075889182,1.0050595569229939,1.006624599096465,1.007550203291689,1.0075008065049333,1.0049572342889237
2014-04-13 00:00:00+00:00,1.0028520075889182,1.0050595569229939,1.006624599096465,1.007550203291689,1.0075008065049333,1.0049572342889237
2014-04-14 00:00:00+00:00,1.0028520075889182,1.0050595569229939,1.006624599096465,1.007550203291689,1.0075008065049333,1.0049572342889237
2014-04-15 00:00:00+00:00,1.0028520075889182,1.0050595569229939,1.006624599096465,1.007550203291689,1.0075008065049333,1.0049572342889237
2014-04-16 00:00:00+00:00,1.0028520075889182,1.0050595569229939,1.006624599096465,1.007550203291689,1.0075008065049333,1.0049572342889237
2014-04-17 00:00:00+00:00,1.0028520075889182,1.0050595569229939,1.006624599096465,1.007550203291689,1.0075008065049333,1.0049572342889237
2014-04-18 00:00:00+00:00,1.0028520075889182,1.0050595569229939,1.006624599096465,1.007550203291689,1.0075008065049333,1.0049572342889237
2014-04-19 00:00:00+00:00,1.0028520075889182,1.0050595569229939,1.006624599096465,1.007550203291689,1.0075008065049333,1.0049572342889237
2014-04-20 00:00:00+00:00,1.0028520075889182,1.0050595569229939,1.006624599096465,1.007550203291689,1.0075008065049333,1.0049572342889237
2014-04-21 00:00:00+00:00,1.0028520075889182,1.0050595569229939,1.006624599096465,1.007550203291689,1.0075008065049333,1.0049572342889237
2014-04-22 00:00:00+00:00,1.0028520075889182,1.0050595569229939,1.006624599096465,1.007550203291689,1.0075008065049333,1.0049572342889237
2014-04-23 00:00:00+00:00,1.0028520075889182,1.0050595569229939,1.006624599096465,1.007550203291689,1.0075008065049333,1.0049572342889237
2014-04-24 00:00:00+00:00,1.0028520075889182,1.0050595569229939,1.006624599096465,1.007550203291689,1.0075008065049333,1.0049572342889237
2014-04-25 00:00:00+00:00,1.0028520075889182,1.0050595569229939,1.006624599096465,1.007550203291689,1.0075008065049333,1.0049572342889237
2014-04-26 00:00:00+00:00,1.0028520075889182,1.0050595569229939,1.006624599096465,1.007550203291689,1.0075008065049333,1.0049572342889237
2014-04-27 00:00:00+00:00,1.0028520075889182,1.0050595569229939,1.006624599096465,1.007550203291689,1.0075008065049333,1.0049572342889237
2014-04-28 00:00:00+00:00,1.0028520075889182,1.0050595569229939,1.006624599096465,1.007550203291689,1.0075008065049333,1.0049572342889237
2014-04-29 00:00:00+00:00,1.0028520075889182,1.0050595569229939,1.006624599096465,1.007550203291689,1.0075008065049333,1.0049572342889237
2014-04-30 00:00:00+00:00,1.0028520075889182,1.0050595569229939,1.006624599096465,1.007550203291689,1.0075008065049333,1.0049572342889237
2014-05-01 00:00:00+00:00,1.0028520075889182,1.0050595569229939,1.006624599096465,1.007550203291689,1.0075008065049333,1.0049572342889237
2014-05-02 00:00:00+00:00,1.0028520075889182,1.0050595569229939,1.006624599096465,1.007550203291689,1.0075008065049333,1.0049572342889237
2014-05-03 00:00:00+00:00,1.0028520075889182,1.0050595569229939,1.006624599096465,1.007550203291689,1.0075008065049333,1.0049572342889237
2014-05-04 00:00:00+00:00,1.0028520075889182,1.0050595569229939,1.006624599096465,1.007550203291689,1.0075008065049333,1.0049572342889237
2014-05-05 00:00:00+00:00,1.0028520075889182,1.0050595569229939,1.006624599096465,1.007550203291689,1.0075008065049333,1.0049572342889237
2014-05-06 00:00:00+00:00,1.0027557764265425,1.0048666709364522,1.0063348195840924,1.007163475333901,1.0069207430082014,1.004185768891743
2014-05-07 00:00:00+00:00,1.0027557764265425,1.0048666709364522,1.0063348195840924,1.007163475333901,1.0069207430082014,1.004185768891743
2014-05-08 00:00:00+00:00,1.0027557764265425,1.0048666709364522,1.0063348195840924,1.007163475333901,1.0069207430082014,1.004185768891743
2014-05-09 00:00:00+00:00,1.0027557764265425,1.0048666709364522,1.0063348195840924,1.007163475333901,1.0069207430082014,1.004185768891743
2014-05-10 00:00:00+00:00,1.0027557764265425,1.0048666709364522,1.0063348195840924,1.007163475333901,1.0069207430082014,1.004185768891743
2014-05-11 00:00:00+00:00,1.0027557764265425,1.0048666709364522,1.0063348195840924,1.007163475333901,1.0069207430082014,1.004185768891743
2014-05-12 00:00:00+00:00,1.0027557764265425,1.0048666709364522,1.0063348195840924,1.007163475333901,1.0069207430082014,1.004185768891743
2014-05-13 00:00:00+00:00,1.0027557764265425,1.0048666709364522,1.0063348195840924,1.007163475333901,1.0069207430082014,1.004185768891743
2014-05-14 00:00:00+00:00,1.0027557764265425,1.0048666709364522,1.0063348195840924,1.007163475333901,1.0069207430082014,1.004185768891743
2014-05-15 00:00:00+00:00,1.000131502045156,0.999607073488617,0.998433896702722,0.9966202369170423,0.991109696856687,0.9831616348052041
2014-05-16 00:00:00+00:00,1.000131502045156,0.999607073488617,0.998433896702722,0.9966202369170423,0.991109696856687,0.9831616348052041
2014-05-17 00:00:00+00:00,1.000131502045156,0.999607073488617,0.998433896702722,0.9966202369170423,0.991109696856687,0.9831616348052041
2014-05-18 00:00:00+00:00,1.000131502045156,0.999607073488617,0.998433896702722,0.9966202369170423,0.991109696856687,0.9831616348052041
2014-05-19 00:00:00+00:00,1.000131502045156,0.999607073488617,0.998433896702722,0.9966202369170423,0.991109696856687,0.9831616348052041
2014-05-20 00:00:00+00:00,1.000131502045156,0.999607073488617,0.998433896702722,0.9966202369170423,0.991109696856687,0.9831616348052041
2014-05-21 00:00:00+00:00,1.000131502045156,0.999607073488617,0.998433896702722,0.9966202369170423,0.991109696856687,0.9831616348052041
2014-05-22 00:00:00+00:00,1.000131502045156,0.999607073488617,0.998433896702722,0.9966202369170423,0.991109696856687,0.9831616348052041
2014-05-23 00:00:00+00:00,1.000131502045156,0.999607073488617,0.998433896702722,0.9966202369170423,0.991109696856687,0.9831616348052041
2014-05-24 00:00:00+00:00,1.000131502045156,0.999607073488617,0.998433896702722,0.9966202369170423,0.991109696856687,0.9831616348052041
2014-05-25 00:00:00+00:00,1.000131502045156,0.999607073488617,0.998433896702722,0.9966202369170423,0.991109696856687,0.9831616348052041
2014-05-26 00:00:00+00:00,1.000131502045156,0.999607073488617,0.998433896702722,0.9966202369170423,0.991109696856687,0.9831616348052041
2014-05-27 00:00:00+00:00,1.000131502045156,0.999607073488617,0.998433896702722,0.9966202369170423,0.991109696856687,0.9831616348052041
2014-05-28 00:00:00+00:00,1.000131502045156,0.999607073488617,0.998433896702722,0.9966202369170423,0.991109696856687,0.9831616348052041
2014-05-29 00:00:00+00:00,1.000131502045156,0.999607073488617,0.998433896702722,0.9966202369170423,0.991109696856687,0.9831616348052041
2014-05-30 00:00:00+00:00,1.000131502045156,0.999607073488617,0.998433896702722,0.9966202369170423,0.991109696856687,0.9831616348052041
2014-05-31 00:00:00+00:00,1.000131502045156,0.999607073488617,0.998433896702722,0.9966202369170423,0.991109696856687,0.9831616348052041
2014-06-01 00:00:00+00:00,1.000131502045156,0.999607073488617,0.998433896702722,0.9966202369170423,0.991109696856687,0.9831616348052041
2014-06-02 00:00:00+00:00,1.000131502045156,0.999607073488617,0.998433896702722,0.9966202369170423,0.991109696856687,0.9831616348052041
2014-06-03 00:00:00+00:00,1.000131502045156,0.999607073488617,0.998433896702722,0.9966202369170423,0.991109696856687,0.9831616348052041
2014-06-04 00:00:00+00:00,1.000131502045156,0.999607073488617,0.998433896702722,0.9966202369170423,0.991109696856687,0.9831616348052041
2014-06-05 00:00:00+00:00,1.000131502045156,0.999607073488617,0.998433896702722,0.9966202369170423,0.991109696856687,0.9831616348052041
2014-06-06 00:00:00+00:00,1.000131502045156,0.999607073488617,0.998433896702722,0.9966202369170423,0.991109696856687,0.9831616348052041
2014-06-07 00:00:00+00:00,1.000131502045156,0.999607073488617,0.998433896702722,0.9966202369170423,0.991109696856687,0.9831616348052041
2014-06-08 00:00:00+00:00,1.000131502045156,0.999607073488617,0.998433896702722,0.9966202369170423,0.991109696856687,0.9831616348052041
2014-06-09 00:00:00+00:00,1.000131502045156,0.999607073488617,0.998433896702722,0.9966202369170423,0.991109696856687,0.9831616348052041
2014-06-10 00:00:00+00:00,1.000131502045156,0.999607073488617,0.998433896702722,0.9966202369170423,0.991109696856687,0.9831616348052041
2014-06-11 00:00:00+00:00,1.000131502045156,0.999607073488617,0.998433896702722,0.9966202369170423,0.991109696856687,0.9831616348052041
2014-06-12 00:00:00+00:00,1.000131502045156,0.999607073488617,0.998433896702722,0.9966202369170423,0.991109696856687,0.9831616348052041
2014-06-13 00:00:00+00:00,1.000131502045156,0.999607073488617,0.998433896702722,0.9966202369170423,0.991109696856687,0.9831616348052041
2014-06-14 00:00:00+00:00,1.000131502045156,0.999607073488617,0.998433896702722,0.9966202369170423,0.991109696856687,0.9831616348052041
2014-06-15 00:00:00+00:00,1.000131502045156,0.999607073488617,0.998433896702722,0.9966202369170423,0.991109696856687,0.9831616348052041
2014-06-16 00:00:00+00:00,0.99996219950793,0.9992686459649871,0.9979268512043493,0.9959454043198656,0.9901030449153931,0.9818301958179475
2014-06-17 00:00:00+00:00,0.99996219950793,0.9992686459649871,0.9979268512043493,0.9959454043198656,0.9901030449153931,0.9818301958179475
2014-06-18 00:00:00+00:00,0.99996219950793,0.9992686459649871,0.9979268512043493,0.9959454043198656,0.9901030449153931,0.9818301958179475
2014-06-19 00:00:00+00:00,1.0073451491575847,1.0140243039353956,1.0200306178270448,1.0253585752477943,1.0339639884521223,1.0398228111692205
2014-06-20 00:00:00+00:00,1.0073451491575847,1.0140243039353956,1.0200306178270448,1.0253585752477943,1.0339639884521223,1.0398228111692205
2014-06-21 00:00:00+00:00,1.0073451491575847,1.0140243039353956,1.0200306178270448,1.0253585752477943,1.0339639884521223,1.0398228111692205
2014-06-22 00:00:00+00:00,1.0073451491575847,1.0140243039353956,1.0200306178270448,1.0253585752477943,1.0339639884521223,1.0398228111692205
2014-06-23 00:00:00+00:00,1.0073451491575847,1.0140243039353956,1.0200306178270448,1.0253585752477943,1.0339639884521223,1.0398228111692205
2014-06-24 00:00:00+00:00,1.004708194240432,1.0087154256892232,1.0120201317818946,1.0146221386288037,1.0177241737721912,1.018047030527017
2014-06-25 00:00:00+00:00,1.004708194240432,1.0087154256892232,1.0120201317818946,1.0146221386288037,1.0177241737721912,1.018047030527017
2014-06-26 00:00:00+00:00,1.004708194240432,1.0087154256892232,1.0120201317818946,1.0146221386288037,1.0177241737721912,1.018047030527017
2014-06-27 00:00:00+00:00,1.004708194240432,1.0087154256892232,1.0120201317818946,1.0146221386288037,1.0177241737721912,1.018047030527017
2014-06-28 00:00:00+00:00,1.004708194240432,1.0087154256892232,1.0120201317818946,1.0146221386288037,1.0177241737721912,1.018047030527017
2014-06-29 00:00:00+00:00,1.004708194240432,1.0087154256892232,1.0120201317818946,1.0146221386288037,1.0177241737721912,1.018047030527017
2014-06-30 00:00:00+00:00,1.004708194240432,1.0087154256892232,1.0120201317818946,1.0146221386288037,1.0177241737721912,1.018047030527017
2014-07-01 00:00:00+00:00,1.004708194240432,1.0087154256892232,1.0120201317818946,1.0146221386288037,1.0177241737721912,1.018047030527017
2014-07-02 00:00:00+00:00,1.0020751139167297,1.0034282612073906,1.0040634027192838,1.003985889797427,1.0017210227342435,0.9967027268173364
2014-07-03 00:00:00+00:00,1.0020751139167297,1.0034282612073906,1.0040634027192838,1.003985889797427,1.0017210227342435,0.9967027268173364
2014-07-04 00:00:00+00:00,1.0020751139167297,1.0034282612073906,1.0040634027192838,1.003985889797427,1.0017210227342435,0.9967027268173364
2014-07-05 00:00:00+00:00,1.0020751139167297,1.0034282612073906,1.0040634027192838,1.003985889797427,1.0017210227342435,0.9967027268173364
2014-07-06 00:00:00+00:00,1.0020751139167297,1.0034282612073906,1.0040634027192838,1.003985889797427,1.0017210227342435,0.9967027268173364
2014-07-07 00:00:00+00:00,1.0020751139167297,1.0034282612073906,1.0040634027192838,1.003985889797427,1.0017210227342435,0.9967027268173364
2014-07-08 00:00:00+00:00,1.0020751139167297,1.0034282612073906,1.0040634027192838,1.003985889797427,1.0017210227342435,0.9967027268173364
2014-07-09 00:00:00+00:00,0.9994261380981971,0.9981231555069184,0.9961007071973457,0.9933697820534632,0.985832784042633,0.975624535093486
2014-07-10 00:00:00+00:00,0.9994261380981971,0.9981231555069184,0.9961007071973457,0.9933697820534632,0.985832784042633,0.975624535093486
2014-07-11 00:00:00+00:00,0.9994261380981971,0.9981231555069184,0.9961007071973457,0.9933697820534632,0.985832784042633,0.975624535093486
2014-07-12 00:00:00+00:00,0.9994261380981971,0.9981231555069184,0.9961007071973457,0.9933697820534632,0.985832784042633,0.975624535093486
2014-07-13 00:00:00+00:00,0.9994261380981971,0.9981231555069184,0.9961007071973457,0.9933697820534632,0.985832784042633,0.975624535093486
2014-07-14 00:00:00+00:00,0.9994261380981971,0.9981231555069184,0.9961007071973457,0.9933697820534632,0.985832784042633,0.975624535093486
2014-07-15 00:00:00+00:00,0.9994261380981971,0.9981231555069184,0.9961007071973457,0.9933697820534632,0.985832784042633,0.975624535093486
2014-07-16 00:00:00+00:00,0.9994261380981971,0.9981231555069184,0.9961007071973457,0.9933697820534632,0.985832784042633,0.975624535093486
2014-07-17 00:00:00+00:00,0.9994261380981971,0.9981231555069184,0.9961007071973457,0.9933697820534632,0.985832784042633,0.975624535093486
2014-07-18 00:00:00+00:00,0.9994261380981971,0.9981231555069184,0.9961007071973457,0.9933697820534632,0.985832784042633,0.975624535093486
2014-07-19 00:00:00+00:00,0.9994261380981971,0.9981231555069184,0.9961007071973457,0.9933697820534632,0.985832784042633,0.975624535093486
2014-07-20 00:00:00+00:00,0.9994261380981971,0.9981231555069184,0.9961007071973457,0.9933697820534632,0.985832784042633,0.975624535093486
2014-07-21 00:00:00+00:00,0.9994261380981971,0.9981231555069184,0.9961007071973457,0.9933697820534632,0.985832784042633,0.975624535093486
2014-07-22 00:00:00+00:00,0.9994261380981971,0.9981231555069184,0.9961007071973457,0.9933697820534632,0.985832784042633,0.975624535093486
2014-07-23 00:00:00+00:00,0.9994261380981971,0.9981231555069184,0.9961007071973457,0.9933697820534632,0.985832784042633,0.975624535093486
2014-07-24 00:00:00+00:00,0.9994261380981971,0.9981231555069184,0.9961007071973457,0.9933697820534632,0.985832784042633,0.975624535093486
2014-07-25 00:00:00+00:00,0.9994261380981971,0.9981231555069184,0.9961007071973457,0.9933697820534632,0.985832784042633,0.975624535093486
2014-07-26 00:00:00+00:00,0.9994261380981971,0.9981231555069184,0.9961007071973457,0.9933697820534632,0.985832784042633,0.975624535093486
2014-07-27 00:00:00+00:00,0.9994261380981971,0.9981231555069184,0.9961007071973457,0.9933697820534632,0.985832784042633,0.975624535093486
2014-07-28 00:00:00+00:00,0.9994261380981971,0.9981231555069184,0.9961007071973457,0.9933697820534632,0.985832784042633,0.975624535093486
2014-07-29 00:00:00+00:00,0.9967910432143346,0.9928598366476661,0.9882217261182368,0.9828932754635765,0.9702372568102678,0.9550458199849327
2014-07-30 00:00:00+00:00,0.9967910432143346,0.9928598366476661,0.9882217261182368,0.9828932754635765,0.9702372568102678,0.9550458199849327
2014-07-31 00:00:00+00:00,0.9967910432143346,0.9928598366476661,0.9882217261182368,0.9828932754635765,0.9702372568102678,0.9550458199849327
2014-08-01 00:00:00+00:00,0.9967910432143346,0.9928598366476661,0.9882217261182368,0.9828932754635765,0.9702372568102678,0.9550458199849327
2014-08-02 00:00:00+00:00,0.9967910432143346,0.9928598366476661,0.9882217261182368,0.9828932754635765,0.9702372568102678,0.9550458199849327
2014-08-03 00:00:00+00:00,0.9967910432143346,0.9928598366476661,0.9882217261182368,0.9828932754635765,0.9702372568102678,0.9550458199849327
2014-08-04 00:00:00+00:00,0.9967910432143346,0.9928598366476661,0.9882217261182368,0.9828932754635765,0.9702372568102678,0.9550458199849327
2014-08-05 00:00:00+00:00,0.9967910432143346,0.9928598366476661,0.9882217261182368,0.9828932754635765,0.9702372568102678,0.9550458199849327
2014-08-06 00:00:00+00:00,0.9967910432143346,0.9928598366476661,0.9882217261182368,0.9828932754635765,0.9702372568102678,0.9550458199849327
2014-08-07 00:00:00+00:00,0.9967910432143346,0.9928598366476661,0.9882217261182368,0.9828932754635765,0.9702372568102678,0.9550458199849327
2014-08-08 00:00:00+00:00,1.004150345979225,1.0075203940247224,1.01010983275058,1.0119200579530572,1.0132167946497233,1.0114546040843364
2014-08-09 00:00:00+00:00,1.004150345979225,1.0075203940247224,1.01010983275058,1.0119200579530572,1.0132167946497233,1.0114546040843364
2014-08-10 00:00:00+00:00,1.004150345979225,1.0075203940247224,1.01010983275058,1.0119200579530572,1.0132167946497233,1.0114546040843364
2014-08-11 00:00:00+00:00,1.004150345979225,1.0075203940247224,1.01010983275058,1.0119200579530572,1.0132167946497233,1.0114546040843364
2014-08-12 00:00:00+00:00,1.004150345979225,1.0075203940247224,1.01010983275058,1.0119200579530572,1.0132167946497233,1.0114546040843364
2014-08-13 00:00:00+00:00,1.004150345979225,1.0075203940247224,1.01010983275058,1.0119200579530572,1.0132167946497233,1.0114546040843364
2014-08-14 00:00:00+00:00,1.004150345979225,1.0075203940247224,1.01010983275058,1.0119200579530572,1.0132167946497233,1.0114546040843364
2014-08-15 00:00:00+00:00,1.004150345979225,1.0075203940247224,1.01010983275058,1.0119200579530572,1.0132167946497233,1.0114546040843364
2014-08-16 00:00:00+00:00,1.004150345979225,1.0075203940247224,1.01010983275058,1.0119200579530572,1.0132167946497233,1.0114546040843364
2014-08-17 00:00:00+00:00,1.004150345979225,1.0075203940247224,1.01010983275058,1.0119200579530572,1.0132167946497233,1.0114546040843364
2014-08-18 00:00:00+00:00,1.004150345979225,1.0075203940247224,1.01010983275058,1.0119200579530572,1.0132167946497233,1.0114546040843364
2014-08-19 00:00:00+00:00,1.004150345979225,1.0075203940247224,1.01010983275058,1.0119200579530572,1.0132167946497233,1.0114546040843364
2014-08-20 00:00:00+00:00,1.004150345979225,1.0075203940247224,1.01010983275058,1.0119200579530572,1.0132167946497233,1.0114546040843364
2014-08-21 00:00:00+00:00,1.004150345979225,1.0075203940247224,1.01010983275058,1.0119200579530572,1.0132167946497233,1.0114546040843364
2014-08-22 00:00:00+00:00,1.004150345979225,1.0075203940247224,1.01010983275058,1.0119200579530572,1.0132167946497233,1.0114546040843364
2014-08-23 00:00:00+00:00,1.004150345979225,1.0075203940247224,1.01010983275058,1.0119200579530572,1.0132167946497233,1.0114546040843364
2014-08-24 00:00:00+00:00,1.004150345979225,1.0075203940247224,1.01010983275058,1.0119200579530572,1.0132167946497233,1.0114546040843364
2014-08-25 00:00:00+00:00,1.004150345979225,1.0075203940247224,1.01010983275058,1.0119200579530572,1.0132167946497233,1.0114546040843364
2014-08-26 00:00:00+00:00,1.004150345979225,1.0075203940247224,1.01010983275058,1.0119200579530572,1.0132167946497233,1.0114546040843364
2014-08-27 00:00:00+00:00,1.004150345979225,1.0075203940247224,1.01010983275058,1.0119200579530572,1.0132167946497233,1.0114546040843364
2014-08-28 00:00:00+00:00,1.004150345979225,1.0075203940247224,1.01010983275058,1.0119200579530572,1.0132167946497233,1.0114546040843364
2014-08-29 00:00:00+00:00,1.004150345979225,1.0075203940247224,1.01010983275058,1.0119200579530572,1.0132167946497233,1.0114546040843364
2014-08-30 00:00:00+00:00,1.004150345979225,1.0075203940247224,1.01010983275058,1.0119200579530572,1.0132167946497233,1.0114546040843364
2014-08-31 00:00:00+00:00,1.004150345979225,1.0075203940247224,1.01010983275058,1.0119200579530572,1.0132167946497233,1.0114546040843364
2014-09-01 00:00:00+00:00,1.004150345979225,1.0075203940247224,1.01010983275058,1.0119200579530572,1.0132167946497233,1.0114546040843364
2014-09-02 00:00:00+00:00,1.004150345979225,1.0075203940247224,1.01010983275058,1.0119200579530572,1.0132167946497233,1.0114546040843364
2014-09-03 00:00:00+00:00,1.004150345979225,1.0075203940247224,1.01010983275058,1.0119200579530572,1.0132167946497233,1.0114546040843364
2014-09-04 00:00:00+00:00,1.004150345979225,1.0075203940247224,1.01010983275058,1.0119200579530572,1.0132167946497233,1.0114546040843364
2014-09-05 00:00:00+00:00,1.004150345979225,1.0075203940247224,1.01010983275058,1.0119200579530572,1.0132167946497233,1.0114546040843364
2014-09-06 00:00:00+00:00,1.004150345979225,1.0075203940247224,1.01010983275058,1.0119200579530572,1.0132167946497233,1.0114546040843364
2014-09-07 00:00:00+00:00,1.004150345979225,1.0075203940247224,1.01010983275058,1.0119200579530572,1.0132167946497233,1.0114546040843364
2014-09-08 00:00:00+00:00,1.004150345979225,1.0075203940247224,1.01010983275058,1.0119200579530572,1.0132167946497233,1.0114546040843364
2014-09-09 00:00:00+00:00,1.004150345979225,1.0075203940247224,1.01010983275058,1.0119200579530572,1.0132167946497233,1.0114546040843364
2014-09-10 00:00:00+00:00,1.004150345979225,1.0075203940247224,1.01010983275058,1.0119200579530572,1.0132167946497233,1.0114546040843364
2014-09-11 00:00:00+00:00,1.004150345979225,1.0075203940247224,1.01010983275058,1.0119200579530572,1.0132167946497233,1.0114546040843364
2014-09-12 00:00:00+00:00,1.004150345979225,1.0075203940247224,1.01010983275058,1.0119200579530572,1.0132167946497233,1.0114546040843364
2014-09-13 00:00:00+00:00,1.004150345979225,1.0075203940247224,1.01010983275058,1.0119200579530572,1.0132167946497233,1.0114546040843364
2014-09-14 00:00:00+00:00,1.004150345979225,1.0075203940247224,1.01010983275058,1.0119200579530572,1.0132167946497233,1.0114546040843364
2014-09-15 00:00:00+00:00,1.004150345979225,1.0075203940247224,1.01010983275058,1.0119200579530572,1.0132167946497233,1.0114546040843364
2014-09-16 00:00:00+00:00,1.004150345979225,1.0075203940247224,1.01010983275058,1.0119200579530572,1.0132167946497233,1.0114546040843364
2014-09-17 00:00:00+00:00,1.004150345979225,1.0075203940247224,1.01010983275058,1.0119200579530572,1.0132167946497233,1.0114546040843364
2014-09-18 00:00:00+00:00,1.004150345979225,1.0075203940247224,1.01010983275058,1.0119200579530572,1.0132167946497233,1.0114546040843364
2014-09-19 00:00:00+00:00,1.004150345979225,1.0075203940247224,1.01010983275058,1.0119200579530572,1.0132167946497233,1.0114546040843364
2014-09-20 00:00:00+00:00,1.004150345979225,1.0075203940247224,1.01010983275058,1.0119200579530572,1.0132167946497233,1.0114546040843364
2014-09-21 00:00:00+00:00,1.004150345979225,1.0075203940247224,1.01010983275058,1.0119200579530572,1.0132167946497233,1.0114546040843364
2014-09-22 00:00:00+00:00,1.004150345979225,1.0075203940247224,1.01010983275058,1.0119200579530572,1.0132167946497233,1.0114546040843364
2014-09-23 00:00:00+00:00,1.004150345979225,1.0075203940247224,1.01010983275058,1.0119200579530572,1.0132167946497233,1.0114546040843364
2014-09-24 00:00:00+00:00,1.004150345979225,1.0075203940247224,1.01010983275058,1.0119200579530572,1.0132167946497233,1.0114546040843364
2014-09-25 00:00:00+00:00,1.004150345979225,1.0075203940247224,1.01010983275058,1.0119200579530572,1.0132167946497233,1.0114546040843364
2014-09-26 00:00:00+00:00,1.004150345979225,1.0075203940247224,1.01010983275058,1.0119200579530572,1.0132167946497233,1.0114546040843364
2014-09-27 00:00:00+00:00,1.004150345979225,1.0075203940247224,1.01010983275058,1.0119200579530572,1.0132167946497233,1.0114546040843364
2014-09-28 00:00:00+00:00,1.004150345979225,1.0075203940247224,1.01010983275058,1.0119200579530572,1.0132167946497233,1.0114546040843364
2014-09-29 00:00:00+00:00,1.004150345979225,1.0075203940247224,1.01010983275058,1.0119200579530572,1.0132167946497233,1.0114546040843364
2014-09-30 00:00:00+00:00,1.004150345979225,1.0075203940247224,1.01010983275058,1.0119200579530572,1.0132167946497233,1.0114546040843364
2014-10-01 00:00:00+00:00,1.004150345979225,1.0075203940247224,1.01010983275058,1.0119200579530572,1.0132167946497233,1.0114546040843364
2014-10-02 00:00:00+00:00,1.004150345979225,1.0075203940247224,1.01010983275058,1.0119200579530572,1.0132167946497233,1.0114546040843364
2014-10-03 00:00:00+00:00,1.004150345979225,1.0075203940247224,1.01010983275058,1.0119200579530572,1.0132167946497233,1.0114546040843364
2014-10-04 00:00:00+00:00,1.004150345979225,1.0075203940247224,1.01010983275058,1.0119200579530572,1.0132167946497233,1.0114546040843364
2014-10-05 00:00:00+00:00,1.004150345979225,1.0075203940247224,1.01010983275058,1.0119200579530572,1.0132167946497233,1.0114546040843364
2014-10-06 00:00:00+00:00,1.004150345979225,1.0075203940247224,1.01010983275058,1.0119200579530572,1.0132167946497233,1.0114546040843364
2014-10-07 00:00:00+00:00,1.004150345979225,1.0075203940247224,1.01010983275058,1.0119200579530572,1.0132167946497233,1.0114546040843364
2014-10-08 00:00:00+00:00,1.004150345979225,1.0075203940247224,1.01010983275058,1.0119200579530572,1.0132167946497233,1.0114546040843364
2014-10-09 00:00:00+00:00,1.004150345979225,1.0075203940247224,1.01010983275058,1.0119200579530572,1.0132167946497233,1.0114546040843364
2014-10-10 00:00:00+00:00,1.004150345979225,1.0075203940247224,1.01010983275058,1.0119200579530572,1.0132167946497233,1.0114546040843364
2014-10-11 00:00:00+00:00,1.004150345979225,1.0075203940247224,1.01010983275058,1.0119200579530572,1.0132167946497233,1.0114546040843364
2014-10-12 00:00:00+00:00,1.004150345979225,1.0075203940247224,1.01010983275058,1.0119200579530572,1.0132167946497233,1.0114546040843364
2014-10-13 00:00:00+00:00,1.004150345979225,1.0075203940247224,1.01010983275058,1.0119200579530572,1.0132167946497233,1.0114546040843364
2014-10-14 00:00:00+00:00,1.004150345979225,1.0075203940247224,1.01010983275058,1.0119200579530572,1.0132167946497233,1.0114546040843364
2014-10-15 00:00:00+00:00,1.004150345979225,1.0075203940247224,1.01010983275058,1.0119200579530572,1.0132167946497233,1.0114546040843364
2014-10-16 00:00:00+00:00,1.0015502158315486,1.002302681037037,1.0022631481207864,1.001439062312285,0.9974751546983979,0.9905022547106299
2014-10-17 00:00:00+00:00,1.0015502158315486,1.002302681037037,1.0022631481207864,1.001439062312285,0.9974751546983979,0.9905022547106299
2014-10-18 00:00:00+00:00,1.0015502158315486,1.002302681037037,1.0022631481207864,1.001439062312285,0.9974751546983979,0.9905022547106299
2014-10-19 00:00:00+00:00,1.0015502158315486,1.002302681037037,1.0022631481207864,1.001439062312285,0.9974751546983979,0.9905022547106299
2014-10-20 00:00:00+00:00,1.0015502158315486,1.002302681037037,1.0022631481207864,1.001439062312285,0.9974751546983979,0.9905022547106299
2014-10-21 00:00:00+00:00,0.9989264962004011,0.9970512993708562,0.9943863863097467,0.9909453485247836,0.9817968885250468,0.9697440327519042
2014-10-22 00:00:00+00:00,0.9989264962004011,0.9970512993708562,0.9943863863097467,0.9909453485247836,0.9817968885250468,0.9697440327519042
2014-10-23 00:00:00+00:00,0.9989264962004011,0.9970512993708562,0.9943863863097467,0.9909453485247836,0.9817968885250468,0.9697440327519042
2014-10-24 00:00:00+00:00,0.9989264962004011,0.9970512993708562,0.9943863863097467,0.9909453485247836,0.9817968885250468,0.9697440327519042
2014-10-25 00:00:00+00:00,0.9989264962004011,0.9970512993708562,0.9943863863097467,0.9909453485247836,0.9817968885250468,0.9697440327519042
2014-10-26 00:00:00+00:00,0.9989264962004011,0.9970512993708562,0.9943863863097467,0.9909453485247836,0.9817968885250468,0.9697440327519042
2014-10-27 00:00:00+00:00,0.9989264962004011,0.9970512993708562,0.9943863863097467,0.9909453485247836,0.9817968885250468,0.9697440327519042
2014-10-28 00:00:00+00:00,0.9989264962004011,0.9970512993708562,0.9943863863097467,0.9909453485247836,0.9817968885250468,0.9697440327519042
2014-10-29 00:00:00+00:00,0.9989264962004011,0.9970512993708562,0.9943863863097467,0.9909453485247836,0.9817968885250468,0.9697440327519042
2014-10-30 00:00:00+00:00,0.9989264962004011,0.9970512993708562,0.9943863863097467,0.9909453485247836,0.9817968885250468,0.9697440327519042
2014-10-31 00:00:00+00:00,0.9989264962004011,0.9970512993708562,0.9943863863097467,0.9909453485247836,0.9817968885250468,0.9697440327519042
2014-11-01 00:00:00+00:00,0.9989264962004011,0.9970512993708562,0.9943863863097467,0.9909453485247836,0.9817968885250468,0.9697440327519042
2014-11-02 00:00:00+00:00,0.9989264962004011,0.9970512993708562,0.9943863863097467,0.9909453485247836,0.9817968885250468,0.9697440327519042
2014-11-03 00:00:00+00:00,0.9989264962004011,0.9970512993708562,0.9943863863097467,0.9909453485247836,0.9817968885250468,0.9697440327519042
2014-11-04 00:00:00+00:00,0.9989264962004011,0.9970512993708562,0.9943863863097467,0.9909453485247836,0.9817968885250468,0.9697440327519042
2014-11-05 00:00:00+00:00,0.9989264962004011,0.9970512993708562,0.9943863863097467,0.9909453485247836,0.9817968885250468,0.9697440327519042
2014-11-06 00:00:00+00:00,0.9989264962004011,0.9970512993708562,0.9943863863097467,0.9909453485247836,0.9817968885250468,0.9697440327519042
2014-11-07 00:00:00+00:00,0.9989264962004011,0.9970512993708562,0.9943863863097467,0.9909453485247836,0.9817968885250468,0.9697440327519042
2014-11-08 00:00:00+00:00,0.9989264962004011,0.9970512993708562,0.9943863863097467,0.9909453485247836,0.9817968885250468,0.9697440327519042
2014-11-09 00:00:00+00:00,0.9989264962004011,0.9970512993708562,0.9943863863097467,0.9909453485247836,0.9817968885250468,0.9697440327519042
2014-11-10 00:00:00+00:00,0.9989264962004011,0.9970512993708562,0.9943863863097467,0.9909453485247836,0.9817968885250468,0.9697440327519042
2014-11-11 00:00:00+00:00,0.9989264962004011,0.9970512993708562,0.9943863863097467,0.9909453485247836,0.9817968885250468,0.9697440327519042
2014-11-12 00:00:00+00:00,0.9989264962004011,0.9970512993708562,0.9943863863097467,0.9909453485247836,0.9817968885250468,0.9697440327519042
2014-11-13 00:00:00+00:00,0.9989264962004011,0.9970512993708562,0.9943863863097467,0.9909453485247836,0.9817968885250468,0.9697440327519042
2014-11-14 00:00:00+00:00,0.9989264962004011,0.9970512993708562,0.9943863863097467,0.9909453485247836,0.9817968885250468,0.9697440327519042
2014-11-15 00:00:00+00:00,0.9989264962004011,0.9970512993708562,0.9943863863097467,0.9909453485247836,0.9817968885250468,0.9697440327519042
2014-11-16 00:00:00+00:00,0.9989264962004011,0.9970512993708562,0.9943863863097467,0.9909453485247836,0.9817968885250468,0.9697440327519042
2014-11-17 00:00:00+00:00,0.9989264962004011,0.9970512993708562,0.9943863863097467,0.9909453485247836,0.9817968885250468,0.9697440327519042
2014-11-18 00:00:00+00:00,0.9963615248517134,0.9919309866635936,0.9867264455630215,0.9807674367895379,0.9666709654533716,0.9498237229470831
2014-11-19 00:00:00+00:00,0.9963615248517134,0.9919309866635936,0.9867264455630215,0.9807674367895379,0.9666709654533716,0.9498237229470831
2014-11-20 00:00:00+00:00,0.9963615248517134,0.9919309866635936,0.9867264455630215,0.9807674367895379,0.9666709654533716,0.9498237229470831
2014-11-21 00:00:00+00:00,0.9938060112279048,0.9868426867100722,0.9791340421681278,0.9707053680163524,0.9517947939412856,0.9303345122245467
2014-11-22 00:00:00+00:00,0.9938060112279048,0.9868426867100722,0.9791340421681278,0.9707053680163524,0.9517947939412856,0.9303345122245467
2014-11-23 00:00:00+00:00,0.9938060112279048,0.9868426867100722,0.9791340421681278,0.9707053680163524,0.9517947939412856,0.9303345122245467
2014-11-24 00:00:00+00:00,0.9938060112279048,0.9868426867100722,0.9791340421681278,0.9707053680163524,0.9517947939412856,0.9303345122245467
2014-11-25 00:00:00+00:00,0.9938060112279048,0.9868426867100722,0.9791340421681278,0.9707053680163524,0.9517947939412856,0.9303345122245467
2014-11-26 00:00:00+00:00,0.9938060112279048,0.9868426867100722,0.9791340421681278,0.9707053680163524,0.9517947939412856,0.9303345122245467
2014-11-27 00:00:00+00:00,0.9938060112279048,0.9868426867100722,0.9791340421681278,0.9707053680163524,0.9517947939412856,0.9303345122245467
2014-11-28 00:00:00+00:00,0.9938060112279048,0.9868426867100722,0.9791340421681278,0.9707053680163524,0.9517947939412856,0.9303345122245467
2014-11-29 00:00:00+00:00,0.9938060112279048,0.9868426867100722,0.9791340421681278,0.9707053680163524,0.9517947939412856,0.9303345122245467
2014-11-30 00:00:00+00:00,0.9938060112279048,0.9868426867100722,0.9791340421681278,0.9707053680163524,0.9517947939412856,0.9303345122245467
2014-12-01 00:00:00+00:00,0.9938060112279048,0.9868426867100722,0.9791340421681278,0.9707053680163524,0.9517947939412856,0.9303345122245467
2014-12-02 00:00:00+00:00,0.991274122309791,0.9818143893679868,0.971650513382715,0.9608132235283249,0.9372456445265773,0.9113730359200934
2014-12-03 00:00:00+00:00,0.991274122309791,0.9818143893679868,0.971650513382715,0.9608132235283249,0.9372456445265773,0.9113730359200934
2014-12-04 00:00:00+00:00,0.991274122309791,0.9818143893679868,0.971650513382715,0.9608132235283249,0.9372456445265773,0.9113730359200934
2014-12-05 00:00:00+00:00,0.991274122309791,0.9818143893679868,0.971650513382715,0.9608132235283249,0.9372456445265773,0.9113730359200934
2014-12-06 00:00:00+00:00,0.991274122309791,0.9818143893679868,0.971650513382715,0.9608132235283249,0.9372456445265773,0.9113730359200934
2014-12-07 00:00:00+00:00,0.991274122309791,0.9818143893679868,0.971650513382715,0.9608132235283249,0.9372456445265773,0.9113730359200934
2014-12-08 00:00:00+00:00,0.991274122309791,0.9818143893679868,0.971650513382715,0.9608132235283249,0.9372456445265773,0.9113730359200934
2014-12-09 00:00:00+00:00,0.991274122309791,0.9818143893679868,0.971650513382715,0.9608132235283249,0.9372456445265773,0.9113730359200934
2014-12-10 00:00:00+00:00,0.991274122309791,0.9818143893679868,0.971650513382715,0.9608132235283249,0.9372456445265773,0.9113730359200934
2014-12-11 00:00:00+00:00,0.9887278911660006,0.9767705244685276,0.9641630381958612,0.9509412718731646,0.9228009374827898,0.892645086865894
2014-12-12 00:00:00+00:00,0.9887278911660006,0.9767705244685276,0.9641630381958612,0.9509412718731646,0.9228009374827898,0.892645086865894
2014-12-13 00:00:00+00:00,0.9887278911660006,0.9767705244685276,0.9641630381958612,0.9509412718731646,0.9228009374827898,0.892645086865894
2014-12-14 00:00:00+00:00,0.9887278911660006,0.9767705244685276,0.9641630381958612,0.9509412718731646,0.9228009374827898,0.892645086865894
2014-12-15 00:00:00+00:00,0.9887278911660006,0.9767705244685276,0.9641630381958612,0.9509412718731646,0.9228009374827898,0.892645086865894
2014-12-16 00:00:00+00:00,0.9887278911660006,0.9767705244685276,0.9641630381958612,0.9509412718731646,0.9228009374827898,0.892645086865894
2014-12-17 00:00:00+00:00,0.9887278911660006,0.9767705244685276,0.9641630381958612,0.9509412718731646,0.9228009374827898,0.892645086865894
2014-12-18 00:00:00+00:00,0.9887278911660006,0.9767705244685276,0.9641630381958612,0.9509412718731646,0.9228009374827898,0.892645086865894
2014-12-19 00:00:00+00:00,0.9887278911660006,0.9767705244685276,0.9641630381958612,0.9509412718731646,0.9228009374827898,0.892645086865894
2014-12-20 00:00:00+00:00,0.9887278911660006,0.9767705244685276,0.9641630381958612,0.9509412718731646,0.9228009374827898,0.892645086865894
2014-12-21 00:00:00+00:00,0.9887278911660006,0.9767705244685276,0.9641630381958612,0.9509412718731646,0.9228009374827898,0.892645086865894
2014-12-22 00:00:00+00:00,0.9887278911660006,0.9767705244685276,0.9641630381958612,0.9509412718731646,0.9228009374827898,0.892645086865894
2014-12-23 00:00:00+00:00,0.9887278911660006,0.9767705244685276,0.9641630381958612,0.9509412718731646,0.9228009374827898,0.892645086865894
2014-12-24 00:00:00+00:00,0.9887278911660006,0.9767705244685276,0.9641630381958612,0.9509412718731646,0.9228009374827898,0.892645086865894
2014-12-25 00:00:00+00:00,0.9887278911660006,0.9767705244685276,0.9641630381958612,0.9509412718731646,0.9228009374827898,0.892645086865894
2014-12-26 00:00:00+00:00,0.9887278911660006,0.9767705244685276,0.9641630381958612,0.9509412718731646,0.9228009374827898,0.892645086865894
2014-12-27 00:00:00+00:00,0.9887278911660006,0.9767705244685276,0.9641630381958612,0.9509412718731646,0.9228009374827898,0.892645086865894
2014-12-28 00:00:00+00:00,0.9887278911660006,0.9767705244685276,0.9641630381958612,0.9509412718731646,0.9228009374827898,0.892645086865894
2014-12-29 00:00:00+00:00,0.9887278911660006,0.9767705244685276,0.9641630381958612,0.9509412718731646,0.9228009374827898,0.892645086865894
2014-12-30 00:00:00+00:00,0.9887278911660006,0.9767705244685276,0.9641630381958612,0.9509412718731646,0.9228009374827898,0.892645086865894
2014-12-31 00:00:00+00:00,0.9861758201336879,0.9717281103058741,0.9566970430048959,0.9411231219248868,0.9085095218434666,0.8742125641167673
2015-01-01 00:00:00+00:00,0.9861758201336879,0.9717281103058741,0.9566970430048959,0.9411231219248868,0.9085095218434666,0.8742125641167673
2015-01-02 00:00:00+00:00,0.9861758201336879,0.9717281103058741,0.9566970430048959,0.9411231219248868,0.9085095218434666,0.8742125641167673
2015-01-03 00:00:00+00:00,0.9861758201336879,0.9717281103058741,0.9566970430048959,0.9411231219248868,0.9085095218434666,0.8742125641167673
2015-01-04 00:00:00+00:00,0.9861758201336879,0.9717281103058741,0.9566970430048959,0.9411231219248868,0.9085095218434666,0.8742125641167673
2015-01-05 00:00:00+00:00,0.9861758201336879,0.9717281103058741,0.9566970430048959,0.9411231219248868,0.9085095218434666,0.8742125641167673
2015-01-06 00:00:00+00:00,0.9861758201336879,0.9717281103058741,0.9566970430048959,0.9411231219248868,0.9085095218434666,0.8742125641167673
2015-01-07 00:00:00+00:00,0.9861758201336879,0.9717281103058741,0.9566970430048959,0.9411231219248868,0.9085095218434666,0.8742125641167673
2015-01-08 00:00:00+00:00,0.9861046203847629,0.9715877969944653,0.9564898286688659,0.9408513337564058,0.9081159673766223,0.8737076341535582
2015-01-09 00:00:00+00:00,0.9861046203847629,0.9715877969944653,0.9564898286688659,0.9408513337564058,0.9081159673766223,0.8737076341535582
2015-01-10 00:00:00+00:00,0.9861046203847629,0.9715877969944653,0.9564898286688659,0.9408513337564058,0.9081159673766223,0.8737076341535582
2015-01-11 00:00:00+00:00,0.9861046203847629,0.9715877969944653,0.9564898286688659,0.9408513337564058,0.9081159673766223,0.8737076341535582
2015-01-12 00:00:00+00:00,0.9860172566628135,0.9714156417801171,0.9562356086508925,0.9405179156885097,0.9076332413702838,0.8730883866681506
2015-01-13 00:00:00+00:00,0.9860172566628135,0.9714156417801171,0.9562356086508925,0.9405179156885097,0.9076332413702838,0.8730883866681506
2015-01-14 00:00:00+00:00,0.9860172566628135,0.9714156417801171,0.9562356086508925,0.9405179156885097,0.9076332413702838,0.8730883866681506
2015-01-15 00:00:00+00:00,0.9860172566628135,0.9714156417801171,0.9562356086508925,0.9405179156885097,0.9076332413702838,0.8730883866681506
2015-01-16 00:00:00+00:00,0.9859546450062743,0.9712922728591191,0.9560534470454191,0.9402790258138827,0.9072874355313602,0.8726448608793265
2015-01-17 00:00:00+00:00,0.9859546450062743,0.9712922728591191,0.9560534470454191,0.9402790258138827,0.9072874355313602,0.8726448608793265
2015-01-18 00:00:00+00:00,0.9859546450062743,0.9712922728591191,0.9560534470454191,0.9402790258138827,0.9072874355313602,0.8726448608793265
2015-01-19 00:00:00+00:00,0.9859546450062743,0.9712922728591191,0.9560534470454191,0.9402790258138827,0.9072874355313602,0.8726448608793265
2015-01-20 00:00:00+00:00,0.9859546450062743,0.9712922728591191,0.9560534470454191,0.9402790258138827,0.9072874355313602,0.8726448608793265
2015-01-21 00:00:00+00:00,0.9859546450062743,0.9712922728591191,0.9560534470454191,0.9402790258138827,0.9072874355313602,0.8726448608793265
2015-01-22 00:00:00+00:00,0.9859546450062743,0.9712922728591191,0.9560534470454191,0.9402790258138827,0.9072874355313602,0.8726448608793265
2015-01-23 00:00:00+00:00,0.9859546450062743,0.9712922728591191,0.9560534470454191,0.9402790258138827,0.9072874355313602,0.8726448608793265
2015-01-24 00:00:00+00:00,0.9859546450062743,0.9712922728591191,0.9560534470454191,0.9402790258138827,0.9072874355313602,0.8726448608793265
2015-01-25 00:00:00+00:00,0.9859546450062743,0.9712922728591191,0.9560534470454191,0.9402790258138827,0.9072874355313602,0.8726448608793265
2015-01-26 00:00:00+00:00,0.9859546450062743,0.9712922728591191,0.9560534470454191,0.9402790258138827,0.9072874355313602,0.8726448608793265
2015-01-27 00:00:00+00:00,0.9859546450062743,0.9712922728591191,0.9560534470454191,0.9402790258138827,0.9072874355313602,0.8726448608793265
2015-01-28 00:00:00+00:00,0.9859546450062743,0.9712922728591191,0.9560534470454191,0.9402790258138827,0.9072874355313602,0.8726448608793265
2015-01-29 00:00:00+00:00,0.9859546450062743,0.9712922728591191,0.9560534470454191,0.9402790258138827,0.9072874355313602,0.8726448608793265
2015-01-30 00:00:00+00:00,0.9859546450062743,0.9712922728591191,0.9560534470454191,0.9402790258138827,0.9072874355313602,0.8726448608793265
2015-01-31 00:00:00+00:00,0.9859546450062743,0.9712922728591191,0.9560534470454191,0.9402790258138827,0.9072874355313602,0.8726448608793265
2015-02-01 00:00:00+00:00,0.9859546450062743,0.9712922728591191,0.9560534470454191,0.9402790258138827,0.9072874355313602,0.8726448608793265
2015-02-02 00:00:00+00:00,0.9859546450062743,0.9712922728591191,0.9560534470454191,0.9402790258138827,0.9072874355313602,0.8726448608793265
2015-02-03 00:00:00+00:00,0.9859546450062743,0.9712922728591191,0.9560534470454191,0.9402790258138827,0.9072874355313602,0.8726448608793265
2015-02-04 00:00:00+00:00,0.9859546450062743,0.9712922728591191,0.9560534470454191,0.9402790258138827,0.9072874355313602,0.8726448608793265
2015-02-05 00:00:00+00:00,0.9859546450062743,0.9712922728591191,0.9560534470454191,0.9402790258138827,0.9072874355313602,0.8726448608793265
2015-02-06 00:00:00+00:00,0.9859546450062743,0.9712922728591191,0.9560534470454191,0.9402790258138827,0.9072874355313602,0.8726448608793265
2015-02-07 00:00:00+00:00,0.9859546450062743,0.9712922728591191,0.9560534470454191,0.9402790258138827,0.9072874355313602,0.8726448608793265
2015-02-08 00:00:00+00:00,0.9859546450062743,0.9712922728591191,0.9560534470454191,0.9402790258138827,0.9072874355313602,0.8726448608793265
2015-02-09 00:00:00+00:00,0.9859546450062743,0.9712922728591191,0.9560534470454191,0.9402790258138827,0.9072874355313602,0.8726448608793265
2015-02-10 00:00:00+00:00,0.9859546450062743,0.9712922728591191,0.9560534470454191,0.9402790258138827,0.9072874355313602,0.8726448608793265
2015-02-11 00:00:00+00:00,0.9859546450062743,0.9712922728591191,0.9560534470454191,0.9402790258138827,0.9072874355313602,0.8726448608793265
2015-02-12 00:00:00+00:00,0.9859546450062743,0.9712922728591191,0.9560534470454191,0.9402790258138827,0.9072874355313602,0.8726448608793265
2015-02-13 00:00:00+00:00,0.9859546450062743,0.9712922728591191,0.9560534470454191,0.9402790258138827,0.9072874355313602,0.8726448608793265
2015-02-14 00:00:00+00:00,0.9859546450062743,0.9712922728591191,0.9560534470454191,0.9402790258138827,0.9072874355313602,0.8726448608793265
2015-02-15 00:00:00+00:00,0.9859546450062743,0.9712922728591191,0.9560534470454191,0.9402790258138827,0.9072874355313602,0.8726448608793265
2015-02-16 00:00:00+00:00,0.9859546450062743,0.9712922728591191,0.9560534470454191,0.9402790258138827,0.9072874355313602,0.8726448608793265
2015-02-17 00:00:00+00:00,0.9859546450062743,0.9712922728591191,0.9560534470454191,0.9402790258138827,0.9072874355313602,0.8726448608793265
2015-02-18 00:00:00+00:00,0.9859546450062743,0.9712922728591191,0.9560534470454191,0.9402790258138827,0.9072874355313602,0.8726448608793265
2015-02-19 00:00:00+00:00,0.9859546450062743,0.9712922728591191,0.9560534470454191,0.9402790258138827,0.9072874355313602,0.8726448608793265
2015-02-20 00:00:00+00:00,0.9859546450062743,0.9712922728591191,0.9560534470454191,0.9402790258138827,0.9072874355313602,0.8726448608793265
2015-02-21 00:00:00+00:00,0.9859546450062743,0.9712922728591191,0.9560534470454191,0.9402790258138827,0.9072874355313602,0.8726448608793265
2015-02-22 00:00:00+00:00,0.9859546450062743,0.9712922728591191,0.9560534470454191,0.9402790258138827,0.9072874355313602,0.8726448608793265
2015-02-23 00:00:00+00:00,0.9859546450062743,0.9712922728591191,0.9560534470454191,0.9402790258138827,0.9072874355313602,0.8726448608793265
2015-02-24 00:00:00+00:00,0.9859546450062743,0.9712922728591191,0.9560534470454191,0.9402790258138827,0.9072874355313602,0.8726448608793265
2015-02-25 00:00:00+00:00,0.9859546450062743,0.9712922728591191,0.9560534470454191,0.9402790258138827,0.9072874355313602,0.8726448608793265
2015-02-26 00:00:00+00:00,0.9859546450062743,0.9712922728591191,0.9560534470454191,0.9402790258138827,0.9072874355313602,0.8726448608793265
2015-02-27 00:00:00+00:00,0.9859546450062743,0.9712922728591191,0.9560534470454191,0.9402790258138827,0.9072874355313602,0.8726448608793265
2015-02-28 00:00:00+00:00,0.9859546450062743,0.9712922728591191,0.9560534470454191,0.9402790258138827,0.9072874355313602,0.8726448608793265
2015-03-01 00:00:00+00:00,0.9859546450062743,0.9712922728591191,0.9560534470454191,0.9402790258138827,0.9072874355313602,0.8726448608793265
2015-03-02 00:00:00+00:00,0.9859546450062743,0.9712922728591191,0.9560534470454191,0.9402790258138827,0.9072874355313602,0.8726448608793265
2015-03-03 00:00:00+00:00,0.9859546450062743,0.9712922728591191,0.9560534470454191,0.9402790258138827,0.9072874355313602,0.8726448608793265
2015-03-04 00:00:00+00:00,0.9859546450062743,0.9712922728591191,0.9560534470454191,0.9402790258138827,0.9072874355313602,0.8726448608793265
2015-03-05 00:00:00+00:00,0.9859546450062743,0.9712922728591191,0.9560534470454191,0.9402790258138827,0.9072874355313602,0.8726448608793265
2015-03-06 00:00:00+00:00,0.9859546450062743,0.9712922728591191,0.9560534470454191,0.9402790258138827,0.9072874355313602,0.8726448608793265
2015-03-07 00:00:00+00:00,0.9859546450062743,0.9712922728591191,0.9560534470454191,0.9402790258138827,0.9072874355313602,0.8726448608793265
2015-03-08 00:00:00+00:00,0.9859546450062743,0.9712922728591191,0.9560534470454191,0.9402790258138827,0.9072874355313602,0.8726448608793265
2015-03-09 00:00:00+00:00,0.9859546450062743,0.9712922728591191,0.9560534470454191,0.9402790258138827,0.9072874355313602,0.8726448608793265
2015-03-10 00:00:00+00:00,0.9859546450062743,0.9712922728591191,0.9560534470454191,0.9402790258138827,0.9072874355313602,0.8726448608793265
2015-03-11 00:00:00+00:00,0.9859546450062743,0.9712922728591191,0.9560534470454191,0.9402790258138827,0.9072874355313602,0.8726448608793265
2015-03-12 00:00:00+00:00,0.9859546450062743,0.9712922728591191,0.9560534470454191,0.9402790258138827,0.9072874355313602,0.8726448608793265
2015-03-13 00:00:00+00:00,0.9859546450062743,0.9712922728591191,0.9560534470454191,0.9402790258138827,0.9072874355313602,0.8726448608793265
2015-03-14 00:00:00+00:00,0.9859546450062743,0.9712922728591191,0.9560534470454191,0.9402790258138827,0.9072874355313602,0.8726448608793265
2015-03-15 00:00:00+00:00,0.9859546450062743,0.9712922728591191,0.9560534470454191,0.9402790258138827,0.9072874355313602,0.8726448608793265
2015-03-16 00:00:00+00:00,0.9859546450062743,0.9712922728591191,0.9560534470454191,0.9402790258138827,0.9072874355313602,0.8726448608793265
2015-03-17 00:00:00+00:00,0.9859546450062743,0.9712922728591191,0.9560534470454191,0.9402790258138827,0.9072874355313602,0.8726448608793265
2015-03-18 00:00:00+00:00,0.9859546450062743,0.9712922728591191,0.9560534470454191,0.9402790258138827,0.9072874355313602,0.8726448608793265
2015-03-19 00:00:00+00:00,0.9859546450062743,0.9712922728591191,0.9560534470454191,0.9402790258138827,0.9072874355313602,0.8726448608793265
2015-03-20 00:00:00+00:00,0.9859546450062743,0.9712922728591191,0.9560534470454191,0.9402790258138827,0.9072874355313602,0.8726448608793265
2015-03-21 00:00:00+00:00,0.9859546450062743,0.9712922728591191,0.9560534470454191,0.9402790258138827,0.9072874355313602,0.8726448608793265
2015-03-22 00:00:00+00:00,0.9859546450062743,0.9712922728591191,0.9560534470454191,0.9402790258138827,0.9072874355313602,0.8726448608793265
2015-03-23 00:00:00+00:00,0.9859546450062743,0.9712922728591191,0.9560534470454191,0.9402790258138827,0.9072874355313602,0.8726448608793265
2015-03-24 00:00:00+00:00,0.9859546450062743,0.9712922728591191,0.9560534470454191,0.9402790258138827,0.9072874355313602,0.8726448608793265
2015-03-25 00:00:00+00:00,0.9859546450062743,0.9712922728591191,0.9560534470454191,0.9402790258138827,0.9072874355313602,0.8726448608793265
2015-03-26 00:00:00+00:00,0.9932467167902397,0.9856595320688053,0.9772662190541712,0.9680960544689817,0.9475489534952568,0.9242771666830083
2015-03-27 00:00:00+00:00,0.9932467167902397,0.9856595320688053,0.9772662190541712,0.9680960544689817,0.9475489534952568,0.9242771666830083
2015-03-28 00:00:00+00:00,0.9932467167902397,0.9856595320688053,0.9772662190541712,0.9680960544689817,0.9475489534952568,0.9242771666830083
2015-03-29 00:00:00+00:00,0.9932467167902397,0.9856595320688053,0.9772662190541712,0.9680960544689817,0.9475489534952568,0.9242771666830083
2015-03-30 00:00:00+00:00,0.9932467167902397,0.9856595320688053,0.9772662190541712,0.9680960544689817,0.9475489534952568,0.9242771666830083
2015-03-31 00:00:00+00:00,0.9932467167902397,0.9856595320688053,0.9772662190541712,0.9680960544689817,0.9475489534952568,0.9242771666830083
2015-04-01 00:00:00+00:00,0.9932467167902397,0.9856595320688053,0.9772662190541712,0.9680960544689817,0.9475489534952568,0.9242771666830083
2015-04-02 00:00:00+00:00,0.9906711114319976,0.9805476702739782,0.9696637209003622,0.9580545075178233,0.9328063193406386,0.9051030929487196
2015-04-03 00:00:00+00:00,0.9906711114319976,0.9805476702739782,0.9696637209003622,0.9580545075178233,0.9328063193406386,0.9051030929487196
2015-04-04 00:00:00+00:00,0.9906711114319976,0.9805476702739782,0.9696637209003622,0.9580545075178233,0.9328063193406386,0.9051030929487196
2015-04-05 00:00:00+00:00,0.9906711114319976,0.9805476702739782,0.9696637209003622,0.9580545075178233,0.9328063193406386,0.9051030929487196
2015-04-06 00:00:00+00:00,0.9906711114319976,0.9805476702739782,0.9696637209003622,0.9580545075178233,0.9328063193406386,0.9051030929487196
2015-04-07 00:00:00+00:00,0.9906711114319976,0.9805476702739782,0.9696637209003622,0.9580545075178233,0.9328063193406386,0.9051030929487196
2015-04-08 00:00:00+00:00,0.9906711114319976,0.9805476702739782,0.9696637209003622,0.9580545075178233,0.9328063193406386,0.9051030929487196
2015-04-09 00:00:00+00:00,0.9906711114319976,0.9805476702739782,0.9696637209003622,0.9580545075178233,0.9328063193406386,0.9051030929487196
2015-04-10 00:00:00+00:00,0.9906711114319976,0.9805476702739782,0.9696637209003622,0.9580545075178233,0.9328063193406386,0.9051030929487196
2015-04-11 00:00:00+00:00,0.9906711114319976,0.9805476702739782,0.9696637209003622,0.9580545075178233,0.9328063193406386,0.9051030929487196
2015-04-12 00:00:00+00:00,0.9906711114319976,0.9805476702739782,0.9696637209003622,0.9580545075178233,0.9328063193406386,0.9051030929487196
2015-04-13 00:00:00+00:00,0.9906711114319976,0.9805476702739782,0.9696637209003622,0.9580545075178233,0.9328063193406386,0.9051030929487196
2015-04-14 00:00:00+00:00,0.9906711114319976,0.9805476702739782,0.9696637209003622,0.9580545075178233,0.9328063193406386,0.9051030929487196
2015-04-15 00:00:00+00:00,0.9906711114319976,0.9805476702739782,0.9696637209003622,0.9580545075178233,0.9328063193406386,0.9051030929487196
2015-04-16 00:00:00+00:00,0.9906711114319976,0.9805476702739782,0.9696637209003622,0.9580545075178233,0.9328063193406386,0.9051030929487196
2015-04-17 00:00:00+00:00,0.9906711114319976,0.9805476702739782,0.9696637209003622,0.9580545075178233,0.9328063193406386,0.9051030929487196
2015-04-18 00:00:00+00:00,0.9906711114319976,0.9805476702739782,0.9696637209003622,0.9580545075178233,0.9328063193406386,0.9051030929487196
2015-04-19 00:00:00+00:00,0.9906711114319976,0.9805476702739782,0.9696637209003622,0.9580545075178233,0.9328063193406386,0.9051030929487196
2015-04-20 00:00:00+00:00,0.9906711114319976,0.9805476702739782,0.9696637209003622,0.9580545075178233,0.9328063193406386,0.9051030929487196
2015-04-21 00:00:00+00:00,0.9906711114319976,0.9805476702739782,0.9696637209003622,0.9580545075178233,0.9328063193406386,0.9051030929487196
2015-04-22 00:00:00+00:00,0.9906711114319976,0.9805476702739782,0.9696637209003622,0.9580545075178233,0.9328063193406386,0.9051030929487196
2015-04-23 00:00:00+00:00,0.9906711114319976,0.9805476702739782,0.9696637209003622,0.9580545075178233,0.9328063193406386,0.9051030929487196
2015-04-24 00:00:00+00:00,0.9906711114319976,0.9805476702739782,0.9696637209003622,0.9580545075178233,0.9328063193406386,0.9051030929487196
2015-04-25 00:00:00+00:00,0.9906711114319976,0.9805476702739782,0.9696637209003622,0.9580545075178233,0.9328063193406386,0.9051030929487196
2015-04-26 00:00:00+00:00,0.9906711114319976,0.9805476702739782,0.9696637209003622,0.9580545075178233,0.9328063193406386,0.9051030929487196
2015-04-27 00:00:00+00:00,0.9906711114319976,0.9805476702739782,0.9696637209003622,0.9580545075178233,0.9328063193406386,0.9051030929487196
2015-04-28 00:00:00+00:00,0.9906711114319976,0.9805476702739782,0.9696637209003622,0.9580545075178233,0.9328063193406386,0.9051030929487196
2015-04-29 00:00:00+00:00,0.9880953605392302,0.9754488105051525,0.9621003262500942,0.9480907174180319,0.918254506844475,0.8862769047390778
2015-04-30 00:00:00+00:00,0.9880953605392302,0.9754488105051525,0.9621003262500942,0.9480907174180319,0.918254506844475,0.8862769047390778
2015-05-01 00:00:00+00:00,0.9880953605392302,0.9754488105051525,0.9621003262500942,0.9480907174180319,0.918254506844475,0.8862769047390778
2015-05-02 00:00:00+00:00,0.9880953605392302,0.9754488105051525,0.9621003262500942,0.9480907174180319,0.918254506844475,0.8862769047390778
2015-05-03 00:00:00+00:00,0.9880953605392302,0.9754488105051525,0.9621003262500942,0.9480907174180319,0.918254506844475,0.8862769047390778
2015-05-04 00:00:00+00:00,0.9880953605392302,0.9754488105051525,0.9621003262500942,0.9480907174180319,0.918254506844475,0.8862769047390778
2015-05-05 00:00:00+00:00,0.9880953605392302,0.9754488105051525,0.9621003262500942,0.9480907174180319,0.918254506844475,0.8862769047390778
2015-05-06 00:00:00+00:00,0.9880953605392302,0.9754488105051525,0.9621003262500942,0.9480907174180319,0.918254506844475,0.8862769047390778
2015-05-07 00:00:00+00:00,0.9880953605392302,0.9754488105051525,0.9621003262500942,0.9480907174180319,0.918254506844475,0.8862769047390778
2015-05-08 00:00:00+00:00,0.9880953605392302,0.9754488105051525,0.9621003262500942,0.9480907174180319,0.918254506844475,0.8862769047390778
2015-05-09 00:00:00+00:00,0.9880953605392302,0.9754488105051525,0.9621003262500942,0.9480907174180319,0.918254506844475,0.8862769047390778
2015-05-10 00:00:00+00:00,0.9880953605392302,0.9754488105051525,0.9621003262500942,0.9480907174180319,0.918254506844475,0.8862769047390778
2015-05-11 00:00:00+00:00,0.9880953605392302,0.9754488105051525,0.9621003262500942,0.9480907174180319,0.918254506844475,0.8862769047390778
2015-05-12 00:00:00+00:00,0.9855129765908089,0.9703501460414709,0.9545569882125899,0.938179389632943,0.9038553761912563,0.867746650724683
2015-05-13 00:00:00+00:00,0.9855129765908089,0.9703501460414709,0.9545569882125899,0.938179389632943,0.9038553761912563,0.867746650724683
2015-05-14 00:00:00+00:00,0.9855129765908089,0.9703501460414709,0.9545569882125899,0.938179389632943,0.9038553761912563,0.867746650724683
2015-05-15 00:00:00+00:00,0.9855129765908089,0.9703501460414709,0.9545569882125899,0.938179389632943,0.9038553761912563,0.867746650724683
2015-05-16 00:00:00+00:00,0.9855129765908089,0.9703501460414709,0.9545569882125899,0.938179389632943,0.9038553761912563,0.867746650724683
2015-05-17 00:00:00+00:00,0.9855129765908089,0.9703501460414709,0.9545569882125899,0.938179389632943,0.9038553761912563,0.867746650724683
2015-05-18 00:00:00+00:00,0.9855129765908089,0.9703501460414709,0.9545569882125899,0.938179389632943,0.9038553761912563,0.867746650724683
2015-05-19 00:00:00+00:00,0.9855129765908089,0.9703501460414709,0.9545569882125899,0.938179389632943,0.9038553761912563,0.867746650724683
2015-05-20 00:00:00+00:00,0.9855129765908089,0.9703501460414709,0.9545569882125899,0.938179389632943,0.9038553761912563,0.867746650724683
2015-05-21 00:00:00+00:00,0.9855129765908089,0.9703501460414709,0.9545569882125899,0.938179389632943,0.9038553761912563,0.867746650724683
2015-05-22 00:00:00+00:00,0.9855129765908089,0.9703501460414709,0.9545569882125899,0.938179389632943,0.9038553761912563,0.867746650724683
2015-05-23 00:00:00+00:00,0.9855129765908089,0.9703501460414709,0.9545569882125899,0.938179389632943,0.9038553761912563,0.867746650724683
2015-05-24 00:00:00+00:00,0.9855129765908089,0.9703501460414709,0.9545569882125899,0.938179389632943,0.9038553761912563,0.867746650724683
2015-05-25 00:00:00+00:00,0.9855129765908089,0.9703501460414709,0.9545569882125899,0.938179389632943,0.9038553761912563,0.867746650724683
2015-05-26 00:00:00+00:00,0.9855129765908089,0.9703501460414709,0.9545569882125899,0.938179389632943,0.9038553761912563,0.867746650724683
2015-05-27 00:00:00+00:00,0.9855129765908089,0.9703501460414709,0.9545569882125899,0.938179389632943,0.9038553761912563,0.867746650724683
2015-05-28 00:00:00+00:00,0.9855129765908089,0.9703501460414709,0.9545569882125899,0.938179389632943,0.9038553761912563,0.867746650724683
2015-05-29 00:00:00+00:00,0.9855129765908089,0.9703501460414709,0.9545569882125899,0.938179389632943,0.9038553761912563,0.867746650724683
2015-05-30 00:00:00+00:00,0.9855129765908089,0.9703501460414709,0.9545569882125899,0.938179389632943,0.9038553761912563,0.867746650724683
2015-05-31 00:00:00+00:00,0.9855129765908089,0.9703501460414709,0.9545569882125899,0.938179389632943,0.9038553761912563,0.867746650724683
2015-06-01 00:00:00+00:00,0.9855129765908089,0.9703501460414709,0.9545569882125899,0.938179389632943,0.9038553761912563,0.867746650724683
2015-06-02 00:00:00+00:00,0.9855129765908089,0.9703501460414709,0.9545569882125899,0.938179389632943,0.9038553761912563,0.867746650724683
2015-06-03 00:00:00+00:00,0.9855129765908089,0.9703501460414709,0.9545569882125899,0.938179389632943,0.9038553761912563,0.867746650724683
2015-06-04 00:00:00+00:00,0.9855129765908089,0.9703501460414709,0.9545569882125899,0.938179389632943,0.9038553761912563,0.867746650724683
2015-06-05 00:00:00+00:00,0.9855129765908089,0.9703501460414709,0.9545569882125899,0.938179389632943,0.9038553761912563,0.867746650724683
2015-06-06 00:00:00+00:00,0.9855129765908089,0.9703501460414709,0.9545569882125899,0.938179389632943,0.9038553761912563,0.867746650724683
2015-06-07 00:00:00+00:00,0.9855129765908089,0.9703501460414709,0.9545569882125899,0.938179389632943,0.9038553761912563,0.867746650724683
2015-06-08 00:00:00+00:00,0.9855129765908089,0.9703501460414709,0.9545569882125899,0.938179389632943,0.9038553761912563,0.867746650724683
2015-06-09 00:00:00+00:00,0.9855129765908089,0.9703501460414709,0.9545569882125899,0.938179389632943,0.9038553761912563,0.867746650724683
2015-06-10 00:00:00+00:00,0.9855129765908089,0.9703501460414709,0.9545569882125899,0.938179389632943,0.9038553761912563,0.867746650724683
2015-06-11 00:00:00+00:00,0.9855129765908089,0.9703501460414709,0.9545569882125899,0.938179389632943,0.9038553761912563,0.867746650724683
2015-06-12 00:00:00+00:00,0.9855129765908089,0.9703501460414709,0.9545569882125899,0.938179389632943,0.9038553761912563,0.867746650724683
2015-06-13 00:00:00+00:00,0.9855129765908089,0.9703501460414709,0.9545569882125899,0.938179389632943,0.9038553761912563,0.867746650724683
2015-06-14 00:00:00+00:00,0.9855129765908089,0.9703501460414709,0.9545569882125899,0.938179389632943,0.9038553761912563,0.867746650724683
2015-06-15 00:00:00+00:00,0.9855129765908089,0.9703501460414709,0.9545569882125899,0.938179389632943,0.9038553761912563,0.867746650724683
2015-06-16 00:00:00+00:00,0.9855129765908089,0.9703501460414709,0.9545569882125899,0.938179389632943,0.9038553761912563,0.867746650724683
2015-06-17 00:00:00+00:00,0.9855129765908089,0.9703501460414709,0.9545569882125899,0.938179389632943,0.9038553761912563,0.867746650724683
2015-06-18 00:00:00+00:00,0.992782699360684,0.9846658916866105,0.9756811078452641,0.9658616393162929,0.9438595861715359,0.9189547239624662
2015-06-19 00:00:00+00:00,0.992782699360684,0.9846658916866105,0.9756811078452641,0.9658616393162929,0.9438595861715359,0.9189547239624662
2015-06-20 00:00:00+00:00,0.992782699360684,0.9846658916866105,0.9756811078452641,0.9658616393162929,0.9438595861715359,0.9189547239624662
2015-06-21 00:00:00+00:00,0.992782699360684,0.9846658916866105,0.9756811078452641,0.9658616393162929,0.9438595861715359,0.9189547239624662
2015-06-22 00:00:00+00:00,0.992782699360684,0.9846658916866105,0.9756811078452641,0.9658616393162929,0.9438595861715359,0.9189547239624662
2015-06-23 00:00:00+00:00,0.992782699360684,0.9846658916866105,0.9756811078452641,0.9658616393162929,0.9438595861715359,0.9189547239624662
2015-06-24 00:00:00+00:00,0.992782699360684,0.9846658916866105,0.9756811078452641,0.9658616393162929,0.9438595861715359,0.9189547239624662
2015-06-25 00:00:00+00:00,0.992782699360684,0.9846658916866105,0.9756811078452641,0.9658616393162929,0.9438595861715359,0.9189547239624662
2015-06-26 00:00:00+00:00,0.992782699360684,0.9846658916866105,0.9756811078452641,0.9658616393162929,0.9438595861715359,0.9189547239624662
2015-06-27 00:00:00+00:00,0.992782699360684,0.9846658916866105,0.9756811078452641,0.9658616393162929,0.9438595861715359,0.9189547239624662
2015-06-28 00:00:00+00:00,0.992782699360684,0.9846658916866105,0.9756811078452641,0.9658616393162929,0.9438595861715359,0.9189547239624662
2015-06-29 00:00:00+00:00,0.992782699360684,0.9846658916866105,0.9756811078452641,0.9658616393162929,0.9438595861715359,0.9189547239624662
2015-06-30 00:00:00+00:00,0.992782699360684,0.9846658916866105,0.9756811078452641,0.9658616393162929,0.9438595861715359,0.9189547239624662
2015-07-01 00:00:00+00:00,0.992782699360684,0.9846658916866105,0.9756811078452641,0.9658616393162929,0.9438595861715359,0.9189547239624662
2015-07-02 00:00:00+00:00,0.992782699360684,0.9846658916866105,0.9756811078452641,0.9658616393162929,0.9438595861715359,0.9189547239624662
2015-07-03 00:00:00+00:00,0.992782699360684,0.9846658916866105,0.9756811078452641,0.9658616393162929,0.9438595861715359,0.9189547239624662
2015-07-04 00:00:00+00:00,0.992782699360684,0.9846658916866105,0.9756811078452641,0.9658616393162929,0.9438595861715359,0.9189547239624662
2015-07-05 00:00:00+00:00,0.992782699360684,0.9846658916866105,0.9756811078452641,0.9658616393162929,0.9438595861715359,0.9189547239624662
2015-07-06 00:00:00+00:00,0.992782699360684,0.9846658916866105,0.9756811078452641,0.9658616393162929,0.9438595861715359,0.9189547239624662
2015-07-07 00:00:00+00:00,0.992782699360684,0.9846658916866105,0.9756811078452641,0.9658616393162929,0.9438595861715359,0.9189547239624662
2015-07-08 00:00:00+00:00,0.992782699360684,0.9846658916866105,0.9756811078452641,0.9658616393162929,0.9438595861715359,0.9189547239624662
2015-07-09 00:00:00+00:00,0.992782699360684,0.9846658916866105,0.9756811078452641,0.9658616393162929,0.9438595861715359,0.9189547239624662
2015-07-10 00:00:00+00:00,0.992782699360684,0.9846658916866105,0.9756811078452641,0.9658616393162929,0.9438595861715359,0.9189547239624662
2015-07-11 00:00:00+00:00,0.992782699360684,0.9846658916866105,0.9756811078452641,0.9658616393162929,0.9438595861715359,0.9189547239624662
2015-07-12 00:00:00+00:00,0.992782699360684,0.9846658916866105,0.9756811078452641,0.9658616393162929,0.9438595861715359,0.9189547239624662
2015-07-13 00:00:00+00:00,0.992782699360684,0.9846658916866105,0.9756811078452641,0.9658616393162929,0.9438595861715359,0.9189547239624662
2015-07-14 00:00:00+00:00,0.992782699360684,0.9846658916866105,0.9756811078452641,0.9658616393162929,0.9438595861715359,0.9189547239624662
2015-07-15 00:00:00+00:00,0.992782699360684,0.9846658916866105,0.9756811078452641,0.9658616393162929,0.9438595861715359,0.9189547239624662
2015-07-16 00:00:00+00:00,0.992782699360684,0.9846658916866105,0.9756811078452641,0.9658616393162929,0.9438595861715359,0.9189547239624662
2015-07-17 00:00:00+00:00,0.992782699360684,0.9846658916866105,0.9756811078452641,0.9658616393162929,0.9438595861715359,0.9189547239624662
2015-07-18 00:00:00+00:00,0.992782699360684,0.9846658916866105,0.9756811078452641,0.9658616393162929,0.9438595861715359,0.9189547239624662
2015-07-19 00:00:00+00:00,0.992782699360684,0.9846658916866105,0.9756811078452641,0.9658616393162929,0.9438595861715359,0.9189547239624662
2015-07-20 00:00:00+00:00,0.992782699360684,0.9846658916866105,0.9756811078452641,0.9658616393162929,0.9438595861715359,0.9189547239624662
2015-07-21 00:00:00+00:00,0.992782699360684,0.9846658916866105,0.9756811078452641,0.9658616393162929,0.9438595861715359,0.9189547239624662
2015-07-22 00:00:00+00:00,0.992782699360684,0.9846658916866105,0.9756811078452641,0.9658616393162929,0.9438595861715359,0.9189547239624662
2015-07-23 00:00:00+00:00,0.992782699360684,0.9846658916866105,0.9756811078452641,0.9658616393162929,0.9438595861715359,0.9189547239624662
2015-07-24 00:00:00+00:00,0.992782699360684,0.9846658916866105,0.9756811078452641,0.9658616393162929,0.9438595861715359,0.9189547239624662
2015-07-25 00:00:00+00:00,0.992782699360684,0.9846658916866105,0.9756811078452641,0.9658616393162929,0.9438595861715359,0.9189547239624662
2015-07-26 00:00:00+00:00,0.992782699360684,0.9846658916866105,0.9756811078452641,0.9658616393162929,0.9438595861715359,0.9189547239624662
2015-07-27 00:00:00+00:00,0.992782699360684,0.9846658916866105,0.9756811078452641,0.9658616393162929,0.9438595861715359,0.9189547239624662
2015-07-28 00:00:00+00:00,0.992782699360684,0.9846658916866105,0.9756811078452641,0.9658616393162929,0.9438595861715359,0.9189547239624662
2015-07-29 00:00:00+00:00,0.992782699360684,0.9846658916866105,0.9756811078452641,0.9658616393162929,0.9438595861715359,0.9189547239624662
2015-07-30 00:00:00+00:00,0.992782699360684,0.9846658916866105,0.9756811078452641,0.9658616393162929,0.9438595861715359,0.9189547239624662
2015-07-31 00:00:00+00:00,0.992782699360684,0.9846658916866105,0.9756811078452641,0.9658616393162929,0.9438595861715359,0.9189547239624662
2015-08-01 00:00:00+00:00,0.992782699360684,0.9846658916866105,0.9756811078452641,0.9658616393162929,0.9438595861715359,0.9189547239624662
2015-08-02 00:00:00+00:00,0.992782699360684,0.9846658916866105,0.9756811078452641,0.9658616393162929,0.9438595861715359,0.9189547239624662
2015-08-03 00:00:00+00:00,0.992782699360684,0.9846658916866105,0.9756811078452641,0.9658616393162929,0.9438595861715359,0.9189547239624662
2015-08-04 00:00:00+00:00,0.992782699360684,0.9846658916866105,0.9756811078452641,0.9658616393162929,0.9438595861715359,0.9189547239624662
2015-08-05 00:00:00+00:00,0.992782699360684,0.9846658916866105,0.9756811078452641,0.9658616393162929,0.9438595861715359,0.9189547239624662
2015-08-06 00:00:00+00:00,0.992782699360684,0.9846658916866105,0.9756811078452641,0.9658616393162929,0.9438595861715359,0.9189547239624662
2015-08-07 00:00:00+00:00,0.992782699360684,0.9846658916866105,0.9756811078452641,0.9658616393162929,0.9438595861715359,0.9189547239624662
2015-08-08 00:00:00+00:00,0.992782699360684,0.9846658916866105,0.9756811078452641,0.9658616393162929,0.9438595861715359,0.9189547239624662
2015-08-09 00:00:00+00:00,0.992782699360684,0.9846658916866105,0.9756811078452641,0.9658616393162929,0.9438595861715359,0.9189547239624662
2015-08-10 00:00:00+00:00,0.992782699360684,0.9846658916866105,0.9756811078452641,0.9658616393162929,0.9438595861715359,0.9189547239624662
2015-08-11 00:00:00+00:00,0.992782699360684,0.9846658916866105,0.9756811078452641,0.9658616393162929,0.9438595861715359,0.9189547239624662
2015-08-12 00:00:00+00:00,0.992782699360684,0.9846658916866105,0.9756811078452641,0.9658616393162929,0.9438595861715359,0.9189547239624662
2015-08-13 00:00:00+00:00,0.9902237360184059,0.9795898082237535,0.9681364592821784,0.9559033492279799,0.929262421558417,0.9000053893026454
2015-08-14 00:00:00+00:00,0.9902237360184059,0.9795898082237535,0.9681364592821784,0.9559033492279799,0.929262421558417,0.9000053893026454
2015-08-15 00:00:00+00:00,0.9902237360184059,0.9795898082237535,0.9681364592821784,0.9559033492279799,0.929262421558417,0.9000053893026454
2015-08-16 00:00:00+00:00,0.9902237360184059,0.9795898082237535,0.9681364592821784,0.9559033492279799,0.929262421558417,0.9000053893026454
2015-08-17 00:00:00+00:00,0.9902237360184059,0.9795898082237535,0.9681364592821784,0.9559033492279799,0.929262421558417,0.9000053893026454
2015-08-18 00:00:00+00:00,0.9902237360184059,0.9795898082237535,0.9681364592821784,0.9559033492279799,0.929262421558417,0.9000053893026454
2015-08-19 00:00:00+00:00,0.9902237360184059,0.9795898082237535,0.9681364592821784,0.9559033492279799,0.929262421558417,0.9000053893026454
2015-08-20 00:00:00+00:00,0.9975213642583962,0.9940283274958617,0.9895410157731083,0.9840821416454453,0.9703526001307499,0.9530673752455586
2015-08-21 00:00:00+00:00,0.9975213642583962,0.9940283274958617,0.9895410157731083,0.9840821416454453,0.9703526001307499,0.9530673752455586
2015-08-22 00:00:00+00:00,0.9975213642583962,0.9940283274958617,0.9895410157731083,0.9840821416454453,0.9703526001307499,0.9530673752455586
2015-08-23 00:00:00+00:00,0.9975213642583962,0.9940283274958617,0.9895410157731083,0.9840821416454453,0.9703526001307499,0.9530673752455586
2015-08-24 00:00:00+00:00,0.9975213642583962,0.9940283274958617,0.9895410157731083,0.9840821416454453,0.9703526001307499,0.9530673752455586
2015-08-25 00:00:00+00:00,0.9975213642583962,0.9940283274958617,0.9895410157731083,0.9840821416454453,0.9703526001307499,0.9530673752455586
2015-08-26 00:00:00+00:00,0.9975213642583962,0.9940283274958617,0.9895410157731083,0.9840821416454453,0.9703526001307499,0.9530673752455586
2015-08-27 00:00:00+00:00,0.9975213642583962,0.9940283274958617,0.9895410157731083,0.9840821416454453,0.9703526001307499,0.9530673752455586
2015-08-28 00:00:00+00:00,0.9975213642583962,0.9940283274958617,0.9895410157731083,0.9840821416454453,0.9703526001307499,0.9530673752455586
2015-08-29 00:00:00+00:00,0.9975213642583962,0.9940283274958617,0.9895410157731083,0.9840821416454453,0.9703526001307499,0.9530673752455586
2015-08-30 00:00:00+00:00,0.9975213642583962,0.9940283274958617,0.9895410157731083,0.9840821416454453,0.9703526001307499,0.9530673752455586
2015-08-31 00:00:00+00:00,0.9975213642583962,0.9940283274958617,0.9895410157731083,0.9840821416454453,0.9703526001307499,0.9530673752455586
2015-09-01 00:00:00+00:00,0.9974272194125124,0.9938406971411659,0.9892608407620349,0.9837106357714589,0.9698031159837501,0.9523477805832341
2015-09-02 00:00:00+00:00,0.9974272194125124,0.9938406971411659,0.9892608407620349,0.9837106357714589,0.9698031159837501,0.9523477805832341
2015-09-03 00:00:00+00:00,0.9974272194125124,0.9938406971411659,0.9892608407620349,0.9837106357714589,0.9698031159837501,0.9523477805832341
2015-09-04 00:00:00+00:00,0.9974272194125124,0.9938406971411659,0.9892608407620349,0.9837106357714589,0.9698031159837501,0.9523477805832341
2015-09-05 00:00:00+00:00,0.9974272194125124,0.9938406971411659,0.9892608407620349,0.9837106357714589,0.9698031159837501,0.9523477805832341
2015-09-06 00:00:00+00:00,0.9974272194125124,0.9938406971411659,0.9892608407620349,0.9837106357714589,0.9698031159837501,0.9523477805832341
2015-09-07 00:00:00+00:00,0.9974272194125124,0.9938406971411659,0.9892608407620349,0.9837106357714589,0.9698031159837501,0.9523477805832341
2015-09-08 00:00:00+00:00,0.9974272194125124,0.9938406971411659,0.9892608407620349,0.9837106357714589,0.9698031159837501,0.9523477805832341
2015-09-09 00:00:00+00:00,0.9974272194125124,0.9938406971411659,0.9892608407620349,0.9837106357714589,0.9698031159837501,0.9523477805832341
2015-09-10 00:00:00+00:00,0.9974272194125124,0.9938406971411659,0.9892608407620349,0.9837106357714589,0.9698031159837501,0.9523477805832341
2015-09-11 00:00:00+00:00,0.9974272194125124,0.9938406971411659,0.9892608407620349,0.9837106357714589,0.9698031159837501,0.9523477805832341
2015-09-12 00:00:00+00:00,0.9974272194125124,0.9938406971411659,0.9892608407620349,0.9837106357714589,0.9698031159837501,0.9523477805832341
2015-09-13 00:00:00+00:00,0.9974272194125124,0.9938406971411659,0.9892608407620349,0.9837106357714589,0.9698031159837501,0.9523477805832341
2015-09-14 00:00:00+00:00,0.9974272194125124,0.9938406971411659,0.9892608407620349,0.9837106357714589,0.9698031159837501,0.9523477805832341
2015-09-15 00:00:00+00:00,0.9974272194125124,0.9938406971411659,0.9892608407620349,0.9837106357714589,0.9698031159837501,0.9523477805832341
2015-09-16 00:00:00+00:00,0.9974272194125124,0.9938406971411659,0.9892608407620349,0.9837106357714589,0.9698031159837501,0.9523477805832341
2015-09-17 00:00:00+00:00,0.9974272194125124,0.9938406971411659,0.9892608407620349,0.9837106357714589,0.9698031159837501,0.9523477805832341
2015-09-18 00:00:00+00:00,0.9974272194125124,0.9938406971411659,0.9892608407620349,0.9837106357714589,0.9698031159837501,0.9523477805832341
2015-09-19 00:00:00+00:00,0.9974272194125124,0.9938406971411659,0.9892608407620349,0.9837106357714589,0.9698031159837501,0.9523477805832341
2015-09-20 00:00:00+00:00,0.9974272194125124,0.9938406971411659,0.9892608407620349,0.9837106357714589,0.9698031159837501,0.9523477805832341
2015-09-21 00:00:00+00:00,0.9973191639391542,0.9936253632804446,0.9889393284360941,0.9832843577781294,0.969172738953392,0.9515224059535485
2015-09-22 00:00:00+00:00,0.9973191639391542,0.9936253632804446,0.9889393284360941,0.9832843577781294,0.969172738953392,0.9515224059535485
2015-09-23 00:00:00+00:00,0.9973191639391542,0.9936253632804446,0.9889393284360941,0.9832843577781294,0.969172738953392,0.9515224059535485
2015-09-24 00:00:00+00:00,0.9973191639391542,0.9936253632804446,0.9889393284360941,0.9832843577781294,0.969172738953392,0.9515224059535485
2015-09-25 00:00:00+00:00,0.9947233536801169,0.9884529711217387,0.9812173304625051,0.9730472352369763,0.9540374324465897,0.9317095178640642
2015-09-26 00:00:00+00:00,0.9947233536801169,0.9884529711217387,0.9812173304625051,0.9730472352369763,0.9540374324465897,0.9317095178640642
2015-09-27 00:00:00+00:00,0.9947233536801169,0.9884529711217387,0.9812173304625051,0.9730472352369763,0.9540374324465897,0.9317095178640642
2015-09-28 00:00:00+00:00,0.9947233536801169,0.9884529711217387,0.9812173304625051,0.9730472352369763,0.9540374324465897,0.9317095178640642
2015-09-29 00:00:00+00:00,0.9947233536801169,0.9884529711217387,0.9812173304625051,0.9730472352369763,0.9540374324465897,0.9317095178640642
2015-09-30 00:00:00+00:00,0.9947233536801169,0.9884529711217387,0.9812173304625051,0.9730472352369763,0.9540374324465897,0.9317095178640642
2015-10-01 00:00:00+00:00,0.9947233536801169,0.9884529711217387,0.9812173304625051,0.9730472352369763,0.9540374324465897,0.9317095178640642
2015-10-02 00:00:00+00:00,0.9947233536801169,0.9884529711217387,0.9812173304625051,0.9730472352369763,0.9540374324465897,0.9317095178640642
2015-10-03 00:00:00+00:00,0.9947233536801169,0.9884529711217387,0.9812173304625051,0.9730472352369763,0.9540374324465897,0.9317095178640642
2015-10-04 00:00:00+00:00,0.9947233536801169,0.9884529711217387,0.9812173304625051,0.9730472352369763,0.9540374324465897,0.9317095178640642
2015-10-05 00:00:00+00:00,0.9921506047725516,0.9833399086964426,0.9736038795295635,0.9629804917461205,0.9392323185240746,0.9124313566717307
2015-10-06 00:00:00+00:00,0.9921506047725516,0.9833399086964426,0.9736038795295635,0.9629804917461205,0.9392323185240746,0.9124313566717307
2015-10-07 00:00:00+00:00,0.9895704082044233,0.978225341924992,0.9660079882104594,0.9529631457987382,0.9245768579925364,0.8934483333781916
2015-10-08 00:00:00+00:00,0.9895704082044233,0.978225341924992,0.9660079882104594,0.9529631457987382,0.9245768579925364,0.8934483333781916
2015-10-09 00:00:00+00:00,0.9895704082044233,0.978225341924992,0.9660079882104594,0.9529631457987382,0.9245768579925364,0.8934483333781916
2015-10-10 00:00:00+00:00,0.9895704082044233,0.978225341924992,0.9660079882104594,0.9529631457987382,0.9245768579925364,0.8934483333781916
2015-10-11 00:00:00+00:00,0.9895704082044233,0.978225341924992,0.9660079882104594,0.9529631457987382,0.9245768579925364,0.8934483333781916
2015-10-12 00:00:00+00:00,0.9895704082044233,0.978225341924992,0.9660079882104594,0.9529631457987382,0.9245768579925364,0.8934483333781916
2015-10-13 00:00:00+00:00,0.9894767086143762,0.9780400912086162,0.9657335826146763,0.9526022123862148,0.9240515847718983,0.8927715488513163
2015-10-14 00:00:00+00:00,0.9894767086143762,0.9780400912086162,0.9657335826146763,0.9526022123862148,0.9240515847718983,0.8927715488513163
2015-10-15 00:00:00+00:00,0.9894767086143762,0.9780400912086162,0.9657335826146763,0.9526022123862148,0.9240515847718983,0.8927715488513163
2015-10-16 00:00:00+00:00,0.9894767086143762,0.9780400912086162,0.9657335826146763,0.9526022123862148,0.9240515847718983,0.8927715488513163
2015-10-17 00:00:00+00:00,0.9894767086143762,0.9780400912086162,0.9657335826146763,0.9526022123862148,0.9240515847718983,0.8927715488513163
2015-10-18 00:00:00+00:00,0.9894767086143762,0.9780400912086162,0.9657335826146763,0.9526022123862148,0.9240515847718983,0.8927715488513163
2015-10-19 00:00:00+00:00,0.9894767086143762,0.9780400912086162,0.9657335826146763,0.9526022123862148,0.9240515847718983,0.8927715488513163
2015-10-20 00:00:00+00:00,0.9894767086143762,0.9780400912086162,0.9657335826146763,0.9526022123862148,0.9240515847718983,0.8927715488513163
2015-10-21 00:00:00+00:00,0.9894767086143762,0.9780400912086162,0.9657335826146763,0.9526022123862148,0.9240515847718983,0.8927715488513163
2015-10-22 00:00:00+00:00,0.9894767086143762,0.9780400912086162,0.9657335826146763,0.9526022123862148,0.9240515847718983,0.8927715488513163
2015-10-23 00:00:00+00:00,0.9894767086143762,0.9780400912086162,0.9657335826146763,0.9526022123862148,0.9240515847718983,0.8927715488513163
2015-10-24 00:00:00+00:00,0.9894767086143762,0.9780400912086162,0.9657335826146763,0.9526022123862148,0.9240515847718983,0.8927715488513163
2015-10-25 00:00:00+00:00,0.9894767086143762,0.9780400912086162,0.9657335826146763,0.9526022123862148,0.9240515847718983,0.8927715488513163
2015-10-26 00:00:00+00:00,0.9894767086143762,0.9780400912086162,0.9657335826146763,0.9526022123862148,0.9240515847718983,0.8927715488513163
2015-10-27 00:00:00+00:00,0.9894767086143762,0.9780400912086162,0.9657335826146763,0.9526022123862148,0.9240515847718983,0.8927715488513163
2015-10-28 00:00:00+00:00,0.986881455621248,0.9729095783789347,0.9581346478978957,0.94260806610088,0.9095096701196024,0.8740386730662504
2015-10-29 00:00:00+00:00,0.986881455621248,0.9729095783789347,0.9581346478978957,0.94260806610088,0.9095096701196024,0.8740386730662504
2015-10-30 00:00:00+00:00,0.986881455621248,0.9729095783789347,0.9581346478978957,0.94260806610088,0.9095096701196024,0.8740386730662504
2015-10-31 00:00:00+00:00,0.986881455621248,0.9729095783789347,0.9581346478978957,0.94260806610088,0.9095096701196024,0.8740386730662504
2015-11-01 00:00:00+00:00,0.986881455621248,0.9729095783789347,0.9581346478978957,0.94260806610088,0.9095096701196024,0.8740386730662504
2015-11-02 00:00:00+00:00,0.986881455621248,0.9729095783789347,0.9581346478978957,0.94260806610088,0.9095096701196024,0.8740386730662504
2015-11-03 00:00:00+00:00,0.986881455621248,0.9729095783789347,0.9581346478978957,0.94260806610088,0.9095096701196024,0.8740386730662504
2015-11-04 00:00:00+00:00,0.986881455621248,0.9729095783789347,0.9581346478978957,0.94260806610088,0.9095096701196024,0.8740386730662504
2015-11-05 00:00:00+00:00,0.986881455621248,0.9729095783789347,0.9581346478978957,0.94260806610088,0.9095096701196024,0.8740386730662504
2015-11-06 00:00:00+00:00,0.986881455621248,0.9729095783789347,0.9581346478978957,0.94260806610088,0.9095096701196024,0.8740386730662504
2015-11-07 00:00:00+00:00,0.986881455621248,0.9729095783789347,0.9581346478978957,0.94260806610088,0.9095096701196024,0.8740386730662504
2015-11-08 00:00:00+00:00,0.986881455621248,0.9729095783789347,0.9581346478978957,0.94260806610088,0.9095096701196024,0.8740386730662504
2015-11-09 00:00:00+00:00,0.986881455621248,0.9729095783789347,0.9581346478978957,0.94260806610088,0.9095096701196024,0.8740386730662504
2015-11-10 00:00:00+00:00,0.986881455621248,0.9729095783789347,0.9581346478978957,0.94260806610088,0.9095096701196024,0.8740386730662504
2015-11-11 00:00:00+00:00,0.986881455621248,0.9729095783789347,0.9581346478978957,0.94260806610088,0.9095096701196024,0.8740386730662504
2015-11-12 00:00:00+00:00,0.986881455621248,0.9729095783789347,0.9581346478978957,0.94260806610088,0.9095096701196024,0.8740386730662504
2015-11-13 00:00:00+00:00,0.986881455621248,0.9729095783789347,0.9581346478978957,0.94260806610088,0.9095096701196024,0.8740386730662504
2015-11-14 00:00:00+00:00,0.986881455621248,0.9729095783789347,0.9581346478978957,0.94260806610088,0.9095096701196024,0.8740386730662504
2015-11-15 00:00:00+00:00,0.986881455621248,0.9729095783789347,0.9581346478978957,0.94260806610088,0.9095096701196024,0.8740386730662504
2015-11-16 00:00:00+00:00,0.986881455621248,0.9729095783789347,0.9581346478978957,0.94260806610088,0.9095096701196024,0.8740386730662504
2015-11-17 00:00:00+00:00,0.986881455621248,0.9729095783789347,0.9581346478978957,0.94260806610088,0.9095096701196024,0.8740386730662504
2015-11-18 00:00:00+00:00,0.986881455621248,0.9729095783789347,0.9581346478978957,0.94260806610088,0.9095096701196024,0.8740386730662504
2015-11-19 00:00:00+00:00,0.986881455621248,0.9729095783789347,0.9581346478978957,0.94260806610088,0.9095096701196024,0.8740386730662504
2015-11-20 00:00:00+00:00,0.986881455621248,0.9729095783789347,0.9581346478978957,0.94260806610088,0.9095096701196024,0.8740386730662504
2015-11-21 00:00:00+00:00,0.986881455621248,0.9729095783789347,0.9581346478978957,0.94260806610088,0.9095096701196024,0.8740386730662504
2015-11-22 00:00:00+00:00,0.986881455621248,0.9729095783789347,0.9581346478978957,0.94260806610088,0.9095096701196024,0.8740386730662504
2015-11-23 00:00:00+00:00,0.986881455621248,0.9729095783789347,0.9581346478978957,0.94260806610088,0.9095096701196024,0.8740386730662504
2015-11-24 00:00:00+00:00,0.986881455621248,0.9729095783789347,0.9581346478978957,0.94260806610088,0.9095096701196024,0.8740386730662504
2015-11-25 00:00:00+00:00,0.986881455621248,0.9729095783789347,0.9581346478978957,0.94260806610088,0.9095096701196024,0.8740386730662504
2015-11-26 00:00:00+00:00,0.986881455621248,0.9729095783789347,0.9581346478978957,0.94260806610088,0.9095096701196024,0.8740386730662504
2015-11-27 00:00:00+00:00,0.986881455621248,0.9729095783789347,0.9581346478978957,0.94260806610088,0.9095096701196024,0.8740386730662504
2015-11-28 00:00:00+00:00,0.986881455621248,0.9729095783789347,0.9581346478978957,0.94260806610088,0.9095096701196024,0.8740386730662504
2015-11-29 00:00:00+00:00,0.986881455621248,0.9729095783789347,0.9581346478978957,0.94260806610088,0.9095096701196024,0.8740386730662504
2015-11-30 00:00:00+00:00,0.986881455621248,0.9729095783789347,0.9581346478978957,0.94260806610088,0.9095096701196024,0.8740386730662504
2015-12-01 00:00:00+00:00,0.986881455621248,0.9729095783789347,0.9581346478978957,0.94260806610088,0.9095096701196024,0.8740386730662504
2015-12-02 00:00:00+00:00,0.986881455621248,0.9729095783789347,0.9581346478978957,0.94260806610088,0.9095096701196024,0.8740386730662504
2015-12-03 00:00:00+00:00,0.986881455621248,0.9729095783789347,0.9581346478978957,0.94260806610088,0.9095096701196024,0.8740386730662504
2015-12-04 00:00:00+00:00,0.986881455621248,0.9729095783789347,0.9581346478978957,0.94260806610088,0.9095096701196024,0.8740386730662504
2015-12-05 00:00:00+00:00,0.986881455621248,0.9729095783789347,0.9581346478978957,0.94260806610088,0.9095096701196024,0.8740386730662504
2015-12-06 00:00:00+00:00,0.986881455621248,0.9729095783789347,0.9581346478978957,0.94260806610088,0.9095096701196024,0.8740386730662504
2015-12-07 00:00:00+00:00,0.986881455621248,0.9729095783789347,0.9581346478978957,0.94260806610088,0.9095096701196024,0.8740386730662504
2015-12-08 00:00:00+00:00,0.986881455621248,0.9729095783789347,0.9581346478978957,0.94260806610088,0.9095096701196024,0.8740386730662504
2015-12-09 00:00:00+00:00,0.986881455621248,0.9729095783789347,0.9581346478978957,0.94260806610088,0.9095096701196024,0.8740386730662504
2015-12-10 00:00:00+00:00,0.986881455621248,0.9729095783789347,0.9581346478978957,0.94260806610088,0.9095096701196024,0.8740386730662504
2015-12-11 00:00:00+00:00,0.986881455621248,0.9729095783789347,0.9581346478978957,0.94260806610088,0.9095096701196024,0.8740386730662504
2015-12-12 00:00:00+00:00,0.986881455621248,0.9729095783789347,0.9581346478978957,0.94260806610088,0.9095096701196024,0.8740386730662504
2015-12-13 00:00:00+00:00,0.986881455621248,0.9729095783789347,0.9581346478978957,0.94260806610088,0.9095096701196024,0.8740386730662504
2015-12-14 00:00:00+00:00,0.986881455621248,0.9729095783789347,0.9581346478978957,0.94260806610088,0.9095096701196024,0.8740386730662504
2015-12-15 00:00:00+00:00,0.986881455621248,0.9729095783789347,0.9581346478978957,0.94260806610088,0.9095096701196024,0.8740386730662504
2015-12-16 00:00:00+00:00,0.986881455621248,0.9729095783789347,0.9581346478978957,0.94260806610088,0.9095096701196024,0.8740386730662504
2015-12-17 00:00:00+00:00,0.986881455621248,0.9729095783789347,0.9581346478978957,0.94260806610088,0.9095096701196024,0.8740386730662504
2015-12-18 00:00:00+00:00,0.986881455621248,0.9729095783789347,0.9581346478978957,0.94260806610088,0.9095096701196024,0.8740386730662504
2015-12-19 00:00:00+00:00,0.986881455621248,0.9729095783789347,0.9581346478978957,0.94260806610088,0.9095096701196024,0.8740386730662504
2015-12-20 00:00:00+00:00,0.986881455621248,0.9729095783789347,0.9581346478978957,0.94260806610088,0.9095096701196024,0.8740386730662504
2015-12-21 00:00:00+00:00,0.986881455621248,0.9729095783789347,0.9581346478978957,0.94260806610088,0.9095096701196024,0.8740386730662504
2015-12-22 00:00:00+00:00,0.986881455621248,0.9729095783789347,0.9581346478978957,0.94260806610088,0.9095096701196024,0.8740386730662504
2015-12-23 00:00:00+00:00,0.986881455621248,0.9729095783789347,0.9581346478978957,0.94260806610088,0.9095096701196024,0.8740386730662504
2015-12-24 00:00:00+00:00,0.986881455621248,0.9729095783789347,0.9581346478978957,0.94260806610088,0.9095096701196024,0.8740386730662504
2015-12-25 00:00:00+00:00,0.986881455621248,0.9729095783789347,0.9581346478978957,0.94260806610088,0.9095096701196024,0.8740386730662504
2015-12-26 00:00:00+00:00,0.986881455621248,0.9729095783789347,0.9581346478978957,0.94260806610088,0.9095096701196024,0.8740386730662504
2015-12-27 00:00:00+00:00,0.986881455621248,0.9729095783789347,0.9581346478978957,0.94260806610088,0.9095096701196024,0.8740386730662504
2015-12-28 00:00:00+00:00,0.986881455621248,0.9729095783789347,0.9581346478978957,0.94260806610088,0.9095096701196024,0.8740386730662504
2015-12-29 00:00:00+00:00,0.986881455621248,0.9729095783789347,0.9581346478978957,0.94260806610088,0.9095096701196024,0.8740386730662504
2015-12-30 00:00:00+00:00,0.986881455621248,0.9729095783789347,0.9581346478978957,0.94260806610088,0.9095096701196024,0.8740386730662504
2015-12-31 00:00:00+00:00,0.986881455621248,0.9729095783789347,0.9581346478978957,0.94260806610088,0.9095096701196024,0.8740386730662504
2016-01-01 00:00:00+00:00,0.986881455621248,0.9729095783789347,0.9581346478978957,0.94260806610088,0.9095096701196024,0.8740386730662504
2016-01-02 00:00:00+00:00,0.986881455621248,0.9729095783789347,0.9581346478978957,0.94260806610088,0.9095096701196024,0.8740386730662504
2016-01-03 00:00:00+00:00,0.986881455621248,0.9729095783789347,0.9581346478978957,0.94260806610088,0.9095096701196024,0.8740386730662504
2016-01-04 00:00:00+00:00,0.9843009699317354,0.9678216739910341,0.9506186912444082,0.9327491854357806,0.8952406208340055,0.8557552670901343
2016-01-05 00:00:00+00:00,0.9843009699317354,0.9678216739910341,0.9506186912444082,0.9327491854357806,0.8952406208340055,0.8557552670901343
2016-01-06 00:00:00+00:00,0.9843009699317354,0.9678216739910341,0.9506186912444082,0.9327491854357806,0.8952406208340055,0.8557552670901343
2016-01-07 00:00:00+00:00,0.9843009699317354,0.9678216739910341,0.9506186912444082,0.9327491854357806,0.8952406208340055,0.8557552670901343
2016-01-08 00:00:00+00:00,0.9843009699317354,0.9678216739910341,0.9506186912444082,0.9327491854357806,0.8952406208340055,0.8557552670901343
2016-01-09 00:00:00+00:00,0.9843009699317354,0.9678216739910341,0.9506186912444082,0.9327491854357806,0.8952406208340055,0.8557552670901343
2016-01-10 00:00:00+00:00,0.9843009699317354,0.9678216739910341,0.9506186912444082,0.9327491854357806,0.8952406208340055,0.8557552670901343
2016-01-11 00:00:00+00:00,0.9843009699317354,0.9678216739910341,0.9506186912444082,0.9327491854357806,0.8952406208340055,0.8557552670901343
2016-01-12 00:00:00+00:00,0.9843009699317354,0.9678216739910341,0.9506186912444082,0.9327491854357806,0.8952406208340055,0.8557552670901343
2016-01-13 00:00:00+00:00,0.9843009699317354,0.9678216739910341,0.9506186912444082,0.9327491854357806,0.8952406208340055,0.8557552670901343
2016-01-14 00:00:00+00:00,0.9843009699317354,0.9678216739910341,0.9506186912444082,0.9327491854357806,0.8952406208340055,0.8557552670901343
2016-01-15 00:00:00+00:00,0.9843009699317354,0.9678216739910341,0.9506186912444082,0.9327491854357806,0.8952406208340055,0.8557552670901343
2016-01-16 00:00:00+00:00,0.9843009699317354,0.9678216739910341,0.9506186912444082,0.9327491854357806,0.8952406208340055,0.8557552670901343
2016-01-17 00:00:00+00:00,0.9843009699317354,0.9678216739910341,0.9506186912444082,0.9327491854357806,0.8952406208340055,0.8557552670901343
2016-01-18 00:00:00+00:00,0.9843009699317354,0.9678216739910341,0.9506186912444082,0.9327491854357806,0.8952406208340055,0.8557552670901343
2016-01-19 00:00:00+00:00,0.9843009699317354,0.9678216739910341,0.9506186912444082,0.9327491854357806,0.8952406208340055,0.8557552670901343
2016-01-20 00:00:00+00:00,0.9843009699317354,0.9678216739910341,0.9506186912444082,0.9327491854357806,0.8952406208340055,0.8557552670901343
2016-01-21 00:00:00+00:00,0.984199169507946,0.9676214818555497,0.9503237406492535,0.9323633105244786,0.894685084200119,0.8550472214698527
2016-01-22 00:00:00+00:00,0.984199169507946,0.9676214818555497,0.9503237406492535,0.9323633105244786,0.894685084200119,0.8550472214698527
2016-01-23 00:00:00+00:00,0.984199169507946,0.9676214818555497,0.9503237406492535,0.9323633105244786,0.894685084200119,0.8550472214698527
2016-01-24 00:00:00+00:00,0.984199169507946,0.9676214818555497,0.9503237406492535,0.9323633105244786,0.894685084200119,0.8550472214698527
2016-01-25 00:00:00+00:00,0.984199169507946,0.9676214818555497,0.9503237406492535,0.9323633105244786,0.894685084200119,0.8550472214698527
2016-01-26 00:00:00+00:00,0.984199169507946,0.9676214818555497,0.9503237406492535,0.9323633105244786,0.894685084200119,0.8550472214698527
2016-01-27 00:00:00+00:00,0.984199169507946,0.9676214818555497,0.9503237406492535,0.9323633105244786,0.894685084200119,0.8550472214698527
2016-01-28 00:00:00+00:00,0.9914708178326956,0.981919813627247,0.9713878308784201,0.9599179694393933,0.9343467837540111,0.905586607303244
2016-01-29 00:00:00+00:00,0.9914708178326956,0.981919813627247,0.9713878308784201,0.9599179694393933,0.9343467837540111,0.905586607303244
2016-01-30 00:00:00+00:00,0.9914708178326956,0.981919813627247,0.9713878308784201,0.9599179694393933,0.9343467837540111,0.905586607303244
2016-01-31 00:00:00+00:00,0.9914708178326956,0.981919813627247,0.9713878308784201,0.9599179694393933,0.9343467837540111,0.905586607303244
2016-02-01 00:00:00+00:00,0.9914708178326956,0.981919813627247,0.9713878308784201,0.9599179694393933,0.9343467837540111,0.905586607303244
2016-02-02 00:00:00+00:00,0.9914708178326956,0.981919813627247,0.9713878308784201,0.9599179694393933,0.9343467837540111,0.905586607303244
2016-02-03 00:00:00+00:00,0.9914708178326956,0.981919813627247,0.9713878308784201,0.9599179694393933,0.9343467837540111,0.905586607303244
2016-02-04 00:00:00+00:00,0.9988012398042534,0.9964394272087244,0.9929336471656016,0.9883065156174978,0.9757952423641594,0.9591501159324556
2016-02-05 00:00:00+00:00,0.9988012398042534,0.9964394272087244,0.9929336471656016,0.9883065156174978,0.9757952423641594,0.9591501159324556
2016-02-06 00:00:00+00:00,0.9988012398042534,0.9964394272087244,0.9929336471656016,0.9883065156174978,0.9757952423641594,0.9591501159324556
2016-02-07 00:00:00+00:00,0.9988012398042534,0.9964394272087244,0.9929336471656016,0.9883065156174978,0.9757952423641594,0.9591501159324556
2016-02-08 00:00:00+00:00,0.9988012398042534,0.9964394272087244,0.9929336471656016,0.9883065156174978,0.9757952423641594,0.9591501159324556
2016-02-09 00:00:00+00:00,0.9988012398042534,0.9964394272087244,0.9929336471656016,0.9883065156174978,0.9757952423641594,0.9591501159324556
2016-02-10 00:00:00+00:00,0.9988012398042534,0.9964394272087244,0.9929336471656016,0.9883065156174978,0.9757952423641594,0.9591501159324556
2016-02-11 00:00:00+00:00,1.006220368651972,1.0112425976590478,1.0150602796886061,1.0176712103663466,1.019284679562951,1.0161469077730554
2016-02-12 00:00:00+00:00,1.006220368651972,1.0112425976590478,1.0150602796886061,1.0176712103663466,1.019284679562951,1.0161469077730554
2016-02-13 00:00:00+00:00,1.006220368651972,1.0112425976590478,1.0150602796886061,1.0176712103663466,1.019284679562951,1.0161469077730554
2016-02-14 00:00:00+00:00,1.006220368651972,1.0112425976590478,1.0150602796886061,1.0176712103663466,1.019284679562951,1.0161469077730554
2016-02-15 00:00:00+00:00,1.006220368651972,1.0112425976590478,1.0150602796886061,1.0176712103663466,1.019284679562951,1.0161469077730554
2016-02-16 00:00:00+00:00,1.006220368651972,1.0112425976590478,1.0150602796886061,1.0176712103663466,1.019284679562951,1.0161469077730554
2016-02-17 00:00:00+00:00,1.006220368651972,1.0112425976590478,1.0150602796886061,1.0176712103663466,1.019284679562951,1.0161469077730554
2016-02-18 00:00:00+00:00,1.006220368651972,1.0112425976590478,1.0150602796886061,1.0176712103663466,1.019284679562951,1.0161469077730554
2016-02-19 00:00:00+00:00,1.0036455331014005,1.0060672236121222,1.0072679112108642,1.0072546610979005,1.0036350832467436,0.995345013760574
2016-02-20 00:00:00+00:00,1.0036455331014005,1.0060672236121222,1.0072679112108642,1.0072546610979005,1.0036350832467436,0.995345013760574
2016-02-21 00:00:00+00:00,1.0036455331014005,1.0060672236121222,1.0072679112108642,1.0072546610979005,1.0036350832467436,0.995345013760574
2016-02-22 00:00:00+00:00,1.0036455331014005,1.0060672236121222,1.0072679112108642,1.0072546610979005,1.0036350832467436,0.995345013760574
2016-02-23 00:00:00+00:00,1.0036455331014005,1.0060672236121222,1.0072679112108642,1.0072546610979005,1.0036350832467436,0.995345013760574
2016-02-24 00:00:00+00:00,1.0035780214709362,1.005931874554347,1.007064645326374,1.0069836434837303,1.003230017681503,0.9948093874858608
2016-02-25 00:00:00+00:00,1.0035780214709362,1.005931874554347,1.007064645326374,1.0069836434837303,1.003230017681503,0.9948093874858608
2016-02-26 00:00:00+00:00,1.0035780214709362,1.005931874554347,1.007064645326374,1.0069836434837303,1.003230017681503,0.9948093874858608
2016-02-27 00:00:00+00:00,1.0035780214709362,1.005931874554347,1.007064645326374,1.0069836434837303,1.003230017681503,0.9948093874858608
2016-02-28 00:00:00+00:00,1.0035780214709362,1.005931874554347,1.007064645326374,1.0069836434837303,1.003230017681503,0.9948093874858608
2016-02-29 00:00:00+00:00,1.0035780214709362,1.005931874554347,1.007064645326374,1.0069836434837303,1.003230017681503,0.9948093874858608
2016-03-01 00:00:00+00:00,1.0010030617060401,1.0007698760892803,0.9993129283092039,0.9966488521255911,0.9877856164977492,0.9743896964068355
2016-03-02 00:00:00+00:00,1.0010030617060401,1.0007698760892803,0.9993129283092039,0.9966488521255911,0.9877856164977492,0.9743896964068355
2016-03-03 00:00:00+00:00,1.0010030617060401,1.0007698760892803,0.9993129283092039,0.9966488521255911,0.9877856164977492,0.9743896964068355
2016-03-04 00:00:00+00:00,1.00093047171297,1.0006247299231008,0.9990955260214907,0.9963597551745949,0.9873558274962995,0.9738244158875984
2016-03-05 00:00:00+00:00,1.00093047171297,1.0006247299231008,0.9990955260214907,0.9963597551745949,0.9873558274962995,0.9738244158875984
2016-03-06 00:00:00+00:00,1.00093047171297,1.0006247299231008,0.9990955260214907,0.9963597551745949,0.9873558274962995,0.9738244158875984
2016-03-07 00:00:00+00:00,1.00093047171297,1.0006247299231008,0.9990955260214907,0.9963597551745949,0.9873558274962995,0.9738244158875984
2016-03-08 00:00:00+00:00,1.00093047171297,1.0006247299231008,0.9990955260214907,0.9963597551745949,0.9873558274962995,0.9738244158875984
2016-03-09 00:00:00+00:00,1.00093047171297,1.0006247299231008,0.9990955260214907,0.9963597551745949,0.9873558274962995,0.9738244158875984
2016-03-10 00:00:00+00:00,1.00093047171297,1.0006247299231008,0.9990955260214907,0.9963597551745949,0.9873558274962995,0.9738244158875984
2016-03-11 00:00:00+00:00,1.00093047171297,1.0006247299231008,0.9990955260214907,0.9963597551745949,0.9873558274962995,0.9738244158875984
2016-03-12 00:00:00+00:00,1.00093047171297,1.0006247299231008,0.9990955260214907,0.9963597551745949,0.9873558274962995,0.9738244158875984
2016-03-13 00:00:00+00:00,1.00093047171297,1.0006247299231008,0.9990955260214907,0.9963597551745949,0.9873558274962995,0.9738244158875984
2016-03-14 00:00:00+00:00,1.00093047171297,1.0006247299231008,0.9990955260214907,0.9963597551745949,0.9873558274962995,0.9738244158875984
2016-03-15 00:00:00+00:00,1.00093047171297,1.0006247299231008,0.9990955260214907,0.9963597551745949,0.9873558274962995,0.9738244158875984
2016-03-16 00:00:00+00:00,1.00093047171297,1.0006247299231008,0.9990955260214907,0.9963597551745949,0.9873558274962995,0.9738244158875984
2016-03-17 00:00:00+00:00,0.9983577477133985,0.9954808536400015,0.9913915032837443,0.986115852219146,0.9721288315841704,0.9537999964744495
2016-03-18 00:00:00+00:00,0.9983577477133985,0.9954808536400015,0.9913915032837443,0.986115852219146,0.9721288315841704,0.9537999964744495
2016-03-19 00:00:00+00:00,0.9983577477133985,0.9954808536400015,0.9913915032837443,0.986115852219146,0.9721288315841704,0.9537999964744495
2016-03-20 00:00:00+00:00,0.9983577477133985,0.9954808536400015,0.9913915032837443,0.986115852219146,0.9721288315841704,0.9537999964744495
2016-03-21 00:00:00+00:00,0.9983577477133985,0.9954808536400015,0.9913915032837443,0.986115852219146,0.9721288315841704,0.9537999964744495
2016-03-22 00:00:00+00:00,0.9983577477133985,0.9954808536400015,0.9913915032837443,0.986115852219146,0.9721288315841704,0.9537999964744495
2016-03-23 00:00:00+00:00,0.9983577477133985,0.9954808536400015,0.9913915032837443,0.986115852219146,0.9721288315841704,0.9537999964744495
2016-03-24 00:00:00+00:00,0.9983577477133985,0.9954808536400015,0.9913915032837443,0.986115852219146,0.9721288315841704,0.9537999964744495
2016-03-25 00:00:00+00:00,0.9983577477133985,0.9954808536400015,0.9913915032837443,0.986115852219146,0.9721288315841704,0.9537999964744495
2016-03-26 00:00:00+00:00,0.9983577477133985,0.9954808536400015,0.9913915032837443,0.986115852219146,0.9721288315841704,0.9537999964744495
2016-03-27 00:00:00+00:00,0.9983577477133985,0.9954808536400015,0.9913915032837443,0.986115852219146,0.9721288315841704,0.9537999964744495
2016-03-28 00:00:00+00:00,0.9983577477133985,0.9954808536400015,0.9913915032837443,0.986115852219146,0.9721288315841704,0.9537999964744495
2016-03-29 00:00:00+00:00,0.9983577477133985,0.9954808536400015,0.9913915032837443,0.986115852219146,0.9721288315841704,0.9537999964744495
2016-03-30 00:00:00+00:00,0.9957740248231455,0.9903282985078373,0.9836944199703631,0.9759076874379123,0.9570337726024079,0.9340527274077567
2016-03-31 00:00:00+00:00,0.9957740248231455,0.9903282985078373,0.9836944199703631,0.9759076874379123,0.9570337726024079,0.9340527274077567
2016-04-01 00:00:00+00:00,0.9957740248231455,0.9903282985078373,0.9836944199703631,0.9759076874379123,0.9570337726024079,0.9340527274077567
2016-04-02 00:00:00+00:00,0.9957740248231455,0.9903282985078373,0.9836944199703631,0.9759076874379123,0.9570337726024079,0.9340527274077567
2016-04-03 00:00:00+00:00,0.9957740248231455,0.9903282985078373,0.9836944199703631,0.9759076874379123,0.9570337726024079,0.9340527274077567
2016-04-04 00:00:00+00:00,0.9957740248231455,0.9903282985078373,0.9836944199703631,0.9759076874379123,0.9570337726024079,0.9340527274077567
2016-04-05 00:00:00+00:00,0.9957740248231455,0.9903282985078373,0.9836944199703631,0.9759076874379123,0.9570337726024079,0.9340527274077567
2016-04-06 00:00:00+00:00,0.9957740248231455,0.9903282985078373,0.9836944199703631,0.9759076874379123,0.9570337726024079,0.9340527274077567
2016-04-07 00:00:00+00:00,0.9957740248231455,0.9903282985078373,0.9836944199703631,0.9759076874379123,0.9570337726024079,0.9340527274077567
2016-04-08 00:00:00+00:00,0.9957740248231455,0.9903282985078373,0.9836944199703631,0.9759076874379123,0.9570337726024079,0.9340527274077567
2016-04-09 00:00:00+00:00,0.9957740248231455,0.9903282985078373,0.9836944199703631,0.9759076874379123,0.9570337726024079,0.9340527274077567
2016-04-10 00:00:00+00:00,0.9957740248231455,0.9903282985078373,0.9836944199703631,0.9759076874379123,0.9570337726024079,0.9340527274077567
2016-04-11 00:00:00+00:00,0.9957740248231455,0.9903282985078373,0.9836944199703631,0.9759076874379123,0.9570337726024079,0.9340527274077567
2016-04-12 00:00:00+00:00,0.9957740248231455,0.9903282985078373,0.9836944199703631,0.9759076874379123,0.9570337726024079,0.9340527274077567
2016-04-13 00:00:00+00:00,0.9956778453050056,0.9901369914518661,0.9834093816395236,0.9755306447403246,0.9564791464836426,0.933330983405605
2016-04-14 00:00:00+00:00,0.9956778453050056,0.9901369914518661,0.9834093816395236,0.9755306447403246,0.9564791464836426,0.933330983405605
2016-04-15 00:00:00+00:00,0.9956778453050056,0.9901369914518661,0.9834093816395236,0.9755306447403246,0.9564791464836426,0.933330983405605
2016-04-16 00:00:00+00:00,0.9956778453050056,0.9901369914518661,0.9834093816395236,0.9755306447403246,0.9564791464836426,0.933330983405605
2016-04-17 00:00:00+00:00,0.9956778453050056,0.9901369914518661,0.9834093816395236,0.9755306447403246,0.9564791464836426,0.933330983405605
2016-04-18 00:00:00+00:00,0.9956778453050056,0.9901369914518661,0.9834093816395236,0.9755306447403246,0.9564791464836426,0.933330983405605
2016-04-19 00:00:00+00:00,0.9956778453050056,0.9901369914518661,0.9834093816395236,0.9755306447403246,0.9564791464836426,0.933330983405605
2016-04-20 00:00:00+00:00,0.993100595568858,0.985011176285842,0.9757729008802902,0.9654302448625278,0.9416244283263825,0.9140040330907981
2016-04-21 00:00:00+00:00,0.993100595568858,0.985011176285842,0.9757729008802902,0.9654302448625278,0.9416244283263825,0.9140040330907981
2016-04-22 00:00:00+00:00,0.993100595568858,0.985011176285842,0.9757729008802902,0.9654302448625278,0.9416244283263825,0.9140040330907981
2016-04-23 00:00:00+00:00,0.993100595568858,0.985011176285842,0.9757729008802902,0.9654302448625278,0.9416244283263825,0.9140040330907981
2016-04-24 00:00:00+00:00,0.993100595568858,0.985011176285842,0.9757729008802902,0.9654302448625278,0.9416244283263825,0.9140040330907981
2016-04-25 00:00:00+00:00,0.993100595568858,0.985011176285842,0.9757729008802902,0.9654302448625278,0.9416244283263825,0.9140040330907981
2016-04-26 00:00:00+00:00,0.993100595568858,0.985011176285842,0.9757729008802902,0.9654302448625278,0.9416244283263825,0.9140040330907981
2016-04-27 00:00:00+00:00,0.993100595568858,0.985011176285842,0.9757729008802902,0.9654302448625278,0.9416244283263825,0.9140040330907981
2016-04-28 00:00:00+00:00,0.993100595568858,0.985011176285842,0.9757729008802902,0.9654302448625278,0.9416244283263825,0.9140040330907981
2016-04-29 00:00:00+00:00,1.0004574974799574,0.9996051270650591,0.9974585152621036,0.9940379232594734,0.9834778231619223,0.9681716616094096
2016-04-30 00:00:00+00:00,1.0004574974799574,0.9996051270650591,0.9974585152621036,0.9940379232594734,0.9834778231619223,0.9681716616094096
2016-05-01 00:00:00+00:00,1.0004574974799574,0.9996051270650591,0.9974585152621036,0.9940379232594734,0.9834778231619223,0.9681716616094096
2016-05-02 00:00:00+00:00,1.0004574974799574,0.9996051270650591,0.9974585152621036,0.9940379232594734,0.9834778231619223,0.9681716616094096
2016-05-03 00:00:00+00:00,1.0004574974799574,0.9996051270650591,0.9974585152621036,0.9940379232594734,0.9834778231619223,0.9681716616094096
2016-05-04 00:00:00+00:00,1.0004574974799574,0.9996051270650591,0.9974585152621036,0.9940379232594734,0.9834778231619223,0.9681716616094096
2016-05-05 00:00:00+00:00,1.0004574974799574,0.9996051270650591,0.9974585152621036,0.9940379232594734,0.9834778231619223,0.9681716616094096
2016-05-06 00:00:00+00:00,1.0004574974799574,0.9996051270650591,0.9974585152621036,0.9940379232594734,0.9834778231619223,0.9681716616094096
2016-05-07 00:00:00+00:00,1.0004574974799574,0.9996051270650591,0.9974585152621036,0.9940379232594734,0.9834778231619223,0.9681716616094096
2016-05-08 00:00:00+00:00,1.0004574974799574,0.9996051270650591,0.9974585152621036,0.9940379232594734,0.9834778231619223,0.9681716616094096
2016-05-09 00:00:00+00:00,1.0004574974799574,0.9996051270650591,0.9974585152621036,0.9940379232594734,0.9834778231619223,0.9681716616094096
2016-05-10 00:00:00+00:00,1.0004574974799574,0.9996051270650591,0.9974585152621036,0.9940379232594734,0.9834778231619223,0.9681716616094096
2016-05-11 00:00:00+00:00,1.0004574974799574,0.9996051270650591,0.9974585152621036,0.9940379232594734,0.9834778231619223,0.9681716616094096
2016-05-12 00:00:00+00:00,1.0004574974799574,0.9996051270650591,0.9974585152621036,0.9940379232594734,0.9834778231619223,0.9681716616094096
2016-05-13 00:00:00+00:00,1.0004574974799574,0.9996051270650591,0.9974585152621036,0.9940379232594734,0.9834778231619223,0.9681716616094096
2016-05-14 00:00:00+00:00,1.0004574974799574,0.9996051270650591,0.9974585152621036,0.9940379232594734,0.9834778231619223,0.9681716616094096
2016-05-15 00:00:00+00:00,1.0004574974799574,0.9996051270650591,0.9974585152621036,0.9940379232594734,0.9834778231619223,0.9681716616094096
2016-05-16 00:00:00+00:00,1.0004574974799574,0.9996051270650591,0.9974585152621036,0.9940379232594734,0.9834778231619223,0.9681716616094096
2016-05-17 00:00:00+00:00,1.0004574974799574,0.9996051270650591,0.9974585152621036,0.9940379232594734,0.9834778231619223,0.9681716616094096
2016-05-18 00:00:00+00:00,1.0004574974799574,0.9996051270650591,0.9974585152621036,0.9940379232594734,0.9834778231619223,0.9681716616094096
2016-05-19 00:00:00+00:00,1.0004574974799574,0.9996051270650591,0.9974585152621036,0.9940379232594734,0.9834778231619223,0.9681716616094096
2016-05-20 00:00:00+00:00,1.0004574974799574,0.9996051270650591,0.9974585152621036,0.9940379232594734,0.9834778231619223,0.9681716616094096
2016-05-21 00:00:00+00:00,1.0004574974799574,0.9996051270650591,0.9974585152621036,0.9940379232594734,0.9834778231619223,0.9681716616094096
2016-05-22 00:00:00+00:00,1.0004574974799574,0.9996051270650591,0.9974585152621036,0.9940379232594734,0.9834778231619223,0.9681716616094096
2016-05-23 00:00:00+00:00,1.0004574974799574,0.9996051270650591,0.9974585152621036,0.9940379232594734,0.9834778231619223,0.9681716616094096
2016-05-24 00:00:00+00:00,1.0004574974799574,0.9996051270650591,0.9974585152621036,0.9940379232594734,0.9834778231619223,0.9681716616094096
2016-05-25 00:00:00+00:00,1.0004574974799574,0.9996051270650591,0.9974585152621036,0.9940379232594734,0.9834778231619223,0.9681716616094096
2016-05-26 00:00:00+00:00,1.0004574974799574,0.9996051270650591,0.9974585152621036,0.9940379232594734,0.9834778231619223,0.9681716616094096
2016-05-27 00:00:00+00:00,1.0004574974799574,0.9996051270650591,0.9974585152621036,0.9940379232594734,0.9834778231619223,0.9681716616094096
2016-05-28 00:00:00+00:00,1.0004574974799574,0.9996051270650591,0.9974585152621036,0.9940379232594734,0.9834778231619223,0.9681716616094096
2016-05-29 00:00:00+00:00,1.0004574974799574,0.9996051270650591,0.9974585152621036,0.9940379232594734,0.9834778231619223,0.9681716616094096
2016-05-30 00:00:00+00:00,1.0004574974799574,0.9996051270650591,0.9974585152621036,0.9940379232594734,0.9834778231619223,0.9681716616094096
2016-05-31 00:00:00+00:00,1.0004574974799574,0.9996051270650591,0.9974585152621036,0.9940379232594734,0.9834778231619223,0.9681716616094096
2016-06-01 00:00:00+00:00,1.0004574974799574,0.9996051270650591,0.9974585152621036,0.9940379232594734,0.9834778231619223,0.9681716616094096
2016-06-02 00:00:00+00:00,1.0004574974799574,0.9996051270650591,0.9974585152621036,0.9940379232594734,0.9834778231619223,0.9681716616094096
2016-06-03 00:00:00+00:00,1.0004574974799574,0.9996051270650591,0.9974585152621036,0.9940379232594734,0.9834778231619223,0.9681716616094096
2016-06-04 00:00:00+00:00,1.0004574974799574,0.9996051270650591,0.9974585152621036,0.9940379232594734,0.9834778231619223,0.9681716616094096
2016-06-05 00:00:00+00:00,1.0004574974799574,0.9996051270650591,0.9974585152621036,0.9940379232594734,0.9834778231619223,0.9681716616094096
2016-06-06 00:00:00+00:00,0.9978575236649185,0.99440960968967,0.989681974945894,0.9837047603689348,0.9681427393967453,0.948043102625243
2016-06-07 00:00:00+00:00,0.9978575236649185,0.99440960968967,0.989681974945894,0.9837047603689348,0.9681427393967453,0.948043102625243
2016-06-08 00:00:00+00:00,0.9978575236649185,0.99440960968967,0.989681974945894,0.9837047603689348,0.9681427393967453,0.948043102625243
2016-06-09 00:00:00+00:00,1.0052272560546018,1.0090981449471406,1.0116100292019454,1.012765585837285,1.0110443725567404,1.0040577042655412
2016-06-10 00:00:00+00:00,1.0052272560546018,1.0090981449471406,1.0116100292019454,1.012765585837285,1.0110443725567404,1.0040577042655412
2016-06-11 00:00:00+00:00,1.0052272560546018,1.0090981449471406,1.0116100292019454,1.012765585837285,1.0110443725567404,1.0040577042655412
2016-06-12 00:00:00+00:00,1.0052272560546018,1.0090981449471406,1.0116100292019454,1.012765585837285,1.0110443725567404,1.0040577042655412
2016-06-13 00:00:00+00:00,1.0052272560546018,1.0090981449471406,1.0116100292019454,1.012765585837285,1.0110443725567404,1.0040577042655412
2016-06-14 00:00:00+00:00,1.0052272560546018,1.0090981449471406,1.0116100292019454,1.012765585837285,1.0110443725567404,1.0040577042655412
2016-06-15 00:00:00+00:00,1.0052272560546018,1.0090981449471406,1.0116100292019454,1.012765585837285,1.0110443725567404,1.0040577042655412
2016-06-16 00:00:00+00:00,1.0126626570126207,1.024026210752128,1.0340578671459488,1.0427302258202427,1.0559149443664226,1.0634717050000912
2016-06-17 00:00:00+00:00,1.0126626570126207,1.024026210752128,1.0340578671459488,1.0427302258202427,1.0559149443664226,1.0634717050000912
2016-06-18 00:00:00+00:00,1.0126626570126207,1.024026210752128,1.0340578671459488,1.0427302258202427,1.0559149443664226,1.0634717050000912
2016-06-19 00:00:00+00:00,1.0126626570126207,1.024026210752128,1.0340578671459488,1.0427302258202427,1.0559149443664226,1.0634717050000912
2016-06-20 00:00:00+00:00,1.0126626570126207,1.024026210752128,1.0340578671459488,1.0427302258202427,1.0559149443664226,1.0634717050000912
2016-06-21 00:00:00+00:00,1.0126626570126207,1.024026210752128,1.0340578671459488,1.0427302258202427,1.0559149443664226,1.0634717050000912
2016-06-22 00:00:00+00:00,1.0126626570126207,1.024026210752128,1.0340578671459488,1.0427302258202427,1.0559149443664226,1.0634717050000912
2016-06-23 00:00:00+00:00,1.0126626570126207,1.024026210752128,1.0340578671459488,1.0427302258202427,1.0559149443664226,1.0634717050000912
2016-06-24 00:00:00+00:00,1.0100863939097198,1.018815865678386,1.0261657864685056,1.0321191999728592,1.0397971501999157,1.0418275146423404
2016-06-25 00:00:00+00:00,1.0100863939097198,1.018815865678386,1.0261657864685056,1.0321191999728592,1.0397971501999157,1.0418275146423404
2016-06-26 00:00:00+00:00,1.0100863939097198,1.018815865678386,1.0261657864685056,1.0321191999728592,1.0397971501999157,1.0418275146423404
2016-06-27 00:00:00+00:00,1.0100863939097198,1.018815865678386,1.0261657864685056,1.0321191999728592,1.0397971501999157,1.0418275146423404
2016-06-28 00:00:00+00:00,1.0100863939097198,1.018815865678386,1.0261657864685056,1.0321191999728592,1.0397971501999157,1.0418275146423404
2016-06-29 00:00:00+00:00,1.0100863939097198,1.018815865678386,1.0261657864685056,1.0321191999728592,1.0397971501999157,1.0418275146423404
2016-06-30 00:00:00+00:00,1.0100863939097198,1.018815865678386,1.0261657864685056,1.0321191999728592,1.0397971501999157,1.0418275146423404
2016-07-01 00:00:00+00:00,1.0100863939097198,1.018815865678386,1.0261657864685056,1.0321191999728592,1.0397971501999157,1.0418275146423404
2016-07-02 00:00:00+00:00,1.0100863939097198,1.018815865678386,1.0261657864685056,1.0321191999728592,1.0397971501999157,1.0418275146423404
2016-07-03 00:00:00+00:00,1.0100863939097198,1.018815865678386,1.0261657864685056,1.0321191999728592,1.0397971501999157,1.0418275146423404
2016-07-04 00:00:00+00:00,1.0175855591328062,1.0339438162273502,1.0490214159237823,1.0627701718389666,1.0861156275590342,1.103706076423729
2016-07-05 00:00:00+00:00,1.0175855591328062,1.0339438162273502,1.0490214159237823,1.0627701718389666,1.0861156275590342,1.103706076423729
2016-07-06 00:00:00+00:00,1.0175855591328062,1.0339438162273502,1.0490214159237823,1.0627701718389666,1.0861156275590342,1.103706076423729
2016-07-07 00:00:00+00:00,1.0175855591328062,1.0339438162273502,1.0490214159237823,1.0627701718389666,1.0861156275590342,1.103706076423729
2016-07-08 00:00:00+00:00,1.0175855591328062,1.0339438162273502,1.0490214159237823,1.0627701718389666,1.0861156275590342,1.103706076423729
2016-07-09 00:00:00+00:00,1.0175855591328062,1.0339438162273502,1.0490214159237823,1.0627701718389666,1.0861156275590342,1.103706076423729
2016-07-10 00:00:00+00:00,1.0175855591328062,1.0339438162273502,1.0490214159237823,1.0627701718389666,1.0861156275590342,1.103706076423729
2016-07-11 00:00:00+00:00,1.0175855591328062,1.0339438162273502,1.0490214159237823,1.0627701718389666,1.0861156275590342,1.103706076423729
2016-07-12 00:00:00+00:00,1.0175855591328062,1.0339438162273502,1.0490214159237823,1.0627701718389666,1.0861156275590342,1.103706076423729
2016-07-13 00:00:00+00:00,1.0175855591328062,1.0339438162273502,1.0490214159237823,1.0627701718389666,1.0861156275590342,1.103706076423729
2016-07-14 00:00:00+00:00,1.0175855591328062,1.0339438162273502,1.0490214159237823,1.0627701718389666,1.0861156275590342,1.103706076423729
2016-07-15 00:00:00+00:00,1.0175855591328062,1.0339438162273502,1.0490214159237823,1.0627701718389666,1.0861156275590342,1.103706076423729
2016-07-16 00:00:00+00:00,1.0175855591328062,1.0339438162273502,1.0490214159237823,1.0627701718389666,1.0861156275590342,1.103706076423729
2016-07-17 00:00:00+00:00,1.0175855591328062,1.0339438162273502,1.0490214159237823,1.0627701718389666,1.0861156275590342,1.103706076423729
2016-07-18 00:00:00+00:00,1.0175855591328062,1.0339438162273502,1.0490214159237823,1.0627701718389666,1.0861156275590342,1.103706076423729
2016-07-19 00:00:00+00:00,1.0175855591328062,1.0339438162273502,1.0490214159237823,1.0627701718389666,1.0861156275590342,1.103706076423729
2016-07-20 00:00:00+00:00,1.0175855591328062,1.0339438162273502,1.0490214159237823,1.0627701718389666,1.0861156275590342,1.103706076423729
2016-07-21 00:00:00+00:00,1.0175855591328062,1.0339438162273502,1.0490214159237823,1.0627701718389666,1.0861156275590342,1.103706076423729
2016-07-22 00:00:00+00:00,1.0175855591328062,1.0339438162273502,1.0490214159237823,1.0627701718389666,1.0861156275590342,1.103706076423729
2016-07-23 00:00:00+00:00,1.0175855591328062,1.0339438162273502,1.0490214159237823,1.0627701718389666,1.0861156275590342,1.103706076423729
2016-07-24 00:00:00+00:00,1.0175855591328062,1.0339438162273502,1.0490214159237823,1.0627701718389666,1.0861156275590342,1.103706076423729
2016-07-25 00:00:00+00:00,1.0175855591328062,1.0339438162273502,1.0490214159237823,1.0627701718389666,1.0861156275590342,1.103706076423729
2016-07-26 00:00:00+00:00,1.0175855591328062,1.0339438162273502,1.0490214159237823,1.0627701718389666,1.0861156275590342,1.103706076423729
2016-07-27 00:00:00+00:00,1.0175855591328062,1.0339438162273502,1.0490214159237823,1.0627701718389666,1.0861156275590342,1.103706076423729
2016-07-28 00:00:00+00:00,1.014941236516681,1.0285701530645537,1.0408433781262796,1.051723210034469,1.0691811884335674,1.0807611365059153
2016-07-29 00:00:00+00:00,1.014941236516681,1.0285701530645537,1.0408433781262796,1.051723210034469,1.0691811884335674,1.0807611365059153
2016-07-30 00:00:00+00:00,1.014941236516681,1.0285701530645537,1.0408433781262796,1.051723210034469,1.0691811884335674,1.0807611365059153
2016-07-31 00:00:00+00:00,1.014941236516681,1.0285701530645537,1.0408433781262796,1.051723210034469,1.0691811884335674,1.0807611365059153
2016-08-01 00:00:00+00:00,1.014941236516681,1.0285701530645537,1.0408433781262796,1.051723210034469,1.0691811884335674,1.0807611365059153
2016-08-02 00:00:00+00:00,1.014941236516681,1.0285701530645537,1.0408433781262796,1.051723210034469,1.0691811884335674,1.0807611365059153
2016-08-03 00:00:00+00:00,1.014941236516681,1.0285701530645537,1.0408433781262796,1.051723210034469,1.0691811884335674,1.0807611365059153
2016-08-04 00:00:00+00:00,1.014941236516681,1.0285701530645537,1.0408433781262796,1.051723210034469,1.0691811884335674,1.0807611365059153
2016-08-05 00:00:00+00:00,1.014941236516681,1.0285701530645537,1.0408433781262796,1.051723210034469,1.0691811884335674,1.0807611365059153
2016-08-06 00:00:00+00:00,1.014941236516681,1.0285701530645537,1.0408433781262796,1.051723210034469,1.0691811884335674,1.0807611365059153
2016-08-07 00:00:00+00:00,1.014941236516681,1.0285701530645537,1.0408433781262796,1.051723210034469,1.0691811884335674,1.0807611365059153
2016-08-08 00:00:00+00:00,1.014941236516681,1.0285701530645537,1.0408433781262796,1.051723210034469,1.0691811884335674,1.0807611365059153
2016-08-09 00:00:00+00:00,1.014941236516681,1.0285701530645537,1.0408433781262796,1.051723210034469,1.0691811884335674,1.0807611365059153
2016-08-10 00:00:00+00:00,1.014941236516681,1.0285701530645537,1.0408433781262796,1.051723210034469,1.0691811884335674,1.0807611365059153
2016-08-11 00:00:00+00:00,1.014941236516681,1.0285701530645537,1.0408433781262796,1.051723210034469,1.0691811884335674,1.0807611365059153
2016-08-12 00:00:00+00:00,1.014941236516681,1.0285701530645537,1.0408433781262796,1.051723210034469,1.0691811884335674,1.0807611365059153
2016-08-13 00:00:00+00:00,1.014941236516681,1.0285701530645537,1.0408433781262796,1.051723210034469,1.0691811884335674,1.0807611365059153
2016-08-14 00:00:00+00:00,1.014941236516681,1.0285701530645537,1.0408433781262796,1.051723210034469,1.0691811884335674,1.0807611365059153
2016-08-15 00:00:00+00:00,1.014941236516681,1.0285701530645537,1.0408433781262796,1.051723210034469,1.0691811884335674,1.0807611365059153
2016-08-16 00:00:00+00:00,1.014941236516681,1.0285701530645537,1.0408433781262796,1.051723210034469,1.0691811884335674,1.0807611365059153
2016-08-17 00:00:00+00:00,1.014941236516681,1.0285701530645537,1.0408433781262796,1.051723210034469,1.0691811884335674,1.0807611365059153
2016-08-18 00:00:00+00:00,1.014941236516681,1.0285701530645537,1.0408433781262796,1.051723210034469,1.0691811884335674,1.0807611365059153
2016-08-19 00:00:00+00:00,1.014941236516681,1.0285701530645537,1.0408433781262796,1.051723210034469,1.0691811884335674,1.0807611365059153
2016-08-20 00:00:00+00:00,1.014941236516681,1.0285701530645537,1.0408433781262796,1.051723210034469,1.0691811884335674,1.0807611365059153
2016-08-21 00:00:00+00:00,1.014941236516681,1.0285701530645537,1.0408433781262796,1.051723210034469,1.0691811884335674,1.0807611365059153
2016-08-22 00:00:00+00:00,1.014941236516681,1.0285701530645537,1.0408433781262796,1.051723210034469,1.0691811884335674,1.0807611365059153
2016-08-23 00:00:00+00:00,1.014941236516681,1.0285701530645537,1.0408433781262796,1.051723210034469,1.0691811884335674,1.0807611365059153
2016-08-24 00:00:00+00:00,1.014941236516681,1.0285701530645537,1.0408433781262796,1.051723210034469,1.0691811884335674,1.0807611365059153
2016-08-25 00:00:00+00:00,1.014941236516681,1.0285701530645537,1.0408433781262796,1.051723210034469,1.0691811884335674,1.0807611365059153
2016-08-26 00:00:00+00:00,1.014941236516681,1.0285701530645537,1.0408433781262796,1.051723210034469,1.0691811884335674,1.0807611365059153
2016-08-27 00:00:00+00:00,1.014941236516681,1.0285701530645537,1.0408433781262796,1.051723210034469,1.0691811884335674,1.0807611365059153
2016-08-28 00:00:00+00:00,1.014941236516681,1.0285701530645537,1.0408433781262796,1.051723210034469,1.0691811884335674,1.0807611365059153
2016-08-29 00:00:00+00:00,1.014941236516681,1.0285701530645537,1.0408433781262796,1.051723210034469,1.0691811884335674,1.0807611365059153
2016-08-30 00:00:00+00:00,1.014941236516681,1.0285701530645537,1.0408433781262796,1.051723210034469,1.0691811884335674,1.0807611365059153
2016-08-31 00:00:00+00:00,1.014941236516681,1.0285701530645537,1.0408433781262796,1.051723210034469,1.0691811884335674,1.0807611365059153
2016-09-01 00:00:00+00:00,1.014941236516681,1.0285701530645537,1.0408433781262796,1.051723210034469,1.0691811884335674,1.0807611365059153
2016-09-02 00:00:00+00:00,1.014941236516681,1.0285701530645537,1.0408433781262796,1.051723210034469,1.0691811884335674,1.0807611365059153
2016-09-03 00:00:00+00:00,1.014941236516681,1.0285701530645537,1.0408433781262796,1.051723210034469,1.0691811884335674,1.0807611365059153
2016-09-04 00:00:00+00:00,1.014941236516681,1.0285701530645537,1.0408433781262796,1.051723210034469,1.0691811884335674,1.0807611365059153
2016-09-05 00:00:00+00:00,1.014941236516681,1.0285701530645537,1.0408433781262796,1.051723210034469,1.0691811884335674,1.0807611365059153
2016-09-06 00:00:00+00:00,1.0224070753103685,1.0437023374206322,1.0638124976900019,1.0826688280040184,1.1163701336072835,1.1443611805622829
2016-09-07 00:00:00+00:00,1.0224070753103685,1.0437023374206322,1.0638124976900019,1.0826688280040184,1.1163701336072835,1.1443611805622829
2016-09-08 00:00:00+00:00,1.0224070753103685,1.0437023374206322,1.0638124976900019,1.0826688280040184,1.1163701336072835,1.1443611805622829
2016-09-09 00:00:00+00:00,1.0224070753103685,1.0437023374206322,1.0638124976900019,1.0826688280040184,1.1163701336072835,1.1443611805622829
2016-09-10 00:00:00+00:00,1.0224070753103685,1.0437023374206322,1.0638124976900019,1.0826688280040184,1.1163701336072835,1.1443611805622829
2016-09-11 00:00:00+00:00,1.0224070753103685,1.0437023374206322,1.0638124976900019,1.0826688280040184,1.1163701336072835,1.1443611805622829
2016-09-12 00:00:00+00:00,1.0224070753103685,1.0437023374206322,1.0638124976900019,1.0826688280040184,1.1163701336072835,1.1443611805622829
2016-09-13 00:00:00+00:00,1.0224070753103685,1.0437023374206322,1.0638124976900019,1.0826688280040184,1.1163701336072835,1.1443611805622829
2016-09-14 00:00:00+00:00,1.0224070753103685,1.0437023374206322,1.0638124976900019,1.0826688280040184,1.1163701336072835,1.1443611805622829
2016-09-15 00:00:00+00:00,1.0224070753103685,1.0437023374206322,1.0638124976900019,1.0826688280040184,1.1163701336072835,1.1443611805622829
2016-09-16 00:00:00+00:00,1.0224070753103685,1.0437023374206322,1.0638124976900019,1.0826688280040184,1.1163701336072835,1.1443611805622829
2016-09-17 00:00:00+00:00,1.0224070753103685,1.0437023374206322,1.0638124976900019,1.0826688280040184,1.1163701336072835,1.1443611805622829
2016-09-18 00:00:00+00:00,1.0224070753103685,1.0437023374206322,1.0638124976900019,1.0826688280040184,1.1163701336072835,1.1443611805622829
2016-09-19 00:00:00+00:00,1.0224070753103685,1.0437023374206322,1.0638124976900019,1.0826688280040184,1.1163701336072835,1.1443611805622829
2016-09-20 00:00:00+00:00,1.0224070753103685,1.0437023374206322,1.0638124976900019,1.0826688280040184,1.1163701336072835,1.1443611805622829
2016-09-21 00:00:00+00:00,1.0224070753103685,1.0437023374206322,1.0638124976900019,1.0826688280040184,1.1163701336072835,1.1443611805622829
2016-09-22 00:00:00+00:00,1.0197246910014977,1.0382258284240977,1.0554394513165166,1.071306880513348,1.098796700471341,1.1203424385285243
2016-09-23 00:00:00+00:00,1.0197246910014977,1.0382258284240977,1.0554394513165166,1.071306880513348,1.098796700471341,1.1203424385285243
2016-09-24 00:00:00+00:00,1.0197246910014977,1.0382258284240977,1.0554394513165166,1.071306880513348,1.098796700471341,1.1203424385285243
2016-09-25 00:00:00+00:00,1.0197246910014977,1.0382258284240977,1.0554394513165166,1.071306880513348,1.098796700471341,1.1203424385285243
2016-09-26 00:00:00+00:00,1.0197246910014977,1.0382258284240977,1.0554394513165166,1.071306880513348,1.098796700471341,1.1203424385285243
2016-09-27 00:00:00+00:00,1.0197246910014977,1.0382258284240977,1.0554394513165166,1.071306880513348,1.098796700471341,1.1203424385285243
2016-09-28 00:00:00+00:00,1.0197246910014977,1.0382258284240977,1.0554394513165166,1.071306880513348,1.098796700471341,1.1203424385285243
2016-09-29 00:00:00+00:00,1.0197246910014977,1.0382258284240977,1.0554394513165166,1.071306880513348,1.098796700471341,1.1203424385285243
2016-09-30 00:00:00+00:00,1.0197246910014977,1.0382258284240977,1.0554394513165166,1.071306880513348,1.098796700471341,1.1203424385285243
2016-10-01 00:00:00+00:00,1.0197246910014977,1.0382258284240977,1.0554394513165166,1.071306880513348,1.098796700471341,1.1203424385285243
2016-10-02 00:00:00+00:00,1.0197246910014977,1.0382258284240977,1.0554394513165166,1.071306880513348,1.098796700471341,1.1203424385285243
2016-10-03 00:00:00+00:00,1.0197246910014977,1.0382258284240977,1.0554394513165166,1.071306880513348,1.098796700471341,1.1203424385285243
2016-10-04 00:00:00+00:00,1.0197246910014977,1.0382258284240977,1.0554394513165166,1.071306880513348,1.098796700471341,1.1203424385285243
2016-10-05 00:00:00+00:00,1.0197246910014977,1.0382258284240977,1.0554394513165166,1.071306880513348,1.098796700471341,1.1203424385285243
2016-10-06 00:00:00+00:00,1.0197246910014977,1.0382258284240977,1.0554394513165166,1.071306880513348,1.098796700471341,1.1203424385285243
2016-10-07 00:00:00+00:00,1.0197246910014977,1.0382258284240977,1.0554394513165166,1.071306880513348,1.098796700471341,1.1203424385285243
2016-10-08 00:00:00+00:00,1.0197246910014977,1.0382258284240977,1.0554394513165166,1.071306880513348,1.098796700471341,1.1203424385285243
2016-10-09 00:00:00+00:00,1.0197246910014977,1.0382258284240977,1.0554394513165166,1.071306880513348,1.098796700471341,1.1203424385285243
2016-10-10 00:00:00+00:00,1.0197246910014977,1.0382258284240977,1.0554394513165166,1.071306880513348,1.098796700471341,1.1203424385285243
2016-10-11 00:00:00+00:00,1.0197246910014977,1.0382258284240977,1.0554394513165166,1.071306880513348,1.098796700471341,1.1203424385285243
2016-10-12 00:00:00+00:00,1.0197246910014977,1.0382258284240977,1.0554394513165166,1.071306880513348,1.098796700471341,1.1203424385285243
2016-10-13 00:00:00+00:00,1.0197246910014977,1.0382258284240977,1.0554394513165166,1.071306880513348,1.098796700471341,1.1203424385285243
2016-10-14 00:00:00+00:00,1.0197246910014977,1.0382258284240977,1.0554394513165166,1.071306880513348,1.098796700471341,1.1203424385285243
2016-10-15 00:00:00+00:00,1.0197246910014977,1.0382258284240977,1.0554394513165166,1.071306880513348,1.098796700471341,1.1203424385285243
2016-10-16 00:00:00+00:00,1.0197246910014977,1.0382258284240977,1.0554394513165166,1.071306880513348,1.098796700471341,1.1203424385285243
2016-10-17 00:00:00+00:00,1.0197246910014977,1.0382258284240977,1.0554394513165166,1.071306880513348,1.098796700471341,1.1203424385285243
2016-10-18 00:00:00+00:00,1.0197246910014977,1.0382258284240977,1.0554394513165166,1.071306880513348,1.098796700471341,1.1203424385285243
2016-10-19 00:00:00+00:00,1.0197246910014977,1.0382258284240977,1.0554394513165166,1.071306880513348,1.098796700471341,1.1203424385285243
2016-10-20 00:00:00+00:00,1.0197246910014977,1.0382258284240977,1.0554394513165166,1.071306880513348,1.098796700471341,1.1203424385285243
2016-10-21 00:00:00+00:00,1.0197246910014977,1.0382258284240977,1.0554394513165166,1.071306880513348,1.098796700471341,1.1203424385285243
2016-10-22 00:00:00+00:00,1.0197246910014977,1.0382258284240977,1.0554394513165166,1.071306880513348,1.098796700471341,1.1203424385285243
2016-10-23 00:00:00+00:00,1.0197246910014977,1.0382258284240977,1.0554394513165166,1.071306880513348,1.098796700471341,1.1203424385285243
2016-10-24 00:00:00+00:00,1.0197246910014977,1.0382258284240977,1.0554394513165166,1.071306880513348,1.098796700471341,1.1203424385285243
2016-10-25 00:00:00+00:00,1.0197246910014977,1.0382258284240977,1.0554394513165166,1.071306880513348,1.098796700471341,1.1203424385285243
2016-10-26 00:00:00+00:00,1.0197246910014977,1.0382258284240977,1.0554394513165166,1.071306880513348,1.098796700471341,1.1203424385285243
2016-10-27 00:00:00+00:00,1.0197246910014977,1.0382258284240977,1.0554394513165166,1.071306880513348,1.098796700471341,1.1203424385285243
2016-10-28 00:00:00+00:00,1.0197246910014977,1.0382258284240977,1.0554394513165166,1.071306880513348,1.098796700471341,1.1203424385285243
2016-10-29 00:00:00+00:00,1.0197246910014977,1.0382258284240977,1.0554394513165166,1.071306880513348,1.098796700471341,1.1203424385285243
2016-10-30 00:00:00+00:00,1.0197246910014977,1.0382258284240977,1.0554394513165166,1.071306880513348,1.098796700471341,1.1203424385285243
2016-10-31 00:00:00+00:00,1.0197246910014977,1.0382258284240977,1.0554394513165166,1.071306880513348,1.098796700471341,1.1203424385285243
2016-11-01 00:00:00+00:00,1.0197246910014977,1.0382258284240977,1.0554394513165166,1.071306880513348,1.098796700471341,1.1203424385285243
2016-11-02 00:00:00+00:00,1.0272399797841465,1.0535291097726132,1.078774962379176,1.1028886619606102,1.1473849591866638,1.1863971063054102
2016-11-03 00:00:00+00:00,1.0272399797841465,1.0535291097726132,1.078774962379176,1.1028886619606102,1.1473849591866638,1.1863971063054102
2016-11-04 00:00:00+00:00,1.0272399797841465,1.0535291097726132,1.078774962379176,1.1028886619606102,1.1473849591866638,1.1863971063054102
2016-11-05 00:00:00+00:00,1.0272399797841465,1.0535291097726132,1.078774962379176,1.1028886619606102,1.1473849591866638,1.1863971063054102
2016-11-06 00:00:00+00:00,1.0272399797841465,1.0535291097726132,1.078774962379176,1.1028886619606102,1.1473849591866638,1.1863971063054102
2016-11-07 00:00:00+00:00,1.0272399797841465,1.0535291097726132,1.078774962379176,1.1028886619606102,1.1473849591866638,1.1863971063054102
2016-11-08 00:00:00+00:00,1.0272399797841465,1.0535291097726132,1.078774962379176,1.1028886619606102,1.1473849591866638,1.1863971063054102
2016-11-09 00:00:00+00:00,1.0246050350201674,1.0481243532091504,1.0704735552263023,1.091572705563759,1.1297262072885195,1.162051551967339
2016-11-10 00:00:00+00:00,1.0246050350201674,1.0481243532091504,1.0704735552263023,1.091572705563759,1.1297262072885195,1.162051551967339
2016-11-11 00:00:00+00:00,1.0246050350201674,1.0481243532091504,1.0704735552263023,1.091572705563759,1.1297262072885195,1.162051551967339
2016-11-12 00:00:00+00:00,1.0246050350201674,1.0481243532091504,1.0704735552263023,1.091572705563759,1.1297262072885195,1.162051551967339
2016-11-13 00:00:00+00:00,1.0246050350201674,1.0481243532091504,1.0704735552263023,1.091572705563759,1.1297262072885195,1.162051551967339
2016-11-14 00:00:00+00:00,1.0246050350201674,1.0481243532091504,1.0704735552263023,1.091572705563759,1.1297262072885195,1.162051551967339
2016-11-15 00:00:00+00:00,1.0246050350201674,1.0481243532091504,1.0704735552263023,1.091572705563759,1.1297262072885195,1.162051551967339
2016-11-16 00:00:00+00:00,1.0246050350201674,1.0481243532091504,1.0704735552263023,1.091572705563759,1.1297262072885195,1.162051551967339
2016-11-17 00:00:00+00:00,1.0246050350201674,1.0481243532091504,1.0704735552263023,1.091572705563759,1.1297262072885195,1.162051551967339
2016-11-18 00:00:00+00:00,1.0246050350201674,1.0481243532091504,1.0704735552263023,1.091572705563759,1.1297262072885195,1.162051551967339
2016-11-19 00:00:00+00:00,1.0246050350201674,1.0481243532091504,1.0704735552263023,1.091572705563759,1.1297262072885195,1.162051551967339
2016-11-20 00:00:00+00:00,1.0246050350201674,1.0481243532091504,1.0704735552263023,1.091572705563759,1.1297262072885195,1.162051551967339
2016-11-21 00:00:00+00:00,1.0246050350201674,1.0481243532091504,1.0704735552263023,1.091572705563759,1.1297262072885195,1.162051551967339
2016-11-22 00:00:00+00:00,1.0246050350201674,1.0481243532091504,1.0704735552263023,1.091572705563759,1.1297262072885195,1.162051551967339
2016-11-23 00:00:00+00:00,1.0246050350201674,1.0481243532091504,1.0704735552263023,1.091572705563759,1.1297262072885195,1.162051551967339
2016-11-24 00:00:00+00:00,1.0246050350201674,1.0481243532091504,1.0704735552263023,1.091572705563759,1.1297262072885195,1.162051551967339
2016-11-25 00:00:00+00:00,1.0246050350201674,1.0481243532091504,1.0704735552263023,1.091572705563759,1.1297262072885195,1.162051551967339
2016-11-26 00:00:00+00:00,1.0246050350201674,1.0481243532091504,1.0704735552263023,1.091572705563759,1.1297262072885195,1.162051551967339
2016-11-27 00:00:00+00:00,1.0246050350201674,1.0481243532091504,1.0704735552263023,1.091572705563759,1.1297262072885195,1.162051551967339
2016-11-28 00:00:00+00:00,1.0246050350201674,1.0481243532091504,1.0704735552263023,1.091572705563759,1.1297262072885195,1.162051551967339
2016-11-29 00:00:00+00:00,1.0246050350201674,1.0481243532091504,1.0704735552263023,1.091572705563759,1.1297262072885195,1.162051551967339
2016-11-30 00:00:00+00:00,1.0246050350201674,1.0481243532091504,1.0704735552263023,1.091572705563759,1.1297262072885195,1.162051551967339
2016-12-01 00:00:00+00:00,1.0246050350201674,1.0481243532091504,1.0704735552263023,1.091572705563759,1.1297262072885195,1.162051551967339
2016-12-02 00:00:00+00:00,1.0246050350201674,1.0481243532091504,1.0704735552263023,1.091572705563759,1.1297262072885195,1.162051551967339
2016-12-03 00:00:00+00:00,1.0246050350201674,1.0481243532091504,1.0704735552263023,1.091572705563759,1.1297262072885195,1.162051551967339
2016-12-04 00:00:00+00:00,1.0246050350201674,1.0481243532091504,1.0704735552263023,1.091572705563759,1.1297262072885195,1.162051551967339
2016-12-05 00:00:00+00:00,1.0246050350201674,1.0481243532091504,1.0704735552263023,1.091572705563759,1.1297262072885195,1.162051551967339
2016-12-06 00:00:00+00:00,1.0246050350201674,1.0481243532091504,1.0704735552263023,1.091572705563759,1.1297262072885195,1.162051551967339
2016-12-07 00:00:00+00:00,1.0246050350201674,1.0481243532091504,1.0704735552263023,1.091572705563759,1.1297262072885195,1.162051551967339
2016-12-08 00:00:00+00:00,1.0246050350201674,1.0481243532091504,1.0704735552263023,1.091572705563759,1.1297262072885195,1.162051551967339
2016-12-09 00:00:00+00:00,1.0246050350201674,1.0481243532091504,1.0704735552263023,1.091572705563759,1.1297262072885195,1.162051551967339
2016-12-10 00:00:00+00:00,1.0246050350201674,1.0481243532091504,1.0704735552263023,1.091572705563759,1.1297262072885195,1.162051551967339
2016-12-11 00:00:00+00:00,1.0246050350201674,1.0481243532091504,1.0704735552263023,1.091572705563759,1.1297262072885195,1.162051551967339
2016-12-12 00:00:00+00:00,1.0246050350201674,1.0481243532091504,1.0704735552263023,1.091572705563759,1.1297262072885195,1.162051551967339
2016-12-13 00:00:00+00:00,1.0246050350201674,1.0481243532091504,1.0704735552263023,1.091572705563759,1.1297262072885195,1.162051551967339
2016-12-14 00:00:00+00:00,1.0246050350201674,1.0481243532091504,1.0704735552263023,1.091572705563759,1.1297262072885195,1.162051551967339
2016-12-15 00:00:00+00:00,1.0246050350201674,1.0481243532091504,1.0704735552263023,1.091572705563759,1.1297262072885195,1.162051551967339
2016-12-16 00:00:00+00:00,1.0246050350201674,1.0481243532091504,1.0704735552263023,1.091572705563759,1.1297262072885195,1.162051551967339
2016-12-17 00:00:00+00:00,1.0246050350201674,1.0481243532091504,1.0704735552263023,1.091572705563759,1.1297262072885195,1.162051551967339
2016-12-18 00:00:00+00:00,1.0246050350201674,1.0481243532091504,1.0704735552263023,1.091572705563759,1.1297262072885195,1.162051551967339
2016-12-19 00:00:00+00:00,1.0246050350201674,1.0481243532091504,1.0704735552263023,1.091572705563759,1.1297262072885195,1.162051551967339
2016-12-20 00:00:00+00:00,1.0246050350201674,1.0481243532091504,1.0704735552263023,1.091572705563759,1.1297262072885195,1.162051551967339
2016-12-21 00:00:00+00:00,1.0246050350201674,1.0481243532091504,1.0704735552263023,1.091572705563759,1.1297262072885195,1.162051551967339
2016-12-22 00:00:00+00:00,1.0246050350201674,1.0481243532091504,1.0704735552263023,1.091572705563759,1.1297262072885195,1.162051551967339
2016-12-23 00:00:00+00:00,1.0246050350201674,1.0481243532091504,1.0704735552263023,1.091572705563759,1.1297262072885195,1.162051551967339
2016-12-24 00:00:00+00:00,1.0246050350201674,1.0481243532091504,1.0704735552263023,1.091572705563759,1.1297262072885195,1.162051551967339
2016-12-25 00:00:00+00:00,1.0246050350201674,1.0481243532091504,1.0704735552263023,1.091572705563759,1.1297262072885195,1.162051551967339
2016-12-26 00:00:00+00:00,1.0246050350201674,1.0481243532091504,1.0704735552263023,1.091572705563759,1.1297262072885195,1.162051551967339
2016-12-27 00:00:00+00:00,1.0246050350201674,1.0481243532091504,1.0704735552263023,1.091572705563759,1.1297262072885195,1.162051551967339
2016-12-28 00:00:00+00:00,1.0246050350201674,1.0481243532091504,1.0704735552263023,1.091572705563759,1.1297262072885195,1.162051551967339
2016-12-29 00:00:00+00:00,1.0246050350201674,1.0481243532091504,1.0704735552263023,1.091572705563759,1.1297262072885195,1.162051551967339
2016-12-30 00:00:00+00:00,1.0246050350201674,1.0481243532091504,1.0704735552263023,1.091572705563759,1.1297262072885195,1.162051551967339
2016-12-31 00:00:00+00:00,1.0246050350201674,1.0481243532091504,1.0704735552263023,1.091572705563759,1.1297262072885195,1.162051551967339
2017-01-01 00:00:00+00:00,1.0246050350201674,1.0481243532091504,1.0704735552263023,1.091572705563759,1.1297262072885195,1.162051551967339
2017-01-02 00:00:00+00:00,1.0246050350201674,1.0481243532091504,1.0704735552263023,1.091572705563759,1.1297262072885195,1.162051551967339
2017-01-03 00:00:00+00:00,1.0246050350201674,1.0481243532091504,1.0704735552263023,1.091572705563759,1.1297262072885195,1.162051551967339
2017-01-04 00:00:00+00:00,1.0246050350201674,1.0481243532091504,1.0704735552263023,1.091572705563759,1.1297262072885195,1.162051551967339
2017-01-05 00:00:00+00:00,1.0245023529338921,1.047914275000309,1.0701517186526093,1.0911351322202851,1.129046905665439,1.1611199002682968
2017-01-06 00:00:00+00:00,1.0245023529338921,1.047914275000309,1.0701517186526093,1.0911351322202851,1.129046905665439,1.1611199002682968
2017-01-07 00:00:00+00:00,1.0245023529338921,1.047914275000309,1.0701517186526093,1.0911351322202851,1.129046905665439,1.1611199002682968
2017-01-08 00:00:00+00:00,1.0245023529338921,1.047914275000309,1.0701517186526093,1.0911351322202851,1.129046905665439,1.1611199002682968
2017-01-09 00:00:00+00:00,1.0245023529338921,1.047914275000309,1.0701517186526093,1.0911351322202851,1.129046905665439,1.1611199002682968
2017-01-10 00:00:00+00:00,1.0218325097160195,1.0424525660798571,1.0617853035830178,1.0797611818366737,1.1113931938016144,1.1369129624746208
2017-01-11 00:00:00+00:00,1.0218325097160195,1.0424525660798571,1.0617853035830178,1.0797611818366737,1.1113931938016144,1.1369129624746208
2017-01-12 00:00:00+00:00,1.0218325097160195,1.0424525660798571,1.0617853035830178,1.0797611818366737,1.1113931938016144,1.1369129624746208
2017-01-13 00:00:00+00:00,1.0218325097160195,1.0424525660798571,1.0617853035830178,1.0797611818366737,1.1113931938016144,1.1369129624746208
2017-01-14 00:00:00+00:00,1.0218325097160195,1.0424525660798571,1.0617853035830178,1.0797611818366737,1.1113931938016144,1.1369129624746208
2017-01-15 00:00:00+00:00,1.0218325097160195,1.0424525660798571,1.0617853035830178,1.0797611818366737,1.1113931938016144,1.1369129624746208
2017-01-16 00:00:00+00:00,1.0218325097160195,1.0424525660798571,1.0617853035830178,1.0797611818366737,1.1113931938016144,1.1369129624746208
2017-01-17 00:00:00+00:00,1.021714586874154,1.0422119611510976,1.0614177030048633,1.079262749829911,1.1106236431604068,1.1358633344292104
2017-01-18 00:00:00+00:00,1.021714586874154,1.0422119611510976,1.0614177030048633,1.079262749829911,1.1106236431604068,1.1358633344292104
2017-01-19 00:00:00+00:00,1.021714586874154,1.0422119611510976,1.0614177030048633,1.079262749829911,1.1106236431604068,1.1358633344292104
2017-01-20 00:00:00+00:00,1.021714586874154,1.0422119611510976,1.0614177030048633,1.079262749829911,1.1106236431604068,1.1358633344292104
2017-01-21 00:00:00+00:00,1.021714586874154,1.0422119611510976,1.0614177030048633,1.079262749829911,1.1106236431604068,1.1358633344292104
2017-01-22 00:00:00+00:00,1.021714586874154,1.0422119611510976,1.0614177030048633,1.079262749829911,1.1106236431604068,1.1358633344292104
2017-01-23 00:00:00+00:00,1.021714586874154,1.0422119611510976,1.0614177030048633,1.079262749829911,1.1106236431604068,1.1358633344292104
2017-01-24 00:00:00+00:00,1.021714586874154,1.0422119611510976,1.0614177030048633,1.079262749829911,1.1106236431604068,1.1358633344292104
2017-01-25 00:00:00+00:00,1.021714586874154,1.0422119611510976,1.0614177030048633,1.079262749829911,1.1106236431604068,1.1358633344292104
2017-01-26 00:00:00+00:00,1.021714586874154,1.0422119611510976,1.0614177030048633,1.079262749829911,1.1106236431604068,1.1358633344292104
2017-01-27 00:00:00+00:00,1.021714586874154,1.0422119611510976,1.0614177030048633,1.079262749829911,1.1106236431604068,1.1358633344292104
2017-01-28 00:00:00+00:00,1.021714586874154,1.0422119611510976,1.0614177030048633,1.079262749829911,1.1106236431604068,1.1358633344292104
2017-01-29 00:00:00+00:00,1.021714586874154,1.0422119611510976,1.0614177030048633,1.079262749829911,1.1106236431604068,1.1358633344292104
2017-01-30 00:00:00+00:00,1.021714586874154,1.0422119611510976,1.0614177030048633,1.079262749829911,1.1106236431604068,1.1358633344292104
2017-01-31 00:00:00+00:00,1.021714586874154,1.0422119611510976,1.0614177030048633,1.079262749829911,1.1106236431604068,1.1358633344292104
2017-02-01 00:00:00+00:00,1.0215965441309554,1.0419711393786197,1.0610498135992936,1.078763983786013,1.1098537546033627,1.1348134880191285
2017-02-02 00:00:00+00:00,1.0215965441309554,1.0419711393786197,1.0610498135992936,1.078763983786013,1.1098537546033627,1.1348134880191285
2017-02-03 00:00:00+00:00,1.0215965441309554,1.0419711393786197,1.0610498135992936,1.078763983786013,1.1098537546033627,1.1348134880191285
2017-02-04 00:00:00+00:00,1.0215965441309554,1.0419711393786197,1.0610498135992936,1.078763983786013,1.1098537546033627,1.1348134880191285
2017-02-05 00:00:00+00:00,1.0215965441309554,1.0419711393786197,1.0610498135992936,1.078763983786013,1.1098537546033627,1.1348134880191285
2017-02-06 00:00:00+00:00,1.0215965441309554,1.0419711393786197,1.0610498135992936,1.078763983786013,1.1098537546033627,1.1348134880191285
2017-02-07 00:00:00+00:00,1.0215965441309554,1.0419711393786197,1.0610498135992936,1.078763983786013,1.1098537546033627,1.1348134880191285
2017-02-08 00:00:00+00:00,1.029148455655146,1.0573761912076494,1.0845804951421052,1.1106620171450259,1.159079747434135,1.2019242166699886
2017-02-09 00:00:00+00:00,1.029148455655146,1.0573761912076494,1.0845804951421052,1.1106620171450259,1.159079747434135,1.2019242166699886
2017-02-10 00:00:00+00:00,1.029148455655146,1.0573761912076494,1.0845804951421052,1.1106620171450259,1.159079747434135,1.2019242166699886
2017-02-11 00:00:00+00:00,1.029148455655146,1.0573761912076494,1.0845804951421052,1.1106620171450259,1.159079747434135,1.2019242166699886
2017-02-12 00:00:00+00:00,1.029148455655146,1.0573761912076494,1.0845804951421052,1.1106620171450259,1.159079747434135,1.2019242166699886
2017-02-13 00:00:00+00:00,1.029148455655146,1.0573761912076494,1.0845804951421052,1.1106620171450259,1.159079747434135,1.2019242166699886
2017-02-14 00:00:00+00:00,1.029148455655146,1.0573761912076494,1.0845804951421052,1.1106620171450259,1.159079747434135,1.2019242166699886
2017-02-15 00:00:00+00:00,1.029148455655146,1.0573761912076494,1.0845804951421052,1.1106620171450259,1.159079747434135,1.2019242166699886
2017-02-16 00:00:00+00:00,1.029148455655146,1.0573761912076494,1.0845804951421052,1.1106620171450259,1.159079747434135,1.2019242166699886
2017-02-17 00:00:00+00:00,1.029148455655146,1.0573761912076494,1.0845804951421052,1.1106620171450259,1.159079747434135,1.2019242166699886
2017-02-18 00:00:00+00:00,1.029030385517287,1.0571335740186938,1.0842072062316177,1.110152329677651,1.1582818875832053,1.2008210805214317
2017-02-19 00:00:00+00:00,1.029030385517287,1.0571335740186938,1.0842072062316177,1.110152329677651,1.1582818875832053,1.2008210805214317
2017-02-20 00:00:00+00:00,1.029030385517287,1.0571335740186938,1.0842072062316177,1.110152329677651,1.1582818875832053,1.2008210805214317
2017-02-21 00:00:00+00:00,1.029030385517287,1.0571335740186938,1.0842072062316177,1.110152329677651,1.1582818875832053,1.2008210805214317
2017-02-22 00:00:00+00:00,1.029030385517287,1.0571335740186938,1.0842072062316177,1.110152329677651,1.1582818875832053,1.2008210805214317
2017-02-23 00:00:00+00:00,1.029030385517287,1.0571335740186938,1.0842072062316177,1.110152329677651,1.1582818875832053,1.2008210805214317
2017-02-24 00:00:00+00:00,1.029030385517287,1.0571335740186938,1.0842072062316177,1.110152329677651,1.1582818875832053,1.2008210805214317
2017-02-25 00:00:00+00:00,1.029030385517287,1.0571335740186938,1.0842072062316177,1.110152329677651,1.1582818875832053,1.2008210805214317
2017-02-26 00:00:00+00:00,1.029030385517287,1.0571335740186938,1.0842072062316177,1.110152329677651,1.1582818875832053,1.2008210805214317
2017-02-27 00:00:00+00:00,1.029030385517287,1.0571335740186938,1.0842072062316177,1.110152329677651,1.1582818875832053,1.2008210805214317
2017-02-28 00:00:00+00:00,1.0288941017407898,1.0568535625481734,1.0837764322098284,1.1095642197283038,1.1573614772700989,1.1995487959782005
2017-03-01 00:00:00+00:00,1.0288941017407898,1.0568535625481734,1.0837764322098284,1.1095642197283038,1.1573614772700989,1.1995487959782005
2017-03-02 00:00:00+00:00,1.0288941017407898,1.0568535625481734,1.0837764322098284,1.1095642197283038,1.1573614772700989,1.1995487959782005
2017-03-03 00:00:00+00:00,1.0288941017407898,1.0568535625481734,1.0837764322098284,1.1095642197283038,1.1573614772700989,1.1995487959782005
2017-03-04 00:00:00+00:00,1.0288941017407898,1.0568535625481734,1.0837764322098284,1.1095642197283038,1.1573614772700989,1.1995487959782005
2017-03-05 00:00:00+00:00,1.0288941017407898,1.0568535625481734,1.0837764322098284,1.1095642197283038,1.1573614772700989,1.1995487959782005
2017-03-06 00:00:00+00:00,1.0288941017407898,1.0568535625481734,1.0837764322098284,1.1095642197283038,1.1573614772700989,1.1995487959782005
2017-03-07 00:00:00+00:00,1.0288941017407898,1.0568535625481734,1.0837764322098284,1.1095642197283038,1.1573614772700989,1.1995487959782005
2017-03-08 00:00:00+00:00,1.0288941017407898,1.0568535625481734,1.0837764322098284,1.1095642197283038,1.1573614772700989,1.1995487959782005
2017-03-09 00:00:00+00:00,1.0288941017407898,1.0568535625481734,1.0837764322098284,1.1095642197283038,1.1573614772700989,1.1995487959782005
2017-03-10 00:00:00+00:00,1.0288941017407898,1.0568535625481734,1.0837764322098284,1.1095642197283038,1.1573614772700989,1.1995487959782005
2017-03-11 00:00:00+00:00,1.0288941017407898,1.0568535625481734,1.0837764322098284,1.1095642197283038,1.1573614772700989,1.1995487959782005
2017-03-12 00:00:00+00:00,1.0288941017407898,1.0568535625481734,1.0837764322098284,1.1095642197283038,1.1573614772700989,1.1995487959782005
2017-03-13 00:00:00+00:00,1.0288941017407898,1.0568535625481734,1.0837764322098284,1.1095642197283038,1.1573614772700989,1.1995487959782005
2017-03-14 00:00:00+00:00,1.0288941017407898,1.0568535625481734,1.0837764322098284,1.1095642197283038,1.1573614772700989,1.1995487959782005
2017-03-15 00:00:00+00:00,1.0288941017407898,1.0568535625481734,1.0837764322098284,1.1095642197283038,1.1573614772700989,1.1995487959782005
2017-03-16 00:00:00+00:00,1.0288941017407898,1.0568535625481734,1.0837764322098284,1.1095642197283038,1.1573614772700989,1.1995487959782005
2017-03-17 00:00:00+00:00,1.0288941017407898,1.0568535625481734,1.0837764322098284,1.1095642197283038,1.1573614772700989,1.1995487959782005
2017-03-18 00:00:00+00:00,1.0288941017407898,1.0568535625481734,1.0837764322098284,1.1095642197283038,1.1573614772700989,1.1995487959782005
2017-03-19 00:00:00+00:00,1.0288941017407898,1.0568535625481734,1.0837764322098284,1.1095642197283038,1.1573614772700989,1.1995487959782005
2017-03-20 00:00:00+00:00,1.0288941017407898,1.0568535625481734,1.0837764322098284,1.1095642197283038,1.1573614772700989,1.1995487959782005
2017-03-21 00:00:00+00:00,1.0364980490568583,1.0724747208322358,1.1078050826189731,1.142364749370116,1.2086817191720751,1.2704700372001236
2017-03-22 00:00:00+00:00,1.0364980490568583,1.0724747208322358,1.1078050826189731,1.142364749370116,1.2086817191720751,1.2704700372001236
2017-03-23 00:00:00+00:00,1.0364980490568583,1.0724747208322358,1.1078050826189731,1.142364749370116,1.2086817191720751,1.2704700372001236
2017-03-24 00:00:00+00:00,1.0364980490568583,1.0724747208322358,1.1078050826189731,1.142364749370116,1.2086817191720751,1.2704700372001236
2017-03-25 00:00:00+00:00,1.0364980490568583,1.0724747208322358,1.1078050826189731,1.142364749370116,1.2086817191720751,1.2704700372001236
2017-03-26 00:00:00+00:00,1.0364980490568583,1.0724747208322358,1.1078050826189731,1.142364749370116,1.2086817191720751,1.2704700372001236
2017-03-27 00:00:00+00:00,1.0364980490568583,1.0724747208322358,1.1078050826189731,1.142364749370116,1.2086817191720751,1.2704700372001236
2017-03-28 00:00:00+00:00,1.0337802631532447,1.0668504812479702,1.0990908056160411,1.1303832398421498,1.1896661225215435,1.243819794597484
2017-03-29 00:00:00+00:00,1.0337802631532447,1.0668504812479702,1.0990908056160411,1.1303832398421498,1.1896661225215435,1.243819794597484
2017-03-30 00:00:00+00:00,1.0337802631532447,1.0668504812479702,1.0990908056160411,1.1303832398421498,1.1896661225215435,1.243819794597484
2017-03-31 00:00:00+00:00,1.0337802631532447,1.0668504812479702,1.0990908056160411,1.1303832398421498,1.1896661225215435,1.243819794597484
2017-04-01 00:00:00+00:00,1.0337802631532447,1.0668504812479702,1.0990908056160411,1.1303832398421498,1.1896661225215435,1.243819794597484
2017-04-02 00:00:00+00:00,1.0337802631532447,1.0668504812479702,1.0990908056160411,1.1303832398421498,1.1896661225215435,1.243819794597484
2017-04-03 00:00:00+00:00,1.0337802631532447,1.0668504812479702,1.0990908056160411,1.1303832398421498,1.1896661225215435,1.243819794597484
2017-04-04 00:00:00+00:00,1.0336123703121816,1.0665039539158658,1.0985553064838218,1.1296489125952804,1.1885068640271848,1.2422037572516083
2017-04-05 00:00:00+00:00,1.0336123703121816,1.0665039539158658,1.0985553064838218,1.1296489125952804,1.1885068640271848,1.2422037572516083
2017-04-06 00:00:00+00:00,1.0336123703121816,1.0665039539158658,1.0985553064838218,1.1296489125952804,1.1885068640271848,1.2422037572516083
2017-04-07 00:00:00+00:00,1.0334859125662719,1.0662429901544215,1.0981520968324905,1.1290960830848789,1.1876344137546841,1.240987933667336
2017-04-08 00:00:00+00:00,1.0334859125662719,1.0662429901544215,1.0981520968324905,1.1290960830848789,1.1876344137546841,1.240987933667336
2017-04-09 00:00:00+00:00,1.0334859125662719,1.0662429901544215,1.0981520968324905,1.1290960830848789,1.1876344137546841,1.240987933667336
2017-04-10 00:00:00+00:00,1.0334859125662719,1.0662429901544215,1.0981520968324905,1.1290960830848789,1.1876344137546841,1.240987933667336
2017-04-11 00:00:00+00:00,1.0334859125662719,1.0662429901544215,1.0981520968324905,1.1290960830848789,1.1876344137546841,1.240987933667336
2017-04-12 00:00:00+00:00,1.0334859125662719,1.0662429901544215,1.0981520968324905,1.1290960830848789,1.1876344137546841,1.240987933667336
2017-04-13 00:00:00+00:00,1.0411189331245136,1.0819928993984105,1.1224839743044865,1.1624527588155298,1.240263507885372,1.3143124854200854
2017-04-14 00:00:00+00:00,1.0411189331245136,1.0819928993984105,1.1224839743044865,1.1624527588155298,1.240263507885372,1.3143124854200854
2017-04-15 00:00:00+00:00,1.0411189331245136,1.0819928993984105,1.1224839743044865,1.1624527588155298,1.240263507885372,1.3143124854200854
2017-04-16 00:00:00+00:00,1.0411189331245136,1.0819928993984105,1.1224839743044865,1.1624527588155298,1.240263507885372,1.3143124854200854
2017-04-17 00:00:00+00:00,1.0411189331245136,1.0819928993984105,1.1224839743044865,1.1624527588155298,1.240263507885372,1.3143124854200854
2017-04-18 00:00:00+00:00,1.0411189331245136,1.0819928993984105,1.1224839743044865,1.1624527588155298,1.240263507885372,1.3143124854200854
2017-04-19 00:00:00+00:00,1.0411189331245136,1.0819928993984105,1.1224839743044865,1.1624527588155298,1.240263507885372,1.3143124854200854
2017-04-20 00:00:00+00:00,1.0411189331245136,1.0819928993984105,1.1224839743044865,1.1624527588155298,1.240263507885372,1.3143124854200854
2017-04-21 00:00:00+00:00,1.0411189331245136,1.0819928993984105,1.1224839743044865,1.1624527588155298,1.240263507885372,1.3143124854200854
2017-04-22 00:00:00+00:00,1.0411189331245136,1.0819928993984105,1.1224839743044865,1.1624527588155298,1.240263507885372,1.3143124854200854
2017-04-23 00:00:00+00:00,1.0411189331245136,1.0819928993984105,1.1224839743044865,1.1624527588155298,1.240263507885372,1.3143124854200854
2017-04-24 00:00:00+00:00,1.0411189331245136,1.0819928993984105,1.1224839743044865,1.1624527588155298,1.240263507885372,1.3143124854200854
2017-04-25 00:00:00+00:00,1.0411189331245136,1.0819928993984105,1.1224839743044865,1.1624527588155298,1.240263507885372,1.3143124854200854
2017-04-26 00:00:00+00:00,1.0411189331245136,1.0819928993984105,1.1224839743044865,1.1624527588155298,1.240263507885372,1.3143124854200854
2017-04-27 00:00:00+00:00,1.0411189331245136,1.0819928993984105,1.1224839743044865,1.1624527588155298,1.240263507885372,1.3143124854200854
2017-04-28 00:00:00+00:00,1.0411189331245136,1.0819928993984105,1.1224839743044865,1.1624527588155298,1.240263507885372,1.3143124854200854
2017-04-29 00:00:00+00:00,1.0411189331245136,1.0819928993984105,1.1224839743044865,1.1624527588155298,1.240263507885372,1.3143124854200854
2017-04-30 00:00:00+00:00,1.0411189331245136,1.0819928993984105,1.1224839743044865,1.1624527588155298,1.240263507885372,1.3143124854200854
2017-05-01 00:00:00+00:00,1.0411189331245136,1.0819928993984105,1.1224839743044865,1.1624527588155298,1.240263507885372,1.3143124854200854
2017-05-02 00:00:00+00:00,1.0411189331245136,1.0819928993984105,1.1224839743044865,1.1624527588155298,1.240263507885372,1.3143124854200854
2017-05-03 00:00:00+00:00,1.0411189331245136,1.0819928993984105,1.1224839743044865,1.1624527588155298,1.240263507885372,1.3143124854200854
2017-05-04 00:00:00+00:00,1.0411189331245136,1.0819928993984105,1.1224839743044865,1.1624527588155298,1.240263507885372,1.3143124854200854
2017-05-05 00:00:00+00:00,1.0411189331245136,1.0819928993984105,1.1224839743044865,1.1624527588155298,1.240263507885372,1.3143124854200854
2017-05-06 00:00:00+00:00,1.0411189331245136,1.0819928993984105,1.1224839743044865,1.1624527588155298,1.240263507885372,1.3143124854200854
2017-05-07 00:00:00+00:00,1.0411189331245136,1.0819928993984105,1.1224839743044865,1.1624527588155298,1.240263507885372,1.3143124854200854
2017-05-08 00:00:00+00:00,1.0411189331245136,1.0819928993984105,1.1224839743044865,1.1624527588155298,1.240263507885372,1.3143124854200854
2017-05-09 00:00:00+00:00,1.0411189331245136,1.0819928993984105,1.1224839743044865,1.1624527588155298,1.240263507885372,1.3143124854200854
2017-05-10 00:00:00+00:00,1.0411189331245136,1.0819928993984105,1.1224839743044865,1.1624527588155298,1.240263507885372,1.3143124854200854
2017-05-11 00:00:00+00:00,1.0411189331245136,1.0819928993984105,1.1224839743044865,1.1624527588155298,1.240263507885372,1.3143124854200854
2017-05-12 00:00:00+00:00,1.0411189331245136,1.0819928993984105,1.1224839743044865,1.1624527588155298,1.240263507885372,1.3143124854200854
2017-05-13 00:00:00+00:00,1.0411189331245136,1.0819928993984105,1.1224839743044865,1.1624527588155298,1.240263507885372,1.3143124854200854
2017-05-14 00:00:00+00:00,1.0411189331245136,1.0819928993984105,1.1224839743044865,1.1624527588155298,1.240263507885372,1.3143124854200854
2017-05-15 00:00:00+00:00,1.0411189331245136,1.0819928993984105,1.1224839743044865,1.1624527588155298,1.240263507885372,1.3143124854200854
2017-05-16 00:00:00+00:00,1.0411189331245136,1.0819928993984105,1.1224839743044865,1.1624527588155298,1.240263507885372,1.3143124854200854
2017-05-17 00:00:00+00:00,1.0487711150707875,1.0978981072807126,1.1472346094044839,1.1966286813980098,1.2949588268640404,1.3915936332521441
2017-05-18 00:00:00+00:00,1.0487711150707875,1.0978981072807126,1.1472346094044839,1.1966286813980098,1.2949588268640404,1.3915936332521441
2017-05-19 00:00:00+00:00,1.0487711150707875,1.0978981072807126,1.1472346094044839,1.1966286813980098,1.2949588268640404,1.3915936332521441
2017-05-20 00:00:00+00:00,1.0487711150707875,1.0978981072807126,1.1472346094044839,1.1966286813980098,1.2949588268640404,1.3915936332521441
2017-05-21 00:00:00+00:00,1.0487711150707875,1.0978981072807126,1.1472346094044839,1.1966286813980098,1.2949588268640404,1.3915936332521441
2017-05-22 00:00:00+00:00,1.0487711150707875,1.0978981072807126,1.1472346094044839,1.1966286813980098,1.2949588268640404,1.3915936332521441
2017-05-23 00:00:00+00:00,1.0487711150707875,1.0978981072807126,1.1472346094044839,1.1966286813980098,1.2949588268640404,1.3915936332521441
2017-05-24 00:00:00+00:00,1.0487711150707875,1.0978981072807126,1.1472346094044839,1.1966286813980098,1.2949588268640404,1.3915936332521441
2017-05-25 00:00:00+00:00,1.0487711150707875,1.0978981072807126,1.1472346094044839,1.1966286813980098,1.2949588268640404,1.3915936332521441
2017-05-26 00:00:00+00:00,1.0487711150707875,1.0978981072807126,1.1472346094044839,1.1966286813980098,1.2949588268640404,1.3915936332521441
2017-05-27 00:00:00+00:00,1.0487711150707875,1.0978981072807126,1.1472346094044839,1.1966286813980098,1.2949588268640404,1.3915936332521441
2017-05-28 00:00:00+00:00,1.0487711150707875,1.0978981072807126,1.1472346094044839,1.1966286813980098,1.2949588268640404,1.3915936332521441
2017-05-29 00:00:00+00:00,1.0487711150707875,1.0978981072807126,1.1472346094044839,1.1966286813980098,1.2949588268640404,1.3915936332521441
2017-05-30 00:00:00+00:00,1.0486242085702688,1.0975905313634338,1.146752513112968,1.1959582108654854,1.2938704795583034,1.3900342146307316
2017-05-31 00:00:00+00:00,1.0486242085702688,1.0975905313634338,1.146752513112968,1.1959582108654854,1.2938704795583034,1.3900342146307316
2017-06-01 00:00:00+00:00,1.0486242085702688,1.0975905313634338,1.146752513112968,1.1959582108654854,1.2938704795583034,1.3900342146307316
2017-06-02 00:00:00+00:00,1.0486242085702688,1.0975905313634338,1.146752513112968,1.1959582108654854,1.2938704795583034,1.3900342146307316
2017-06-03 00:00:00+00:00,1.0486242085702688,1.0975905313634338,1.146752513112968,1.1959582108654854,1.2938704795583034,1.3900342146307316
2017-06-04 00:00:00+00:00,1.0486242085702688,1.0975905313634338,1.146752513112968,1.1959582108654854,1.2938704795583034,1.3900342146307316
2017-06-05 00:00:00+00:00,1.0486242085702688,1.0975905313634338,1.146752513112968,1.1959582108654854,1.2938704795583034,1.3900342146307316
2017-06-06 00:00:00+00:00,1.056353898857444,1.1137717997343837,1.1721115741282246,1.2312211258004677,1.351095277519092,1.4720047347072922
2017-06-07 00:00:00+00:00,1.056353898857444,1.1137717997343837,1.1721115741282246,1.2312211258004677,1.351095277519092,1.4720047347072922
2017-06-08 00:00:00+00:00,1.056353898857444,1.1137717997343837,1.1721115741282246,1.2312211258004677,1.351095277519092,1.4720047347072922
2017-06-09 00:00:00+00:00,1.056353898857444,1.1137717997343837,1.1721115741282246,1.2312211258004677,1.351095277519092,1.4720047347072922
2017-06-10 00:00:00+00:00,1.056353898857444,1.1137717997343837,1.1721115741282246,1.2312211258004677,1.351095277519092,1.4720047347072922
2017-06-11 00:00:00+00:00,1.056353898857444,1.1137717997343837,1.1721115741282246,1.2312211258004677,1.351095277519092,1.4720047347072922
2017-06-12 00:00:00+00:00,1.056353898857444,1.1137717997343837,1.1721115741282246,1.2312211258004677,1.351095277519092,1.4720047347072922
2017-06-13 00:00:00+00:00,1.056353898857444,1.1137717997343837,1.1721115741282246,1.2312211258004677,1.351095277519092,1.4720047347072922
2017-06-14 00:00:00+00:00,1.053572367248691,1.107906357349498,1.16285255952351,1.218253197220917,1.3297495094488219,1.4409967348144472
2017-06-15 00:00:00+00:00,1.053572367248691,1.107906357349498,1.16285255952351,1.218253197220917,1.3297495094488219,1.4409967348144472
2017-06-16 00:00:00+00:00,1.053572367248691,1.107906357349498,1.16285255952351,1.218253197220917,1.3297495094488219,1.4409967348144472
2017-06-17 00:00:00+00:00,1.053572367248691,1.107906357349498,1.16285255952351,1.218253197220917,1.3297495094488219,1.4409967348144472
2017-06-18 00:00:00+00:00,1.053572367248691,1.107906357349498,1.16285255952351,1.218253197220917,1.3297495094488219,1.4409967348144472
2017-06-19 00:00:00+00:00,1.053572367248691,1.107906357349498,1.16285255952351,1.218253197220917,1.3297495094488219,1.4409967348144472
2017-06-20 00:00:00+00:00,1.053572367248691,1.107906357349498,1.16285255952351,1.218253197220917,1.3297495094488219,1.4409967348144472
2017-06-21 00:00:00+00:00,1.053572367248691,1.107906357349498,1.16285255952351,1.218253197220917,1.3297495094488219,1.4409967348144472
2017-06-22 00:00:00+00:00,1.053572367248691,1.107906357349498,1.16285255952351,1.218253197220917,1.3297495094488219,1.4409967348144472
2017-06-23 00:00:00+00:00,1.053572367248691,1.107906357349498,1.16285255952351,1.218253197220917,1.3297495094488219,1.4409967348144472
2017-06-24 00:00:00+00:00,1.053572367248691,1.107906357349498,1.16285255952351,1.218253197220917,1.3297495094488219,1.4409967348144472
2017-06-25 00:00:00+00:00,1.053572367248691,1.107906357349498,1.16285255952351,1.218253197220917,1.3297495094488219,1.4409967348144472
2017-06-26 00:00:00+00:00,1.053572367248691,1.107906357349498,1.16285255952351,1.218253197220917,1.3297495094488219,1.4409967348144472
2017-06-27 00:00:00+00:00,1.053572367248691,1.107906357349498,1.16285255952351,1.218253197220917,1.3297495094488219,1.4409967348144472
2017-06-28 00:00:00+00:00,1.053572367248691,1.107906357349498,1.16285255952351,1.218253197220917,1.3297495094488219,1.4409967348144472
2017-06-29 00:00:00+00:00,1.053572367248691,1.107906357349498,1.16285255952351,1.218253197220917,1.3297495094488219,1.4409967348144472
2017-06-30 00:00:00+00:00,1.053572367248691,1.107906357349498,1.16285255952351,1.218253197220917,1.3297495094488219,1.4409967348144472
2017-07-01 00:00:00+00:00,1.053572367248691,1.107906357349498,1.16285255952351,1.218253197220917,1.3297495094488219,1.4409967348144472
2017-07-02 00:00:00+00:00,1.053572367248691,1.107906357349498,1.16285255952351,1.218253197220917,1.3297495094488219,1.4409967348144472
2017-07-03 00:00:00+00:00,1.053572367248691,1.107906357349498,1.16285255952351,1.218253197220917,1.3297495094488219,1.4409967348144472
2017-07-04 00:00:00+00:00,1.053572367248691,1.107906357349498,1.16285255952351,1.218253197220917,1.3297495094488219,1.4409967348144472
2017-07-05 00:00:00+00:00,1.053572367248691,1.107906357349498,1.16285255952351,1.218253197220917,1.3297495094488219,1.4409967348144472
2017-07-06 00:00:00+00:00,1.053572367248691,1.107906357349498,1.16285255952351,1.218253197220917,1.3297495094488219,1.4409967348144472
2017-07-07 00:00:00+00:00,1.053572367248691,1.107906357349498,1.16285255952351,1.218253197220917,1.3297495094488219,1.4409967348144472
2017-07-08 00:00:00+00:00,1.053572367248691,1.107906357349498,1.16285255952351,1.218253197220917,1.3297495094488219,1.4409967348144472
2017-07-09 00:00:00+00:00,1.053572367248691,1.107906357349498,1.16285255952351,1.218253197220917,1.3297495094488219,1.4409967348144472
2017-07-10 00:00:00+00:00,1.053572367248691,1.107906357349498,1.16285255952351,1.218253197220917,1.3297495094488219,1.4409967348144472
2017-07-11 00:00:00+00:00,1.053572367248691,1.107906357349498,1.16285255952351,1.218253197220917,1.3297495094488219,1.4409967348144472
2017-07-12 00:00:00+00:00,1.053572367248691,1.107906357349498,1.16285255952351,1.218253197220917,1.3297495094488219,1.4409967348144472
2017-07-13 00:00:00+00:00,1.053572367248691,1.107906357349498,1.16285255952351,1.218253197220917,1.3297495094488219,1.4409967348144472
2017-07-14 00:00:00+00:00,1.053572367248691,1.107906357349498,1.16285255952351,1.218253197220917,1.3297495094488219,1.4409967348144472
2017-07-15 00:00:00+00:00,1.053572367248691,1.107906357349498,1.16285255952351,1.218253197220917,1.3297495094488219,1.4409967348144472
2017-07-16 00:00:00+00:00,1.053572367248691,1.107906357349498,1.16285255952351,1.218253197220917,1.3297495094488219,1.4409967348144472
2017-07-17 00:00:00+00:00,1.053572367248691,1.107906357349498,1.16285255952351,1.218253197220917,1.3297495094488219,1.4409967348144472
2017-07-18 00:00:00+00:00,1.053572367248691,1.107906357349498,1.16285255952351,1.218253197220917,1.3297495094488219,1.4409967348144472
2017-07-19 00:00:00+00:00,1.050769363453557,1.1020112412267904,1.1535713362145579,1.205288664583595,1.3085229110445995,1.4103268391944013
2017-07-20 00:00:00+00:00,1.050769363453557,1.1020112412267904,1.1535713362145579,1.205288664583595,1.3085229110445995,1.4103268391944013
2017-07-21 00:00:00+00:00,1.050769363453557,1.1020112412267904,1.1535713362145579,1.205288664583595,1.3085229110445995,1.4103268391944013
2017-07-22 00:00:00+00:00,1.050769363453557,1.1020112412267904,1.1535713362145579,1.205288664583595,1.3085229110445995,1.4103268391944013
2017-07-23 00:00:00+00:00,1.050769363453557,1.1020112412267904,1.1535713362145579,1.205288664583595,1.3085229110445995,1.4103268391944013
2017-07-24 00:00:00+00:00,1.050769363453557,1.1020112412267904,1.1535713362145579,1.205288664583595,1.3085229110445995,1.4103268391944013
2017-07-25 00:00:00+00:00,1.050769363453557,1.1020112412267904,1.1535713362145579,1.205288664583595,1.3085229110445995,1.4103268391944013
2017-07-26 00:00:00+00:00,1.050769363453557,1.1020112412267904,1.1535713362145579,1.205288664583595,1.3085229110445995,1.4103268391944013
2017-07-27 00:00:00+00:00,1.0479981559832139,1.0961985445679296,1.1444443509340256,1.192573771792141,1.2878170058726943,1.3805710552263137
2017-07-28 00:00:00+00:00,1.0479981559832139,1.0961985445679296,1.1444443509340256,1.192573771792141,1.2878170058726943,1.3805710552263137
2017-07-29 00:00:00+00:00,1.0479981559832139,1.0961985445679296,1.1444443509340256,1.192573771792141,1.2878170058726943,1.3805710552263137
2017-07-30 00:00:00+00:00,1.0479981559832139,1.0961985445679296,1.1444443509340256,1.192573771792141,1.2878170058726943,1.3805710552263137
2017-07-31 00:00:00+00:00,1.0479981559832139,1.0961985445679296,1.1444443509340256,1.192573771792141,1.2878170058726943,1.3805710552263137
2017-08-01 00:00:00+00:00,1.0479981559832139,1.0961985445679296,1.1444443509340256,1.192573771792141,1.2878170058726943,1.3805710552263137
2017-08-02 00:00:00+00:00,1.0452285046469167,1.0904044737549687,1.1353707324134612,1.1799668276985105,1.2673963358312939,1.3513824506767307
2017-08-03 00:00:00+00:00,1.0452285046469167,1.0904044737549687,1.1353707324134612,1.1799668276985105,1.2673963358312939,1.3513824506767307
2017-08-04 00:00:00+00:00,1.0452285046469167,1.0904044737549687,1.1353707324134612,1.1799668276985105,1.2673963358312939,1.3513824506767307
2017-08-05 00:00:00+00:00,1.0452285046469167,1.0904044737549687,1.1353707324134612,1.1799668276985105,1.2673963358312939,1.3513824506767307
2017-08-06 00:00:00+00:00,1.0452285046469167,1.0904044737549687,1.1353707324134612,1.1799668276985105,1.2673963358312939,1.3513824506767307
2017-08-07 00:00:00+00:00,1.0452285046469167,1.0904044737549687,1.1353707324134612,1.1799668276985105,1.2673963358312939,1.3513824506767307
2017-08-08 00:00:00+00:00,1.0452285046469167,1.0904044737549687,1.1353707324134612,1.1799668276985105,1.2673963358312939,1.3513824506767307
2017-08-09 00:00:00+00:00,1.0452285046469167,1.0904044737549687,1.1353707324134612,1.1799668276985105,1.2673963358312939,1.3513824506767307
2017-08-10 00:00:00+00:00,1.0529285528832213,1.1064701799764651,1.1604630716487716,1.2147374121214338,1.3234166962234746,1.431025973674003
2017-08-11 00:00:00+00:00,1.0529285528832213,1.1064701799764651,1.1604630716487716,1.2147374121214338,1.3234166962234746,1.431025973674003
2017-08-12 00:00:00+00:00,1.0529285528832213,1.1064701799764651,1.1604630716487716,1.2147374121214338,1.3234166962234746,1.431025973674003
2017-08-13 00:00:00+00:00,1.0529285528832213,1.1064701799764651,1.1604630716487716,1.2147374121214338,1.3234166962234746,1.431025973674003
2017-08-14 00:00:00+00:00,1.0529285528832213,1.1064701799764651,1.1604630716487716,1.2147374121214338,1.3234166962234746,1.431025973674003
2017-08-15 00:00:00+00:00,1.0529285528832213,1.1064701799764651,1.1604630716487716,1.2147374121214338,1.3234166962234746,1.431025973674003
2017-08-16 00:00:00+00:00,1.0529285528832213,1.1064701799764651,1.1604630716487716,1.2147374121214338,1.3234166962234746,1.431025973674003
2017-08-17 00:00:00+00:00,1.0529285528832213,1.1064701799764651,1.1604630716487716,1.2147374121214338,1.3234166962234746,1.431025973674003
2017-08-18 00:00:00+00:00,1.0527912595722242,1.106181630569931,1.1600091268384793,1.2141038446458605,1.3223813196470338,1.4295332205825555
2017-08-19 00:00:00+00:00,1.0527912595722242,1.106181630569931,1.1600091268384793,1.2141038446458605,1.3223813196470338,1.4295332205825555
2017-08-20 00:00:00+00:00,1.0527912595722242,1.106181630569931,1.1600091268384793,1.2141038446458605,1.3223813196470338,1.4295332205825555
2017-08-21 00:00:00+00:00,1.0527912595722242,1.106181630569931,1.1600091268384793,1.2141038446458605,1.3223813196470338,1.4295332205825555
2017-08-22 00:00:00+00:00,1.0527912595722242,1.106181630569931,1.1600091268384793,1.2141038446458605,1.3223813196470338,1.4295332205825555
2017-08-23 00:00:00+00:00,1.0527912595722242,1.106181630569931,1.1600091268384793,1.2141038446458605,1.3223813196470338,1.4295332205825555
2017-08-24 00:00:00+00:00,1.0527912595722242,1.106181630569931,1.1600091268384793,1.2141038446458605,1.3223813196470338,1.4295332205825555
2017-08-25 00:00:00+00:00,1.0527912595722242,1.106181630569931,1.1600091268384793,1.2141038446458605,1.3223813196470338,1.4295332205825555
2017-08-26 00:00:00+00:00,1.0527912595722242,1.106181630569931,1.1600091268384793,1.2141038446458605,1.3223813196470338,1.4295332205825555
2017-08-27 00:00:00+00:00,1.0527912595722242,1.106181630569931,1.1600091268384793,1.2141038446458605,1.3223813196470338,1.4295332205825555
2017-08-28 00:00:00+00:00,1.0605276411370945,1.1224390664031592,1.1855819262201945,1.2497909593180434,1.380686019861983,1.5135720220336872
2017-08-29 00:00:00+00:00,1.0605276411370945,1.1224390664031592,1.1855819262201945,1.2497909593180434,1.380686019861983,1.5135720220336872
2017-08-30 00:00:00+00:00,1.0605276411370945,1.1224390664031592,1.1855819262201945,1.2497909593180434,1.380686019861983,1.5135720220336872
2017-08-31 00:00:00+00:00,1.0605276411370945,1.1224390664031592,1.1855819262201945,1.2497909593180434,1.380686019861983,1.5135720220336872
2017-09-01 00:00:00+00:00,1.0605276411370945,1.1224390664031592,1.1855819262201945,1.2497909593180434,1.380686019861983,1.5135720220336872
2017-09-02 00:00:00+00:00,1.0605276411370945,1.1224390664031592,1.1855819262201945,1.2497909593180434,1.380686019861983,1.5135720220336872
2017-09-03 00:00:00+00:00,1.0605276411370945,1.1224390664031592,1.1855819262201945,1.2497909593180434,1.380686019861983,1.5135720220336872
2017-09-04 00:00:00+00:00,1.0605276411370945,1.1224390664031592,1.1855819262201945,1.2497909593180434,1.380686019861983,1.5135720220336872
2017-09-05 00:00:00+00:00,1.0577648121519987,1.1165908318708888,1.176316085379531,1.2367674093273524,1.3591046906800224,1.4820274173195949
2017-09-06 00:00:00+00:00,1.0577648121519987,1.1165908318708888,1.176316085379531,1.2367674093273524,1.3591046906800224,1.4820274173195949
2017-09-07 00:00:00+00:00,1.0577648121519987,1.1165908318708888,1.176316085379531,1.2367674093273524,1.3591046906800224,1.4820274173195949
2017-09-08 00:00:00+00:00,1.0577648121519987,1.1165908318708888,1.176316085379531,1.2367674093273524,1.3591046906800224,1.4820274173195949
2017-09-09 00:00:00+00:00,1.0577648121519987,1.1165908318708888,1.176316085379531,1.2367674093273524,1.3591046906800224,1.4820274173195949
2017-09-10 00:00:00+00:00,1.0577648121519987,1.1165908318708888,1.176316085379531,1.2367674093273524,1.3591046906800224,1.4820274173195949
2017-09-11 00:00:00+00:00,1.0577648121519987,1.1165908318708888,1.176316085379531,1.2367674093273524,1.3591046906800224,1.4820274173195949
2017-09-12 00:00:00+00:00,1.0577648121519987,1.1165908318708888,1.176316085379531,1.2367674093273524,1.3591046906800224,1.4820274173195949
2017-09-13 00:00:00+00:00,1.0577648121519987,1.1165908318708888,1.176316085379531,1.2367674093273524,1.3591046906800224,1.4820274173195949
2017-09-14 00:00:00+00:00,1.0577648121519987,1.1165908318708888,1.176316085379531,1.2367674093273524,1.3591046906800224,1.4820274173195949
2017-09-15 00:00:00+00:00,1.0577648121519987,1.1165908318708888,1.176316085379531,1.2367674093273524,1.3591046906800224,1.4820274173195949
2017-09-16 00:00:00+00:00,1.0577648121519987,1.1165908318708888,1.176316085379531,1.2367674093273524,1.3591046906800224,1.4820274173195949
2017-09-17 00:00:00+00:00,1.0577648121519987,1.1165908318708888,1.176316085379531,1.2367674093273524,1.3591046906800224,1.4820274173195949
2017-09-18 00:00:00+00:00,1.0577648121519987,1.1165908318708888,1.176316085379531,1.2367674093273524,1.3591046906800224,1.4820274173195949
2017-09-19 00:00:00+00:00,1.0577648121519987,1.1165908318708888,1.176316085379531,1.2367674093273524,1.3591046906800224,1.4820274173195949
2017-09-20 00:00:00+00:00,1.0577648121519987,1.1165908318708888,1.176316085379531,1.2367674093273524,1.3591046906800224,1.4820274173195949
2017-09-21 00:00:00+00:00,1.0577648121519987,1.1165908318708888,1.176316085379531,1.2367674093273524,1.3591046906800224,1.4820274173195949
2017-09-22 00:00:00+00:00,1.0577648121519987,1.1165908318708888,1.176316085379531,1.2367674093273524,1.3591046906800224,1.4820274173195949
2017-09-23 00:00:00+00:00,1.0577648121519987,1.1165908318708888,1.176316085379531,1.2367674093273524,1.3591046906800224,1.4820274173195949
2017-09-24 00:00:00+00:00,1.0577648121519987,1.1165908318708888,1.176316085379531,1.2367674093273524,1.3591046906800224,1.4820274173195949
2017-09-25 00:00:00+00:00,1.0577648121519987,1.1165908318708888,1.176316085379531,1.2367674093273524,1.3591046906800224,1.4820274173195949
2017-09-26 00:00:00+00:00,1.054995028157955,1.1107431890329313,1.1670754448483192,1.2238133819845802,1.3377515900177874,1.4509816062124965
2017-09-27 00:00:00+00:00,1.054995028157955,1.1107431890329313,1.1670754448483192,1.2238133819845802,1.3377515900177874,1.4509816062124965
2017-09-28 00:00:00+00:00,1.054995028157955,1.1107431890329313,1.1670754448483192,1.2238133819845802,1.3377515900177874,1.4509816062124965
2017-09-29 00:00:00+00:00,1.054995028157955,1.1107431890329313,1.1670754448483192,1.2238133819845802,1.3377515900177874,1.4509816062124965
2017-09-30 00:00:00+00:00,1.054995028157955,1.1107431890329313,1.1670754448483192,1.2238133819845802,1.3377515900177874,1.4509816062124965
2017-10-01 00:00:00+00:00,1.054995028157955,1.1107431890329313,1.1670754448483192,1.2238133819845802,1.3377515900177874,1.4509816062124965
2017-10-02 00:00:00+00:00,1.054995028157955,1.1107431890329313,1.1670754448483192,1.2238133819845802,1.3377515900177874,1.4509816062124965
2017-10-03 00:00:00+00:00,1.054995028157955,1.1107431890329313,1.1670754448483192,1.2238133819845802,1.3377515900177874,1.4509816062124965
2017-10-04 00:00:00+00:00,1.054995028157955,1.1107431890329313,1.1670754448483192,1.2238133819845802,1.3377515900177874,1.4509816062124965
2017-10-05 00:00:00+00:00,1.054995028157955,1.1107431890329313,1.1670754448483192,1.2238133819845802,1.3377515900177874,1.4509816062124965
2017-10-06 00:00:00+00:00,1.054995028157955,1.1107431890329313,1.1670754448483192,1.2238133819845802,1.3377515900177874,1.4509816062124965
2017-10-07 00:00:00+00:00,1.054995028157955,1.1107431890329313,1.1670754448483192,1.2238133819845802,1.3377515900177874,1.4509816062124965
2017-10-08 00:00:00+00:00,1.054995028157955,1.1107431890329313,1.1670754448483192,1.2238133819845802,1.3377515900177874,1.4509816062124965
2017-10-09 00:00:00+00:00,1.054995028157955,1.1107431890329313,1.1670754448483192,1.2238133819845802,1.3377515900177874,1.4509816062124965
2017-10-10 00:00:00+00:00,1.054995028157955,1.1107431890329313,1.1670754448483192,1.2238133819845802,1.3377515900177874,1.4509816062124965
2017-10-11 00:00:00+00:00,1.054995028157955,1.1107431890329313,1.1670754448483192,1.2238133819845802,1.3377515900177874,1.4509816062124965
2017-10-12 00:00:00+00:00,1.0522028438979019,1.1048637307101863,1.1578089850060682,1.210857444293059,1.3165083680092595,1.4202598841617904
2017-10-13 00:00:00+00:00,1.0522028438979019,1.1048637307101863,1.1578089850060682,1.210857444293059,1.3165083680092595,1.4202598841617904
2017-10-14 00:00:00+00:00,1.0522028438979019,1.1048637307101863,1.1578089850060682,1.210857444293059,1.3165083680092595,1.4202598841617904
2017-10-15 00:00:00+00:00,1.0522028438979019,1.1048637307101863,1.1578089850060682,1.210857444293059,1.3165083680092595,1.4202598841617904
2017-10-16 00:00:00+00:00,1.0522028438979019,1.1048637307101863,1.1578089850060682,1.210857444293059,1.3165083680092595,1.4202598841617904
2017-10-17 00:00:00+00:00,1.0522028438979019,1.1048637307101863,1.1578089850060682,1.210857444293059,1.3165083680092595,1.4202598841617904
2017-10-18 00:00:00+00:00,1.0522028438979019,1.1048637307101863,1.1578089850060682,1.210857444293059,1.3165083680092595,1.4202598841617904
2017-10-19 00:00:00+00:00,1.0522028438979019,1.1048637307101863,1.1578089850060682,1.210857444293059,1.3165083680092595,1.4202598841617904
2017-10-20 00:00:00+00:00,1.0522028438979019,1.1048637307101863,1.1578089850060682,1.210857444293059,1.3165083680092595,1.4202598841617904
2017-10-21 00:00:00+00:00,1.0522028438979019,1.1048637307101863,1.1578089850060682,1.210857444293059,1.3165083680092595,1.4202598841617904
2017-10-22 00:00:00+00:00,1.0522028438979019,1.1048637307101863,1.1578089850060682,1.210857444293059,1.3165083680092595,1.4202598841617904
2017-10-23 00:00:00+00:00,1.0522028438979019,1.1048637307101863,1.1578089850060682,1.210857444293059,1.3165083680092595,1.4202598841617904
2017-10-24 00:00:00+00:00,1.0522028438979019,1.1048637307101863,1.1578089850060682,1.210857444293059,1.3165083680092595,1.4202598841617904
2017-10-25 00:00:00+00:00,1.0522028438979019,1.1048637307101863,1.1578089850060682,1.210857444293059,1.3165083680092595,1.4202598841617904
2017-10-26 00:00:00+00:00,1.0522028438979019,1.1048637307101863,1.1578089850060682,1.210857444293059,1.3165083680092595,1.4202598841617904
2017-10-27 00:00:00+00:00,1.0522028438979019,1.1048637307101863,1.1578089850060682,1.210857444293059,1.3165083680092595,1.4202598841617904
2017-10-28 00:00:00+00:00,1.0522028438979019,1.1048637307101863,1.1578089850060682,1.210857444293059,1.3165083680092595,1.4202598841617904
2017-10-29 00:00:00+00:00,1.0522028438979019,1.1048637307101863,1.1578089850060682,1.210857444293059,1.3165083680092595,1.4202598841617904
2017-10-30 00:00:00+00:00,1.0522028438979019,1.1048637307101863,1.1578089850060682,1.210857444293059,1.3165083680092595,1.4202598841617904
2017-10-31 00:00:00+00:00,1.0522028438979019,1.1048637307101863,1.1578089850060682,1.210857444293059,1.3165083680092595,1.4202598841617904
2017-11-01 00:00:00+00:00,1.0522028438979019,1.1048637307101863,1.1578089850060682,1.210857444293059,1.3165083680092595,1.4202598841617904
2017-11-02 00:00:00+00:00,1.0522028438979019,1.1048637307101863,1.1578089850060682,1.210857444293059,1.3165083680092595,1.4202598841617904
2017-11-03 00:00:00+00:00,1.0522028438979019,1.1048637307101863,1.1578089850060682,1.210857444293059,1.3165083680092595,1.4202598841617904
2017-11-04 00:00:00+00:00,1.0522028438979019,1.1048637307101863,1.1578089850060682,1.210857444293059,1.3165083680092595,1.4202598841617904
2017-11-05 00:00:00+00:00,1.0522028438979019,1.1048637307101863,1.1578089850060682,1.210857444293059,1.3165083680092595,1.4202598841617904
2017-11-06 00:00:00+00:00,1.0522028438979019,1.1048637307101863,1.1578089850060682,1.210857444293059,1.3165083680092595,1.4202598841617904
2017-11-07 00:00:00+00:00,1.0522028438979019,1.1048637307101863,1.1578089850060682,1.210857444293059,1.3165083680092595,1.4202598841617904
2017-11-08 00:00:00+00:00,1.0522028438979019,1.1048637307101863,1.1578089850060682,1.210857444293059,1.3165083680092595,1.4202598841617904
2017-11-09 00:00:00+00:00,1.0520469257242384,1.1045362875065525,1.157294283501201,1.2101397321812706,1.3153378660577981,1.418576221521643
2017-11-10 00:00:00+00:00,1.0520469257242384,1.1045362875065525,1.157294283501201,1.2101397321812706,1.3153378660577981,1.418576221521643
2017-11-11 00:00:00+00:00,1.0520469257242384,1.1045362875065525,1.157294283501201,1.2101397321812706,1.3153378660577981,1.418576221521643
2017-11-12 00:00:00+00:00,1.0520469257242384,1.1045362875065525,1.157294283501201,1.2101397321812706,1.3153378660577981,1.418576221521643
2017-11-13 00:00:00+00:00,1.0520469257242384,1.1045362875065525,1.157294283501201,1.2101397321812706,1.3153378660577981,1.418576221521643
2017-11-14 00:00:00+00:00,1.0520469257242384,1.1045362875065525,1.157294283501201,1.2101397321812706,1.3153378660577981,1.418576221521643
2017-11-15 00:00:00+00:00,1.0520469257242384,1.1045362875065525,1.157294283501201,1.2101397321812706,1.3153378660577981,1.418576221521643
2017-11-16 00:00:00+00:00,1.0520469257242384,1.1045362875065525,1.157294283501201,1.2101397321812706,1.3153378660577981,1.418576221521643
2017-11-17 00:00:00+00:00,1.0520469257242384,1.1045362875065525,1.157294283501201,1.2101397321812706,1.3153378660577981,1.418576221521643
2017-11-18 00:00:00+00:00,1.0520469257242384,1.1045362875065525,1.157294283501201,1.2101397321812706,1.3153378660577981,1.418576221521643
2017-11-19 00:00:00+00:00,1.0520469257242384,1.1045362875065525,1.157294283501201,1.2101397321812706,1.3153378660577981,1.418576221521643
2017-11-20 00:00:00+00:00,1.0492584599202734,1.0986811082523948,1.1480920070938656,1.1973097597581912,1.294419932244318,1.3884965649032246
2017-11-21 00:00:00+00:00,1.0492584599202734,1.0986811082523948,1.1480920070938656,1.1973097597581912,1.294419932244318,1.3884965649032246
2017-11-22 00:00:00+00:00,1.0492584599202734,1.0986811082523948,1.1480920070938656,1.1973097597581912,1.294419932244318,1.3884965649032246
2017-11-23 00:00:00+00:00,1.0492584599202734,1.0986811082523948,1.1480920070938656,1.1973097597581912,1.294419932244318,1.3884965649032246
2017-11-24 00:00:00+00:00,1.0492584599202734,1.0986811082523948,1.1480920070938656,1.1973097597581912,1.294419932244318,1.3884965649032246
2017-11-25 00:00:00+00:00,1.0492584599202734,1.0986811082523948,1.1480920070938656,1.1973097597581912,1.294419932244318,1.3884965649032246
2017-11-26 00:00:00+00:00,1.0492584599202734,1.0986811082523948,1.1480920070938656,1.1973097597581912,1.294419932244318,1.3884965649032246
2017-11-27 00:00:00+00:00,1.0492584599202734,1.0986811082523948,1.1480920070938656,1.1973097597581912,1.294419932244318,1.3884965649032246
2017-11-28 00:00:00+00:00,1.0492584599202734,1.0986811082523948,1.1480920070938656,1.1973097597581912,1.294419932244318,1.3884965649032246
2017-11-29 00:00:00+00:00,1.0492584599202734,1.0986811082523948,1.1480920070938656,1.1973097597581912,1.294419932244318,1.3884965649032246
2017-11-30 00:00:00+00:00,1.0492584599202734,1.0986811082523948,1.1480920070938656,1.1973097597581912,1.294419932244318,1.3884965649032246
2017-12-01 00:00:00+00:00,1.0492584599202734,1.0986811082523948,1.1480920070938656,1.1973097597581912,1.294419932244318,1.3884965649032246
2017-12-02 00:00:00+00:00,1.0492584599202734,1.0986811082523948,1.1480920070938656,1.1973097597581912,1.294419932244318,1.3884965649032246
2017-12-03 00:00:00+00:00,1.0492584599202734,1.0986811082523948,1.1480920070938656,1.1973097597581912,1.294419932244318,1.3884965649032246
2017-12-04 00:00:00+00:00,1.0492584599202734,1.0986811082523948,1.1480920070938656,1.1973097597581912,1.294419932244318,1.3884965649032246
2017-12-05 00:00:00+00:00,1.0492584599202734,1.0986811082523948,1.1480920070938656,1.1973097597581912,1.294419932244318,1.3884965649032246
2017-12-06 00:00:00+00:00,1.0492584599202734,1.0986811082523948,1.1480920070938656,1.1973097597581912,1.294419932244318,1.3884965649032246
2017-12-07 00:00:00+00:00,1.0492584599202734,1.0986811082523948,1.1480920070938656,1.1973097597581912,1.294419932244318,1.3884965649032246
2017-12-08 00:00:00+00:00,1.0492584599202734,1.0986811082523948,1.1480920070938656,1.1973097597581912,1.294419932244318,1.3884965649032246
2017-12-09 00:00:00+00:00,1.0492584599202734,1.0986811082523948,1.1480920070938656,1.1973097597581912,1.294419932244318,1.3884965649032246
2017-12-10 00:00:00+00:00,1.0492584599202734,1.0986811082523948,1.1480920070938656,1.1973097597581912,1.294419932244318,1.3884965649032246
2017-12-11 00:00:00+00:00,1.0492584599202734,1.0986811082523948,1.1480920070938656,1.1973097597581912,1.294419932244318,1.3884965649032246
2017-12-12 00:00:00+00:00,1.0492584599202734,1.0986811082523948,1.1480920070938656,1.1973097597581912,1.294419932244318,1.3884965649032246
2017-12-13 00:00:00+00:00,1.0492584599202734,1.0986811082523948,1.1480920070938656,1.1973097597581912,1.294419932244318,1.3884965649032246
2017-12-14 00:00:00+00:00,1.0492584599202734,1.0986811082523948,1.1480920070938656,1.1973097597581912,1.294419932244318,1.3884965649032246
2017-12-15 00:00:00+00:00,1.0492584599202734,1.0986811082523948,1.1480920070938656,1.1973097597581912,1.294419932244318,1.3884965649032246
2017-12-16 00:00:00+00:00,1.0492584599202734,1.0986811082523948,1.1480920070938656,1.1973097597581912,1.294419932244318,1.3884965649032246
2017-12-17 00:00:00+00:00,1.0492584599202734,1.0986811082523948,1.1480920070938656,1.1973097597581912,1.294419932244318,1.3884965649032246
2017-12-18 00:00:00+00:00,1.0492584599202734,1.0986811082523948,1.1480920070938656,1.1973097597581912,1.294419932244318,1.3884965649032246
2017-12-19 00:00:00+00:00,1.0492584599202734,1.0986811082523948,1.1480920070938656,1.1973097597581912,1.294419932244318,1.3884965649032246
2017-12-20 00:00:00+00:00,1.0492584599202734,1.0986811082523948,1.1480920070938656,1.1973097597581912,1.294419932244318,1.3884965649032246
2017-12-21 00:00:00+00:00,1.0492584599202734,1.0986811082523948,1.1480920070938656,1.1973097597581912,1.294419932244318,1.3884965649032246
2017-12-22 00:00:00+00:00,1.0492584599202734,1.0986811082523948,1.1480920070938656,1.1973097597581912,1.294419932244318,1.3884965649032246
2017-12-23 00:00:00+00:00,1.0492584599202734,1.0986811082523948,1.1480920070938656,1.1973097597581912,1.294419932244318,1.3884965649032246
2017-12-24 00:00:00+00:00,1.0492584599202734,1.0986811082523948,1.1480920070938656,1.1973097597581912,1.294419932244318,1.3884965649032246
2017-12-25 00:00:00+00:00,1.0492584599202734,1.0986811082523948,1.1480920070938656,1.1973097597581912,1.294419932244318,1.3884965649032246
2017-12-26 00:00:00+00:00,1.056908567893227,1.114702001915933,1.173204107170201,1.2322279397456746,1.351045364140849,1.4694844171614152
2017-12-27 00:00:00+00:00,1.056908567893227,1.114702001915933,1.173204107170201,1.2322279397456746,1.351045364140849,1.4694844171614152
2017-12-28 00:00:00+00:00,1.056908567893227,1.114702001915933,1.173204107170201,1.2322279397456746,1.351045364140849,1.4694844171614152
2017-12-29 00:00:00+00:00,1.056908567893227,1.114702001915933,1.173204107170201,1.2322279397456746,1.351045364140849,1.4694844171614152
2017-12-30 00:00:00+00:00,1.056908567893227,1.114702001915933,1.173204107170201,1.2322279397456746,1.351045364140849,1.4694844171614152
2017-12-31 00:00:00+00:00,1.056908567893227,1.114702001915933,1.173204107170201,1.2322279397456746,1.351045364140849,1.4694844171614152
2018-01-01 00:00:00+00:00,1.056908567893227,1.114702001915933,1.173204107170201,1.2322279397456746,1.351045364140849,1.4694844171614152
2018-01-02 00:00:00+00:00,1.056908567893227,1.114702001915933,1.173204107170201,1.2322279397456746,1.351045364140849,1.4694844171614152
2018-01-03 00:00:00+00:00,1.056908567893227,1.114702001915933,1.173204107170201,1.2322279397456746,1.351045364140849,1.4694844171614152
2018-01-04 00:00:00+00:00,1.056908567893227,1.114702001915933,1.173204107170201,1.2322279397456746,1.351045364140849,1.4694844171614152
2018-01-05 00:00:00+00:00,1.056908567893227,1.114702001915933,1.173204107170201,1.2322279397456746,1.351045364140849,1.4694844171614152
2018-01-06 00:00:00+00:00,1.056908567893227,1.114702001915933,1.173204107170201,1.2322279397456746,1.351045364140849,1.4694844171614152
2018-01-07 00:00:00+00:00,1.056908567893227,1.114702001915933,1.173204107170201,1.2322279397456746,1.351045364140849,1.4694844171614152
2018-01-08 00:00:00+00:00,1.056908567893227,1.114702001915933,1.173204107170201,1.2322279397456746,1.351045364140849,1.4694844171614152
2018-01-09 00:00:00+00:00,1.056908567893227,1.114702001915933,1.173204107170201,1.2322279397456746,1.351045364140849,1.4694844171614152
2018-01-10 00:00:00+00:00,1.0541329634426255,1.1088472441221164,1.163961063901615,1.2192838594056652,1.329757046648171,1.4386116804856746
2018-01-11 00:00:00+00:00,1.0541329634426255,1.1088472441221164,1.163961063901615,1.2192838594056652,1.329757046648171,1.4386116804856746
2018-01-12 00:00:00+00:00,1.0541329634426255,1.1088472441221164,1.163961063901615,1.2192838594056652,1.329757046648171,1.4386116804856746
2018-01-13 00:00:00+00:00,1.0541329634426255,1.1088472441221164,1.163961063901615,1.2192838594056652,1.329757046648171,1.4386116804856746
2018-01-14 00:00:00+00:00,1.0541329634426255,1.1088472441221164,1.163961063901615,1.2192838594056652,1.329757046648171,1.4386116804856746
2018-01-15 00:00:00+00:00,1.0541329634426255,1.1088472441221164,1.163961063901615,1.2192838594056652,1.329757046648171,1.4386116804856746
2018-01-16 00:00:00+00:00,1.0541329634426255,1.1088472441221164,1.163961063901615,1.2192838594056652,1.329757046648171,1.4386116804856746
2018-01-17 00:00:00+00:00,1.0541329634426255,1.1088472441221164,1.163961063901615,1.2192838594056652,1.329757046648171,1.4386116804856746
2018-01-18 00:00:00+00:00,1.0541329634426255,1.1088472441221164,1.163961063901615,1.2192838594056652,1.329757046648171,1.4386116804856746
2018-01-19 00:00:00+00:00,1.0541329634426255,1.1088472441221164,1.163961063901615,1.2192838594056652,1.329757046648171,1.4386116804856746
2018-01-20 00:00:00+00:00,1.0541329634426255,1.1088472441221164,1.163961063901615,1.2192838594056652,1.329757046648171,1.4386116804856746
2018-01-21 00:00:00+00:00,1.0541329634426255,1.1088472441221164,1.163961063901615,1.2192838594056652,1.329757046648171,1.4386116804856746
2018-01-22 00:00:00+00:00,1.0541329634426255,1.1088472441221164,1.163961063901615,1.2192838594056652,1.329757046648171,1.4386116804856746
2018-01-23 00:00:00+00:00,1.0541329634426255,1.1088472441221164,1.163961063901615,1.2192838594056652,1.329757046648171,1.4386116804856746
2018-01-24 00:00:00+00:00,1.0618806566601222,1.125146911375606,1.1896257956374563,1.2551299532679399,1.3883979392596009,1.5232000377123358
2018-01-25 00:00:00+00:00,1.0618806566601222,1.125146911375606,1.1896257956374563,1.2551299532679399,1.3883979392596009,1.5232000377123358
2018-01-26 00:00:00+00:00,1.0618806566601222,1.125146911375606,1.1896257956374563,1.2551299532679399,1.3883979392596009,1.5232000377123358
2018-01-27 00:00:00+00:00,1.0618806566601222,1.125146911375606,1.1896257956374563,1.2551299532679399,1.3883979392596009,1.5232000377123358
2018-01-28 00:00:00+00:00,1.0618806566601222,1.125146911375606,1.1896257956374563,1.2551299532679399,1.3883979392596009,1.5232000377123358
2018-01-29 00:00:00+00:00,1.0618806566601222,1.125146911375606,1.1896257956374563,1.2551299532679399,1.3883979392596009,1.5232000377123358
2018-01-30 00:00:00+00:00,1.0618806566601222,1.125146911375606,1.1896257956374563,1.2551299532679399,1.3883979392596009,1.5232000377123358
2018-01-31 00:00:00+00:00,1.0618806566601222,1.125146911375606,1.1896257956374563,1.2551299532679399,1.3883979392596009,1.5232000377123358
2018-02-01 00:00:00+00:00,1.0618806566601222,1.125146911375606,1.1896257956374563,1.2551299532679399,1.3883979392596009,1.5232000377123358
2018-02-02 00:00:00+00:00,1.0618806566601222,1.125146911375606,1.1896257956374563,1.2551299532679399,1.3883979392596009,1.5232000377123358
2018-02-03 00:00:00+00:00,1.0618806566601222,1.125146911375606,1.1896257956374563,1.2551299532679399,1.3883979392596009,1.5232000377123358
2018-02-04 00:00:00+00:00,1.0618806566601222,1.125146911375606,1.1896257956374563,1.2551299532679399,1.3883979392596009,1.5232000377123358
2018-02-05 00:00:00+00:00,1.0618806566601222,1.125146911375606,1.1896257956374563,1.2551299532679399,1.3883979392596009,1.5232000377123358
2018-02-06 00:00:00+00:00,1.0618806566601222,1.125146911375606,1.1896257956374563,1.2551299532679399,1.3883979392596009,1.5232000377123358
2018-02-07 00:00:00+00:00,1.0618806566601222,1.125146911375606,1.1896257956374563,1.2551299532679399,1.3883979392596009,1.5232000377123358
2018-02-08 00:00:00+00:00,1.0618806566601222,1.125146911375606,1.1896257956374563,1.2551299532679399,1.3883979392596009,1.5232000377123358
2018-02-09 00:00:00+00:00,1.0618806566601222,1.125146911375606,1.1896257956374563,1.2551299532679399,1.3883979392596009,1.5232000377123358
2018-02-10 00:00:00+00:00,1.0618806566601222,1.125146911375606,1.1896257956374563,1.2551299532679399,1.3883979392596009,1.5232000377123358
2018-02-11 00:00:00+00:00,1.0618806566601222,1.125146911375606,1.1896257956374563,1.2551299532679399,1.3883979392596009,1.5232000377123358
2018-02-12 00:00:00+00:00,1.0618806566601222,1.125146911375606,1.1896257956374563,1.2551299532679399,1.3883979392596009,1.5232000377123358
2018-02-13 00:00:00+00:00,1.0618806566601222,1.125146911375606,1.1896257956374563,1.2551299532679399,1.3883979392596009,1.5232000377123358
2018-02-14 00:00:00+00:00,1.0617519146872856,1.1248740866806781,1.1891931064150645,1.254521267516536,1.3873879664985669,1.5217226605577565
2018-02-15 00:00:00+00:00,1.0617519146872856,1.1248740866806781,1.1891931064150645,1.254521267516536,1.3873879664985669,1.5217226605577565
2018-02-16 00:00:00+00:00,1.0617519146872856,1.1248740866806781,1.1891931064150645,1.254521267516536,1.3873879664985669,1.5217226605577565
2018-02-17 00:00:00+00:00,1.0617519146872856,1.1248740866806781,1.1891931064150645,1.254521267516536,1.3873879664985669,1.5217226605577565
2018-02-18 00:00:00+00:00,1.0617519146872856,1.1248740866806781,1.1891931064150645,1.254521267516536,1.3873879664985669,1.5217226605577565
2018-02-19 00:00:00+00:00,1.0617519146872856,1.1248740866806781,1.1891931064150645,1.254521267516536,1.3873879664985669,1.5217226605577565
2018-02-20 00:00:00+00:00,1.0617519146872856,1.1248740866806781,1.1891931064150645,1.254521267516536,1.3873879664985669,1.5217226605577565
2018-02-21 00:00:00+00:00,1.0617519146872856,1.1248740866806781,1.1891931064150645,1.254521267516536,1.3873879664985669,1.5217226605577565
2018-02-22 00:00:00+00:00,1.0617519146872856,1.1248740866806781,1.1891931064150645,1.254521267516536,1.3873879664985669,1.5217226605577565
2018-02-23 00:00:00+00:00,1.0617519146872856,1.1248740866806781,1.1891931064150645,1.254521267516536,1.3873879664985669,1.5217226605577565
2018-02-24 00:00:00+00:00,1.0617519146872856,1.1248740866806781,1.1891931064150645,1.254521267516536,1.3873879664985669,1.5217226605577565
2018-02-25 00:00:00+00:00,1.0617519146872856,1.1248740866806781,1.1891931064150645,1.254521267516536,1.3873879664985669,1.5217226605577565
2018-02-26 00:00:00+00:00,1.0589504312726417,1.1189380180872408,1.1797798770579642,1.24128080907931,1.3654238278477768,1.4896015540260419
2018-02-27 00:00:00+00:00,1.0589504312726417,1.1189380180872408,1.1797798770579642,1.24128080907931,1.3654238278477768,1.4896015540260419
2018-02-28 00:00:00+00:00,1.0589504312726417,1.1189380180872408,1.1797798770579642,1.24128080907931,1.3654238278477768,1.4896015540260419
2018-03-01 00:00:00+00:00,1.0589504312726417,1.1189380180872408,1.1797798770579642,1.24128080907931,1.3654238278477768,1.4896015540260419
2018-03-02 00:00:00+00:00,1.0589504312726417,1.1189380180872408,1.1797798770579642,1.24128080907931,1.3654238278477768,1.4896015540260419
2018-03-03 00:00:00+00:00,1.0589504312726417,1.1189380180872408,1.1797798770579642,1.24128080907931,1.3654238278477768,1.4896015540260419
2018-03-04 00:00:00+00:00,1.0589504312726417,1.1189380180872408,1.1797798770579642,1.24128080907931,1.3654238278477768,1.4896015540260419
2018-03-05 00:00:00+00:00,1.0589504312726417,1.1189380180872408,1.1797798770579642,1.24128080907931,1.3654238278477768,1.4896015540260419
2018-03-06 00:00:00+00:00,1.0589504312726417,1.1189380180872408,1.1797798770579642,1.24128080907931,1.3654238278477768,1.4896015540260419
2018-03-07 00:00:00+00:00,1.056164487281659,1.1130504929383518,1.1704683911882565,1.2282182946912823,1.3438704433115491,1.4582501602244637
2018-03-08 00:00:00+00:00,1.056164487281659,1.1130504929383518,1.1704683911882565,1.2282182946912823,1.3438704433115491,1.4582501602244637
2018-03-09 00:00:00+00:00,1.056164487281659,1.1130504929383518,1.1704683911882565,1.2282182946912823,1.3438704433115491,1.4582501602244637
2018-03-10 00:00:00+00:00,1.056164487281659,1.1130504929383518,1.1704683911882565,1.2282182946912823,1.3438704433115491,1.4582501602244637
2018-03-11 00:00:00+00:00,1.056164487281659,1.1130504929383518,1.1704683911882565,1.2282182946912823,1.3438704433115491,1.4582501602244637
2018-03-12 00:00:00+00:00,1.056164487281659,1.1130504929383518,1.1704683911882565,1.2282182946912823,1.3438704433115491,1.4582501602244637
2018-03-13 00:00:00+00:00,1.056164487281659,1.1130504929383518,1.1704683911882565,1.2282182946912823,1.3438704433115491,1.4582501602244637
2018-03-14 00:00:00+00:00,1.056164487281659,1.1130504929383518,1.1704683911882565,1.2282182946912823,1.3438704433115491,1.4582501602244637
2018-03-15 00:00:00+00:00,1.056164487281659,1.1130504929383518,1.1704683911882565,1.2282182946912823,1.3438704433115491,1.4582501602244637
2018-03-16 00:00:00+00:00,1.056164487281659,1.1130504929383518,1.1704683911882565,1.2282182946912823,1.3438704433115491,1.4582501602244637
2018-03-17 00:00:00+00:00,1.056164487281659,1.1130504929383518,1.1704683911882565,1.2282182946912823,1.3438704433115491,1.4582501602244637
2018-03-18 00:00:00+00:00,1.056164487281659,1.1130504929383518,1.1704683911882565,1.2282182946912823,1.3438704433115491,1.4582501602244637
2018-03-19 00:00:00+00:00,1.056164487281659,1.1130504929383518,1.1704683911882565,1.2282182946912823,1.3438704433115491,1.4582501602244637
2018-03-20 00:00:00+00:00,1.056164487281659,1.1130504929383518,1.1704683911882565,1.2282182946912823,1.3438704433115491,1.4582501602244637
2018-03-21 00:00:00+00:00,1.0533678613392106,1.1071559832832925,1.161170514843149,1.215209460604221,1.3225197749811206,1.427359667103192
2018-03-22 00:00:00+00:00,1.0533678613392106,1.1071559832832925,1.161170514843149,1.215209460604221,1.3225197749811206,1.427359667103192
2018-03-23 00:00:00+00:00,1.0533678613392106,1.1071559832832925,1.161170514843149,1.215209460604221,1.3225197749811206,1.427359667103192
2018-03-24 00:00:00+00:00,1.0533678613392106,1.1071559832832925,1.161170514843149,1.215209460604221,1.3225197749811206,1.427359667103192
2018-03-25 00:00:00+00:00,1.0533678613392106,1.1071559832832925,1.161170514843149,1.215209460604221,1.3225197749811206,1.427359667103192
2018-03-26 00:00:00+00:00,1.0533678613392106,1.1071559832832925,1.161170514843149,1.215209460604221,1.3225197749811206,1.427359667103192
2018-03-27 00:00:00+00:00,1.0533678613392106,1.1071559832832925,1.161170514843149,1.215209460604221,1.3225197749811206,1.427359667103192
2018-03-28 00:00:00+00:00,1.0533678613392106,1.1071559832832925,1.161170514843149,1.215209460604221,1.3225197749811206,1.427359667103192
2018-03-29 00:00:00+00:00,1.0533678613392106,1.1071559832832925,1.161170514843149,1.215209460604221,1.3225197749811206,1.427359667103192
2018-03-30 00:00:00+00:00,1.0533678613392106,1.1071559832832925,1.161170514843149,1.215209460604221,1.3225197749811206,1.427359667103192
2018-03-31 00:00:00+00:00,1.0533678613392106,1.1071559832832925,1.161170514843149,1.215209460604221,1.3225197749811206,1.427359667103192
2018-04-01 00:00:00+00:00,1.0533678613392106,1.1071559832832925,1.161170514843149,1.215209460604221,1.3225197749811206,1.427359667103192
2018-04-02 00:00:00+00:00,1.0533678613392106,1.1071559832832925,1.161170514843149,1.215209460604221,1.3225197749811206,1.427359667103192
2018-04-03 00:00:00+00:00,1.0533678613392106,1.1071559832832925,1.161170514843149,1.215209460604221,1.3225197749811206,1.427359667103192
2018-04-04 00:00:00+00:00,1.0505946504959152,1.1013263446722246,1.1519994433280645,1.2024122900175347,1.3016289182440226,1.3972970881970124
2018-04-05 00:00:00+00:00,1.0505946504959152,1.1013263446722246,1.1519994433280645,1.2024122900175347,1.3016289182440226,1.3972970881970124
2018-04-06 00:00:00+00:00,1.0505946504959152,1.1013263446722246,1.1519994433280645,1.2024122900175347,1.3016289182440226,1.3972970881970124
2018-04-07 00:00:00+00:00,1.0505946504959152,1.1013263446722246,1.1519994433280645,1.2024122900175347,1.3016289182440226,1.3972970881970124
2018-04-08 00:00:00+00:00,1.0505946504959152,1.1013263446722246,1.1519994433280645,1.2024122900175347,1.3016289182440226,1.3972970881970124
2018-04-09 00:00:00+00:00,1.0505946504959152,1.1013263446722246,1.1519994433280645,1.2024122900175347,1.3016289182440226,1.3972970881970124
2018-04-10 00:00:00+00:00,1.0505946504959152,1.1013263446722246,1.1519994433280645,1.2024122900175347,1.3016289182440226,1.3972970881970124
2018-04-11 00:00:00+00:00,1.0583254646143396,1.1175345925447335,1.1774304510626665,1.2378041546284835,1.3590972360963582,1.4795533155780891
2018-04-12 00:00:00+00:00,1.0583254646143396,1.1175345925447335,1.1774304510626665,1.2378041546284835,1.3590972360963582,1.4795533155780891
2018-04-13 00:00:00+00:00,1.0583254646143396,1.1175345925447335,1.1774304510626665,1.2378041546284835,1.3590972360963582,1.4795533155780891
2018-04-14 00:00:00+00:00,1.0583254646143396,1.1175345925447335,1.1774304510626665,1.2378041546284835,1.3590972360963582,1.4795533155780891
2018-04-15 00:00:00+00:00,1.0583254646143396,1.1175345925447335,1.1774304510626665,1.2378041546284835,1.3590972360963582,1.4795533155780891
2018-04-16 00:00:00+00:00,1.0583254646143396,1.1175345925447335,1.1774304510626665,1.2378041546284835,1.3590972360963582,1.4795533155780891
2018-04-17 00:00:00+00:00,1.0583254646143396,1.1175345925447335,1.1774304510626665,1.2378041546284835,1.3590972360963582,1.4795533155780891
2018-04-18 00:00:00+00:00,1.0583254646143396,1.1175345925447335,1.1774304510626665,1.2378041546284835,1.3590972360963582,1.4795533155780891
2018-04-19 00:00:00+00:00,1.0583254646143396,1.1175345925447335,1.1774304510626665,1.2378041546284835,1.3590972360963582,1.4795533155780891
2018-04-20 00:00:00+00:00,1.0583254646143396,1.1175345925447335,1.1774304510626665,1.2378041546284835,1.3590972360963582,1.4795533155780891
2018-04-21 00:00:00+00:00,1.0583254646143396,1.1175345925447335,1.1774304510626665,1.2378041546284835,1.3590972360963582,1.4795533155780891
2018-04-22 00:00:00+00:00,1.0583254646143396,1.1175345925447335,1.1774304510626665,1.2378041546284835,1.3590972360963582,1.4795533155780891
2018-04-23 00:00:00+00:00,1.0583254646143396,1.1175345925447335,1.1774304510626665,1.2378041546284835,1.3590972360963582,1.4795533155780891
2018-04-24 00:00:00+00:00,1.0583254646143396,1.1175345925447335,1.1774304510626665,1.2378041546284835,1.3590972360963582,1.4795533155780891
2018-04-25 00:00:00+00:00,1.0583254646143396,1.1175345925447335,1.1774304510626665,1.2378041546284835,1.3590972360963582,1.4795533155780891
2018-04-26 00:00:00+00:00,1.0583254646143396,1.1175345925447335,1.1774304510626665,1.2378041546284835,1.3590972360963582,1.4795533155780891
2018-04-27 00:00:00+00:00,1.0583254646143396,1.1175345925447335,1.1774304510626665,1.2378041546284835,1.3590972360963582,1.4795533155780891
2018-04-28 00:00:00+00:00,1.0583254646143396,1.1175345925447335,1.1774304510626665,1.2378041546284835,1.3590972360963582,1.4795533155780891
2018-04-29 00:00:00+00:00,1.0583254646143396,1.1175345925447335,1.1774304510626665,1.2378041546284835,1.3590972360963582,1.4795533155780891
2018-04-30 00:00:00+00:00,1.0583254646143396,1.1175345925447335,1.1774304510626665,1.2378041546284835,1.3590972360963582,1.4795533155780891
2018-05-01 00:00:00+00:00,1.0583254646143396,1.1175345925447335,1.1774304510626665,1.2378041546284835,1.3590972360963582,1.4795533155780891
2018-05-02 00:00:00+00:00,1.0583254646143396,1.1175345925447335,1.1774304510626665,1.2378041546284835,1.3590972360963582,1.4795533155780891
2018-05-03 00:00:00+00:00,1.0583254646143396,1.1175345925447335,1.1774304510626665,1.2378041546284835,1.3590972360963582,1.4795533155780891
2018-05-04 00:00:00+00:00,1.0583254646143396,1.1175345925447335,1.1774304510626665,1.2378041546284835,1.3590972360963582,1.4795533155780891
2018-05-05 00:00:00+00:00,1.0583254646143396,1.1175345925447335,1.1774304510626665,1.2378041546284835,1.3590972360963582,1.4795533155780891
2018-05-06 00:00:00+00:00,1.0583254646143396,1.1175345925447335,1.1774304510626665,1.2378041546284835,1.3590972360963582,1.4795533155780891
2018-05-07 00:00:00+00:00,1.0583254646143396,1.1175345925447335,1.1774304510626665,1.2378041546284835,1.3590972360963582,1.4795533155780891
2018-05-08 00:00:00+00:00,1.0583254646143396,1.1175345925447335,1.1774304510626665,1.2378041546284835,1.3590972360963582,1.4795533155780891
2018-05-09 00:00:00+00:00,1.0583254646143396,1.1175345925447335,1.1774304510626665,1.2378041546284835,1.3590972360963582,1.4795533155780891
2018-05-10 00:00:00+00:00,1.0583254646143396,1.1175345925447335,1.1774304510626665,1.2378041546284835,1.3590972360963582,1.4795533155780891
2018-05-11 00:00:00+00:00,1.055523213844013,1.1116165412882304,1.1680775945960633,1.2246942455814207,1.3375054021805735,1.4482126397127204
2018-05-12 00:00:00+00:00,1.055523213844013,1.1116165412882304,1.1680775945960633,1.2246942455814207,1.3375054021805735,1.4482126397127204
2018-05-13 00:00:00+00:00,1.055523213844013,1.1116165412882304,1.1680775945960633,1.2246942455814207,1.3375054021805735,1.4482126397127204
2018-05-14 00:00:00+00:00,1.055523213844013,1.1116165412882304,1.1680775945960633,1.2246942455814207,1.3375054021805735,1.4482126397127204
2018-05-15 00:00:00+00:00,1.055523213844013,1.1116165412882304,1.1680775945960633,1.2246942455814207,1.3375054021805735,1.4482126397127204
2018-05-16 00:00:00+00:00,1.055523213844013,1.1116165412882304,1.1680775945960633,1.2246942455814207,1.3375054021805735,1.4482126397127204
2018-05-17 00:00:00+00:00,1.055523213844013,1.1116165412882304,1.1680775945960633,1.2246942455814207,1.3375054021805735,1.4482126397127204
2018-05-18 00:00:00+00:00,1.055523213844013,1.1116165412882304,1.1680775945960633,1.2246942455814207,1.3375054021805735,1.4482126397127204
2018-05-19 00:00:00+00:00,1.055523213844013,1.1116165412882304,1.1680775945960633,1.2246942455814207,1.3375054021805735,1.4482126397127204
2018-05-20 00:00:00+00:00,1.055523213844013,1.1116165412882304,1.1680775945960633,1.2246942455814207,1.3375054021805735,1.4482126397127204
2018-05-21 00:00:00+00:00,1.055523213844013,1.1116165412882304,1.1680775945960633,1.2246942455814207,1.3375054021805735,1.4482126397127204
2018-05-22 00:00:00+00:00,1.055523213844013,1.1116165412882304,1.1680775945960633,1.2246942455814207,1.3375054021805735,1.4482126397127204
2018-05-23 00:00:00+00:00,1.055523213844013,1.1116165412882304,1.1680775945960633,1.2246942455814207,1.3375054021805735,1.4482126397127204
2018-05-24 00:00:00+00:00,1.055523213844013,1.1116165412882304,1.1680775945960633,1.2246942455814207,1.3375054021805735,1.4482126397127204
2018-05-25 00:00:00+00:00,1.055523213844013,1.1116165412882304,1.1680775945960633,1.2246942455814207,1.3375054021805735,1.4482126397127204
2018-05-26 00:00:00+00:00,1.055523213844013,1.1116165412882304,1.1680775945960633,1.2246942455814207,1.3375054021805735,1.4482126397127204
2018-05-27 00:00:00+00:00,1.055523213844013,1.1116165412882304,1.1680775945960633,1.2246942455814207,1.3375054021805735,1.4482126397127204
2018-05-28 00:00:00+00:00,1.055523213844013,1.1116165412882304,1.1680775945960633,1.2246942455814207,1.3375054021805735,1.4482126397127204
2018-05-29 00:00:00+00:00,1.055523213844013,1.1116165412882304,1.1680775945960633,1.2246942455814207,1.3375054021805735,1.4482126397127204
2018-05-30 00:00:00+00:00,1.055523213844013,1.1116165412882304,1.1680775945960633,1.2246942455814207,1.3375054021805735,1.4482126397127204
2018-05-31 00:00:00+00:00,1.055523213844013,1.1116165412882304,1.1680775945960633,1.2246942455814207,1.3375054021805735,1.4482126397127204
2018-06-01 00:00:00+00:00,1.055523213844013,1.1116165412882304,1.1680775945960633,1.2246942455814207,1.3375054021805735,1.4482126397127204
2018-06-02 00:00:00+00:00,1.055523213844013,1.1116165412882304,1.1680775945960633,1.2246942455814207,1.3375054021805735,1.4482126397127204
2018-06-03 00:00:00+00:00,1.055523213844013,1.1116165412882304,1.1680775945960633,1.2246942455814207,1.3375054021805735,1.4482126397127204
2018-06-04 00:00:00+00:00,1.055523213844013,1.1116165412882304,1.1680775945960633,1.2246942455814207,1.3375054021805735,1.4482126397127204
2018-06-05 00:00:00+00:00,1.055523213844013,1.1116165412882304,1.1680775945960633,1.2246942455814207,1.3375054021805735,1.4482126397127204
2018-06-06 00:00:00+00:00,1.055523213844013,1.1116165412882304,1.1680775945960633,1.2246942455814207,1.3375054021805735,1.4482126397127204
2018-06-07 00:00:00+00:00,1.055523213844013,1.1116165412882304,1.1680775945960633,1.2246942455814207,1.3375054021805735,1.4482126397127204
2018-06-08 00:00:00+00:00,1.055523213844013,1.1116165412882304,1.1680775945960633,1.2246942455814207,1.3375054021805735,1.4482126397127204
2018-06-09 00:00:00+00:00,1.055523213844013,1.1116165412882304,1.1680775945960633,1.2246942455814207,1.3375054021805735,1.4482126397127204
2018-06-10 00:00:00+00:00,1.055523213844013,1.1116165412882304,1.1680775945960633,1.2246942455814207,1.3375054021805735,1.4482126397127204
2018-06-11 00:00:00+00:00,1.055523213844013,1.1116165412882304,1.1680775945960633,1.2246942455814207,1.3375054021805735,1.4482126397127204
2018-06-12 00:00:00+00:00,1.055523213844013,1.1116165412882304,1.1680775945960633,1.2246942455814207,1.3375054021805735,1.4482126397127204
2018-06-13 00:00:00+00:00,1.055523213844013,1.1116165412882304,1.1680775945960633,1.2246942455814207,1.3375054021805735,1.4482126397127204
2018-06-14 00:00:00+00:00,1.055523213844013,1.1116165412882304,1.1680775945960633,1.2246942455814207,1.3375054021805735,1.4482126397127204
2018-06-15 00:00:00+00:00,1.055523213844013,1.1116165412882304,1.1680775945960633,1.2246942455814207,1.3375054021805735,1.4482126397127204
2018-06-16 00:00:00+00:00,1.055523213844013,1.1116165412882304,1.1680775945960633,1.2246942455814207,1.3375054021805735,1.4482126397127204
2018-06-17 00:00:00+00:00,1.055523213844013,1.1116165412882304,1.1680775945960633,1.2246942455814207,1.3375054021805735,1.4482126397127204
2018-06-18 00:00:00+00:00,1.055523213844013,1.1116165412882304,1.1680775945960633,1.2246942455814207,1.3375054021805735,1.4482126397127204
2018-06-19 00:00:00+00:00,1.055523213844013,1.1116165412882304,1.1680775945960633,1.2246942455814207,1.3375054021805735,1.4482126397127204
2018-06-20 00:00:00+00:00,1.055523213844013,1.1116165412882304,1.1680775945960633,1.2246942455814207,1.3375054021805735,1.4482126397127204
2018-06-21 00:00:00+00:00,1.055523213844013,1.1116165412882304,1.1680775945960633,1.2246942455814207,1.3375054021805735,1.4482126397127204
2018-06-22 00:00:00+00:00,1.055523213844013,1.1116165412882304,1.1680775945960633,1.2246942455814207,1.3375054021805735,1.4482126397127204
2018-06-23 00:00:00+00:00,1.055523213844013,1.1116165412882304,1.1680775945960633,1.2246942455814207,1.3375054021805735,1.4482126397127204
2018-06-24 00:00:00+00:00,1.055523213844013,1.1116165412882304,1.1680775945960633,1.2246942455814207,1.3375054021805735,1.4482126397127204
2018-06-25 00:00:00+00:00,1.055523213844013,1.1116165412882304,1.1680775945960633,1.2246942455814207,1.3375054021805735,1.4482126397127204
2018-06-26 00:00:00+00:00,1.055523213844013,1.1116165412882304,1.1680775945960633,1.2246942455814207,1.3375054021805735,1.4482126397127204
2018-06-27 00:00:00+00:00,1.055523213844013,1.1116165412882304,1.1680775945960633,1.2246942455814207,1.3375054021805735,1.4482126397127204
2018-06-28 00:00:00+00:00,1.055523213844013,1.1116165412882304,1.1680775945960633,1.2246942455814207,1.3375054021805735,1.4482126397127204
2018-06-29 00:00:00+00:00,1.055523213844013,1.1116165412882304,1.1680775945960633,1.2246942455814207,1.3375054021805735,1.4482126397127204
2018-06-30 00:00:00+00:00,1.055523213844013,1.1116165412882304,1.1680775945960633,1.2246942455814207,1.3375054021805735,1.4482126397127204
2018-07-01 00:00:00+00:00,1.055523213844013,1.1116165412882304,1.1680775945960633,1.2246942455814207,1.3375054021805735,1.4482126397127204
2018-07-02 00:00:00+00:00,1.055523213844013,1.1116165412882304,1.1680775945960633,1.2246942455814207,1.3375054021805735,1.4482126397127204
2018-07-03 00:00:00+00:00,1.055523213844013,1.1116165412882304,1.1680775945960633,1.2246942455814207,1.3375054021805735,1.4482126397127204
2018-07-04 00:00:00+00:00,1.055523213844013,1.1116165412882304,1.1680775945960633,1.2246942455814207,1.3375054021805735,1.4482126397127204
2018-07-05 00:00:00+00:00,1.055523213844013,1.1116165412882304,1.1680775945960633,1.2246942455814207,1.3375054021805735,1.4482126397127204
2018-07-06 00:00:00+00:00,1.055523213844013,1.1116165412882304,1.1680775945960633,1.2246942455814207,1.3375054021805735,1.4482126397127204
2018-07-07 00:00:00+00:00,1.055523213844013,1.1116165412882304,1.1680775945960633,1.2246942455814207,1.3375054021805735,1.4482126397127204
2018-07-08 00:00:00+00:00,1.055523213844013,1.1116165412882304,1.1680775945960633,1.2246942455814207,1.3375054021805735,1.4482126397127204
2018-07-09 00:00:00+00:00,1.055523213844013,1.1116165412882304,1.1680775945960633,1.2246942455814207,1.3375054021805735,1.4482126397127204
2018-07-10 00:00:00+00:00,1.055523213844013,1.1116165412882304,1.1680775945960633,1.2246942455814207,1.3375054021805735,1.4482126397127204
2018-07-11 00:00:00+00:00,1.055523213844013,1.1116165412882304,1.1680775945960633,1.2246942455814207,1.3375054021805735,1.4482126397127204
2018-07-12 00:00:00+00:00,1.055523213844013,1.1116165412882304,1.1680775945960633,1.2246942455814207,1.3375054021805735,1.4482126397127204
2018-07-13 00:00:00+00:00,1.055523213844013,1.1116165412882304,1.1680775945960633,1.2246942455814207,1.3375054021805735,1.4482126397127204
2018-07-14 00:00:00+00:00,1.055523213844013,1.1116165412882304,1.1680775945960633,1.2246942455814207,1.3375054021805735,1.4482126397127204
2018-07-15 00:00:00+00:00,1.055523213844013,1.1116165412882304,1.1680775945960633,1.2246942455814207,1.3375054021805735,1.4482126397127204
2018-07-16 00:00:00+00:00,1.055523213844013,1.1116165412882304,1.1680775945960633,1.2246942455814207,1.3375054021805735,1.4482126397127204
2018-07-17 00:00:00+00:00,1.055523213844013,1.1116165412882304,1.1680775945960633,1.2246942455814207,1.3375054021805735,1.4482126397127204
2018-07-18 00:00:00+00:00,1.055523213844013,1.1116165412882304,1.1680775945960633,1.2246942455814207,1.3375054021805735,1.4482126397127204
2018-07-19 00:00:00+00:00,1.055523213844013,1.1116165412882304,1.1680775945960633,1.2246942455814207,1.3375054021805735,1.4482126397127204
2018-07-20 00:00:00+00:00,1.055523213844013,1.1116165412882304,1.1680775945960633,1.2246942455814207,1.3375054021805735,1.4482126397127204
2018-07-21 00:00:00+00:00,1.055523213844013,1.1116165412882304,1.1680775945960633,1.2246942455814207,1.3375054021805735,1.4482126397127204
2018-07-22 00:00:00+00:00,1.055523213844013,1.1116165412882304,1.1680775945960633,1.2246942455814207,1.3375054021805735,1.4482126397127204
2018-07-23 00:00:00+00:00,1.055523213844013,1.1116165412882304,1.1680775945960633,1.2246942455814207,1.3375054021805735,1.4482126397127204
2018-07-24 00:00:00+00:00,1.055523213844013,1.1116165412882304,1.1680775945960633,1.2246942455814207,1.3375054021805735,1.4482126397127204
2018-07-25 00:00:00+00:00,1.055523213844013,1.1116165412882304,1.1680775945960633,1.2246942455814207,1.3375054021805735,1.4482126397127204
2018-07-26 00:00:00+00:00,1.055523213844013,1.1116165412882304,1.1680775945960633,1.2246942455814207,1.3375054021805735,1.4482126397127204
2018-07-27 00:00:00+00:00,1.055523213844013,1.1116165412882304,1.1680775945960633,1.2246942455814207,1.3375054021805735,1.4482126397127204
2018-07-28 00:00:00+00:00,1.055523213844013,1.1116165412882304,1.1680775945960633,1.2246942455814207,1.3375054021805735,1.4482126397127204
2018-07-29 00:00:00+00:00,1.055523213844013,1.1116165412882304,1.1680775945960633,1.2246942455814207,1.3375054021805735,1.4482126397127204
2018-07-30 00:00:00+00:00,1.055523213844013,1.1116165412882304,1.1680775945960633,1.2246942455814207,1.3375054021805735,1.4482126397127204
2018-07-31 00:00:00+00:00,1.055523213844013,1.1116165412882304,1.1680775945960633,1.2246942455814207,1.3375054021805735,1.4482126397127204
2018-08-01 00:00:00+00:00,1.055523213844013,1.1116165412882304,1.1680775945960633,1.2246942455814207,1.3375054021805735,1.4482126397127204
2018-08-02 00:00:00+00:00,1.055523213844013,1.1116165412882304,1.1680775945960633,1.2246942455814207,1.3375054021805735,1.4482126397127204
2018-08-03 00:00:00+00:00,1.055523213844013,1.1116165412882304,1.1680775945960633,1.2246942455814207,1.3375054021805735,1.4482126397127204
2018-08-04 00:00:00+00:00,1.055523213844013,1.1116165412882304,1.1680775945960633,1.2246942455814207,1.3375054021805735,1.4482126397127204
2018-08-05 00:00:00+00:00,1.055523213844013,1.1116165412882304,1.1680775945960633,1.2246942455814207,1.3375054021805735,1.4482126397127204
2018-08-06 00:00:00+00:00,1.055523213844013,1.1116165412882304,1.1680775945960633,1.2246942455814207,1.3375054021805735,1.4482126397127204
2018-08-07 00:00:00+00:00,1.055523213844013,1.1116165412882304,1.1680775945960633,1.2246942455814207,1.3375054021805735,1.4482126397127204
2018-08-08 00:00:00+00:00,1.055523213844013,1.1116165412882304,1.1680775945960633,1.2246942455814207,1.3375054021805735,1.4482126397127204
2018-08-09 00:00:00+00:00,1.055523213844013,1.1116165412882304,1.1680775945960633,1.2246942455814207,1.3375054021805735,1.4482126397127204
2018-08-10 00:00:00+00:00,1.055523213844013,1.1116165412882304,1.1680775945960633,1.2246942455814207,1.3375054021805735,1.4482126397127204
2018-08-11 00:00:00+00:00,1.055523213844013,1.1116165412882304,1.1680775945960633,1.2246942455814207,1.3375054021805735,1.4482126397127204
2018-08-12 00:00:00+00:00,1.055523213844013,1.1116165412882304,1.1680775945960633,1.2246942455814207,1.3375054021805735,1.4482126397127204
2018-08-13 00:00:00+00:00,1.055523213844013,1.1116165412882304,1.1680775945960633,1.2246942455814207,1.3375054021805735,1.4482126397127204
2018-08-14 00:00:00+00:00,1.055523213844013,1.1116165412882304,1.1680775945960633,1.2246942455814207,1.3375054021805735,1.4482126397127204
2018-08-15 00:00:00+00:00,1.055523213844013,1.1116165412882304,1.1680775945960633,1.2246942455814207,1.3375054021805735,1.4482126397127204
2018-08-16 00:00:00+00:00,1.055523213844013,1.1116165412882304,1.1680775945960633,1.2246942455814207,1.3375054021805735,1.4482126397127204
2018-08-17 00:00:00+00:00,1.055523213844013,1.1116165412882304,1.1680775945960633,1.2246942455814207,1.3375054021805735,1.4482126397127204
2018-08-18 00:00:00+00:00,1.055523213844013,1.1116165412882304,1.1680775945960633,1.2246942455814207,1.3375054021805735,1.4482126397127204
2018-08-19 00:00:00+00:00,1.055523213844013,1.1116165412882304,1.1680775945960633,1.2246942455814207,1.3375054021805735,1.4482126397127204
2018-08-20 00:00:00+00:00,1.055523213844013,1.1116165412882304,1.1680775945960633,1.2246942455814207,1.3375054021805735,1.4482126397127204
2018-08-21 00:00:00+00:00,1.055523213844013,1.1116165412882304,1.1680775945960633,1.2246942455814207,1.3375054021805735,1.4482126397127204
2018-08-22 00:00:00+00:00,1.055523213844013,1.1116165412882304,1.1680775945960633,1.2246942455814207,1.3375054021805735,1.4482126397127204
2018-08-23 00:00:00+00:00,1.055523213844013,1.1116165412882304,1.1680775945960633,1.2246942455814207,1.3375054021805735,1.4482126397127204
2018-08-24 00:00:00+00:00,1.055523213844013,1.1116165412882304,1.1680775945960633,1.2246942455814207,1.3375054021805735,1.4482126397127204
2018-08-25 00:00:00+00:00,1.055523213844013,1.1116165412882304,1.1680775945960633,1.2246942455814207,1.3375054021805735,1.4482126397127204
2018-08-26 00:00:00+00:00,1.055523213844013,1.1116165412882304,1.1680775945960633,1.2246942455814207,1.3375054021805735,1.4482126397127204
2018-08-27 00:00:00+00:00,1.055523213844013,1.1116165412882304,1.1680775945960633,1.2246942455814207,1.3375054021805735,1.4482126397127204
2018-08-28 00:00:00+00:00,1.055523213844013,1.1116165412882304,1.1680775945960633,1.2246942455814207,1.3375054021805735,1.4482126397127204
2018-08-29 00:00:00+00:00,1.055523213844013,1.1116165412882304,1.1680775945960633,1.2246942455814207,1.3375054021805735,1.4482126397127204
2018-08-30 00:00:00+00:00,1.055523213844013,1.1116165412882304,1.1680775945960633,1.2246942455814207,1.3375054021805735,1.4482126397127204
2018-08-31 00:00:00+00:00,1.055523213844013,1.1116165412882304,1.1680775945960633,1.2246942455814207,1.3375054021805735,1.4482126397127204
2018-09-01 00:00:00+00:00,1.055523213844013,1.1116165412882304,1.1680775945960633,1.2246942455814207,1.3375054021805735,1.4482126397127204
2018-09-02 00:00:00+00:00,1.055523213844013,1.1116165412882304,1.1680775945960633,1.2246942455814207,1.3375054021805735,1.4482126397127204
2018-09-03 00:00:00+00:00,1.055523213844013,1.1116165412882304,1.1680775945960633,1.2246942455814207,1.3375054021805735,1.4482126397127204
2018-09-04 00:00:00+00:00,1.055523213844013,1.1116165412882304,1.1680775945960633,1.2246942455814207,1.3375054021805735,1.4482126397127204
2018-09-05 00:00:00+00:00,1.055523213844013,1.1116165412882304,1.1680775945960633,1.2246942455814207,1.3375054021805735,1.4482126397127204
2018-09-06 00:00:00+00:00,1.055523213844013,1.1116165412882304,1.1680775945960633,1.2246942455814207,1.3375054021805735,1.4482126397127204
2018-09-07 00:00:00+00:00,1.055523213844013,1.1116165412882304,1.1680775945960633,1.2246942455814207,1.3375054021805735,1.4482126397127204
2018-09-08 00:00:00+00:00,1.055523213844013,1.1116165412882304,1.1680775945960633,1.2246942455814207,1.3375054021805735,1.4482126397127204
2018-09-09 00:00:00+00:00,1.055523213844013,1.1116165412882304,1.1680775945960633,1.2246942455814207,1.3375054021805735,1.4482126397127204
2018-09-10 00:00:00+00:00,1.055523213844013,1.1116165412882304,1.1680775945960633,1.2246942455814207,1.3375054021805735,1.4482126397127204
2018-09-11 00:00:00+00:00,1.055523213844013,1.1116165412882304,1.1680775945960633,1.2246942455814207,1.3375054021805735,1.4482126397127204
2018-09-12 00:00:00+00:00,1.055523213844013,1.1116165412882304,1.1680775945960633,1.2246942455814207,1.3375054021805735,1.4482126397127204
2018-09-13 00:00:00+00:00,1.0553868166128495,1.1113292497983633,1.1676247692647088,1.2240612139173954,1.336468388321678,1.4467155077379648
2018-09-14 00:00:00+00:00,1.0553868166128495,1.1113292497983633,1.1676247692647088,1.2240612139173954,1.336468388321678,1.4467155077379648
2018-09-15 00:00:00+00:00,1.0553868166128495,1.1113292497983633,1.1676247692647088,1.2240612139173954,1.336468388321678,1.4467155077379648
2018-09-16 00:00:00+00:00,1.0553868166128495,1.1113292497983633,1.1676247692647088,1.2240612139173954,1.336468388321678,1.4467155077379648
2018-09-17 00:00:00+00:00,1.0553868166128495,1.1113292497983633,1.1676247692647088,1.2240612139173954,1.336468388321678,1.4467155077379648
2018-09-18 00:00:00+00:00,1.0553868166128495,1.1113292497983633,1.1676247692647088,1.2240612139173954,1.336468388321678,1.4467155077379648
2018-09-19 00:00:00+00:00,1.0553868166128495,1.1113292497983633,1.1676247692647088,1.2240612139173954,1.336468388321678,1.4467155077379648
2018-09-20 00:00:00+00:00,1.0553868166128495,1.1113292497983633,1.1676247692647088,1.2240612139173954,1.336468388321678,1.4467155077379648
2018-09-21 00:00:00+00:00,1.052573227889798,1.1054037949876518,1.1582863470904512,1.211008161620017,1.3150907910640302,1.4158607547775361
2018-09-22 00:00:00+00:00,1.052573227889798,1.1054037949876518,1.1582863470904512,1.211008161620017,1.3150907910640302,1.4158607547775361
2018-09-23 00:00:00+00:00,1.052573227889798,1.1054037949876518,1.1582863470904512,1.211008161620017,1.3150907910640302,1.4158607547775361
2018-09-24 00:00:00+00:00,1.052573227889798,1.1054037949876518,1.1582863470904512,1.211008161620017,1.3150907910640302,1.4158607547775361
2018-09-25 00:00:00+00:00,1.052573227889798,1.1054037949876518,1.1582863470904512,1.211008161620017,1.3150907910640302,1.4158607547775361
2018-09-26 00:00:00+00:00,1.052573227889798,1.1054037949876518,1.1582863470904512,1.211008161620017,1.3150907910640302,1.4158607547775361
2018-09-27 00:00:00+00:00,1.052573227889798,1.1054037949876518,1.1582863470904512,1.211008161620017,1.3150907910640302,1.4158607547775361
2018-09-28 00:00:00+00:00,1.052573227889798,1.1054037949876518,1.1582863470904512,1.211008161620017,1.3150907910640302,1.4158607547775361
2018-09-29 00:00:00+00:00,1.052573227889798,1.1054037949876518,1.1582863470904512,1.211008161620017,1.3150907910640302,1.4158607547775361
2018-09-30 00:00:00+00:00,1.052573227889798,1.1054037949876518,1.1582863470904512,1.211008161620017,1.3150907910640302,1.4158607547775361
2018-10-01 00:00:00+00:00,1.052573227889798,1.1054037949876518,1.1582863470904512,1.211008161620017,1.3150907910640302,1.4158607547775361
2018-10-02 00:00:00+00:00,1.052573227889798,1.1054037949876518,1.1582863470904512,1.211008161620017,1.3150907910640302,1.4158607547775361
2018-10-03 00:00:00+00:00,1.0498100087177022,1.0995999746390366,1.1491641341472045,1.1982915890107688,1.2943765035030597,1.3861253712131054
2018-10-04 00:00:00+00:00,1.0498100087177022,1.0995999746390366,1.1491641341472045,1.1982915890107688,1.2943765035030597,1.3861253712131054
2018-10-05 00:00:00+00:00,1.0498100087177022,1.0995999746390366,1.1491641341472045,1.1982915890107688,1.2943765035030597,1.3861253712131054
2018-10-06 00:00:00+00:00,1.0498100087177022,1.0995999746390366,1.1491641341472045,1.1982915890107688,1.2943765035030597,1.3861253712131054
2018-10-07 00:00:00+00:00,1.0498100087177022,1.0995999746390366,1.1491641341472045,1.1982915890107688,1.2943765035030597,1.3861253712131054
2018-10-08 00:00:00+00:00,1.0498100087177022,1.0995999746390366,1.1491641341472045,1.1982915890107688,1.2943765035030597,1.3861253712131054
2018-10-09 00:00:00+00:00,1.0498100087177022,1.0995999746390366,1.1491641341472045,1.1982915890107688,1.2943765035030597,1.3861253712131054
2018-10-10 00:00:00+00:00,1.0498100087177022,1.0995999746390366,1.1491641341472045,1.1982915890107688,1.2943765035030597,1.3861253712131054
2018-10-11 00:00:00+00:00,1.0498100087177022,1.0995999746390366,1.1491641341472045,1.1982915890107688,1.2943765035030597,1.3861253712131054
2018-10-12 00:00:00+00:00,1.0496926312282513,1.0993540857956234,1.148778675826423,1.1977556731510213,1.2935081711584033,1.384885528462236
2018-10-13 00:00:00+00:00,1.0496926312282513,1.0993540857956234,1.148778675826423,1.1977556731510213,1.2935081711584033,1.384885528462236
2018-10-14 00:00:00+00:00,1.0496926312282513,1.0993540857956234,1.148778675826423,1.1977556731510213,1.2935081711584033,1.384885528462236
2018-10-15 00:00:00+00:00,1.0496926312282513,1.0993540857956234,1.148778675826423,1.1977556731510213,1.2935081711584033,1.384885528462236
2018-10-16 00:00:00+00:00,1.0496926312282513,1.0993540857956234,1.148778675826423,1.1977556731510213,1.2935081711584033,1.384885528462236
2018-10-17 00:00:00+00:00,1.0496926312282513,1.0993540857956234,1.148778675826423,1.1977556731510213,1.2935081711584033,1.384885528462236
2018-10-18 00:00:00+00:00,1.0496926312282513,1.0993540857956234,1.148778675826423,1.1977556731510213,1.2935081711584033,1.384885528462236
2018-10-19 00:00:00+00:00,1.0496926312282513,1.0993540857956234,1.148778675826423,1.1977556731510213,1.2935081711584033,1.384885528462236
2018-10-20 00:00:00+00:00,1.0496926312282513,1.0993540857956234,1.148778675826423,1.1977556731510213,1.2935081711584033,1.384885528462236
2018-10-21 00:00:00+00:00,1.0496926312282513,1.0993540857956234,1.148778675826423,1.1977556731510213,1.2935081711584033,1.384885528462236
2018-10-22 00:00:00+00:00,1.0496926312282513,1.0993540857956234,1.148778675826423,1.1977556731510213,1.2935081711584033,1.384885528462236
2018-10-23 00:00:00+00:00,1.0495285849365126,1.0990104709969342,1.1482400813573619,1.197006930630615,1.2922952719963088,1.3831540857242905
2018-10-24 00:00:00+00:00,1.0495285849365126,1.0990104709969342,1.1482400813573619,1.197006930630615,1.2922952719963088,1.3831540857242905
2018-10-25 00:00:00+00:00,1.0495285849365126,1.0990104709969342,1.1482400813573619,1.197006930630615,1.2922952719963088,1.3831540857242905
2018-10-26 00:00:00+00:00,1.0467731155454352,1.0932397092344257,1.13919619124365,1.184436273649568,1.2719382462764122,1.3541030332722985
2018-10-27 00:00:00+00:00,1.0467731155454352,1.0932397092344257,1.13919619124365,1.184436273649568,1.2719382462764122,1.3541030332722985
2018-10-28 00:00:00+00:00,1.0467731155454352,1.0932397092344257,1.13919619124365,1.184436273649568,1.2719382462764122,1.3541030332722985
2018-10-29 00:00:00+00:00,1.0467731155454352,1.0932397092344257,1.13919619124365,1.184436273649568,1.2719382462764122,1.3541030332722985
2018-10-30 00:00:00+00:00,1.0467731155454352,1.0932397092344257,1.13919619124365,1.184436273649568,1.2719382462764122,1.3541030332722985
2018-10-31 00:00:00+00:00,1.0467731155454352,1.0932397092344257,1.13919619124365,1.184436273649568,1.2719382462764122,1.3541030332722985
2018-11-01 00:00:00+00:00,1.0467731155454352,1.0932397092344257,1.13919619124365,1.184436273649568,1.2719382462764122,1.3541030332722985
2018-11-02 00:00:00+00:00,1.0467731155454352,1.0932397092344257,1.13919619124365,1.184436273649568,1.2719382462764122,1.3541030332722985
2018-11-03 00:00:00+00:00,1.0467731155454352,1.0932397092344257,1.13919619124365,1.184436273649568,1.2719382462764122,1.3541030332722985
2018-11-04 00:00:00+00:00,1.0467731155454352,1.0932397092344257,1.13919619124365,1.184436273649568,1.2719382462764122,1.3541030332722985
2018-11-05 00:00:00+00:00,1.0467731155454352,1.0932397092344257,1.13919619124365,1.184436273649568,1.2719382462764122,1.3541030332722985
2018-11-06 00:00:00+00:00,1.0467731155454352,1.0932397092344257,1.13919619124365,1.184436273649568,1.2719382462764122,1.3541030332722985
2018-11-07 00:00:00+00:00,1.0467731155454352,1.0932397092344257,1.13919619124365,1.184436273649568,1.2719382462764122,1.3541030332722985
2018-11-08 00:00:00+00:00,1.0467731155454352,1.0932397092344257,1.13919619124365,1.184436273649568,1.2719382462764122,1.3541030332722985
2018-11-09 00:00:00+00:00,1.0467731155454352,1.0932397092344257,1.13919619124365,1.184436273649568,1.2719382462764122,1.3541030332722985
2018-11-10 00:00:00+00:00,1.0467731155454352,1.0932397092344257,1.13919619124365,1.184436273649568,1.2719382462764122,1.3541030332722985
2018-11-11 00:00:00+00:00,1.0467731155454352,1.0932397092344257,1.13919619124365,1.184436273649568,1.2719382462764122,1.3541030332722985
2018-11-12 00:00:00+00:00,1.0467731155454352,1.0932397092344257,1.13919619124365,1.184436273649568,1.2719382462764122,1.3541030332722985
2018-11-13 00:00:00+00:00,1.0467731155454352,1.0932397092344257,1.13919619124365,1.184436273649568,1.2719382462764122,1.3541030332722985
2018-11-14 00:00:00+00:00,1.0467731155454352,1.0932397092344257,1.13919619124365,1.184436273649568,1.2719382462764122,1.3541030332722985
2018-11-15 00:00:00+00:00,1.0467731155454352,1.0932397092344257,1.13919619124365,1.184436273649568,1.2719382462764122,1.3541030332722985
2018-11-16 00:00:00+00:00,1.0467731155454352,1.0932397092344257,1.13919619124365,1.184436273649568,1.2719382462764122,1.3541030332722985
2018-11-17 00:00:00+00:00,1.0467731155454352,1.0932397092344257,1.13919619124365,1.184436273649568,1.2719382462764122,1.3541030332722985
2018-11-18 00:00:00+00:00,1.0467731155454352,1.0932397092344257,1.13919619124365,1.184436273649568,1.2719382462764122,1.3541030332722985
2018-11-19 00:00:00+00:00,1.0467731155454352,1.0932397092344257,1.13919619124365,1.184436273649568,1.2719382462764122,1.3541030332722985
2018-11-20 00:00:00+00:00,1.0466384542462972,1.0929584313197975,1.1387565382659197,1.1838267901808504,1.270956481341166,1.3527094531665882
2018-11-21 00:00:00+00:00,1.0466384542462972,1.0929584313197975,1.1387565382659197,1.1838267901808504,1.270956481341166,1.3527094531665882
2018-11-22 00:00:00+00:00,1.0466384542462972,1.0929584313197975,1.1387565382659197,1.1838267901808504,1.270956481341166,1.3527094531665882
2018-11-23 00:00:00+00:00,1.0466384542462972,1.0929584313197975,1.1387565382659197,1.1838267901808504,1.270956481341166,1.3527094531665882
2018-11-24 00:00:00+00:00,1.0466384542462972,1.0929584313197975,1.1387565382659197,1.1838267901808504,1.270956481341166,1.3527094531665882
2018-11-25 00:00:00+00:00,1.0466384542462972,1.0929584313197975,1.1387565382659197,1.1838267901808504,1.270956481341166,1.3527094531665882
2018-11-26 00:00:00+00:00,1.0466384542462972,1.0929584313197975,1.1387565382659197,1.1838267901808504,1.270956481341166,1.3527094531665882
2018-11-27 00:00:00+00:00,1.0466384542462972,1.0929584313197975,1.1387565382659197,1.1838267901808504,1.270956481341166,1.3527094531665882
2018-11-28 00:00:00+00:00,1.0466384542462972,1.0929584313197975,1.1387565382659197,1.1838267901808504,1.270956481341166,1.3527094531665882
2018-11-29 00:00:00+00:00,1.0466384542462972,1.0929584313197975,1.1387565382659197,1.1838267901808504,1.270956481341166,1.3527094531665882
2018-11-30 00:00:00+00:00,1.0466384542462972,1.0929584313197975,1.1387565382659197,1.1838267901808504,1.270956481341166,1.3527094531665882
2018-12-01 00:00:00+00:00,1.0466384542462972,1.0929584313197975,1.1387565382659197,1.1838267901808504,1.270956481341166,1.3527094531665882
2018-12-02 00:00:00+00:00,1.0466384542462972,1.0929584313197975,1.1387565382659197,1.1838267901808504,1.270956481341166,1.3527094531665882
2018-12-03 00:00:00+00:00,1.0466384542462972,1.0929584313197975,1.1387565382659197,1.1838267901808504,1.270956481341166,1.3527094531665882
2018-12-04 00:00:00+00:00,1.0466384542462972,1.0929584313197975,1.1387565382659197,1.1838267901808504,1.270956481341166,1.3527094531665882
2018-12-05 00:00:00+00:00,1.0466384542462972,1.0929584313197975,1.1387565382659197,1.1838267901808504,1.270956481341166,1.3527094531665882
2018-12-06 00:00:00+00:00,1.0543200743127707,1.1090015862101716,1.163829652213765,1.2185807497350332,1.326924259542371,1.4321332506576563
2018-12-07 00:00:00+00:00,1.0543200743127707,1.1090015862101716,1.163829652213765,1.2185807497350332,1.326924259542371,1.4321332506576563
2018-12-08 00:00:00+00:00,1.0543200743127707,1.1090015862101716,1.163829652213765,1.2185807497350332,1.326924259542371,1.4321332506576563
2018-12-09 00:00:00+00:00,1.0543200743127707,1.1090015862101716,1.163829652213765,1.2185807497350332,1.326924259542371,1.4321332506576563
2018-12-10 00:00:00+00:00,1.054160821729382,1.1086665620142204,1.163302270966111,1.2178444946368292,1.3257216866912518,1.4304026876115334
2018-12-11 00:00:00+00:00,1.054160821729382,1.1086665620142204,1.163302270966111,1.2178444946368292,1.3257216866912518,1.4304026876115334
2018-12-12 00:00:00+00:00,1.054160821729382,1.1086665620142204,1.163302270966111,1.2178444946368292,1.3257216866912518,1.4304026876115334
2018-12-13 00:00:00+00:00,1.054160821729382,1.1086665620142204,1.163302270966111,1.2178444946368292,1.3257216866912518,1.4304026876115334
2018-12-14 00:00:00+00:00,1.054160821729382,1.1086665620142204,1.163302270966111,1.2178444946368292,1.3257216866912518,1.4304026876115334
2018-12-15 00:00:00+00:00,1.054160821729382,1.1086665620142204,1.163302270966111,1.2178444946368292,1.3257216866912518,1.4304026876115334
2018-12-16 00:00:00+00:00,1.054160821729382,1.1086665620142204,1.163302270966111,1.2178444946368292,1.3257216866912518,1.4304026876115334
2018-12-17 00:00:00+00:00,1.054160821729382,1.1086665620142204,1.163302270966111,1.2178444946368292,1.3257216866912518,1.4304026876115334
2018-12-18 00:00:00+00:00,1.0513218038029384,1.1026949414054343,1.1539034128419947,1.2047251212713022,1.3042994469926619,1.3995843245044681
2018-12-19 00:00:00+00:00,1.0513218038029384,1.1026949414054343,1.1539034128419947,1.2047251212713022,1.3042994469926619,1.3995843245044681
2018-12-20 00:00:00+00:00,1.0513218038029384,1.1026949414054343,1.1539034128419947,1.2047251212713022,1.3042994469926619,1.3995843245044681
2018-12-21 00:00:00+00:00,1.0513218038029384,1.1026949414054343,1.1539034128419947,1.2047251212713022,1.3042994469926619,1.3995843245044681
2018-12-22 00:00:00+00:00,1.0513218038029384,1.1026949414054343,1.1539034128419947,1.2047251212713022,1.3042994469926619,1.3995843245044681
2018-12-23 00:00:00+00:00,1.0513218038029384,1.1026949414054343,1.1539034128419947,1.2047251212713022,1.3042994469926619,1.3995843245044681
2018-12-24 00:00:00+00:00,1.0513218038029384,1.1026949414054343,1.1539034128419947,1.2047251212713022,1.3042994469926619,1.3995843245044681
2018-12-25 00:00:00+00:00,1.0513218038029384,1.1026949414054343,1.1539034128419947,1.2047251212713022,1.3042994469926619,1.3995843245044681
2018-12-26 00:00:00+00:00,1.0511843988383882,1.102406702811342,1.1534509765176584,1.2040953037901765,1.303276636173205,1.3981209489039792
2018-12-27 00:00:00+00:00,1.0511843988383882,1.102406702811342,1.1534509765176584,1.2040953037901765,1.303276636173205,1.3981209489039792
2018-12-28 00:00:00+00:00,1.0511843988383882,1.102406702811342,1.1534509765176584,1.2040953037901765,1.303276636173205,1.3981209489039792
2018-12-29 00:00:00+00:00,1.0511843988383882,1.102406702811342,1.1534509765176584,1.2040953037901765,1.303276636173205,1.3981209489039792
2018-12-30 00:00:00+00:00,1.0511843988383882,1.102406702811342,1.1534509765176584,1.2040953037901765,1.303276636173205,1.3981209489039792
2018-12-31 00:00:00+00:00,1.0511843988383882,1.102406702811342,1.1534509765176584,1.2040953037901765,1.303276636173205,1.3981209489039792
2019-01-01 00:00:00+00:00,1.0511843988383882,1.102406702811342,1.1534509765176584,1.2040953037901765,1.303276636173205,1.3981209489039792
2019-01-02 00:00:00+00:00,1.0511843988383882,1.102406702811342,1.1534509765176584,1.2040953037901765,1.303276636173205,1.3981209489039792
2019-01-03 00:00:00+00:00,1.0511843988383882,1.102406702811342,1.1534509765176584,1.2040953037901765,1.303276636173205,1.3981209489039792
2019-01-04 00:00:00+00:00,1.0511843988383882,1.102406702811342,1.1534509765176584,1.2040953037901765,1.303276636173205,1.3981209489039792
2019-01-05 00:00:00+00:00,1.0511843988383882,1.102406702811342,1.1534509765176584,1.2040953037901765,1.303276636173205,1.3981209489039792
2019-01-06 00:00:00+00:00,1.0511843988383882,1.102406702811342,1.1534509765176584,1.2040953037901765,1.303276636173205,1.3981209489039792
2019-01-07 00:00:00+00:00,1.0511843988383882,1.102406702811342,1.1534509765176584,1.2040953037901765,1.303276636173205,1.3981209489039792
2019-01-08 00:00:00+00:00,1.0511843988383882,1.102406702811342,1.1534509765176584,1.2040953037901765,1.303276636173205,1.3981209489039792
2019-01-09 00:00:00+00:00,1.0511843988383882,1.102406702811342,1.1534509765176584,1.2040953037901765,1.303276636173205,1.3981209489039792
2019-01-10 00:00:00+00:00,1.0484094207275254,1.096586307316602,1.1443161342901853,1.1913807387144282,1.2826338404366466,1.3685942167048737
2019-01-11 00:00:00+00:00,1.0484094207275254,1.096586307316602,1.1443161342901853,1.1913807387144282,1.2826338404366466,1.3685942167048737
2019-01-12 00:00:00+00:00,1.0484094207275254,1.096586307316602,1.1443161342901853,1.1913807387144282,1.2826338404366466,1.3685942167048737
2019-01-13 00:00:00+00:00,1.0484094207275254,1.096586307316602,1.1443161342901853,1.1913807387144282,1.2826338404366466,1.3685942167048737
2019-01-14 00:00:00+00:00,1.0484094207275254,1.096586307316602,1.1443161342901853,1.1913807387144282,1.2826338404366466,1.3685942167048737
2019-01-15 00:00:00+00:00,1.0484094207275254,1.096586307316602,1.1443161342901853,1.1913807387144282,1.2826338404366466,1.3685942167048737
2019-01-16 00:00:00+00:00,1.0484094207275254,1.096586307316602,1.1443161342901853,1.1913807387144282,1.2826338404366466,1.3685942167048737
2019-01-17 00:00:00+00:00,1.0484094207275254,1.096586307316602,1.1443161342901853,1.1913807387144282,1.2826338404366466,1.3685942167048737
2019-01-18 00:00:00+00:00,1.0484094207275254,1.096586307316602,1.1443161342901853,1.1913807387144282,1.2826338404366466,1.3685942167048737
2019-01-19 00:00:00+00:00,1.0484094207275254,1.096586307316602,1.1443161342901853,1.1913807387144282,1.2826338404366466,1.3685942167048737
2019-01-20 00:00:00+00:00,1.0484094207275254,1.096586307316602,1.1443161342901853,1.1913807387144282,1.2826338404366466,1.3685942167048737
2019-01-21 00:00:00+00:00,1.0484094207275254,1.096586307316602,1.1443161342901853,1.1913807387144282,1.2826338404366466,1.3685942167048737
2019-01-22 00:00:00+00:00,1.0484094207275254,1.096586307316602,1.1443161342901853,1.1913807387144282,1.2826338404366466,1.3685942167048737
2019-01-23 00:00:00+00:00,1.0484094207275254,1.096586307316602,1.1443161342901853,1.1913807387144282,1.2826338404366466,1.3685942167048737
2019-01-24 00:00:00+00:00,1.0484094207275254,1.096586307316602,1.1443161342901853,1.1913807387144282,1.2826338404366466,1.3685942167048737
2019-01-25 00:00:00+00:00,1.0484094207275254,1.096586307316602,1.1443161342901853,1.1913807387144282,1.2826338404366466,1.3685942167048737
2019-01-26 00:00:00+00:00,1.0484094207275254,1.096586307316602,1.1443161342901853,1.1913807387144282,1.2826338404366466,1.3685942167048737
2019-01-27 00:00:00+00:00,1.0484094207275254,1.096586307316602,1.1443161342901853,1.1913807387144282,1.2826338404366466,1.3685942167048737
2019-01-28 00:00:00+00:00,1.0484094207275254,1.096586307316602,1.1443161342901853,1.1913807387144282,1.2826338404366466,1.3685942167048737
2019-01-29 00:00:00+00:00,1.056110122507567,1.112695441709657,1.1695315809984301,1.226384116570225,1.3391605016984551,1.4490142183749892
2019-01-30 00:00:00+00:00,1.056110122507567,1.112695441709657,1.1695315809984301,1.226384116570225,1.3391605016984551,1.4490142183749892
2019-01-31 00:00:00+00:00,1.056110122507567,1.112695441709657,1.1695315809984301,1.226384116570225,1.3391605016984551,1.4490142183749892
2019-02-01 00:00:00+00:00,1.056110122507567,1.112695441709657,1.1695315809984301,1.226384116570225,1.3391605016984551,1.4490142183749892
2019-02-02 00:00:00+00:00,1.056110122507567,1.112695441709657,1.1695315809984301,1.226384116570225,1.3391605016984551,1.4490142183749892
2019-02-03 00:00:00+00:00,1.056110122507567,1.112695441709657,1.1695315809984301,1.226384116570225,1.3391605016984551,1.4490142183749892
2019-02-04 00:00:00+00:00,1.056110122507567,1.112695441709657,1.1695315809984301,1.226384116570225,1.3391605016984551,1.4490142183749892
2019-02-05 00:00:00+00:00,1.056110122507567,1.112695441709657,1.1695315809984301,1.226384116570225,1.3391605016984551,1.4490142183749892
2019-02-06 00:00:00+00:00,1.056110122507567,1.112695441709657,1.1695315809984301,1.226384116570225,1.3391605016984551,1.4490142183749892
2019-02-07 00:00:00+00:00,1.056110122507567,1.112695441709657,1.1695315809984301,1.226384116570225,1.3391605016984551,1.4490142183749892
2019-02-08 00:00:00+00:00,1.056110122507567,1.112695441709657,1.1695315809984301,1.226384116570225,1.3391605016984551,1.4490142183749892
2019-02-09 00:00:00+00:00,1.056110122507567,1.112695441709657,1.1695315809984301,1.226384116570225,1.3391605016984551,1.4490142183749892
2019-02-10 00:00:00+00:00,1.056110122507567,1.112695441709657,1.1695315809984301,1.226384116570225,1.3391605016984551,1.4490142183749892
2019-02-11 00:00:00+00:00,1.056110122507567,1.112695441709657,1.1695315809984301,1.226384116570225,1.3391605016984551,1.4490142183749892
2019-02-12 00:00:00+00:00,1.056110122507567,1.112695441709657,1.1695315809984301,1.226384116570225,1.3391605016984551,1.4490142183749892
2019-02-13 00:00:00+00:00,1.056110122507567,1.112695441709657,1.1695315809984301,1.226384116570225,1.3391605016984551,1.4490142183749892
2019-02-14 00:00:00+00:00,1.056110122507567,1.112695441709657,1.1695315809984301,1.226384116570225,1.3391605016984551,1.4490142183749892
2019-02-15 00:00:00+00:00,1.0532974969690634,1.1067687953321022,1.1601875145340566,1.213319724087779,1.3177618410079048,1.4181421772164045
2019-02-16 00:00:00+00:00,1.0532974969690634,1.1067687953321022,1.1601875145340566,1.213319724087779,1.3177618410079048,1.4181421772164045
2019-02-17 00:00:00+00:00,1.0532974969690634,1.1067687953321022,1.1601875145340566,1.213319724087779,1.3177618410079048,1.4181421772164045
2019-02-18 00:00:00+00:00,1.0532974969690634,1.1067687953321022,1.1601875145340566,1.213319724087779,1.3177618410079048,1.4181421772164045
2019-02-19 00:00:00+00:00,1.0532974969690634,1.1067687953321022,1.1601875145340566,1.213319724087779,1.3177618410079048,1.4181421772164045
2019-02-20 00:00:00+00:00,1.0532974969690634,1.1067687953321022,1.1601875145340566,1.213319724087779,1.3177618410079048,1.4181421772164045
2019-02-21 00:00:00+00:00,1.0532974969690634,1.1067687953321022,1.1601875145340566,1.213319724087779,1.3177618410079048,1.4181421772164045
2019-02-22 00:00:00+00:00,1.0532974969690634,1.1067687953321022,1.1601875145340566,1.213319724087779,1.3177618410079048,1.4181421772164045
2019-02-23 00:00:00+00:00,1.0532974969690634,1.1067687953321022,1.1601875145340566,1.213319724087779,1.3177618410079048,1.4181421772164045
2019-02-24 00:00:00+00:00,1.0532974969690634,1.1067687953321022,1.1601875145340566,1.213319724087779,1.3177618410079048,1.4181421772164045
2019-02-25 00:00:00+00:00,1.0532974969690634,1.1067687953321022,1.1601875145340566,1.213319724087779,1.3177618410079048,1.4181421772164045
2019-02-26 00:00:00+00:00,1.0532974969690634,1.1067687953321022,1.1601875145340566,1.213319724087779,1.3177618410079048,1.4181421772164045
2019-02-27 00:00:00+00:00,1.0532974969690634,1.1067687953321022,1.1601875145340566,1.213319724087779,1.3177618410079048,1.4181421772164045
2019-02-28 00:00:00+00:00,1.0532974969690634,1.1067687953321022,1.1601875145340566,1.213319724087779,1.3177618410079048,1.4181421772164045
2019-03-01 00:00:00+00:00,1.0532974969690634,1.1067687953321022,1.1601875145340566,1.213319724087779,1.3177618410079048,1.4181421772164045
2019-03-02 00:00:00+00:00,1.0532974969690634,1.1067687953321022,1.1601875145340566,1.213319724087779,1.3177618410079048,1.4181421772164045
2019-03-03 00:00:00+00:00,1.0532974969690634,1.1067687953321022,1.1601875145340566,1.213319724087779,1.3177618410079048,1.4181421772164045
2019-03-04 00:00:00+00:00,1.0532974969690634,1.1067687953321022,1.1601875145340566,1.213319724087779,1.3177618410079048,1.4181421772164045
2019-03-05 00:00:00+00:00,1.0532974969690634,1.1067687953321022,1.1601875145340566,1.213319724087779,1.3177618410079048,1.4181421772164045
2019-03-06 00:00:00+00:00,1.0532974969690634,1.1067687953321022,1.1601875145340566,1.213319724087779,1.3177618410079048,1.4181421772164045
2019-03-07 00:00:00+00:00,1.0532974969690634,1.1067687953321022,1.1601875145340566,1.213319724087779,1.3177618410079048,1.4181421772164045
2019-03-08 00:00:00+00:00,1.0532974969690634,1.1067687953321022,1.1601875145340566,1.213319724087779,1.3177618410079048,1.4181421772164045
2019-03-09 00:00:00+00:00,1.0532974969690634,1.1067687953321022,1.1601875145340566,1.213319724087779,1.3177618410079048,1.4181421772164045
2019-03-10 00:00:00+00:00,1.0532974969690634,1.1067687953321022,1.1601875145340566,1.213319724087779,1.3177618410079048,1.4181421772164045
2019-03-11 00:00:00+00:00,1.0532974969690634,1.1067687953321022,1.1601875145340566,1.213319724087779,1.3177618410079048,1.4181421772164045
2019-03-12 00:00:00+00:00,1.0532974969690634,1.1067687953321022,1.1601875145340566,1.213319724087779,1.3177618410079048,1.4181421772164045
2019-03-13 00:00:00+00:00,1.0532974969690634,1.1067687953321022,1.1601875145340566,1.213319724087779,1.3177618410079048,1.4181421772164045
2019-03-14 00:00:00+00:00,1.0531180093640575,1.1063915965237106,1.1595944078032214,1.2124926990468596,1.3164145184281524,1.4162089042812367
2019-03-15 00:00:00+00:00,1.0531180093640575,1.1063915965237106,1.1595944078032214,1.2124926990468596,1.3164145184281524,1.4162089042812367
2019-03-16 00:00:00+00:00,1.0531180093640575,1.1063915965237106,1.1595944078032214,1.2124926990468596,1.3164145184281524,1.4162089042812367
2019-03-17 00:00:00+00:00,1.0531180093640575,1.1063915965237106,1.1595944078032214,1.2124926990468596,1.3164145184281524,1.4162089042812367
2019-03-18 00:00:00+00:00,1.0531180093640575,1.1063915965237106,1.1595944078032214,1.2124926990468596,1.3164145184281524,1.4162089042812367
2019-03-19 00:00:00+00:00,1.0531180093640575,1.1063915965237106,1.1595944078032214,1.2124926990468596,1.3164145184281524,1.4162089042812367
2019-03-20 00:00:00+00:00,1.050303244456334,1.1004772883219627,1.1502963454286694,1.199529738125855,1.295303508887672,1.3859270548373468
2019-03-21 00:00:00+00:00,1.050303244456334,1.1004772883219627,1.1502963454286694,1.199529738125855,1.295303508887672,1.3859270548373468
2019-03-22 00:00:00+00:00,1.050303244456334,1.1004772883219627,1.1502963454286694,1.199529738125855,1.295303508887672,1.3859270548373468
2019-03-23 00:00:00+00:00,1.050303244456334,1.1004772883219627,1.1502963454286694,1.199529738125855,1.295303508887672,1.3859270548373468
2019-03-24 00:00:00+00:00,1.050303244456334,1.1004772883219627,1.1502963454286694,1.199529738125855,1.295303508887672,1.3859270548373468
2019-03-25 00:00:00+00:00,1.050303244456334,1.1004772883219627,1.1502963454286694,1.199529738125855,1.295303508887672,1.3859270548373468
2019-03-26 00:00:00+00:00,1.0475152255967282,1.0946348776646524,1.1411359969613533,1.1867931820875686,1.2746732920578925,1.3564956251064049
2019-03-27 00:00:00+00:00,1.0475152255967282,1.0946348776646524,1.1411359969613533,1.1867931820875686,1.2746732920578925,1.3564956251064049
2019-03-28 00:00:00+00:00,1.0475152255967282,1.0946348776646524,1.1411359969613533,1.1867931820875686,1.2746732920578925,1.3564956251064049
2019-03-29 00:00:00+00:00,1.0475152255967282,1.0946348776646524,1.1411359969613533,1.1867931820875686,1.2746732920578925,1.3564956251064049
2019-03-30 00:00:00+00:00,1.0475152255967282,1.0946348776646524,1.1411359969613533,1.1867931820875686,1.2746732920578925,1.3564956251064049
2019-03-31 00:00:00+00:00,1.0475152255967282,1.0946348776646524,1.1411359969613533,1.1867931820875686,1.2746732920578925,1.3564956251064049
2019-04-01 00:00:00+00:00,1.0475152255967282,1.0946348776646524,1.1411359969613533,1.1867931820875686,1.2746732920578925,1.3564956251064049
2019-04-02 00:00:00+00:00,1.0475152255967282,1.0946348776646524,1.1411359969613533,1.1867931820875686,1.2746732920578925,1.3564956251064049
2019-04-03 00:00:00+00:00,1.0475152255967282,1.0946348776646524,1.1411359969613533,1.1867931820875686,1.2746732920578925,1.3564956251064049
2019-04-04 00:00:00+00:00,1.0475152255967282,1.0946348776646524,1.1411359969613533,1.1867931820875686,1.2746732920578925,1.3564956251064049
2019-04-05 00:00:00+00:00,1.0475152255967282,1.0946348776646524,1.1411359969613533,1.1867931820875686,1.2746732920578925,1.3564956251064049
2019-04-06 00:00:00+00:00,1.0475152255967282,1.0946348776646524,1.1411359969613533,1.1867931820875686,1.2746732920578925,1.3564956251064049
2019-04-07 00:00:00+00:00,1.0475152255967282,1.0946348776646524,1.1411359969613533,1.1867931820875686,1.2746732920578925,1.3564956251064049
2019-04-08 00:00:00+00:00,1.0475152255967282,1.0946348776646524,1.1411359969613533,1.1867931820875686,1.2746732920578925,1.3564956251064049
2019-04-09 00:00:00+00:00,1.0475152255967282,1.0946348776646524,1.1411359969613533,1.1867931820875686,1.2746732920578925,1.3564956251064049
2019-04-10 00:00:00+00:00,1.0447027551603836,1.0887569139715332,1.131944499281286,1.1740475124987557,1.2541390934382854,1.3273592173527569
2019-04-11 00:00:00+00:00,1.0447027551603836,1.0887569139715332,1.131944499281286,1.1740475124987557,1.2541390934382854,1.3273592173527569
2019-04-12 00:00:00+00:00,1.0447027551603836,1.0887569139715332,1.131944499281286,1.1740475124987557,1.2541390934382854,1.3273592173527569
2019-04-13 00:00:00+00:00,1.0447027551603836,1.0887569139715332,1.131944499281286,1.1740475124987557,1.2541390934382854,1.3273592173527569
2019-04-14 00:00:00+00:00,1.0447027551603836,1.0887569139715332,1.131944499281286,1.1740475124987557,1.2541390934382854,1.3273592173527569
2019-04-15 00:00:00+00:00,1.0447027551603836,1.0887569139715332,1.131944499281286,1.1740475124987557,1.2541390934382854,1.3273592173527569
2019-04-16 00:00:00+00:00,1.0447027551603836,1.0887569139715332,1.131944499281286,1.1740475124987557,1.2541390934382854,1.3273592173527569
2019-04-17 00:00:00+00:00,1.0447027551603836,1.0887569139715332,1.131944499281286,1.1740475124987557,1.2541390934382854,1.3273592173527569
2019-04-18 00:00:00+00:00,1.0447027551603836,1.0887569139715332,1.131944499281286,1.1740475124987557,1.2541390934382854,1.3273592173527569
2019-04-19 00:00:00+00:00,1.0447027551603836,1.0887569139715332,1.131944499281286,1.1740475124987557,1.2541390934382854,1.3273592173527569
2019-04-20 00:00:00+00:00,1.0447027551603836,1.0887569139715332,1.131944499281286,1.1740475124987557,1.2541390934382854,1.3273592173527569
2019-04-21 00:00:00+00:00,1.0447027551603836,1.0887569139715332,1.131944499281286,1.1740475124987557,1.2541390934382854,1.3273592173527569
2019-04-22 00:00:00+00:00,1.0447027551603836,1.0887569139715332,1.131944499281286,1.1740475124987557,1.2541390934382854,1.3273592173527569
2019-04-23 00:00:00+00:00,1.0447027551603836,1.0887569139715332,1.131944499281286,1.1740475124987557,1.2541390934382854,1.3273592173527569
2019-04-24 00:00:00+00:00,1.0447027551603836,1.0887569139715332,1.131944499281286,1.1740475124987557,1.2541390934382854,1.3273592173527569
2019-04-25 00:00:00+00:00,1.0447027551603836,1.0887569139715332,1.131944499281286,1.1740475124987557,1.2541390934382854,1.3273592173527569
2019-04-26 00:00:00+00:00,1.0447027551603836,1.0887569139715332,1.131944499281286,1.1740475124987557,1.2541390934382854,1.3273592173527569
2019-04-27 00:00:00+00:00,1.0447027551603836,1.0887569139715332,1.131944499281286,1.1740475124987557,1.2541390934382854,1.3273592173527569
2019-04-28 00:00:00+00:00,1.0447027551603836,1.0887569139715332,1.131944499281286,1.1740475124987557,1.2541390934382854,1.3273592173527569
2019-04-29 00:00:00+00:00,1.0447027551603836,1.0887569139715332,1.131944499281286,1.1740475124987557,1.2541390934382854,1.3273592173527569
2019-04-30 00:00:00+00:00,1.0447027551603836,1.0887569139715332,1.131944499281286,1.1740475124987557,1.2541390934382854,1.3273592173527569
2019-05-01 00:00:00+00:00,1.0447027551603836,1.0887569139715332,1.131944499281286,1.1740475124987557,1.2541390934382854,1.3273592173527569
2019-05-02 00:00:00+00:00,1.0447027551603836,1.0887569139715332,1.131944499281286,1.1740475124987557,1.2541390934382854,1.3273592173527569
2019-05-03 00:00:00+00:00,1.0447027551603836,1.0887569139715332,1.131944499281286,1.1740475124987557,1.2541390934382854,1.3273592173527569
2019-05-04 00:00:00+00:00,1.0447027551603836,1.0887569139715332,1.131944499281286,1.1740475124987557,1.2541390934382854,1.3273592173527569
2019-05-05 00:00:00+00:00,1.0447027551603836,1.0887569139715332,1.131944499281286,1.1740475124987557,1.2541390934382854,1.3273592173527569
2019-05-06 00:00:00+00:00,1.0447027551603836,1.0887569139715332,1.131944499281286,1.1740475124987557,1.2541390934382854,1.3273592173527569
2019-05-07 00:00:00+00:00,1.0447027551603836,1.0887569139715332,1.131944499281286,1.1740475124987557,1.2541390934382854,1.3273592173527569
2019-05-08 00:00:00+00:00,1.0418993362925109,1.0829136410212552,1.1228319132820765,1.161445470694768,1.2339464950358319,1.2988638861708244
2019-05-09 00:00:00+00:00,1.0418993362925109,1.0829136410212552,1.1228319132820765,1.161445470694768,1.2339464950358319,1.2988638861708244
2019-05-10 00:00:00+00:00,1.0418993362925109,1.0829136410212552,1.1228319132820765,1.161445470694768,1.2339464950358319,1.2988638861708244
2019-05-11 00:00:00+00:00,1.0418993362925109,1.0829136410212552,1.1228319132820765,1.161445470694768,1.2339464950358319,1.2988638861708244
2019-05-12 00:00:00+00:00,1.0418993362925109,1.0829136410212552,1.1228319132820765,1.161445470694768,1.2339464950358319,1.2988638861708244
2019-05-13 00:00:00+00:00,1.0418993362925109,1.0829136410212552,1.1228319132820765,1.161445470694768,1.2339464950358319,1.2988638861708244
2019-05-14 00:00:00+00:00,1.0417418441945676,1.0825862574914362,1.1223227360108166,1.1607432205734567,1.2328273649117392,1.2972932100699748
2019-05-15 00:00:00+00:00,1.0417418441945676,1.0825862574914362,1.1223227360108166,1.1607432205734567,1.2328273649117392,1.2972932100699748
2019-05-16 00:00:00+00:00,1.0417418441945676,1.0825862574914362,1.1223227360108166,1.1607432205734567,1.2328273649117392,1.2972932100699748
2019-05-17 00:00:00+00:00,1.0417418441945676,1.0825862574914362,1.1223227360108166,1.1607432205734567,1.2328273649117392,1.2972932100699748
2019-05-18 00:00:00+00:00,1.0417418441945676,1.0825862574914362,1.1223227360108166,1.1607432205734567,1.2328273649117392,1.2972932100699748
2019-05-19 00:00:00+00:00,1.0417418441945676,1.0825862574914362,1.1223227360108166,1.1607432205734567,1.2328273649117392,1.2972932100699748
2019-05-20 00:00:00+00:00,1.0417418441945676,1.0825862574914362,1.1223227360108166,1.1607432205734567,1.2328273649117392,1.2972932100699748
2019-05-21 00:00:00+00:00,1.0417418441945676,1.0825862574914362,1.1223227360108166,1.1607432205734567,1.2328273649117392,1.2972932100699748
2019-05-22 00:00:00+00:00,1.0417418441945676,1.0825862574914362,1.1223227360108166,1.1607432205734567,1.2328273649117392,1.2972932100699748
2019-05-23 00:00:00+00:00,1.0417418441945676,1.0825862574914362,1.1223227360108166,1.1607432205734567,1.2328273649117392,1.2972932100699748
2019-05-24 00:00:00+00:00,1.0389446105192814,1.076772443344039,1.113281919509481,1.1482761394322227,1.2129654025253964,1.2694257895634413
2019-05-25 00:00:00+00:00,1.0389446105192814,1.076772443344039,1.113281919509481,1.1482761394322227,1.2129654025253964,1.2694257895634413
2019-05-26 00:00:00+00:00,1.0389446105192814,1.076772443344039,1.113281919509481,1.1482761394322227,1.2129654025253964,1.2694257895634413
2019-05-27 00:00:00+00:00,1.0389446105192814,1.076772443344039,1.113281919509481,1.1482761394322227,1.2129654025253964,1.2694257895634413
2019-05-28 00:00:00+00:00,1.0389446105192814,1.076772443344039,1.113281919509481,1.1482761394322227,1.2129654025253964,1.2694257895634413
2019-05-29 00:00:00+00:00,1.0389446105192814,1.076772443344039,1.113281919509481,1.1482761394322227,1.2129654025253964,1.2694257895634413
2019-05-30 00:00:00+00:00,1.0389446105192814,1.076772443344039,1.113281919509481,1.1482761394322227,1.2129654025253964,1.2694257895634413
2019-05-31 00:00:00+00:00,1.0465506397058169,1.0925383707061116,1.137732659289725,1.1819018851834169,1.2662455302268412,1.343772695127421
2019-06-01 00:00:00+00:00,1.0465506397058169,1.0925383707061116,1.137732659289725,1.1819018851834169,1.2662455302268412,1.343772695127421
2019-06-02 00:00:00+00:00,1.0465506397058169,1.0925383707061116,1.137732659289725,1.1819018851834169,1.2662455302268412,1.343772695127421
2019-06-03 00:00:00+00:00,1.0465506397058169,1.0925383707061116,1.137732659289725,1.1819018851834169,1.2662455302268412,1.343772695127421
2019-06-04 00:00:00+00:00,1.0465506397058169,1.0925383707061116,1.137732659289725,1.1819018851834169,1.2662455302268412,1.343772695127421
2019-06-05 00:00:00+00:00,1.0465506397058169,1.0925383707061116,1.137732659289725,1.1819018851834169,1.2662455302268412,1.343772695127421
2019-06-06 00:00:00+00:00,1.0465506397058169,1.0925383707061116,1.137732659289725,1.1819018851834169,1.2662455302268412,1.343772695127421
2019-06-07 00:00:00+00:00,1.0465506397058169,1.0925383707061116,1.137732659289725,1.1819018851834169,1.2662455302268412,1.343772695127421
2019-06-08 00:00:00+00:00,1.0465506397058169,1.0925383707061116,1.137732659289725,1.1819018851834169,1.2662455302268412,1.343772695127421
2019-06-09 00:00:00+00:00,1.0465506397058169,1.0925383707061116,1.137732659289725,1.1819018851834169,1.2662455302268412,1.343772695127421
2019-06-10 00:00:00+00:00,1.0465506397058169,1.0925383707061116,1.137732659289725,1.1819018851834169,1.2662455302268412,1.343772695127421
2019-06-11 00:00:00+00:00,1.0465506397058169,1.0925383707061116,1.137732659289725,1.1819018851834169,1.2662455302268412,1.343772695127421
2019-06-12 00:00:00+00:00,1.0465506397058169,1.0925383707061116,1.137732659289725,1.1819018851834169,1.2662455302268412,1.343772695127421
2019-06-13 00:00:00+00:00,1.0465506397058169,1.0925383707061116,1.137732659289725,1.1819018851834169,1.2662455302268412,1.343772695127421
2019-06-14 00:00:00+00:00,1.0542570450787625,1.1086284541683424,1.1628661657227937,1.216714209375708,1.3221904658317818,1.4229329897169583
2019-06-15 00:00:00+00:00,1.0542570450787625,1.1086284541683424,1.1628661657227937,1.216714209375708,1.3221904658317818,1.4229329897169583
2019-06-16 00:00:00+00:00,1.0542570450787625,1.1086284541683424,1.1628661657227937,1.216714209375708,1.3221904658317818,1.4229329897169583
2019-06-17 00:00:00+00:00,1.0542570450787625,1.1086284541683424,1.1628661657227937,1.216714209375708,1.3221904658317818,1.4229329897169583
2019-06-18 00:00:00+00:00,1.0542570450787625,1.1086284541683424,1.1628661657227937,1.216714209375708,1.3221904658317818,1.4229329897169583
2019-06-19 00:00:00+00:00,1.0542570450787625,1.1086284541683424,1.1628661657227937,1.216714209375708,1.3221904658317818,1.4229329897169583
2019-06-20 00:00:00+00:00,1.0620440143198038,1.125005590489413,1.1886337044066477,1.252661860540187,1.380786364448485,1.5070137020989065
2019-06-21 00:00:00+00:00,1.0620440143198038,1.125005590489413,1.1886337044066477,1.252661860540187,1.380786364448485,1.5070137020989065
2019-06-22 00:00:00+00:00,1.0620440143198038,1.125005590489413,1.1886337044066477,1.252661860540187,1.380786364448485,1.5070137020989065
2019-06-23 00:00:00+00:00,1.0620440143198038,1.125005590489413,1.1886337044066477,1.252661860540187,1.380786364448485,1.5070137020989065
2019-06-24 00:00:00+00:00,1.0620440143198038,1.125005590489413,1.1886337044066477,1.252661860540187,1.380786364448485,1.5070137020989065
2019-06-25 00:00:00+00:00,1.0620440143198038,1.125005590489413,1.1886337044066477,1.252661860540187,1.380786364448485,1.5070137020989065
2019-06-26 00:00:00+00:00,1.0620440143198038,1.125005590489413,1.1886337044066477,1.252661860540187,1.380786364448485,1.5070137020989065
2019-06-27 00:00:00+00:00,1.0620440143198038,1.125005590489413,1.1886337044066477,1.252661860540187,1.380786364448485,1.5070137020989065
2019-06-28 00:00:00+00:00,1.0620440143198038,1.125005590489413,1.1886337044066477,1.252661860540187,1.380786364448485,1.5070137020989065
2019-06-29 00:00:00+00:00,1.0620440143198038,1.125005590489413,1.1886337044066477,1.252661860540187,1.380786364448485,1.5070137020989065
2019-06-30 00:00:00+00:00,1.0620440143198038,1.125005590489413,1.1886337044066477,1.252661860540187,1.380786364448485,1.5070137020989065
2019-07-01 00:00:00+00:00,1.0620440143198038,1.125005590489413,1.1886337044066477,1.252661860540187,1.380786364448485,1.5070137020989065
2019-07-02 00:00:00+00:00,1.0620440143198038,1.125005590489413,1.1886337044066477,1.252661860540187,1.380786364448485,1.5070137020989065
2019-07-03 00:00:00+00:00,1.0593126558476742,1.1192190251317724,1.1794629411566828,1.2397755072841359,1.3594797755469732,1.4760078711740607
2019-07-04 00:00:00+00:00,1.0593126558476742,1.1192190251317724,1.1794629411566828,1.2397755072841359,1.3594797755469732,1.4760078711740607
2019-07-05 00:00:00+00:00,1.0593126558476742,1.1192190251317724,1.1794629411566828,1.2397755072841359,1.3594797755469732,1.4760078711740607
2019-07-06 00:00:00+00:00,1.0593126558476742,1.1192190251317724,1.1794629411566828,1.2397755072841359,1.3594797755469732,1.4760078711740607
2019-07-07 00:00:00+00:00,1.0593126558476742,1.1192190251317724,1.1794629411566828,1.2397755072841359,1.3594797755469732,1.4760078711740607
2019-07-08 00:00:00+00:00,1.0593126558476742,1.1192190251317724,1.1794629411566828,1.2397755072841359,1.3594797755469732,1.4760078711740607
2019-07-09 00:00:00+00:00,1.0593126558476742,1.1192190251317724,1.1794629411566828,1.2397755072841359,1.3594797755469732,1.4760078711740607
2019-07-10 00:00:00+00:00,1.0593126558476742,1.1192190251317724,1.1794629411566828,1.2397755072841359,1.3594797755469732,1.4760078711740607
2019-07-11 00:00:00+00:00,1.0592162289468545,1.1190152650401015,1.1791408494057172,1.239324091135298,1.3587372728264067,1.4749330091769575
2019-07-12 00:00:00+00:00,1.0592162289468545,1.1190152650401015,1.1791408494057172,1.239324091135298,1.3587372728264067,1.4749330091769575
2019-07-13 00:00:00+00:00,1.0592162289468545,1.1190152650401015,1.1791408494057172,1.239324091135298,1.3587372728264067,1.4749330091769575
2019-07-14 00:00:00+00:00,1.0592162289468545,1.1190152650401015,1.1791408494057172,1.239324091135298,1.3587372728264067,1.4749330091769575
2019-07-15 00:00:00+00:00,1.0592162289468545,1.1190152650401015,1.1791408494057172,1.239324091135298,1.3587372728264067,1.4749330091769575
2019-07-16 00:00:00+00:00,1.0592162289468545,1.1190152650401015,1.1791408494057172,1.239324091135298,1.3587372728264067,1.4749330091769575
2019-07-17 00:00:00+00:00,1.0592162289468545,1.1190152650401015,1.1791408494057172,1.239324091135298,1.3587372728264067,1.4749330091769575
2019-07-18 00:00:00+00:00,1.0564622009585152,1.1131962466469194,1.1699433310538137,1.2264348126656757,1.3375404649835867,1.444253669663909
2019-07-19 00:00:00+00:00,1.0564622009585152,1.1131962466469194,1.1699433310538137,1.2264348126656757,1.3375404649835867,1.444253669663909
2019-07-20 00:00:00+00:00,1.0564622009585152,1.1131962466469194,1.1699433310538137,1.2264348126656757,1.3375404649835867,1.444253669663909
2019-07-21 00:00:00+00:00,1.0564622009585152,1.1131962466469194,1.1699433310538137,1.2264348126656757,1.3375404649835867,1.444253669663909
2019-07-22 00:00:00+00:00,1.0564622009585152,1.1131962466469194,1.1699433310538137,1.2264348126656757,1.3375404649835867,1.444253669663909
2019-07-23 00:00:00+00:00,1.0564622009585152,1.1131962466469194,1.1699433310538137,1.2264348126656757,1.3375404649835867,1.444253669663909
2019-07-24 00:00:00+00:00,1.0564622009585152,1.1131962466469194,1.1699433310538137,1.2264348126656757,1.3375404649835867,1.444253669663909
2019-07-25 00:00:00+00:00,1.0536982769348386,1.1073715425611843,1.16076088853167,1.2136003822842603,1.316544766961717,1.414025934793734
2019-07-26 00:00:00+00:00,1.0536982769348386,1.1073715425611843,1.16076088853167,1.2136003822842603,1.316544766961717,1.414025934793734
2019-07-27 00:00:00+00:00,1.0536982769348386,1.1073715425611843,1.16076088853167,1.2136003822842603,1.316544766961717,1.414025934793734
2019-07-28 00:00:00+00:00,1.0536982769348386,1.1073715425611843,1.16076088853167,1.2136003822842603,1.316544766961717,1.414025934793734
2019-07-29 00:00:00+00:00,1.0536982769348386,1.1073715425611843,1.16076088853167,1.2136003822842603,1.316544766961717,1.414025934793734
2019-07-30 00:00:00+00:00,1.0536982769348386,1.1073715425611843,1.16076088853167,1.2136003822842603,1.316544766961717,1.414025934793734
2019-07-31 00:00:00+00:00,1.0536982769348386,1.1073715425611843,1.16076088853167,1.2136003822842603,1.316544766961717,1.414025934793734
2019-08-01 00:00:00+00:00,1.0536982769348386,1.1073715425611843,1.16076088853167,1.2136003822842603,1.316544766961717,1.414025934793734
2019-08-02 00:00:00+00:00,1.050978412312486,1.1016547244770287,1.1517722267539023,1.2010699309484163,1.2961547353153566,1.384826235416243
2019-08-03 00:00:00+00:00,1.050978412312486,1.1016547244770287,1.1517722267539023,1.2010699309484163,1.2961547353153566,1.384826235416243
2019-08-04 00:00:00+00:00,1.050978412312486,1.1016547244770287,1.1517722267539023,1.2010699309484163,1.2961547353153566,1.384826235416243
2019-08-05 00:00:00+00:00,1.050978412312486,1.1016547244770287,1.1517722267539023,1.2010699309484163,1.2961547353153566,1.384826235416243
2019-08-06 00:00:00+00:00,1.050978412312486,1.1016547244770287,1.1517722267539023,1.2010699309484163,1.2961547353153566,1.384826235416243
2019-08-07 00:00:00+00:00,1.050978412312486,1.1016547244770287,1.1517722267539023,1.2010699309484163,1.2961547353153566,1.384826235416243
2019-08-08 00:00:00+00:00,1.050978412312486,1.1016547244770287,1.1517722267539023,1.2010699309484163,1.2961547353153566,1.384826235416243
2019-08-09 00:00:00+00:00,1.050978412312486,1.1016547244770287,1.1517722267539023,1.2010699309484163,1.2961547353153566,1.384826235416243
2019-08-10 00:00:00+00:00,1.050978412312486,1.1016547244770287,1.1517722267539023,1.2010699309484163,1.2961547353153566,1.384826235416243
2019-08-11 00:00:00+00:00,1.050978412312486,1.1016547244770287,1.1517722267539023,1.2010699309484163,1.2961547353153566,1.384826235416243
2019-08-12 00:00:00+00:00,1.050978412312486,1.1016547244770287,1.1517722267539023,1.2010699309484163,1.2961547353153566,1.384826235416243
2019-08-13 00:00:00+00:00,1.0508974439349077,1.1014849794191905,1.15150602586686,1.200699804664079,1.2955555933456677,1.3839727287622838
2019-08-14 00:00:00+00:00,1.0508974439349077,1.1014849794191905,1.15150602586686,1.200699804664079,1.2955555933456677,1.3839727287622838
2019-08-15 00:00:00+00:00,1.0508974439349077,1.1014849794191905,1.15150602586686,1.200699804664079,1.2955555933456677,1.3839727287622838
2019-08-16 00:00:00+00:00,1.0508974439349077,1.1014849794191905,1.15150602586686,1.200699804664079,1.2955555933456677,1.3839727287622838
2019-08-17 00:00:00+00:00,1.0508974439349077,1.1014849794191905,1.15150602586686,1.200699804664079,1.2955555933456677,1.3839727287622838
2019-08-18 00:00:00+00:00,1.0508974439349077,1.1014849794191905,1.15150602586686,1.200699804664079,1.2955555933456677,1.3839727287622838
2019-08-19 00:00:00+00:00,1.0508974439349077,1.1014849794191905,1.15150602586686,1.200699804664079,1.2955555933456677,1.3839727287622838
2019-08-20 00:00:00+00:00,1.0508974439349077,1.1014849794191905,1.15150602586686,1.200699804664079,1.2955555933456677,1.3839727287622838
2019-08-21 00:00:00+00:00,1.0508974439349077,1.1014849794191905,1.15150602586686,1.200699804664079,1.2955555933456677,1.3839727287622838
2019-08-22 00:00:00+00:00,1.0508974439349077,1.1014849794191905,1.15150602586686,1.200699804664079,1.2955555933456677,1.3839727287622838
2019-08-23 00:00:00+00:00,1.0508974439349077,1.1014849794191905,1.15150602586686,1.200699804664079,1.2955555933456677,1.3839727287622838
2019-08-24 00:00:00+00:00,1.0508974439349077,1.1014849794191905,1.15150602586686,1.200699804664079,1.2955555933456677,1.3839727287622838
2019-08-25 00:00:00+00:00,1.0508974439349077,1.1014849794191905,1.15150602586686,1.200699804664079,1.2955555933456677,1.3839727287622838
2019-08-26 00:00:00+00:00,1.0586787517285239,1.1177967398185935,1.1770848000808032,1.2362618466187825,1.3531127806454097,1.4659530806424597
2019-08-27 00:00:00+00:00,1.0586787517285239,1.1177967398185935,1.1770848000808032,1.2362618466187825,1.3531127806454097,1.4659530806424597
2019-08-28 00:00:00+00:00,1.0586787517285239,1.1177967398185935,1.1770848000808032,1.2362618466187825,1.3531127806454097,1.4659530806424597
2019-08-29 00:00:00+00:00,1.0586787517285239,1.1177967398185935,1.1770848000808032,1.2362618466187825,1.3531127806454097,1.4659530806424597
2019-08-30 00:00:00+00:00,1.0586787517285239,1.1177967398185935,1.1770848000808032,1.2362618466187825,1.3531127806454097,1.4659530806424597
2019-08-31 00:00:00+00:00,1.0586787517285239,1.1177967398185935,1.1770848000808032,1.2362618466187825,1.3531127806454097,1.4659530806424597
2019-09-01 00:00:00+00:00,1.0586787517285239,1.1177967398185935,1.1770848000808032,1.2362618466187825,1.3531127806454097,1.4659530806424597
2019-09-02 00:00:00+00:00,1.0586787517285239,1.1177967398185935,1.1770848000808032,1.2362618466187825,1.3531127806454097,1.4659530806424597
2019-09-03 00:00:00+00:00,1.0586787517285239,1.1177967398185935,1.1770848000808032,1.2362618466187825,1.3531127806454097,1.4659530806424597
2019-09-04 00:00:00+00:00,1.0559306237613044,1.1119935658579436,1.1679183376758213,1.2234254474752186,1.332038245603185,1.435510405540368
2019-09-05 00:00:00+00:00,1.0559306237613044,1.1119935658579436,1.1679183376758213,1.2234254474752186,1.332038245603185,1.435510405540368
2019-09-06 00:00:00+00:00,1.0559306237613044,1.1119935658579436,1.1679183376758213,1.2234254474752186,1.332038245603185,1.435510405540368
2019-09-07 00:00:00+00:00,1.0559306237613044,1.1119935658579436,1.1679183376758213,1.2234254474752186,1.332038245603185,1.435510405540368
2019-09-08 00:00:00+00:00,1.0559306237613044,1.1119935658579436,1.1679183376758213,1.2234254474752186,1.332038245603185,1.435510405540368
2019-09-09 00:00:00+00:00,1.0559306237613044,1.1119935658579436,1.1679183376758213,1.2234254474752186,1.332038245603185,1.435510405540368
2019-09-10 00:00:00+00:00,1.0559306237613044,1.1119935658579436,1.1679183376758213,1.2234254474752186,1.332038245603185,1.435510405540368
2019-09-11 00:00:00+00:00,1.0559306237613044,1.1119935658579436,1.1679183376758213,1.2234254474752186,1.332038245603185,1.435510405540368
2019-09-12 00:00:00+00:00,1.0559306237613044,1.1119935658579436,1.1679183376758213,1.2234254474752186,1.332038245603185,1.435510405540368
2019-09-13 00:00:00+00:00,1.0559306237613044,1.1119935658579436,1.1679183376758213,1.2234254474752186,1.332038245603185,1.435510405540368
2019-09-14 00:00:00+00:00,1.0559306237613044,1.1119935658579436,1.1679183376758213,1.2234254474752186,1.332038245603185,1.435510405540368
2019-09-15 00:00:00+00:00,1.0559306237613044,1.1119935658579436,1.1679183376758213,1.2234254474752186,1.332038245603185,1.435510405540368
2019-09-16 00:00:00+00:00,1.0559306237613044,1.1119935658579436,1.1679183376758213,1.2234254474752186,1.332038245603185,1.435510405540368
2019-09-17 00:00:00+00:00,1.0559306237613044,1.1119935658579436,1.1679183376758213,1.2234254474752186,1.332038245603185,1.435510405540368
2019-09-18 00:00:00+00:00,1.0559306237613044,1.1119935658579436,1.1679183376758213,1.2234254474752186,1.332038245603185,1.435510405540368
2019-09-19 00:00:00+00:00,1.0559306237613044,1.1119935658579436,1.1679183376758213,1.2234254474752186,1.332038245603185,1.435510405540368
2019-09-20 00:00:00+00:00,1.0559306237613044,1.1119935658579436,1.1679183376758213,1.2234254474752186,1.332038245603185,1.435510405540368
2019-09-21 00:00:00+00:00,1.0559306237613044,1.1119935658579436,1.1679183376758213,1.2234254474752186,1.332038245603185,1.435510405540368
2019-09-22 00:00:00+00:00,1.0559306237613044,1.1119935658579436,1.1679183376758213,1.2234254474752186,1.332038245603185,1.435510405540368
2019-09-23 00:00:00+00:00,1.0559306237613044,1.1119935658579436,1.1679183376758213,1.2234254474752186,1.332038245603185,1.435510405540368
2019-09-24 00:00:00+00:00,1.0558216953776973,1.1117641423352522,1.1675568950189494,1.2229206197774192,1.331213777955038,1.4343257229515078
2019-09-25 00:00:00+00:00,1.0558216953776973,1.1117641423352522,1.1675568950189494,1.2229206197774192,1.331213777955038,1.4343257229515078
2019-09-26 00:00:00+00:00,1.0558216953776973,1.1117641423352522,1.1675568950189494,1.2229206197774192,1.331213777955038,1.4343257229515078
2019-09-27 00:00:00+00:00,1.0558216953776973,1.1117641423352522,1.1675568950189494,1.2229206197774192,1.331213777955038,1.4343257229515078
2019-09-28 00:00:00+00:00,1.0558216953776973,1.1117641423352522,1.1675568950189494,1.2229206197774192,1.331213777955038,1.4343257229515078
2019-09-29 00:00:00+00:00,1.0558216953776973,1.1117641423352522,1.1675568950189494,1.2229206197774192,1.331213777955038,1.4343257229515078
2019-09-30 00:00:00+00:00,1.0558216953776973,1.1117641423352522,1.1675568950189494,1.2229206197774192,1.331213777955038,1.4343257229515078
2019-10-01 00:00:00+00:00,1.0558216953776973,1.1117641423352522,1.1675568950189494,1.2229206197774192,1.331213777955038,1.4343257229515078
2019-10-02 00:00:00+00:00,1.0558216953776973,1.1117641423352522,1.1675568950189494,1.2229206197774192,1.331213777955038,1.4343257229515078
2019-10-03 00:00:00+00:00,1.0558216953776973,1.1117641423352522,1.1675568950189494,1.2229206197774192,1.331213777955038,1.4343257229515078
2019-10-04 00:00:00+00:00,1.0530976497462632,1.1060273853271856,1.1585199195336446,1.2102999601092974,1.310606394574574,1.4047209611871694
2019-10-05 00:00:00+00:00,1.0530976497462632,1.1060273853271856,1.1585199195336446,1.2102999601092974,1.310606394574574,1.4047209611871694
2019-10-06 00:00:00+00:00,1.0530976497462632,1.1060273853271856,1.1585199195336446,1.2102999601092974,1.310606394574574,1.4047209611871694
2019-10-07 00:00:00+00:00,1.0530976497462632,1.1060273853271856,1.1585199195336446,1.2102999601092974,1.310606394574574,1.4047209611871694
2019-10-08 00:00:00+00:00,1.0530976497462632,1.1060273853271856,1.1585199195336446,1.2102999601092974,1.310606394574574,1.4047209611871694
2019-10-09 00:00:00+00:00,1.0530976497462632,1.1060273853271856,1.1585199195336446,1.2102999601092974,1.310606394574574,1.4047209611871694
2019-10-10 00:00:00+00:00,1.0530976497462632,1.1060273853271856,1.1585199195336446,1.2102999601092974,1.310606394574574,1.4047209611871694
2019-10-11 00:00:00+00:00,1.0530976497462632,1.1060273853271856,1.1585199195336446,1.2102999601092974,1.310606394574574,1.4047209611871694
2019-10-12 00:00:00+00:00,1.0530976497462632,1.1060273853271856,1.1585199195336446,1.2102999601092974,1.310606394574574,1.4047209611871694
2019-10-13 00:00:00+00:00,1.0530976497462632,1.1060273853271856,1.1585199195336446,1.2102999601092974,1.310606394574574,1.4047209611871694
2019-10-14 00:00:00+00:00,1.0530976497462632,1.1060273853271856,1.1585199195336446,1.2102999601092974,1.310606394574574,1.4047209611871694
2019-10-15 00:00:00+00:00,1.0530976497462632,1.1060273853271856,1.1585199195336446,1.2102999601092974,1.310606394574574,1.4047209611871694
2019-10-16 00:00:00+00:00,1.0530976497462632,1.1060273853271856,1.1585199195336446,1.2102999601092974,1.310606394574574,1.4047209611871694
2019-10-17 00:00:00+00:00,1.0530976497462632,1.1060273853271856,1.1585199195336446,1.2102999601092974,1.310606394574574,1.4047209611871694
2019-10-18 00:00:00+00:00,1.0530976497462632,1.1060273853271856,1.1585199195336446,1.2102999601092974,1.310606394574574,1.4047209611871694
2019-10-19 00:00:00+00:00,1.0530976497462632,1.1060273853271856,1.1585199195336446,1.2102999601092974,1.310606394574574,1.4047209611871694
2019-10-20 00:00:00+00:00,1.0530976497462632,1.1060273853271856,1.1585199195336446,1.2102999601092974,1.310606394574574,1.4047209611871694
2019-10-21 00:00:00+00:00,1.0530976497462632,1.1060273853271856,1.1585199195336446,1.2102999601092974,1.310606394574574,1.4047209611871694
2019-10-22 00:00:00+00:00,1.0530976497462632,1.1060273853271856,1.1585199195336446,1.2102999601092974,1.310606394574574,1.4047209611871694
2019-10-23 00:00:00+00:00,1.0530976497462632,1.1060273853271856,1.1585199195336446,1.2102999601092974,1.310606394574574,1.4047209611871694
2019-10-24 00:00:00+00:00,1.0530976497462632,1.1060273853271856,1.1585199195336446,1.2102999601092974,1.310606394574574,1.4047209611871694
2019-10-25 00:00:00+00:00,1.060836813805419,1.122283669615786,1.1840616413062581,1.2458777052664811,1.3683958953318973,1.4873067763094936
2019-10-26 00:00:00+00:00,1.060836813805419,1.122283669615786,1.1840616413062581,1.2458777052664811,1.3683958953318973,1.4873067763094936
2019-10-27 00:00:00+00:00,1.060836813805419,1.122283669615786,1.1840616413062581,1.2458777052664811,1.3683958953318973,1.4873067763094936
2019-10-28 00:00:00+00:00,1.060836813805419,1.122283669615786,1.1840616413062581,1.2458777052664811,1.3683958953318973,1.4873067763094936
2019-10-29 00:00:00+00:00,1.060836813805419,1.122283669615786,1.1840616413062581,1.2458777052664811,1.3683958953318973,1.4873067763094936
2019-10-30 00:00:00+00:00,1.060836813805419,1.122283669615786,1.1840616413062581,1.2458777052664811,1.3683958953318973,1.4873067763094936
2019-10-31 00:00:00+00:00,1.060836813805419,1.122283669615786,1.1840616413062581,1.2458777052664811,1.3683958953318973,1.4873067763094936
2019-11-01 00:00:00+00:00,1.0580502425070601,1.1163877138539384,1.1747308786228372,1.2327871827296288,1.3468291509819608,1.4560523076049134
2019-11-02 00:00:00+00:00,1.0580502425070601,1.1163877138539384,1.1747308786228372,1.2327871827296288,1.3468291509819608,1.4560523076049134
2019-11-03 00:00:00+00:00,1.0580502425070601,1.1163877138539384,1.1747308786228372,1.2327871827296288,1.3468291509819608,1.4560523076049134
2019-11-04 00:00:00+00:00,1.0580502425070601,1.1163877138539384,1.1747308786228372,1.2327871827296288,1.3468291509819608,1.4560523076049134
2019-11-05 00:00:00+00:00,1.0580502425070601,1.1163877138539384,1.1747308786228372,1.2327871827296288,1.3468291509819608,1.4560523076049134
2019-11-06 00:00:00+00:00,1.0580502425070601,1.1163877138539384,1.1747308786228372,1.2327871827296288,1.3468291509819608,1.4560523076049134
2019-11-07 00:00:00+00:00,1.0580502425070601,1.1163877138539384,1.1747308786228372,1.2327871827296288,1.3468291509819608,1.4560523076049134
2019-11-08 00:00:00+00:00,1.0580502425070601,1.1163877138539384,1.1747308786228372,1.2327871827296288,1.3468291509819608,1.4560523076049134
2019-11-09 00:00:00+00:00,1.0580502425070601,1.1163877138539384,1.1747308786228372,1.2327871827296288,1.3468291509819608,1.4560523076049134
2019-11-10 00:00:00+00:00,1.0580502425070601,1.1163877138539384,1.1747308786228372,1.2327871827296288,1.3468291509819608,1.4560523076049134
2019-11-11 00:00:00+00:00,1.0580502425070601,1.1163877138539384,1.1747308786228372,1.2327871827296288,1.3468291509819608,1.4560523076049134
2019-11-12 00:00:00+00:00,1.0580502425070601,1.1163877138539384,1.1747308786228372,1.2327871827296288,1.3468291509819608,1.4560523076049134
2019-11-13 00:00:00+00:00,1.0580502425070601,1.1163877138539384,1.1747308786228372,1.2327871827296288,1.3468291509819608,1.4560523076049134
2019-11-14 00:00:00+00:00,1.0580502425070601,1.1163877138539384,1.1747308786228372,1.2327871827296288,1.3468291509819608,1.4560523076049134
2019-11-15 00:00:00+00:00,1.0580502425070601,1.1163877138539384,1.1747308786228372,1.2327871827296288,1.3468291509819608,1.4560523076049134
2019-11-16 00:00:00+00:00,1.0580502425070601,1.1163877138539384,1.1747308786228372,1.2327871827296288,1.3468291509819608,1.4560523076049134
2019-11-17 00:00:00+00:00,1.0580502425070601,1.1163877138539384,1.1747308786228372,1.2327871827296288,1.3468291509819608,1.4560523076049134
2019-11-18 00:00:00+00:00,1.0580502425070601,1.1163877138539384,1.1747308786228372,1.2327871827296288,1.3468291509819608,1.4560523076049134
2019-11-19 00:00:00+00:00,1.0580502425070601,1.1163877138539384,1.1747308786228372,1.2327871827296288,1.3468291509819608,1.4560523076049134
2019-11-20 00:00:00+00:00,1.0580502425070601,1.1163877138539384,1.1747308786228372,1.2327871827296288,1.3468291509819608,1.4560523076049134
2019-11-21 00:00:00+00:00,1.0580502425070601,1.1163877138539384,1.1747308786228372,1.2327871827296288,1.3468291509819608,1.4560523076049134
2019-11-22 00:00:00+00:00,1.0580502425070601,1.1163877138539384,1.1747308786228372,1.2327871827296288,1.3468291509819608,1.4560523076049134
2019-11-23 00:00:00+00:00,1.0580502425070601,1.1163877138539384,1.1747308786228372,1.2327871827296288,1.3468291509819608,1.4560523076049134
2019-11-24 00:00:00+00:00,1.0580502425070601,1.1163877138539384,1.1747308786228372,1.2327871827296288,1.3468291509819608,1.4560523076049134
2019-11-25 00:00:00+00:00,1.0580502425070601,1.1163877138539384,1.1747308786228372,1.2327871827296288,1.3468291509819608,1.4560523076049134
2019-11-26 00:00:00+00:00,1.0580502425070601,1.1163877138539384,1.1747308786228372,1.2327871827296288,1.3468291509819608,1.4560523076049134
2019-11-27 00:00:00+00:00,1.0580502425070601,1.1163877138539384,1.1747308786228372,1.2327871827296288,1.3468291509819608,1.4560523076049134
2019-11-28 00:00:00+00:00,1.0580502425070601,1.1163877138539384,1.1747308786228372,1.2327871827296288,1.3468291509819608,1.4560523076049134
2019-11-29 00:00:00+00:00,1.0580502425070601,1.1163877138539384,1.1747308786228372,1.2327871827296288,1.3468291509819608,1.4560523076049134
2019-11-30 00:00:00+00:00,1.0580502425070601,1.1163877138539384,1.1747308786228372,1.2327871827296288,1.3468291509819608,1.4560523076049134
2019-12-01 00:00:00+00:00,1.0580502425070601,1.1163877138539384,1.1747308786228372,1.2327871827296288,1.3468291509819608,1.4560523076049134
2019-12-02 00:00:00+00:00,1.0580502425070601,1.1163877138539384,1.1747308786228372,1.2327871827296288,1.3468291509819608,1.4560523076049134
2019-12-03 00:00:00+00:00,1.0580502425070601,1.1163877138539384,1.1747308786228372,1.2327871827296288,1.3468291509819608,1.4560523076049134
2019-12-04 00:00:00+00:00,1.0552372782705026,1.1104515898646612,1.1653613539545684,1.219677082218379,1.3253448277489448,1.4250834715077192
2019-12-05 00:00:00+00:00,1.0552372782705026,1.1104515898646612,1.1653613539545684,1.219677082218379,1.3253448277489448,1.4250834715077192
2019-12-06 00:00:00+00:00,1.0552372782705026,1.1104515898646612,1.1653613539545684,1.219677082218379,1.3253448277489448,1.4250834715077192
2019-12-07 00:00:00+00:00,1.0552372782705026,1.1104515898646612,1.1653613539545684,1.219677082218379,1.3253448277489448,1.4250834715077192
2019-12-08 00:00:00+00:00,1.0552372782705026,1.1104515898646612,1.1653613539545684,1.219677082218379,1.3253448277489448,1.4250834715077192
2019-12-09 00:00:00+00:00,1.0552372782705026,1.1104515898646612,1.1653613539545684,1.219677082218379,1.3253448277489448,1.4250834715077192
2019-12-10 00:00:00+00:00,1.0552372782705026,1.1104515898646612,1.1653613539545684,1.219677082218379,1.3253448277489448,1.4250834715077192
2019-12-11 00:00:00+00:00,1.0552372782705026,1.1104515898646612,1.1653613539545684,1.219677082218379,1.3253448277489448,1.4250834715077192
2019-12-12 00:00:00+00:00,1.0552372782705026,1.1104515898646612,1.1653613539545684,1.219677082218379,1.3253448277489448,1.4250834715077192
2019-12-13 00:00:00+00:00,1.0552372782705026,1.1104515898646612,1.1653613539545684,1.219677082218379,1.3253448277489448,1.4250834715077192
2019-12-14 00:00:00+00:00,1.0552372782705026,1.1104515898646612,1.1653613539545684,1.219677082218379,1.3253448277489448,1.4250834715077192
2019-12-15 00:00:00+00:00,1.0552372782705026,1.1104515898646612,1.1653613539545684,1.219677082218379,1.3253448277489448,1.4250834715077192
2019-12-16 00:00:00+00:00,1.0552372782705026,1.1104515898646612,1.1653613539545684,1.219677082218379,1.3253448277489448,1.4250834715077192
2019-12-17 00:00:00+00:00,1.0552372782705026,1.1104515898646612,1.1653613539545684,1.219677082218379,1.3253448277489448,1.4250834715077192
2019-12-18 00:00:00+00:00,1.0552372782705026,1.1104515898646612,1.1653613539545684,1.219677082218379,1.3253448277489448,1.4250834715077192
2019-12-19 00:00:00+00:00,1.0552372782705026,1.1104515898646612,1.1653613539545684,1.219677082218379,1.3253448277489448,1.4250834715077192
2019-12-20 00:00:00+00:00,1.0552372782705026,1.1104515898646612,1.1653613539545684,1.219677082218379,1.3253448277489448,1.4250834715077192
2019-12-21 00:00:00+00:00,1.0552372782705026,1.1104515898646612,1.1653613539545684,1.219677082218379,1.3253448277489448,1.4250834715077192
2019-12-22 00:00:00+00:00,1.0552372782705026,1.1104515898646612,1.1653613539545684,1.219677082218379,1.3253448277489448,1.4250834715077192
2019-12-23 00:00:00+00:00,1.0552372782705026,1.1104515898646612,1.1653613539545684,1.219677082218379,1.3253448277489448,1.4250834715077192
2019-12-24 00:00:00+00:00,1.062902966100525,1.1265851655325072,1.1907583803841957,1.2551180733897387,1.383112004435365,1.5079027217313827
2019-12-25 00:00:00+00:00,1.062902966100525,1.1265851655325072,1.1907583803841957,1.2551180733897387,1.383112004435365,1.5079027217313827
2019-12-26 00:00:00+00:00,1.062902966100525,1.1265851655325072,1.1907583803841957,1.2551180733897387,1.383112004435365,1.5079027217313827
2019-12-27 00:00:00+00:00,1.062902966100525,1.1265851655325072,1.1907583803841957,1.2551180733897387,1.383112004435365,1.5079027217313827
2019-12-28 00:00:00+00:00,1.062902966100525,1.1265851655325072,1.1907583803841957,1.2551180733897387,1.383112004435365,1.5079027217313827
2019-12-29 00:00:00+00:00,1.062902966100525,1.1265851655325072,1.1907583803841957,1.2551180733897387,1.383112004435365,1.5079027217313827
2019-12-30 00:00:00+00:00,1.062902966100525,1.1265851655325072,1.1907583803841957,1.2551180733897387,1.383112004435365,1.5079027217313827
2019-12-31 00:00:00+00:00,1.0600335048475447,1.1205024042950678,1.1811145037280528,1.2415645777485704,1.3607085315022558,1.4753362988591565
2020-01-01 00:00:00+00:00,1.0600335048475447,1.1205024042950678,1.1811145037280528,1.2415645777485704,1.3607085315022558,1.4753362988591565
2020-01-02 00:00:00+00:00,1.0600335048475447,1.1205024042950678,1.1811145037280528,1.2415645777485704,1.3607085315022558,1.4753362988591565
2020-01-03 00:00:00+00:00,1.0600335048475447,1.1205024042950678,1.1811145037280528,1.2415645777485704,1.3607085315022558,1.4753362988591565
2020-01-04 00:00:00+00:00,1.0600335048475447,1.1205024042950678,1.1811145037280528,1.2415645777485704,1.3607085315022558,1.4753362988591565
2020-01-05 00:00:00+00:00,1.0600335048475447,1.1205024042950678,1.1811145037280528,1.2415645777485704,1.3607085315022558,1.4753362988591565
2020-01-06 00:00:00+00:00,1.0600335048475447,1.1205024042950678,1.1811145037280528,1.2415645777485704,1.3607085315022558,1.4753362988591565
2020-01-07 00:00:00+00:00,1.0600335048475447,1.1205024042950678,1.1811145037280528,1.2415645777485704,1.3607085315022558,1.4753362988591565
2020-01-08 00:00:00+00:00,1.0600335048475447,1.1205024042950678,1.1811145037280528,1.2415645777485704,1.3607085315022558,1.4753362988591565
2020-01-09 00:00:00+00:00,1.0600335048475447,1.1205024042950678,1.1811145037280528,1.2415645777485704,1.3607085315022558,1.4753362988591565
2020-01-10 00:00:00+00:00,1.0600335048475447,1.1205024042950678,1.1811145037280528,1.2415645777485704,1.3607085315022558,1.4753362988591565
2020-01-11 00:00:00+00:00,1.0600335048475447,1.1205024042950678,1.1811145037280528,1.2415645777485704,1.3607085315022558,1.4753362988591565
2020-01-12 00:00:00+00:00,1.0600335048475447,1.1205024042950678,1.1811145037280528,1.2415645777485704,1.3607085315022558,1.4753362988591565
2020-01-13 00:00:00+00:00,1.0600335048475447,1.1205024042950678,1.1811145037280528,1.2415645777485704,1.3607085315022558,1.4753362988591565
2020-01-14 00:00:00+00:00,1.0600335048475447,1.1205024042950678,1.1811145037280528,1.2415645777485704,1.3607085315022558,1.4753362988591565
2020-01-15 00:00:00+00:00,1.0600335048475447,1.1205024042950678,1.1811145037280528,1.2415645777485704,1.3607085315022558,1.4753362988591565
2020-01-16 00:00:00+00:00,1.0600335048475447,1.1205024042950678,1.1811145037280528,1.2415645777485704,1.3607085315022558,1.4753362988591565
2020-01-17 00:00:00+00:00,1.0600335048475447,1.1205024042950678,1.1811145037280528,1.2415645777485704,1.3607085315022558,1.4753362988591565
2020-01-18 00:00:00+00:00,1.0600335048475447,1.1205024042950678,1.1811145037280528,1.2415645777485704,1.3607085315022558,1.4753362988591565
2020-01-19 00:00:00+00:00,1.0600335048475447,1.1205024042950678,1.1811145037280528,1.2415645777485704,1.3607085315022558,1.4753362988591565
2020-01-20 00:00:00+00:00,1.0600335048475447,1.1205024042950678,1.1811145037280528,1.2415645777485704,1.3607085315022558,1.4753362988591565
2020-01-21 00:00:00+00:00,1.0598694261542871,1.1201555273908042,1.180566042598835,1.240795868863124,1.3594448170438038,1.4735094037587644
2020-01-22 00:00:00+00:00,1.0598694261542871,1.1201555273908042,1.180566042598835,1.240795868863124,1.3594448170438038,1.4735094037587644
2020-01-23 00:00:00+00:00,1.0598694261542871,1.1201555273908042,1.180566042598835,1.240795868863124,1.3594448170438038,1.4735094037587644
2020-01-24 00:00:00+00:00,1.0598694261542871,1.1201555273908042,1.180566042598835,1.240795868863124,1.3594448170438038,1.4735094037587644
2020-01-25 00:00:00+00:00,1.0598694261542871,1.1201555273908042,1.180566042598835,1.240795868863124,1.3594448170438038,1.4735094037587644
2020-01-26 00:00:00+00:00,1.0598694261542871,1.1201555273908042,1.180566042598835,1.240795868863124,1.3594448170438038,1.4735094037587644
2020-01-27 00:00:00+00:00,1.0598694261542871,1.1201555273908042,1.180566042598835,1.240795868863124,1.3594448170438038,1.4735094037587644
2020-01-28 00:00:00+00:00,1.0597425130840943,1.1198872634451398,1.1801419452789172,1.240201557113718,1.3584681043777083,1.4720978517484944
2020-01-29 00:00:00+00:00,1.0597425130840943,1.1198872634451398,1.1801419452789172,1.240201557113718,1.3584681043777083,1.4720978517484944
2020-01-30 00:00:00+00:00,1.0597425130840943,1.1198872634451398,1.1801419452789172,1.240201557113718,1.3584681043777083,1.4720978517484944
2020-01-31 00:00:00+00:00,1.056966918339043,1.1140210210983605,1.1708691387019747,1.227208601250463,1.337120143612085,1.4412530228504017
2020-02-01 00:00:00+00:00,1.056966918339043,1.1140210210983605,1.1708691387019747,1.227208601250463,1.337120143612085,1.4412530228504017
2020-02-02 00:00:00+00:00,1.056966918339043,1.1140210210983605,1.1708691387019747,1.227208601250463,1.337120143612085,1.4412530228504017
2020-02-03 00:00:00+00:00,1.056966918339043,1.1140210210983605,1.1708691387019747,1.227208601250463,1.337120143612085,1.4412530228504017
2020-02-04 00:00:00+00:00,1.056966918339043,1.1140210210983605,1.1708691387019747,1.227208601250463,1.337120143612085,1.4412530228504017
2020-02-05 00:00:00+00:00,1.056966918339043,1.1140210210983605,1.1708691387019747,1.227208601250463,1.337120143612085,1.4412530228504017
2020-02-06 00:00:00+00:00,1.056966918339043,1.1140210210983605,1.1708691387019747,1.227208601250463,1.337120143612085,1.4412530228504017
2020-02-07 00:00:00+00:00,1.056966918339043,1.1140210210983605,1.1708691387019747,1.227208601250463,1.337120143612085,1.4412530228504017
2020-02-08 00:00:00+00:00,1.056966918339043,1.1140210210983605,1.1708691387019747,1.227208601250463,1.337120143612085,1.4412530228504017
2020-02-09 00:00:00+00:00,1.056966918339043,1.1140210210983605,1.1708691387019747,1.227208601250463,1.337120143612085,1.4412530228504017
2020-02-10 00:00:00+00:00,1.0541988483857476,1.1081860454480577,1.161670039962418,1.2143529510059488,1.316109597136543,1.4110572684257108
2020-02-11 00:00:00+00:00,1.0541988483857476,1.1081860454480577,1.161670039962418,1.2143529510059488,1.316109597136543,1.4110572684257108
2020-02-12 00:00:00+00:00,1.0541988483857476,1.1081860454480577,1.161670039962418,1.2143529510059488,1.316109597136543,1.4110572684257108
2020-02-13 00:00:00+00:00,1.0541988483857476,1.1081860454480577,1.161670039962418,1.2143529510059488,1.316109597136543,1.4110572684257108
2020-02-14 00:00:00+00:00,1.0541988483857476,1.1081860454480577,1.161670039962418,1.2143529510059488,1.316109597136543,1.4110572684257108
2020-02-15 00:00:00+00:00,1.0541988483857476,1.1081860454480577,1.161670039962418,1.2143529510059488,1.316109597136543,1.4110572684257108
2020-02-16 00:00:00+00:00,1.0541988483857476,1.1081860454480577,1.161670039962418,1.2143529510059488,1.316109597136543,1.4110572684257108
2020-02-17 00:00:00+00:00,1.0541988483857476,1.1081860454480577,1.161670039962418,1.2143529510059488,1.316109597136543,1.4110572684257108
2020-02-18 00:00:00+00:00,1.0619352988970587,1.1244513383025558,1.1872454884323262,1.2500000455673135,1.3740608087962776,1.493899891466079
2020-02-19 00:00:00+00:00,1.0619352988970587,1.1244513383025558,1.1872454884323262,1.2500000455673135,1.3740608087962776,1.493899891466079
2020-02-20 00:00:00+00:00,1.0619352988970587,1.1244513383025558,1.1872454884323262,1.2500000455673135,1.3740608087962776,1.493899891466079
2020-02-21 00:00:00+00:00,1.0619352988970587,1.1244513383025558,1.1872454884323262,1.2500000455673135,1.3740608087962776,1.493899891466079
2020-02-22 00:00:00+00:00,1.0619352988970587,1.1244513383025558,1.1872454884323262,1.2500000455673135,1.3740608087962776,1.493899891466079
2020-02-23 00:00:00+00:00,1.0619352988970587,1.1244513383025558,1.1872454884323262,1.2500000455673135,1.3740608087962776,1.493899891466079
2020-02-24 00:00:00+00:00,1.0619352988970587,1.1244513383025558,1.1872454884323262,1.2500000455673135,1.3740608087962776,1.493899891466079
2020-02-25 00:00:00+00:00,1.0619352988970587,1.1244513383025558,1.1872454884323262,1.2500000455673135,1.3740608087962776,1.493899891466079
2020-02-26 00:00:00+00:00,1.0619352988970587,1.1244513383025558,1.1872454884323262,1.2500000455673135,1.3740608087962776,1.493899891466079
2020-02-27 00:00:00+00:00,1.0619352988970587,1.1244513383025558,1.1872454884323262,1.2500000455673135,1.3740608087962776,1.493899891466079
2020-02-28 00:00:00+00:00,1.0619352988970587,1.1244513383025558,1.1872454884323262,1.2500000455673135,1.3740608087962776,1.493899891466079
2020-02-29 00:00:00+00:00,1.0619352988970587,1.1244513383025558,1.1872454884323262,1.2500000455673135,1.3740608087962776,1.493899891466079
2020-03-01 00:00:00+00:00,1.0619352988970587,1.1244513383025558,1.1872454884323262,1.2500000455673135,1.3740608087962776,1.493899891466079
2020-03-02 00:00:00+00:00,1.0619352988970587,1.1244513383025558,1.1872454884323262,1.2500000455673135,1.3740608087962776,1.493899891466079
2020-03-03 00:00:00+00:00,1.0619352988970587,1.1244513383025558,1.1872454884323262,1.2500000455673135,1.3740608087962776,1.493899891466079
2020-03-04 00:00:00+00:00,1.0619352988970587,1.1244513383025558,1.1872454884323262,1.2500000455673135,1.3740608087962776,1.493899891466079
2020-03-05 00:00:00+00:00,1.0619352988970587,1.1244513383025558,1.1872454884323262,1.2500000455673135,1.3740608087962776,1.493899891466079
2020-03-06 00:00:00+00:00,1.0618724663561458,1.1243182753282073,1.18703474776629,1.249704205777127,1.3735730065804066,1.4931927634431352
2020-03-07 00:00:00+00:00,1.0618724663561458,1.1243182753282073,1.18703474776629,1.249704205777127,1.3735730065804066,1.4931927634431352
2020-03-08 00:00:00+00:00,1.0618724663561458,1.1243182753282073,1.18703474776629,1.249704205777127,1.3735730065804066,1.4931927634431352
2020-03-09 00:00:00+00:00,1.0618724663561458,1.1243182753282073,1.18703474776629,1.249704205777127,1.3735730065804066,1.4931927634431352
2020-03-10 00:00:00+00:00,1.0618724663561458,1.1243182753282073,1.18703474776629,1.249704205777127,1.3735730065804066,1.4931927634431352
2020-03-11 00:00:00+00:00,1.0618724663561458,1.1243182753282073,1.18703474776629,1.249704205777127,1.3735730065804066,1.4931927634431352
2020-03-12 00:00:00+00:00,1.0618724663561458,1.1243182753282073,1.18703474776629,1.249704205777127,1.3735730065804066,1.4931927634431352
2020-03-13 00:00:00+00:00,1.0618724663561458,1.1243182753282073,1.18703474776629,1.249704205777127,1.3735730065804066,1.4931927634431352
2020-03-14 00:00:00+00:00,1.0618724663561458,1.1243182753282073,1.18703474776629,1.249704205777127,1.3735730065804066,1.4931927634431352
2020-03-15 00:00:00+00:00,1.0618724663561458,1.1243182753282073,1.18703474776629,1.249704205777127,1.3735730065804066,1.4931927634431352
2020-03-16 00:00:00+00:00,1.0618724663561458,1.1243182753282073,1.18703474776629,1.249704205777127,1.3735730065804066,1.4931927634431352
2020-03-17 00:00:00+00:00,1.0618724663561458,1.1243182753282073,1.18703474776629,1.249704205777127,1.3735730065804066,1.4931927634431352
2020-03-18 00:00:00+00:00,1.0618724663561458,1.1243182753282073,1.18703474776629,1.249704205777127,1.3735730065804066,1.4931927634431352
2020-03-19 00:00:00+00:00,1.0618724663561458,1.1243182753282073,1.18703474776629,1.249704205777127,1.3735730065804066,1.4931927634431352
2020-03-20 00:00:00+00:00,1.0618724663561458,1.1243182753282073,1.18703474776629,1.249704205777127,1.3735730065804066,1.4931927634431352
2020-03-21 00:00:00+00:00,1.0618724663561458,1.1243182753282073,1.18703474776629,1.249704205777127,1.3735730065804066,1.4931927634431352
2020-03-22 00:00:00+00:00,1.0618724663561458,1.1243182753282073,1.18703474776629,1.249704205777127,1.3735730065804066,1.4931927634431352
2020-03-23 00:00:00+00:00,1.0618724663561458,1.1243182753282073,1.18703474776629,1.249704205777127,1.3735730065804066,1.4931927634431352
2020-03-24 00:00:00+00:00,1.0618724663561458,1.1243182753282073,1.18703474776629,1.249704205777127,1.3735730065804066,1.4931927634431352
2020-03-25 00:00:00+00:00,1.0618389221092797,1.1242472415440594,1.1869222535039012,1.2495462945864084,1.3733126619148386,1.4928154071916997
2020-03-26 00:00:00+00:00,1.0618389221092797,1.1242472415440594,1.1869222535039012,1.2495462945864084,1.3733126619148386,1.4928154071916997
2020-03-27 00:00:00+00:00,1.0618389221092797,1.1242472415440594,1.1869222535039012,1.2495462945864084,1.3733126619148386,1.4928154071916997
2020-03-28 00:00:00+00:00,1.0618389221092797,1.1242472415440594,1.1869222535039012,1.2495462945864084,1.3733126619148386,1.4928154071916997
2020-03-29 00:00:00+00:00,1.0618389221092797,1.1242472415440594,1.1869222535039012,1.2495462945864084,1.3733126619148386,1.4928154071916997
2020-03-30 00:00:00+00:00,1.0618389221092797,1.1242472415440594,1.1869222535039012,1.2495462945864084,1.3733126619148386,1.4928154071916997
2020-03-31 00:00:00+00:00,1.0618389221092797,1.1242472415440594,1.1869222535039012,1.2495462945864084,1.3733126619148386,1.4928154071916997
2020-04-01 00:00:00+00:00,1.0618389221092797,1.1242472415440594,1.1869222535039012,1.2495462945864084,1.3733126619148386,1.4928154071916997
2020-04-02 00:00:00+00:00,1.0618389221092797,1.1242472415440594,1.1869222535039012,1.2495462945864084,1.3733126619148386,1.4928154071916997
2020-04-03 00:00:00+00:00,1.0618389221092797,1.1242472415440594,1.1869222535039012,1.2495462945864084,1.3733126619148386,1.4928154071916997
2020-04-04 00:00:00+00:00,1.0618389221092797,1.1242472415440594,1.1869222535039012,1.2495462945864084,1.3733126619148386,1.4928154071916997
2020-04-05 00:00:00+00:00,1.0618389221092797,1.1242472415440594,1.1869222535039012,1.2495462945864084,1.3733126619148386,1.4928154071916997
2020-04-06 00:00:00+00:00,1.0697383943739618,1.1409747502429892,1.2134123149246947,1.2867299242010166,1.4346126108486175,1.58166092724083
2020-04-07 00:00:00+00:00,1.0697383943739618,1.1409747502429892,1.2134123149246947,1.2867299242010166,1.4346126108486175,1.58166092724083
2020-04-08 00:00:00+00:00,1.0697383943739618,1.1409747502429892,1.2134123149246947,1.2867299242010166,1.4346126108486175,1.58166092724083
2020-04-09 00:00:00+00:00,1.0697383943739618,1.1409747502429892,1.2134123149246947,1.2867299242010166,1.4346126108486175,1.58166092724083
2020-04-10 00:00:00+00:00,1.0697383943739618,1.1409747502429892,1.2134123149246947,1.2867299242010166,1.4346126108486175,1.58166092724083
2020-04-11 00:00:00+00:00,1.0697383943739618,1.1409747502429892,1.2134123149246947,1.2867299242010166,1.4346126108486175,1.58166092724083
2020-04-12 00:00:00+00:00,1.0697383943739618,1.1409747502429892,1.2134123149246947,1.2867299242010166,1.4346126108486175,1.58166092724083
2020-04-13 00:00:00+00:00,1.0697383943739618,1.1409747502429892,1.2134123149246947,1.2867299242010166,1.4346126108486175,1.58166092724083
2020-04-14 00:00:00+00:00,1.07769335956955,1.1579441597265845,1.2404824456703698,1.3250042978870469,1.4986224292218164,1.6757553914096004
2020-04-15 00:00:00+00:00,1.07769335956955,1.1579441597265845,1.2404824456703698,1.3250042978870469,1.4986224292218164,1.6757553914096004
2020-04-16 00:00:00+00:00,1.07769335956955,1.1579441597265845,1.2404824456703698,1.3250042978870469,1.4986224292218164,1.6757553914096004
2020-04-17 00:00:00+00:00,1.07769335956955,1.1579441597265845,1.2404824456703698,1.3250042978870469,1.4986224292218164,1.6757553914096004
2020-04-18 00:00:00+00:00,1.07769335956955,1.1579441597265845,1.2404824456703698,1.3250042978870469,1.4986224292218164,1.6757553914096004
2020-04-19 00:00:00+00:00,1.07769335956955,1.1579441597265845,1.2404824456703698,1.3250042978870469,1.4986224292218164,1.6757553914096004
2020-04-20 00:00:00+00:00,1.07769335956955,1.1579441597265845,1.2404824456703698,1.3250042978870469,1.4986224292218164,1.6757553914096004
2020-04-21 00:00:00+00:00,1.07769335956955,1.1579441597265845,1.2404824456703698,1.3250042978870469,1.4986224292218164,1.6757553914096004
2020-04-22 00:00:00+00:00,1.07769335956955,1.1579441597265845,1.2404824456703698,1.3250042978870469,1.4986224292218164,1.6757553914096004
2020-04-23 00:00:00+00:00,1.07769335956955,1.1579441597265845,1.2404824456703698,1.3250042978870469,1.4986224292218164,1.6757553914096004
2020-04-24 00:00:00+00:00,1.07769335956955,1.1579441597265845,1.2404824456703698,1.3250042978870469,1.4986224292218164,1.6757553914096004
2020-04-25 00:00:00+00:00,1.07769335956955,1.1579441597265845,1.2404824456703698,1.3250042978870469,1.4986224292218164,1.6757553914096004
2020-04-26 00:00:00+00:00,1.07769335956955,1.1579441597265845,1.2404824456703698,1.3250042978870469,1.4986224292218164,1.6757553914096004
2020-04-27 00:00:00+00:00,1.0776350951172193,1.1578189534576642,1.2402812492084607,1.3247177575680715,1.4981362997621865,1.6750306066143437
2020-04-28 00:00:00+00:00,1.0776350951172193,1.1578189534576642,1.2402812492084607,1.3247177575680715,1.4981362997621865,1.6750306066143437
2020-04-29 00:00:00+00:00,1.0776350951172193,1.1578189534576642,1.2402812492084607,1.3247177575680715,1.4981362997621865,1.6750306066143437
2020-04-30 00:00:00+00:00,1.0776350951172193,1.1578189534576642,1.2402812492084607,1.3247177575680715,1.4981362997621865,1.6750306066143437
2020-05-01 00:00:00+00:00,1.0776350951172193,1.1578189534576642,1.2402812492084607,1.3247177575680715,1.4981362997621865,1.6750306066143437
2020-05-02 00:00:00+00:00,1.0776350951172193,1.1578189534576642,1.2402812492084607,1.3247177575680715,1.4981362997621865,1.6750306066143437
2020-05-03 00:00:00+00:00,1.0776350951172193,1.1578189534576642,1.2402812492084607,1.3247177575680715,1.4981362997621865,1.6750306066143437
2020-05-04 00:00:00+00:00,1.0776350951172193,1.1578189534576642,1.2402812492084607,1.3247177575680715,1.4981362997621865,1.6750306066143437
2020-05-05 00:00:00+00:00,1.0776350951172193,1.1578189534576642,1.2402812492084607,1.3247177575680715,1.4981362997621865,1.6750306066143437
2020-05-06 00:00:00+00:00,1.0776350951172193,1.1578189534576642,1.2402812492084607,1.3247177575680715,1.4981362997621865,1.6750306066143437
2020-05-07 00:00:00+00:00,1.0776350951172193,1.1578189534576642,1.2402812492084607,1.3247177575680715,1.4981362997621865,1.6750306066143437
2020-05-08 00:00:00+00:00,1.0748550921880746,1.1518452428823205,1.230682493039367,1.311048123893312,1.4749476156493486,1.6404616508415113
2020-05-09 00:00:00+00:00,1.0748550921880746,1.1518452428823205,1.230682493039367,1.311048123893312,1.4749476156493486,1.6404616508415113
2020-05-10 00:00:00+00:00,1.0748550921880746,1.1518452428823205,1.230682493039367,1.311048123893312,1.4749476156493486,1.6404616508415113
2020-05-11 00:00:00+00:00,1.0748550921880746,1.1518452428823205,1.230682493039367,1.311048123893312,1.4749476156493486,1.6404616508415113
2020-05-12 00:00:00+00:00,1.0748550921880746,1.1518452428823205,1.230682493039367,1.311048123893312,1.4749476156493486,1.6404616508415113
2020-05-13 00:00:00+00:00,1.0748550921880746,1.1518452428823205,1.230682493039367,1.311048123893312,1.4749476156493486,1.6404616508415113
2020-05-14 00:00:00+00:00,1.0748550921880746,1.1518452428823205,1.230682493039367,1.311048123893312,1.4749476156493486,1.6404616508415113
2020-05-15 00:00:00+00:00,1.0828146538630457,1.1689046275703163,1.2580229967319518,1.3498826364776666,1.5404816765628817,1.737645770116358
2020-05-16 00:00:00+00:00,1.0828146538630457,1.1689046275703163,1.2580229967319518,1.3498826364776666,1.5404816765628817,1.737645770116358
2020-05-17 00:00:00+00:00,1.0828146538630457,1.1689046275703163,1.2580229967319518,1.3498826364776666,1.5404816765628817,1.737645770116358
2020-05-18 00:00:00+00:00,1.0828146538630457,1.1689046275703163,1.2580229967319518,1.3498826364776666,1.5404816765628817,1.737645770116358
2020-05-19 00:00:00+00:00,1.0828146538630457,1.1689046275703163,1.2580229967319518,1.3498826364776666,1.5404816765628817,1.737645770116358
2020-05-20 00:00:00+00:00,1.0828146538630457,1.1689046275703163,1.2580229967319518,1.3498826364776666,1.5404816765628817,1.737645770116358
2020-05-21 00:00:00+00:00,1.0828146538630457,1.1689046275703163,1.2580229967319518,1.3498826364776666,1.5404816765628817,1.737645770116358
2020-05-22 00:00:00+00:00,1.0828146538630457,1.1689046275703163,1.2580229967319518,1.3498826364776666,1.5404816765628817,1.737645770116358
2020-05-23 00:00:00+00:00,1.0828146538630457,1.1689046275703163,1.2580229967319518,1.3498826364776666,1.5404816765628817,1.737645770116358
2020-05-24 00:00:00+00:00,1.0828146538630457,1.1689046275703163,1.2580229967319518,1.3498826364776666,1.5404816765628817,1.737645770116358
2020-05-25 00:00:00+00:00,1.0828146538630457,1.1689046275703163,1.2580229967319518,1.3498826364776666,1.5404816765628817,1.737645770116358
2020-05-26 00:00:00+00:00,1.0828146538630457,1.1689046275703163,1.2580229967319518,1.3498826364776666,1.5404816765628817,1.737645770116358
2020-05-27 00:00:00+00:00,1.0828146538630457,1.1689046275703163,1.2580229967319518,1.3498826364776666,1.5404816765628817,1.737645770116358
2020-05-28 00:00:00+00:00,1.0828146538630457,1.1689046275703163,1.2580229967319518,1.3498826364776666,1.5404816765628817,1.737645770116358
2020-05-29 00:00:00+00:00,1.0828146538630457,1.1689046275703163,1.2580229967319518,1.3498826364776666,1.5404816765628817,1.737645770116358
2020-05-30 00:00:00+00:00,1.0828146538630457,1.1689046275703163,1.2580229967319518,1.3498826364776666,1.5404816765628817,1.737645770116358
2020-05-31 00:00:00+00:00,1.0828146538630457,1.1689046275703163,1.2580229967319518,1.3498826364776666,1.5404816765628817,1.737645770116358
2020-06-01 00:00:00+00:00,1.0800013708372898,1.1628307172556764,1.248217510455727,1.3358540050977095,1.5164675337728801,1.7015288643659263
2020-06-02 00:00:00+00:00,1.0800013708372898,1.1628307172556764,1.248217510455727,1.3358540050977095,1.5164675337728801,1.7015288643659263
2020-06-03 00:00:00+00:00,1.0800013708372898,1.1628307172556764,1.248217510455727,1.3358540050977095,1.5164675337728801,1.7015288643659263
2020-06-04 00:00:00+00:00,1.0800013708372898,1.1628307172556764,1.248217510455727,1.3358540050977095,1.5164675337728801,1.7015288643659263
2020-06-05 00:00:00+00:00,1.0800013708372898,1.1628307172556764,1.248217510455727,1.3358540050977095,1.5164675337728801,1.7015288643659263
2020-06-06 00:00:00+00:00,1.0800013708372898,1.1628307172556764,1.248217510455727,1.3358540050977095,1.5164675337728801,1.7015288643659263
2020-06-07 00:00:00+00:00,1.0800013708372898,1.1628307172556764,1.248217510455727,1.3358540050977095,1.5164675337728801,1.7015288643659263
2020-06-08 00:00:00+00:00,1.0800013708372898,1.1628307172556764,1.248217510455727,1.3358540050977095,1.5164675337728801,1.7015288643659263
2020-06-09 00:00:00+00:00,1.0800013708372898,1.1628307172556764,1.248217510455727,1.3358540050977095,1.5164675337728801,1.7015288643659263
2020-06-10 00:00:00+00:00,1.0771968604484385,1.1567915196859724,1.2384935256438232,1.3219784062829396,1.4928400695807318,1.666181091624899
2020-06-11 00:00:00+00:00,1.0771968604484385,1.1567915196859724,1.2384935256438232,1.3219784062829396,1.4928400695807318,1.666181091624899
2020-06-12 00:00:00+00:00,1.0771968604484385,1.1567915196859724,1.2384935256438232,1.3219784062829396,1.4928400695807318,1.666181091624899
2020-06-13 00:00:00+00:00,1.0771968604484385,1.1567915196859724,1.2384935256438232,1.3219784062829396,1.4928400695807318,1.666181091624899
2020-06-14 00:00:00+00:00,1.0771968604484385,1.1567915196859724,1.2384935256438232,1.3219784062829396,1.4928400695807318,1.666181091624899
2020-06-15 00:00:00+00:00,1.0771968604484385,1.1567915196859724,1.2384935256438232,1.3219784062829396,1.4928400695807318,1.666181091624899
2020-06-16 00:00:00+00:00,1.0771968604484385,1.1567915196859724,1.2384935256438232,1.3219784062829396,1.4928400695807318,1.666181091624899
2020-06-17 00:00:00+00:00,1.0771968604484385,1.1567915196859724,1.2384935256438232,1.3219784062829396,1.4928400695807318,1.666181091624899
2020-06-18 00:00:00+00:00,1.0771968604484385,1.1567915196859724,1.2384935256438232,1.3219784062829396,1.4928400695807318,1.666181091624899
2020-06-19 00:00:00+00:00,1.0771968604484385,1.1567915196859724,1.2384935256438232,1.3219784062829396,1.4928400695807318,1.666181091624899
2020-06-20 00:00:00+00:00,1.0771968604484385,1.1567915196859724,1.2384935256438232,1.3219784062829396,1.4928400695807318,1.666181091624899
2020-06-21 00:00:00+00:00,1.0771968604484385,1.1567915196859724,1.2384935256438232,1.3219784062829396,1.4928400695807318,1.666181091624899
2020-06-22 00:00:00+00:00,1.0771968604484385,1.1567915196859724,1.2384935256438232,1.3219784062829396,1.4928400695807318,1.666181091624899
2020-06-23 00:00:00+00:00,1.0851682916349166,1.1739124087914963,1.2659886835218135,1.3611098233251595,1.5591236189894775,1.764821170546552
2020-06-24 00:00:00+00:00,1.0851682916349166,1.1739124087914963,1.2659886835218135,1.3611098233251595,1.5591236189894775,1.764821170546552
2020-06-25 00:00:00+00:00,1.0851682916349166,1.1739124087914963,1.2659886835218135,1.3611098233251595,1.5591236189894775,1.764821170546552
2020-06-26 00:00:00+00:00,1.0851682916349166,1.1739124087914963,1.2659886835218135,1.3611098233251595,1.5591236189894775,1.764821170546552
2020-06-27 00:00:00+00:00,1.0851682916349166,1.1739124087914963,1.2659886835218135,1.3611098233251595,1.5591236189894775,1.764821170546552
2020-06-28 00:00:00+00:00,1.0851682916349166,1.1739124087914963,1.2659886835218135,1.3611098233251595,1.5591236189894775,1.764821170546552
2020-06-29 00:00:00+00:00,1.0851682916349166,1.1739124087914963,1.2659886835218135,1.3611098233251595,1.5591236189894775,1.764821170546552
2020-06-30 00:00:00+00:00,1.0851682916349166,1.1739124087914963,1.2659886835218135,1.3611098233251595,1.5591236189894775,1.764821170546552
2020-07-01 00:00:00+00:00,1.0823367912552566,1.1677862927654323,1.25607875305572,1.34690379459685,1.5347145435319502,1.7279819679789519
2020-07-02 00:00:00+00:00,1.0823367912552566,1.1677862927654323,1.25607875305572,1.34690379459685,1.5347145435319502,1.7279819679789519
2020-07-03 00:00:00+00:00,1.0823367912552566,1.1677862927654323,1.25607875305572,1.34690379459685,1.5347145435319502,1.7279819679789519
2020-07-04 00:00:00+00:00,1.0823367912552566,1.1677862927654323,1.25607875305572,1.34690379459685,1.5347145435319502,1.7279819679789519
2020-07-05 00:00:00+00:00,1.0823367912552566,1.1677862927654323,1.25607875305572,1.34690379459685,1.5347145435319502,1.7279819679789519
2020-07-06 00:00:00+00:00,1.0823367912552566,1.1677862927654323,1.25607875305572,1.34690379459685,1.5347145435319502,1.7279819679789519
2020-07-07 00:00:00+00:00,1.0823367912552566,1.1677862927654323,1.25607875305572,1.34690379459685,1.5347145435319502,1.7279819679789519
2020-07-08 00:00:00+00:00,1.090321335129906,1.1850161254129685,1.2838775380406322,1.3866489553630017,1.6026453153964908,1.829962408443731
2020-07-09 00:00:00+00:00,1.090321335129906,1.1850161254129685,1.2838775380406322,1.3866489553630017,1.6026453153964908,1.829962408443731
2020-07-10 00:00:00+00:00,1.090321335129906,1.1850161254129685,1.2838775380406322,1.3866489553630017,1.6026453153964908,1.829962408443731
2020-07-11 00:00:00+00:00,1.090321335129906,1.1850161254129685,1.2838775380406322,1.3866489553630017,1.6026453153964908,1.829962408443731
2020-07-12 00:00:00+00:00,1.090321335129906,1.1850161254129685,1.2838775380406322,1.3866489553630017,1.6026453153964908,1.829962408443731
2020-07-13 00:00:00+00:00,1.090321335129906,1.1850161254129685,1.2838775380406322,1.3866489553630017,1.6026453153964908,1.829962408443731
2020-07-14 00:00:00+00:00,1.090321335129906,1.1850161254129685,1.2838775380406322,1.3866489553630017,1.6026453153964908,1.829962408443731
2020-07-15 00:00:00+00:00,1.090321335129906,1.1850161254129685,1.2838775380406322,1.3866489553630017,1.6026453153964908,1.829962408443731
2020-07-16 00:00:00+00:00,1.090321335129906,1.1850161254129685,1.2838775380406322,1.3866489553630017,1.6026453153964908,1.829962408443731
2020-07-17 00:00:00+00:00,1.090321335129906,1.1850161254129685,1.2838775380406322,1.3866489553630017,1.6026453153964908,1.829962408443731
2020-07-18 00:00:00+00:00,1.090321335129906,1.1850161254129685,1.2838775380406322,1.3866489553630017,1.6026453153964908,1.829962408443731
2020-07-19 00:00:00+00:00,1.090321335129906,1.1850161254129685,1.2838775380406322,1.3866489553630017,1.6026453153964908,1.829962408443731
2020-07-20 00:00:00+00:00,1.090321335129906,1.1850161254129685,1.2838775380406322,1.3866489553630017,1.6026453153964908,1.829962408443731
2020-07-21 00:00:00+00:00,1.0983181182178352,1.2023987384194303,1.3121267060217918,1.427329553120251,1.6731713513889068,1.9373348827255126
2020-07-22 00:00:00+00:00,1.0983181182178352,1.2023987384194303,1.3121267060217918,1.427329553120251,1.6731713513889068,1.9373348827255126
2020-07-23 00:00:00+00:00,1.0983181182178352,1.2023987384194303,1.3121267060217918,1.427329553120251,1.6731713513889068,1.9373348827255126
2020-07-24 00:00:00+00:00,1.0983181182178352,1.2023987384194303,1.3121267060217918,1.427329553120251,1.6731713513889068,1.9373348827255126
2020-07-25 00:00:00+00:00,1.0983181182178352,1.2023987384194303,1.3121267060217918,1.427329553120251,1.6731713513889068,1.9373348827255126
2020-07-26 00:00:00+00:00,1.0983181182178352,1.2023987384194303,1.3121267060217918,1.427329553120251,1.6731713513889068,1.9373348827255126
2020-07-27 00:00:00+00:00,1.0983181182178352,1.2023987384194303,1.3121267060217918,1.427329553120251,1.6731713513889068,1.9373348827255126
2020-07-28 00:00:00+00:00,1.0983181182178352,1.2023987384194303,1.3121267060217918,1.427329553120251,1.6731713513889068,1.9373348827255126
2020-07-29 00:00:00+00:00,1.0983181182178352,1.2023987384194303,1.3121267060217918,1.427329553120251,1.6731713513889068,1.9373348827255126
2020-07-30 00:00:00+00:00,1.0983181182178352,1.2023987384194303,1.3121267060217918,1.427329553120251,1.6731713513889068,1.9373348827255126
2020-07-31 00:00:00+00:00,1.0983181182178352,1.2023987384194303,1.3121267060217918,1.427329553120251,1.6731713513889068,1.9373348827255126
2020-08-01 00:00:00+00:00,1.0983181182178352,1.2023987384194303,1.3121267060217918,1.427329553120251,1.6731713513889068,1.9373348827255126
2020-08-02 00:00:00+00:00,1.0983181182178352,1.2023987384194303,1.3121267060217918,1.427329553120251,1.6731713513889068,1.9373348827255126
2020-08-03 00:00:00+00:00,1.0983181182178352,1.2023987384194303,1.3121267060217918,1.427329553120251,1.6731713513889068,1.9373348827255126
2020-08-04 00:00:00+00:00,1.0983181182178352,1.2023987384194303,1.3121267060217918,1.427329553120251,1.6731713513889068,1.9373348827255126
2020-08-05 00:00:00+00:00,1.1064706171421104,1.220248857176317,1.3413453214172466,1.4697081771396037,1.747688164410947,2.052377111641912
2020-08-06 00:00:00+00:00,1.1064706171421104,1.220248857176317,1.3413453214172466,1.4697081771396037,1.747688164410947,2.052377111641912
2020-08-07 00:00:00+00:00,1.1064706171421104,1.220248857176317,1.3413453214172466,1.4697081771396037,1.747688164410947,2.052377111641912
2020-08-08 00:00:00+00:00,1.1064706171421104,1.220248857176317,1.3413453214172466,1.4697081771396037,1.747688164410947,2.052377111641912
2020-08-09 00:00:00+00:00,1.1064706171421104,1.220248857176317,1.3413453214172466,1.4697081771396037,1.747688164410947,2.052377111641912
2020-08-10 00:00:00+00:00,1.1064706171421104,1.220248857176317,1.3413453214172466,1.4697081771396037,1.747688164410947,2.052377111641912
2020-08-11 00:00:00+00:00,1.1064706171421104,1.220248857176317,1.3413453214172466,1.4697081771396037,1.747688164410947,2.052377111641912
2020-08-12 00:00:00+00:00,1.1064706171421104,1.220248857176317,1.3413453214172466,1.4697081771396037,1.747688164410947,2.052377111641912
2020-08-13 00:00:00+00:00,1.1064706171421104,1.220248857176317,1.3413453214172466,1.4697081771396037,1.747688164410947,2.052377111641912
2020-08-14 00:00:00+00:00,1.1064706171421104,1.220248857176317,1.3413453214172466,1.4697081771396037,1.747688164410947,2.052377111641912
2020-08-15 00:00:00+00:00,1.1064706171421104,1.220248857176317,1.3413453214172466,1.4697081771396037,1.747688164410947,2.052377111641912
2020-08-16 00:00:00+00:00,1.1064706171421104,1.220248857176317,1.3413453214172466,1.4697081771396037,1.747688164410947,2.052377111641912
2020-08-17 00:00:00+00:00,1.1064706171421104,1.220248857176317,1.3413453214172466,1.4697081771396037,1.747688164410947,2.052377111641912
2020-08-18 00:00:00+00:00,1.1064162414877508,1.2201289229836458,1.3411475668765174,1.469419271704207,1.747172841078808,2.0515702264217572
2020-08-19 00:00:00+00:00,1.1064162414877508,1.2201289229836458,1.3411475668765174,1.469419271704207,1.747172841078808,2.0515702264217572
2020-08-20 00:00:00+00:00,1.1064162414877508,1.2201289229836458,1.3411475668765174,1.469419271704207,1.747172841078808,2.0515702264217572
2020-08-21 00:00:00+00:00,1.1064162414877508,1.2201289229836458,1.3411475668765174,1.469419271704207,1.747172841078808,2.0515702264217572
2020-08-22 00:00:00+00:00,1.1064162414877508,1.2201289229836458,1.3411475668765174,1.469419271704207,1.747172841078808,2.0515702264217572
2020-08-23 00:00:00+00:00,1.1064162414877508,1.2201289229836458,1.3411475668765174,1.469419271704207,1.747172841078808,2.0515702264217572
2020-08-24 00:00:00+00:00,1.1064162414877508,1.2201289229836458,1.3411475668765174,1.469419271704207,1.747172841078808,2.0515702264217572
2020-08-25 00:00:00+00:00,1.1064162414877508,1.2201289229836458,1.3411475668765174,1.469419271704207,1.747172841078808,2.0515702264217572
2020-08-26 00:00:00+00:00,1.1064162414877508,1.2201289229836458,1.3411475668765174,1.469419271704207,1.747172841078808,2.0515702264217572
2020-08-27 00:00:00+00:00,1.1064162414877508,1.2201289229836458,1.3411475668765174,1.469419271704207,1.747172841078808,2.0515702264217572
2020-08-28 00:00:00+00:00,1.1064162414877508,1.2201289229836458,1.3411475668765174,1.469419271704207,1.747172841078808,2.0515702264217572
2020-08-29 00:00:00+00:00,1.1064162414877508,1.2201289229836458,1.3411475668765174,1.469419271704207,1.747172841078808,2.0515702264217572
2020-08-30 00:00:00+00:00,1.1064162414877508,1.2201289229836458,1.3411475668765174,1.469419271704207,1.747172841078808,2.0515702264217572
2020-08-31 00:00:00+00:00,1.1064162414877508,1.2201289229836458,1.3411475668765174,1.469419271704207,1.747172841078808,2.0515702264217572
2020-09-01 00:00:00+00:00,1.1035749023865251,1.2138622036651587,1.3308151398583934,1.454325066553446,1.720251812678423,2.0094218451188652
2020-09-02 00:00:00+00:00,1.1035749023865251,1.2138622036651587,1.3308151398583934,1.454325066553446,1.720251812678423,2.0094218451188652
2020-09-03 00:00:00+00:00,1.1035749023865251,1.2138622036651587,1.3308151398583934,1.454325066553446,1.720251812678423,2.0094218451188652
2020-09-04 00:00:00+00:00,1.1035749023865251,1.2138622036651587,1.3308151398583934,1.454325066553446,1.720251812678423,2.0094218451188652
2020-09-05 00:00:00+00:00,1.1035749023865251,1.2138622036651587,1.3308151398583934,1.454325066553446,1.720251812678423,2.0094218451188652
2020-09-06 00:00:00+00:00,1.1035749023865251,1.2138622036651587,1.3308151398583934,1.454325066553446,1.720251812678423,2.0094218451188652
2020-09-07 00:00:00+00:00,1.1035749023865251,1.2138622036651587,1.3308151398583934,1.454325066553446,1.720251812678423,2.0094218451188652
2020-09-08 00:00:00+00:00,1.1035749023865251,1.2138622036651587,1.3308151398583934,1.454325066553446,1.720251812678423,2.0094218451188652
2020-09-09 00:00:00+00:00,1.1035749023865251,1.2138622036651587,1.3308151398583934,1.454325066553446,1.720251812678423,2.0094218451188652
2020-09-10 00:00:00+00:00,1.1007262010375458,1.2075954230604566,1.3205092832936283,1.4393086403190833,1.6936084902427802,1.967925847277814
2020-09-11 00:00:00+00:00,1.1007262010375458,1.2075954230604566,1.3205092832936283,1.4393086403190833,1.6936084902427802,1.967925847277814
2020-09-12 00:00:00+00:00,1.1007262010375458,1.2075954230604566,1.3205092832936283,1.4393086403190833,1.6936084902427802,1.967925847277814
2020-09-13 00:00:00+00:00,1.1007262010375458,1.2075954230604566,1.3205092832936283,1.4393086403190833,1.6936084902427802,1.967925847277814
2020-09-14 00:00:00+00:00,1.1007262010375458,1.2075954230604566,1.3205092832936283,1.4393086403190833,1.6936084902427802,1.967925847277814
2020-09-15 00:00:00+00:00,1.1007262010375458,1.2075954230604566,1.3205092832936283,1.4393086403190833,1.6936084902427802,1.967925847277814
2020-09-16 00:00:00+00:00,1.1007262010375458,1.2075954230604566,1.3205092832936283,1.4393086403190833,1.6936084902427802,1.967925847277814
2020-09-17 00:00:00+00:00,1.1007262010375458,1.2075954230604566,1.3205092832936283,1.4393086403190833,1.6936084902427802,1.967925847277814
2020-09-18 00:00:00+00:00,1.1007262010375458,1.2075954230604566,1.3205092832936283,1.4393086403190833,1.6936084902427802,1.967925847277814
2020-09-19 00:00:00+00:00,1.1007262010375458,1.2075954230604566,1.3205092832936283,1.4393086403190833,1.6936084902427802,1.967925847277814
2020-09-20 00:00:00+00:00,1.1007262010375458,1.2075954230604566,1.3205092832936283,1.4393086403190833,1.6936084902427802,1.967925847277814
2020-09-21 00:00:00+00:00,1.1007262010375458,1.2075954230604566,1.3205092832936283,1.4393086403190833,1.6936084902427802,1.967925847277814
2020-09-22 00:00:00+00:00,1.1007262010375458,1.2075954230604566,1.3205092832936283,1.4393086403190833,1.6936084902427802,1.967925847277814
2020-09-23 00:00:00+00:00,1.1007262010375458,1.2075954230604566,1.3205092832936283,1.4393086403190833,1.6936084902427802,1.967925847277814
2020-09-24 00:00:00+00:00,1.1007262010375458,1.2075954230604566,1.3205092832936283,1.4393086403190833,1.6936084902427802,1.967925847277814
2020-09-25 00:00:00+00:00,1.1007262010375458,1.2075954230604566,1.3205092832936283,1.4393086403190833,1.6936084902427802,1.967925847277814
2020-09-26 00:00:00+00:00,1.1007262010375458,1.2075954230604566,1.3205092832936283,1.4393086403190833,1.6936084902427802,1.967925847277814
2020-09-27 00:00:00+00:00,1.1007262010375458,1.2075954230604566,1.3205092832936283,1.4393086403190833,1.6936084902427802,1.967925847277814
2020-09-28 00:00:00+00:00,1.1007262010375458,1.2075954230604566,1.3205092832936283,1.4393086403190833,1.6936084902427802,1.967925847277814
2020-09-29 00:00:00+00:00,1.1007262010375458,1.2075954230604566,1.3205092832936283,1.4393086403190833,1.6936084902427802,1.967925847277814
2020-09-30 00:00:00+00:00,1.1007262010375458,1.2075954230604566,1.3205092832936283,1.4393086403190833,1.6936084902427802,1.967925847277814
2020-10-01 00:00:00+00:00,1.1007262010375458,1.2075954230604566,1.3205092832936283,1.4393086403190833,1.6936084902427802,1.967925847277814
2020-10-02 00:00:00+00:00,1.1007262010375458,1.2075954230604566,1.3205092832936283,1.4393086403190833,1.6936084902427802,1.967925847277814
2020-10-03 00:00:00+00:00,1.1007262010375458,1.2075954230604566,1.3205092832936283,1.4393086403190833,1.6936084902427802,1.967925847277814
2020-10-04 00:00:00+00:00,1.1007262010375458,1.2075954230604566,1.3205092832936283,1.4393086403190833,1.6936084902427802,1.967925847277814
2020-10-05 00:00:00+00:00,1.1007262010375458,1.2075954230604566,1.3205092832936283,1.4393086403190833,1.6936084902427802,1.967925847277814
2020-10-06 00:00:00+00:00,1.1007262010375458,1.2075954230604566,1.3205092832936283,1.4393086403190833,1.6936084902427802,1.967925847277814
2020-10-07 00:00:00+00:00,1.1007262010375458,1.2075954230604566,1.3205092832936283,1.4393086403190833,1.6936084902427802,1.967925847277814
2020-10-08 00:00:00+00:00,1.1007262010375458,1.2075954230604566,1.3205092832936283,1.4393086403190833,1.6936084902427802,1.967925847277814
2020-10-09 00:00:00+00:00,1.1007262010375458,1.2075954230604566,1.3205092832936283,1.4393086403190833,1.6936084902427802,1.967925847277814
2020-10-10 00:00:00+00:00,1.1007262010375458,1.2075954230604566,1.3205092832936283,1.4393086403190833,1.6936084902427802,1.967925847277814
2020-10-11 00:00:00+00:00,1.1007262010375458,1.2075954230604566,1.3205092832936283,1.4393086403190833,1.6936084902427802,1.967925847277814
2020-10-12 00:00:00+00:00,1.09786884851751,1.2013258787868437,1.310225634576646,1.4243635534604322,1.66723006943484,1.9270578612252447
2020-10-13 00:00:00+00:00,1.09786884851751,1.2013258787868437,1.310225634576646,1.4243635534604322,1.66723006943484,1.9270578612252447
2020-10-14 00:00:00+00:00,1.09786884851751,1.2013258787868437,1.310225634576646,1.4243635534604322,1.66723006943484,1.9270578612252447
2020-10-15 00:00:00+00:00,1.09786884851751,1.2013258787868437,1.310225634576646,1.4243635534604322,1.66723006943484,1.9270578612252447
2020-10-16 00:00:00+00:00,1.09786884851751,1.2013258787868437,1.310225634576646,1.4243635534604322,1.66723006943484,1.9270578612252447
2020-10-17 00:00:00+00:00,1.09786884851751,1.2013258787868437,1.310225634576646,1.4243635534604322,1.66723006943484,1.9270578612252447
2020-10-18 00:00:00+00:00,1.09786884851751,1.2013258787868437,1.310225634576646,1.4243635534604322,1.66723006943484,1.9270578612252447
2020-10-19 00:00:00+00:00,1.09786884851751,1.2013258787868437,1.310225634576646,1.4243635534604322,1.66723006943484,1.9270578612252447
2020-10-20 00:00:00+00:00,1.09786884851751,1.2013258787868437,1.310225634576646,1.4243635534604322,1.66723006943484,1.9270578612252447
2020-10-21 00:00:00+00:00,1.09786884851751,1.2013258787868437,1.310225634576646,1.4243635534604322,1.66723006943484,1.9270578612252447
2020-10-22 00:00:00+00:00,1.0977432102935185,1.2010509234494195,1.3097758146678875,1.4237115465930668,1.6660852997739182,1.925293627710175
2020-10-23 00:00:00+00:00,1.0977432102935185,1.2010509234494195,1.3097758146678875,1.4237115465930668,1.6660852997739182,1.925293627710175
2020-10-24 00:00:00+00:00,1.0977432102935185,1.2010509234494195,1.3097758146678875,1.4237115465930668,1.6660852997739182,1.925293627710175
2020-10-25 00:00:00+00:00,1.0977432102935185,1.2010509234494195,1.3097758146678875,1.4237115465930668,1.6660852997739182,1.925293627710175
2020-10-26 00:00:00+00:00,1.0977432102935185,1.2010509234494195,1.3097758146678875,1.4237115465930668,1.6660852997739182,1.925293627710175
2020-10-27 00:00:00+00:00,1.0977432102935185,1.2010509234494195,1.3097758146678875,1.4237115465930668,1.6660852997739182,1.925293627710175
2020-10-28 00:00:00+00:00,1.0977432102935185,1.2010509234494195,1.3097758146678875,1.4237115465930668,1.6660852997739182,1.925293627710175
2020-10-29 00:00:00+00:00,1.0977432102935185,1.2010509234494195,1.3097758146678875,1.4237115465930668,1.6660852997739182,1.925293627710175
2020-10-30 00:00:00+00:00,1.0977432102935185,1.2010509234494195,1.3097758146678875,1.4237115465930668,1.6660852997739182,1.925293627710175
2020-10-31 00:00:00+00:00,1.0977432102935185,1.2010509234494195,1.3097758146678875,1.4237115465930668,1.6660852997739182,1.925293627710175
2020-11-01 00:00:00+00:00,1.0977432102935185,1.2010509234494195,1.3097758146678875,1.4237115465930668,1.6660852997739182,1.925293627710175
2020-11-02 00:00:00+00:00,1.0977432102935185,1.2010509234494195,1.3097758146678875,1.4237115465930668,1.6660852997739182,1.925293627710175
2020-11-03 00:00:00+00:00,1.0977432102935185,1.2010509234494195,1.3097758146678875,1.4237115465930668,1.6660852997739182,1.925293627710175
2020-11-04 00:00:00+00:00,1.0948724173444915,1.1947690016117265,1.299499927361194,1.4088185150312866,1.6399426506394834,1.8850137566480951
2020-11-05 00:00:00+00:00,1.0948724173444915,1.1947690016117265,1.299499927361194,1.4088185150312866,1.6399426506394834,1.8850137566480951
2020-11-06 00:00:00+00:00,1.0948724173444915,1.1947690016117265,1.299499927361194,1.4088185150312866,1.6399426506394834,1.8850137566480951
2020-11-07 00:00:00+00:00,1.0948724173444915,1.1947690016117265,1.299499927361194,1.4088185150312866,1.6399426506394834,1.8850137566480951
2020-11-08 00:00:00+00:00,1.0948724173444915,1.1947690016117265,1.299499927361194,1.4088185150312866,1.6399426506394834,1.8850137566480951
2020-11-09 00:00:00+00:00,1.0948724173444915,1.1947690016117265,1.299499927361194,1.4088185150312866,1.6399426506394834,1.8850137566480951
2020-11-10 00:00:00+00:00,1.0948724173444915,1.1947690016117265,1.299499927361194,1.4088185150312866,1.6399426506394834,1.8850137566480951
2020-11-11 00:00:00+00:00,1.0948724173444915,1.1947690016117265,1.299499927361194,1.4088185150312866,1.6399426506394834,1.8850137566480951
2020-11-12 00:00:00+00:00,1.0948724173444915,1.1947690016117265,1.299499927361194,1.4088185150312866,1.6399426506394834,1.8850137566480951
2020-11-13 00:00:00+00:00,1.0948724173444915,1.1947690016117265,1.299499927361194,1.4088185150312866,1.6399426506394834,1.8850137566480951
2020-11-14 00:00:00+00:00,1.0948724173444915,1.1947690016117265,1.299499927361194,1.4088185150312866,1.6399426506394834,1.8850137566480951
2020-11-15 00:00:00+00:00,1.0948724173444915,1.1947690016117265,1.299499927361194,1.4088185150312866,1.6399426506394834,1.8850137566480951
2020-11-16 00:00:00+00:00,1.0948724173444915,1.1947690016117265,1.299499927361194,1.4088185150312866,1.6399426506394834,1.8850137566480951
2020-11-17 00:00:00+00:00,1.0948724173444915,1.1947690016117265,1.299499927361194,1.4088185150312866,1.6399426506394834,1.8850137566480951
2020-11-18 00:00:00+00:00,1.0948724173444915,1.1947690016117265,1.299499927361194,1.4088185150312866,1.6399426506394834,1.8850137566480951
2020-11-19 00:00:00+00:00,1.0948724173444915,1.1947690016117265,1.299499927361194,1.4088185150312866,1.6399426506394834,1.8850137566480951
2020-11-20 00:00:00+00:00,1.0948724173444915,1.1947690016117265,1.299499927361194,1.4088185150312866,1.6399426506394834,1.8850137566480951
2020-11-21 00:00:00+00:00,1.0948724173444915,1.1947690016117265,1.299499927361194,1.4088185150312866,1.6399426506394834,1.8850137566480951
2020-11-22 00:00:00+00:00,1.0948724173444915,1.1947690016117265,1.299499927361194,1.4088185150312866,1.6399426506394834,1.8850137566480951
2020-11-23 00:00:00+00:00,1.0948724173444915,1.1947690016117265,1.299499927361194,1.4088185150312866,1.6399426506394834,1.8850137566480951
2020-11-24 00:00:00+00:00,1.0948724173444915,1.1947690016117265,1.299499927361194,1.4088185150312866,1.6399426506394834,1.8850137566480951
2020-11-25 00:00:00+00:00,1.0948724173444915,1.1947690016117265,1.299499927361194,1.4088185150312866,1.6399426506394834,1.8850137566480951
2020-11-26 00:00:00+00:00,1.0948724173444915,1.1947690016117265,1.299499927361194,1.4088185150312866,1.6399426506394834,1.8850137566480951
2020-11-27 00:00:00+00:00,1.0948724173444915,1.1947690016117265,1.299499927361194,1.4088185150312866,1.6399426506394834,1.8850137566480951
2020-11-28 00:00:00+00:00,1.0948724173444915,1.1947690016117265,1.299499927361194,1.4088185150312866,1.6399426506394834,1.8850137566480951
2020-11-29 00:00:00+00:00,1.0948724173444915,1.1947690016117265,1.299499927361194,1.4088185150312866,1.6399426506394834,1.8850137566480951
2020-11-30 00:00:00+00:00,1.0948724173444915,1.1947690016117265,1.299499927361194,1.4088185150312866,1.6399426506394834,1.8850137566480951
2020-12-01 00:00:00+00:00,1.0948724173444915,1.1947690016117265,1.299499927361194,1.4088185150312866,1.6399426506394834,1.8850137566480951
2020-12-02 00:00:00+00:00,1.0948724173444915,1.1947690016117265,1.299499927361194,1.4088185150312866,1.6399426506394834,1.8850137566480951
2020-12-03 00:00:00+00:00,1.0948724173444915,1.1947690016117265,1.299499927361194,1.4088185150312866,1.6399426506394834,1.8850137566480951
2020-12-04 00:00:00+00:00,1.0948724173444915,1.1947690016117265,1.299499927361194,1.4088185150312866,1.6399426506394834,1.8850137566480951
2020-12-05 00:00:00+00:00,1.0948724173444915,1.1947690016117265,1.299499927361194,1.4088185150312866,1.6399426506394834,1.8850137566480951
2020-12-06 00:00:00+00:00,1.0948724173444915,1.1947690016117265,1.299499927361194,1.4088185150312866,1.6399426506394834,1.8850137566480951
2020-12-07 00:00:00+00:00,1.0948724173444915,1.1947690016117265,1.299499927361194,1.4088185150312866,1.6399426506394834,1.8850137566480951
2020-12-08 00:00:00+00:00,1.0948724173444915,1.1947690016117265,1.299499927361194,1.4088185150312866,1.6399426506394834,1.8850137566480951
2020-12-09 00:00:00+00:00,1.0920467782586636,1.188602098626486,1.289438706358783,1.394275039105332,1.6145485354233813,1.8460951139735329
2020-12-10 00:00:00+00:00,1.0920467782586636,1.188602098626486,1.289438706358783,1.394275039105332,1.6145485354233813,1.8460951139735329
2020-12-11 00:00:00+00:00,1.0920467782586636,1.188602098626486,1.289438706358783,1.394275039105332,1.6145485354233813,1.8460951139735329
2020-12-12 00:00:00+00:00,1.0920467782586636,1.188602098626486,1.289438706358783,1.394275039105332,1.6145485354233813,1.8460951139735329
2020-12-13 00:00:00+00:00,1.0920467782586636,1.188602098626486,1.289438706358783,1.394275039105332,1.6145485354233813,1.8460951139735329
2020-12-14 00:00:00+00:00,1.0920467782586636,1.188602098626486,1.289438706358783,1.394275039105332,1.6145485354233813,1.8460951139735329
2020-12-15 00:00:00+00:00,1.0920467782586636,1.188602098626486,1.289438706358783,1.394275039105332,1.6145485354233813,1.8460951139735329
2020-12-16 00:00:00+00:00,1.0892064991846846,1.1824192835031273,1.279377692908363,1.3797696889837672,1.589353084951568,1.807683387112125
2020-12-17 00:00:00+00:00,1.0892064991846846,1.1824192835031273,1.279377692908363,1.3797696889837672,1.589353084951568,1.807683387112125
2020-12-18 00:00:00+00:00,1.0892064991846846,1.1824192835031273,1.279377692908363,1.3797696889837672,1.589353084951568,1.807683387112125
2020-12-19 00:00:00+00:00,1.0892064991846846,1.1824192835031273,1.279377692908363,1.3797696889837672,1.589353084951568,1.807683387112125
2020-12-20 00:00:00+00:00,1.0892064991846846,1.1824192835031273,1.279377692908363,1.3797696889837672,1.589353084951568,1.807683387112125
2020-12-21 00:00:00+00:00,1.0892064991846846,1.1824192835031273,1.279377692908363,1.3797696889837672,1.589353084951568,1.807683387112125
2020-12-22 00:00:00+00:00,1.0892064991846846,1.1824192835031273,1.279377692908363,1.3797696889837672,1.589353084951568,1.807683387112125
2020-12-23 00:00:00+00:00,1.0892064991846846,1.1824192835031273,1.279377692908363,1.3797696889837672,1.589353084951568,1.807683387112125
2020-12-24 00:00:00+00:00,1.0892064991846846,1.1824192835031273,1.279377692908363,1.3797696889837672,1.589353084951568,1.807683387112125
2020-12-25 00:00:00+00:00,1.0892064991846846,1.1824192835031273,1.279377692908363,1.3797696889837672,1.589353084951568,1.807683387112125
2020-12-26 00:00:00+00:00,1.0892064991846846,1.1824192835031273,1.279377692908363,1.3797696889837672,1.589353084951568,1.807683387112125
2020-12-27 00:00:00+00:00,1.0892064991846846,1.1824192835031273,1.279377692908363,1.3797696889837672,1.589353084951568,1.807683387112125
2020-12-28 00:00:00+00:00,1.0890981533966868,1.1821840477620427,1.2789959052921798,1.3792206939701666,1.5884045060777288,1.806244872882371
2020-12-29 00:00:00+00:00,1.0890981533966868,1.1821840477620427,1.2789959052921798,1.3792206939701666,1.5884045060777288,1.806244872882371
2020-12-30 00:00:00+00:00,1.0890981533966868,1.1821840477620427,1.2789959052921798,1.3792206939701666,1.5884045060777288,1.806244872882371
2020-12-31 00:00:00+00:00,1.0890981533966868,1.1821840477620427,1.2789959052921798,1.3792206939701666,1.5884045060777288,1.806244872882371
2021-01-01 00:00:00+00:00,1.0890981533966868,1.1821840477620427,1.2789959052921798,1.3792206939701666,1.5884045060777288,1.806244872882371
2021-01-02 00:00:00+00:00,1.0890981533966868,1.1821840477620427,1.2789959052921798,1.3792206939701666,1.5884045060777288,1.806244872882371
2021-01-03 00:00:00+00:00,1.0890981533966868,1.1821840477620427,1.2789959052921798,1.3792206939701666,1.5884045060777288,1.806244872882371
2021-01-04 00:00:00+00:00,1.0971550053659964,1.1996749999661067,1.3073808969832055,1.420033092484182,1.6589080135877143,1.913141739914975
2021-01-05 00:00:00+00:00,1.0971550053659964,1.1996749999661067,1.3073808969832055,1.420033092484182,1.6589080135877143,1.913141739914975
2021-01-06 00:00:00+00:00,1.0971550053659964,1.1996749999661067,1.3073808969832055,1.420033092484182,1.6589080135877143,1.913141739914975
2021-01-07 00:00:00+00:00,1.0971550053659964,1.1996749999661067,1.3073808969832055,1.420033092484182,1.6589080135877143,1.913141739914975
2021-01-08 00:00:00+00:00,1.0971550053659964,1.1996749999661067,1.3073808969832055,1.420033092484182,1.6589080135877143,1.913141739914975
2021-01-09 00:00:00+00:00,1.0971550053659964,1.1996749999661067,1.3073808969832055,1.420033092484182,1.6589080135877143,1.913141739914975
2021-01-10 00:00:00+00:00,1.0971550053659964,1.1996749999661067,1.3073808969832055,1.420033092484182,1.6589080135877143,1.913141739914975
2021-01-11 00:00:00+00:00,1.0971550053659964,1.1996749999661067,1.3073808969832055,1.420033092484182,1.6589080135877143,1.913141739914975
2021-01-12 00:00:00+00:00,1.0971550053659964,1.1996749999661067,1.3073808969832055,1.420033092484182,1.6589080135877143,1.913141739914975
2021-01-13 00:00:00+00:00,1.0971550053659964,1.1996749999661067,1.3073808969832055,1.420033092484182,1.6589080135877143,1.913141739914975
2021-01-14 00:00:00+00:00,1.0971550053659964,1.1996749999661067,1.3073808969832055,1.420033092484182,1.6589080135877143,1.913141739914975
2021-01-15 00:00:00+00:00,1.0971550053659964,1.1996749999661067,1.3073808969832055,1.420033092484182,1.6589080135877143,1.913141739914975
2021-01-16 00:00:00+00:00,1.0971550053659964,1.1996749999661067,1.3073808969832055,1.420033092484182,1.6589080135877143,1.913141739914975
2021-01-17 00:00:00+00:00,1.0971550053659964,1.1996749999661067,1.3073808969832055,1.420033092484182,1.6589080135877143,1.913141739914975
2021-01-18 00:00:00+00:00,1.0971550053659964,1.1996749999661067,1.3073808969832055,1.420033092484182,1.6589080135877143,1.913141739914975
2021-01-19 00:00:00+00:00,1.0971550053659964,1.1996749999661067,1.3073808969832055,1.420033092484182,1.6589080135877143,1.913141739914975
2021-01-20 00:00:00+00:00,1.0971550053659964,1.1996749999661067,1.3073808969832055,1.420033092484182,1.6589080135877143,1.913141739914975
2021-01-21 00:00:00+00:00,1.0971550053659964,1.1996749999661067,1.3073808969832055,1.420033092484182,1.6589080135877143,1.913141739914975
2021-01-22 00:00:00+00:00,1.0943254892375265,1.1934871782914587,1.2972658576788914,1.4053842725143744,1.6332384940186258,1.8736704500231152
2021-01-23 00:00:00+00:00,1.0943254892375265,1.1934871782914587,1.2972658576788914,1.4053842725143744,1.6332384940186258,1.8736704500231152
2021-01-24 00:00:00+00:00,1.0943254892375265,1.1934871782914587,1.2972658576788914,1.4053842725143744,1.6332384940186258,1.8736704500231152
2021-01-25 00:00:00+00:00,1.0943254892375265,1.1934871782914587,1.2972658576788914,1.4053842725143744,1.6332384940186258,1.8736704500231152
2021-01-26 00:00:00+00:00,1.0943254892375265,1.1934871782914587,1.2972658576788914,1.4053842725143744,1.6332384940186258,1.8736704500231152
2021-01-27 00:00:00+00:00,1.0943254892375265,1.1934871782914587,1.2972658576788914,1.4053842725143744,1.6332384940186258,1.8736704500231152
2021-01-28 00:00:00+00:00,1.0943254892375265,1.1934871782914587,1.2972658576788914,1.4053842725143744,1.6332384940186258,1.8736704500231152
2021-01-29 00:00:00+00:00,1.0943254892375265,1.1934871782914587,1.2972658576788914,1.4053842725143744,1.6332384940186258,1.8736704500231152
2021-01-30 00:00:00+00:00,1.0943254892375265,1.1934871782914587,1.2972658576788914,1.4053842725143744,1.6332384940186258,1.8736704500231152
2021-01-31 00:00:00+00:00,1.0943254892375265,1.1934871782914587,1.2972658576788914,1.4053842725143744,1.6332384940186258,1.8736704500231152
2021-02-01 00:00:00+00:00,1.0943254892375265,1.1934871782914587,1.2972658576788914,1.4053842725143744,1.6332384940186258,1.8736704500231152
2021-02-02 00:00:00+00:00,1.0943254892375265,1.1934871782914587,1.2972658576788914,1.4053842725143744,1.6332384940186258,1.8736704500231152
2021-02-03 00:00:00+00:00,1.0943254892375265,1.1934871782914587,1.2972658576788914,1.4053842725143744,1.6332384940186258,1.8736704500231152
2021-02-04 00:00:00+00:00,1.0943254892375265,1.1934871782914587,1.2972658576788914,1.4053842725143744,1.6332384940186258,1.8736704500231152
2021-02-05 00:00:00+00:00,1.0943254892375265,1.1934871782914587,1.2972658576788914,1.4053842725143744,1.6332384940186258,1.8736704500231152
2021-02-06 00:00:00+00:00,1.0943254892375265,1.1934871782914587,1.2972658576788914,1.4053842725143744,1.6332384940186258,1.8736704500231152
2021-02-07 00:00:00+00:00,1.0943254892375265,1.1934871782914587,1.2972658576788914,1.4053842725143744,1.6332384940186258,1.8736704500231152
2021-02-08 00:00:00+00:00,1.0943254892375265,1.1934871782914587,1.2972658576788914,1.4053842725143744,1.6332384940186258,1.8736704500231152
2021-02-09 00:00:00+00:00,1.0943254892375265,1.1934871782914587,1.2972658576788914,1.4053842725143744,1.6332384940186258,1.8736704500231152
2021-02-10 00:00:00+00:00,1.0943254892375265,1.1934871782914587,1.2972658576788914,1.4053842725143744,1.6332384940186258,1.8736704500231152
2021-02-11 00:00:00+00:00,1.0943254892375265,1.1934871782914587,1.2972658576788914,1.4053842725143744,1.6332384940186258,1.8736704500231152
2021-02-12 00:00:00+00:00,1.0943254892375265,1.1934871782914587,1.2972658576788914,1.4053842725143744,1.6332384940186258,1.8736704500231152
2021-02-13 00:00:00+00:00,1.0943254892375265,1.1934871782914587,1.2972658576788914,1.4053842725143744,1.6332384940186258,1.8736704500231152
2021-02-14 00:00:00+00:00,1.0943254892375265,1.1934871782914587,1.2972658576788914,1.4053842725143744,1.6332384940186258,1.8736704500231152
2021-02-15 00:00:00+00:00,1.0943254892375265,1.1934871782914587,1.2972658576788914,1.4053842725143744,1.6332384940186258,1.8736704500231152
2021-02-16 00:00:00+00:00,1.0943254892375265,1.1934871782914587,1.2972658576788914,1.4053842725143744,1.6332384940186258,1.8736704500231152
2021-02-17 00:00:00+00:00,1.0943254892375265,1.1934871782914587,1.2972658576788914,1.4053842725143744,1.6332384940186258,1.8736704500231152
2021-02-18 00:00:00+00:00,1.0943254892375265,1.1934871782914587,1.2972658576788914,1.4053842725143744,1.6332384940186258,1.8736704500231152
2021-02-19 00:00:00+00:00,1.0943254892375265,1.1934871782914587,1.2972658576788914,1.4053842725143744,1.6332384940186258,1.8736704500231152
2021-02-20 00:00:00+00:00,1.0943254892375265,1.1934871782914587,1.2972658576788914,1.4053842725143744,1.6332384940186258,1.8736704500231152
2021-02-21 00:00:00+00:00,1.0943254892375265,1.1934871782914587,1.2972658576788914,1.4053842725143744,1.6332384940186258,1.8736704500231152
2021-02-22 00:00:00+00:00,1.0943254892375265,1.1934871782914587,1.2972658576788914,1.4053842725143744,1.6332384940186258,1.8736704500231152
2021-02-23 00:00:00+00:00,1.0943254892375265,1.1934871782914587,1.2972658576788914,1.4053842725143744,1.6332384940186258,1.8736704500231152
2021-02-24 00:00:00+00:00,1.0943254892375265,1.1934871782914587,1.2972658576788914,1.4053842725143744,1.6332384940186258,1.8736704500231152
2021-02-25 00:00:00+00:00,1.0943254892375265,1.1934871782914587,1.2972658576788914,1.4053842725143744,1.6332384940186258,1.8736704500231152
2021-02-26 00:00:00+00:00,1.0943254892375265,1.1934871782914587,1.2972658576788914,1.4053842725143744,1.6332384940186258,1.8736704500231152
2021-02-27 00:00:00+00:00,1.0943254892375265,1.1934871782914587,1.2972658576788914,1.4053842725143744,1.6332384940186258,1.8736704500231152
2021-02-28 00:00:00+00:00,1.0943254892375265,1.1934871782914587,1.2972658576788914,1.4053842725143744,1.6332384940186258,1.8736704500231152
2021-03-01 00:00:00+00:00,1.0943254892375265,1.1934871782914587,1.2972658576788914,1.4053842725143744,1.6332384940186258,1.8736704500231152
2021-03-02 00:00:00+00:00,1.0943254892375265,1.1934871782914587,1.2972658576788914,1.4053842725143744,1.6332384940186258,1.8736704500231152
2021-03-03 00:00:00+00:00,1.0943254892375265,1.1934871782914587,1.2972658576788914,1.4053842725143744,1.6332384940186258,1.8736704500231152
2021-03-04 00:00:00+00:00,1.0943254892375265,1.1934871782914587,1.2972658576788914,1.4053842725143744,1.6332384940186258,1.8736704500231152
2021-03-05 00:00:00+00:00,1.0943254892375265,1.1934871782914587,1.2972658576788914,1.4053842725143744,1.6332384940186258,1.8736704500231152
2021-03-06 00:00:00+00:00,1.0943254892375265,1.1934871782914587,1.2972658576788914,1.4053842725143744,1.6332384940186258,1.8736704500231152
2021-03-07 00:00:00+00:00,1.0943254892375265,1.1934871782914587,1.2972658576788914,1.4053842725143744,1.6332384940186258,1.8736704500231152
2021-03-08 00:00:00+00:00,1.0943254892375265,1.1934871782914587,1.2972658576788914,1.4053842725143744,1.6332384940186258,1.8736704500231152
2021-03-09 00:00:00+00:00,1.0943254892375265,1.1934871782914587,1.2972658576788914,1.4053842725143744,1.6332384940186258,1.8736704500231152
2021-03-10 00:00:00+00:00,1.0943254892375265,1.1934871782914587,1.2972658576788914,1.4053842725143744,1.6332384940186258,1.8736704500231152
2021-03-11 00:00:00+00:00,1.0943254892375265,1.1934871782914587,1.2972658576788914,1.4053842725143744,1.6332384940186258,1.8736704500231152
2021-03-12 00:00:00+00:00,1.0943254892375265,1.1934871782914587,1.2972658576788914,1.4053842725143744,1.6332384940186258,1.8736704500231152
2021-03-13 00:00:00+00:00,1.0943254892375265,1.1934871782914587,1.2972658576788914,1.4053842725143744,1.6332384940186258,1.8736704500231152
2021-03-14 00:00:00+00:00,1.0943254892375265,1.1934871782914587,1.2972658576788914,1.4053842725143744,1.6332384940186258,1.8736704500231152
2021-03-15 00:00:00+00:00,1.0943254892375265,1.1934871782914587,1.2972658576788914,1.4053842725143744,1.6332384940186258,1.8736704500231152
2021-03-16 00:00:00+00:00,1.0943254892375265,1.1934871782914587,1.2972658576788914,1.4053842725143744,1.6332384940186258,1.8736704500231152
2021-03-17 00:00:00+00:00,1.0943254892375265,1.1934871782914587,1.2972658576788914,1.4053842725143744,1.6332384940186258,1.8736704500231152
2021-03-18 00:00:00+00:00,1.0943254892375265,1.1934871782914587,1.2972658576788914,1.4053842725143744,1.6332384940186258,1.8736704500231152
2021-03-19 00:00:00+00:00,1.0943254892375265,1.1934871782914587,1.2972658576788914,1.4053842725143744,1.6332384940186258,1.8736704500231152
2021-03-20 00:00:00+00:00,1.0943254892375265,1.1934871782914587,1.2972658576788914,1.4053842725143744,1.6332384940186258,1.8736704500231152
2021-03-21 00:00:00+00:00,1.0943254892375265,1.1934871782914587,1.2972658576788914,1.4053842725143744,1.6332384940186258,1.8736704500231152
2021-03-22 00:00:00+00:00,1.0943254892375265,1.1934871782914587,1.2972658576788914,1.4053842725143744,1.6332384940186258,1.8736704500231152
2021-03-23 00:00:00+00:00,1.0943254892375265,1.1934871782914587,1.2972658576788914,1.4053842725143744,1.6332384940186258,1.8736704500231152
2021-03-24 00:00:00+00:00,1.0943254892375265,1.1934871782914587,1.2972658576788914,1.4053842725143744,1.6332384940186258,1.8736704500231152
2021-03-25 00:00:00+00:00,1.0943254892375265,1.1934871782914587,1.2972658576788914,1.4053842725143744,1.6332384940186258,1.8736704500231152
2021-03-26 00:00:00+00:00,1.0943254892375265,1.1934871782914587,1.2972658576788914,1.4053842725143744,1.6332384940186258,1.8736704500231152
2021-03-27 00:00:00+00:00,1.0943254892375265,1.1934871782914587,1.2972658576788914,1.4053842725143744,1.6332384940186258,1.8736704500231152
2021-03-28 00:00:00+00:00,1.0943254892375265,1.1934871782914587,1.2972658576788914,1.4053842725143744,1.6332384940186258,1.8736704500231152
2021-03-29 00:00:00+00:00,1.0943254892375265,1.1934871782914587,1.2972658576788914,1.4053842725143744,1.6332384940186258,1.8736704500231152
2021-03-30 00:00:00+00:00,1.0943254892375265,1.1934871782914587,1.2972658576788914,1.4053842725143744,1.6332384940186258,1.8736704500231152
2021-03-31 00:00:00+00:00,1.0943254892375265,1.1934871782914587,1.2972658576788914,1.4053842725143744,1.6332384940186258,1.8736704500231152
2021-04-01 00:00:00+00:00,1.0943254892375265,1.1934871782914587,1.2972658576788914,1.4053842725143744,1.6332384940186258,1.8736704500231152
2021-04-02 00:00:00+00:00,1.0943254892375265,1.1934871782914587,1.2972658576788914,1.4053842725143744,1.6332384940186258,1.8736704500231152
2021-04-03 00:00:00+00:00,1.0943254892375265,1.1934871782914587,1.2972658576788914,1.4053842725143744,1.6332384940186258,1.8736704500231152
2021-04-04 00:00:00+00:00,1.0943254892375265,1.1934871782914587,1.2972658576788914,1.4053842725143744,1.6332384940186258,1.8736704500231152
2021-04-05 00:00:00+00:00,1.0943254892375265,1.1934871782914587,1.2972658576788914,1.4053842725143744,1.6332384940186258,1.8736704500231152
2021-04-06 00:00:00+00:00,1.0943254892375265,1.1934871782914587,1.2972658576788914,1.4053842725143744,1.6332384940186258,1.8736704500231152
2021-04-07 00:00:00+00:00,1.0914706230751907,1.1872600617817997,1.2871129723525485,1.390718858817484,1.6076738296251465,1.8345663376196562
2021-04-08 00:00:00+00:00,1.0914706230751907,1.1872600617817997,1.2871129723525485,1.390718858817484,1.6076738296251465,1.8345663376196562
2021-04-09 00:00:00+00:00,1.0914706230751907,1.1872600617817997,1.2871129723525485,1.390718858817484,1.6076738296251465,1.8345663376196562
2021-04-10 00:00:00+00:00,1.0914706230751907,1.1872600617817997,1.2871129723525485,1.390718858817484,1.6076738296251465,1.8345663376196562
2021-04-11 00:00:00+00:00,1.0914706230751907,1.1872600617817997,1.2871129723525485,1.390718858817484,1.6076738296251465,1.8345663376196562
2021-04-12 00:00:00+00:00,1.0914706230751907,1.1872600617817997,1.2871129723525485,1.390718858817484,1.6076738296251465,1.8345663376196562
2021-04-13 00:00:00+00:00,1.0914706230751907,1.1872600617817997,1.2871129723525485,1.390718858817484,1.6076738296251465,1.8345663376196562
2021-04-14 00:00:00+00:00,1.0914706230751907,1.1872600617817997,1.2871129723525485,1.390718858817484,1.6076738296251465,1.8345663376196562
2021-04-15 00:00:00+00:00,1.0914706230751907,1.1872600617817997,1.2871129723525485,1.390718858817484,1.6076738296251465,1.8345663376196562
2021-04-16 00:00:00+00:00,1.0914706230751907,1.1872600617817997,1.2871129723525485,1.390718858817484,1.6076738296251465,1.8345663376196562
2021-04-17 00:00:00+00:00,1.0914706230751907,1.1872600617817997,1.2871129723525485,1.390718858817484,1.6076738296251465,1.8345663376196562
2021-04-18 00:00:00+00:00,1.0914706230751907,1.1872600617817997,1.2871129723525485,1.390718858817484,1.6076738296251465,1.8345663376196562
2021-04-19 00:00:00+00:00,1.0914706230751907,1.1872600617817997,1.2871129723525485,1.390718858817484,1.6076738296251465,1.8345663376196562
2021-04-20 00:00:00+00:00,1.0913561164723362,1.1870109499623787,1.2867078778016605,1.3901352554160467,1.6066618595464113,1.8330266171391165
2021-04-21 00:00:00+00:00,1.0913561164723362,1.1870109499623787,1.2867078778016605,1.3901352554160467,1.6066618595464113,1.8330266171391165
2021-04-22 00:00:00+00:00,1.0885121910593167,1.180824572197727,1.2766489213045618,1.3756452427767587,1.5815414075315581,1.7948136752731856
2021-04-23 00:00:00+00:00,1.0885121910593167,1.180824572197727,1.2766489213045618,1.3756452427767587,1.5815414075315581,1.7948136752731856
2021-04-24 00:00:00+00:00,1.0885121910593167,1.180824572197727,1.2766489213045618,1.3756452427767587,1.5815414075315581,1.7948136752731856
2021-04-25 00:00:00+00:00,1.0885121910593167,1.180824572197727,1.2766489213045618,1.3756452427767587,1.5815414075315581,1.7948136752731856
2021-04-26 00:00:00+00:00,1.0885121910593167,1.180824572197727,1.2766489213045618,1.3756452427767587,1.5815414075315581,1.7948136752731856
2021-04-27 00:00:00+00:00,1.0885121910593167,1.180824572197727,1.2766489213045618,1.3756452427767587,1.5815414075315581,1.7948136752731856
2021-04-28 00:00:00+00:00,1.0885121910593167,1.180824572197727,1.2766489213045618,1.3756452427767587,1.5815414075315581,1.7948136752731856
2021-04-29 00:00:00+00:00,1.0885121910593167,1.180824572197727,1.2766489213045618,1.3756452427767587,1.5815414075315581,1.7948136752731856
2021-04-30 00:00:00+00:00,1.0885121910593167,1.180824572197727,1.2766489213045618,1.3756452427767587,1.5815414075315581,1.7948136752731856
2021-05-01 00:00:00+00:00,1.0885121910593167,1.180824572197727,1.2766489213045618,1.3756452427767587,1.5815414075315581,1.7948136752731856
2021-05-02 00:00:00+00:00,1.0885121910593167,1.180824572197727,1.2766489213045618,1.3756452427767587,1.5815414075315581,1.7948136752731856
2021-05-03 00:00:00+00:00,1.0885121910593167,1.180824572197727,1.2766489213045618,1.3756452427767587,1.5815414075315581,1.7948136752731856
2021-05-04 00:00:00+00:00,1.0856724397286326,1.1746634135488014,1.2666572128895288,1.3612899036604447,1.5567855011478229,1.7573546587215967
2021-05-05 00:00:00+00:00,1.0856724397286326,1.1746634135488014,1.2666572128895288,1.3612899036604447,1.5567855011478229,1.7573546587215967
2021-05-06 00:00:00+00:00,1.0856724397286326,1.1746634135488014,1.2666572128895288,1.3612899036604447,1.5567855011478229,1.7573546587215967
2021-05-07 00:00:00+00:00,1.0937075501064728,1.192050886674737,1.2947809732725377,1.4015897739781815,1.6259165366900208,1.8614047433631067
2021-05-08 00:00:00+00:00,1.0937075501064728,1.192050886674737,1.2947809732725377,1.4015897739781815,1.6259165366900208,1.8614047433631067
2021-05-09 00:00:00+00:00,1.0937075501064728,1.192050886674737,1.2947809732725377,1.4015897739781815,1.6259165366900208,1.8614047433631067
2021-05-10 00:00:00+00:00,1.0937075501064728,1.192050886674737,1.2947809732725377,1.4015897739781815,1.6259165366900208,1.8614047433631067
2021-05-11 00:00:00+00:00,1.0937075501064728,1.192050886674737,1.2947809732725377,1.4015897739781815,1.6259165366900208,1.8614047433631067
2021-05-12 00:00:00+00:00,1.0937075501064728,1.192050886674737,1.2947809732725377,1.4015897739781815,1.6259165366900208,1.8614047433631067
2021-05-13 00:00:00+00:00,1.0937075501064728,1.192050886674737,1.2947809732725377,1.4015897739781815,1.6259165366900208,1.8614047433631067
2021-05-14 00:00:00+00:00,1.0937075501064728,1.192050886674737,1.2947809732725377,1.4015897739781815,1.6259165366900208,1.8614047433631067
2021-05-15 00:00:00+00:00,1.0937075501064728,1.192050886674737,1.2947809732725377,1.4015897739781815,1.6259165366900208,1.8614047433631067
2021-05-16 00:00:00+00:00,1.0937075501064728,1.192050886674737,1.2947809732725377,1.4015897739781815,1.6259165366900208,1.8614047433631067
2021-05-17 00:00:00+00:00,1.0935837507581188,1.1917810245475882,1.2943412952962723,1.4009551769118587,1.6248122886246177,1.8597191688657628
2021-05-18 00:00:00+00:00,1.0935837507581188,1.1917810245475882,1.2943412952962723,1.4009551769118587,1.6248122886246177,1.8597191688657628
2021-05-19 00:00:00+00:00,1.0935837507581188,1.1917810245475882,1.2943412952962723,1.4009551769118587,1.6248122886246177,1.8597191688657628
2021-05-20 00:00:00+00:00,1.0935837507581188,1.1917810245475882,1.2943412952962723,1.4009551769118587,1.6248122886246177,1.8597191688657628
2021-05-21 00:00:00+00:00,1.0935837507581188,1.1917810245475882,1.2943412952962723,1.4009551769118587,1.6248122886246177,1.8597191688657628
2021-05-22 00:00:00+00:00,1.0935837507581188,1.1917810245475882,1.2943412952962723,1.4009551769118587,1.6248122886246177,1.8597191688657628
2021-05-23 00:00:00+00:00,1.0935837507581188,1.1917810245475882,1.2943412952962723,1.4009551769118587,1.6248122886246177,1.8597191688657628
2021-05-24 00:00:00+00:00,1.0935837507581188,1.1917810245475882,1.2943412952962723,1.4009551769118587,1.6248122886246177,1.8597191688657628
2021-05-25 00:00:00+00:00,1.0935837507581188,1.1917810245475882,1.2943412952962723,1.4009551769118587,1.6248122886246177,1.8597191688657628
2021-05-26 00:00:00+00:00,1.0934675668203853,1.191527791428036,1.2939287571572746,1.4003598188007715,1.6237765540155071,1.8581385345817036
2021-05-27 00:00:00+00:00,1.0934675668203853,1.191527791428036,1.2939287571572746,1.4003598188007715,1.6237765540155071,1.8581385345817036
2021-05-28 00:00:00+00:00,1.0934675668203853,1.191527791428036,1.2939287571572746,1.4003598188007715,1.6237765540155071,1.8581385345817036
2021-05-29 00:00:00+00:00,1.0934675668203853,1.191527791428036,1.2939287571572746,1.4003598188007715,1.6237765540155071,1.8581385345817036
2021-05-30 00:00:00+00:00,1.0934675668203853,1.191527791428036,1.2939287571572746,1.4003598188007715,1.6237765540155071,1.8581385345817036
2021-05-31 00:00:00+00:00,1.0934675668203853,1.191527791428036,1.2939287571572746,1.4003598188007715,1.6237765540155071,1.8581385345817036
2021-06-01 00:00:00+00:00,1.0905722572075063,1.1852178797795987,1.2836504704956817,1.3855281937287882,1.5979797073124298,1.8187783448551498
2021-06-02 00:00:00+00:00,1.0905722572075063,1.1852178797795987,1.2836504704956817,1.3855281937287882,1.5979797073124298,1.8187783448551498
2021-06-03 00:00:00+00:00,1.0905722572075063,1.1852178797795987,1.2836504704956817,1.3855281937287882,1.5979797073124298,1.8187783448551498
2021-06-04 00:00:00+00:00,1.0905722572075063,1.1852178797795987,1.2836504704956817,1.3855281937287882,1.5979797073124298,1.8187783448551498
2021-06-05 00:00:00+00:00,1.0905722572075063,1.1852178797795987,1.2836504704956817,1.3855281937287882,1.5979797073124298,1.8187783448551498
2021-06-06 00:00:00+00:00,1.0905722572075063,1.1852178797795987,1.2836504704956817,1.3855281937287882,1.5979797073124298,1.8187783448551498
2021-06-07 00:00:00+00:00,1.0905722572075063,1.1852178797795987,1.2836504704956817,1.3855281937287882,1.5979797073124298,1.8187783448551498
2021-06-08 00:00:00+00:00,1.0905722572075063,1.1852178797795987,1.2836504704956817,1.3855281937287882,1.5979797073124298,1.8187783448551498
2021-06-09 00:00:00+00:00,1.0905722572075063,1.1852178797795987,1.2836504704956817,1.3855281937287882,1.5979797073124298,1.8187783448551498
2021-06-10 00:00:00+00:00,1.0905722572075063,1.1852178797795987,1.2836504704956817,1.3855281937287882,1.5979797073124298,1.8187783448551498
2021-06-11 00:00:00+00:00,1.0905722572075063,1.1852178797795987,1.2836504704956817,1.3855281937287882,1.5979797073124298,1.8187783448551498
2021-06-12 00:00:00+00:00,1.0905722572075063,1.1852178797795987,1.2836504704956817,1.3855281937287882,1.5979797073124298,1.8187783448551498
2021-06-13 00:00:00+00:00,1.0905722572075063,1.1852178797795987,1.2836504704956817,1.3855281937287882,1.5979797073124298,1.8187783448551498
2021-06-14 00:00:00+00:00,1.0905722572075063,1.1852178797795987,1.2836504704956817,1.3855281937287882,1.5979797073124298,1.8187783448551498
2021-06-15 00:00:00+00:00,1.0905722572075063,1.1852178797795987,1.2836504704956817,1.3855281937287882,1.5979797073124298,1.8187783448551498
2021-06-16 00:00:00+00:00,1.0905722572075063,1.1852178797795987,1.2836504704956817,1.3855281937287882,1.5979797073124298,1.8187783448551498
2021-06-17 00:00:00+00:00,1.0905722572075063,1.1852178797795987,1.2836504704956817,1.3855281937287882,1.5979797073124298,1.8187783448551498
2021-06-18 00:00:00+00:00,1.0905722572075063,1.1852178797795987,1.2836504704956817,1.3855281937287882,1.5979797073124298,1.8187783448551498
2021-06-19 00:00:00+00:00,1.0905722572075063,1.1852178797795987,1.2836504704956817,1.3855281937287882,1.5979797073124298,1.8187783448551498
2021-06-20 00:00:00+00:00,1.0905722572075063,1.1852178797795987,1.2836504704956817,1.3855281937287882,1.5979797073124298,1.8187783448551498
2021-06-21 00:00:00+00:00,1.0905722572075063,1.1852178797795987,1.2836504704956817,1.3855281937287882,1.5979797073124298,1.8187783448551498
2021-06-22 00:00:00+00:00,1.0905722572075063,1.1852178797795987,1.2836504704956817,1.3855281937287882,1.5979797073124298,1.8187783448551498
2021-06-23 00:00:00+00:00,1.0905722572075063,1.1852178797795987,1.2836504704956817,1.3855281937287882,1.5979797073124298,1.8187783448551498
2021-06-24 00:00:00+00:00,1.0905722572075063,1.1852178797795987,1.2836504704956817,1.3855281937287882,1.5979797073124298,1.8187783448551498
2021-06-25 00:00:00+00:00,1.0905722572075063,1.1852178797795987,1.2836504704956817,1.3855281937287882,1.5979797073124298,1.8187783448551498
2021-06-26 00:00:00+00:00,1.0905722572075063,1.1852178797795987,1.2836504704956817,1.3855281937287882,1.5979797073124298,1.8187783448551498
2021-06-27 00:00:00+00:00,1.0905722572075063,1.1852178797795987,1.2836504704956817,1.3855281937287882,1.5979797073124298,1.8187783448551498
2021-06-28 00:00:00+00:00,1.0905722572075063,1.1852178797795987,1.2836504704956817,1.3855281937287882,1.5979797073124298,1.8187783448551498
2021-06-29 00:00:00+00:00,1.0905722572075063,1.1852178797795987,1.2836504704956817,1.3855281937287882,1.5979797073124298,1.8187783448551498
2021-06-30 00:00:00+00:00,1.0905722572075063,1.1852178797795987,1.2836504704956817,1.3855281937287882,1.5979797073124298,1.8187783448551498
2021-07-01 00:00:00+00:00,1.0905722572075063,1.1852178797795987,1.2836504704956817,1.3855281937287882,1.5979797073124298,1.8187783448551498
2021-07-02 00:00:00+00:00,1.0905722572075063,1.1852178797795987,1.2836504704956817,1.3855281937287882,1.5979797073124298,1.8187783448551498
2021-07-03 00:00:00+00:00,1.0905722572075063,1.1852178797795987,1.2836504704956817,1.3855281937287882,1.5979797073124298,1.8187783448551498
2021-07-04 00:00:00+00:00,1.0905722572075063,1.1852178797795987,1.2836504704956817,1.3855281937287882,1.5979797073124298,1.8187783448551498
2021-07-05 00:00:00+00:00,1.0905722572075063,1.1852178797795987,1.2836504704956817,1.3855281937287882,1.5979797073124298,1.8187783448551498
2021-07-06 00:00:00+00:00,1.0905722572075063,1.1852178797795987,1.2836504704956817,1.3855281937287882,1.5979797073124298,1.8187783448551498
2021-07-07 00:00:00+00:00,1.0905722572075063,1.1852178797795987,1.2836504704956817,1.3855281937287882,1.5979797073124298,1.8187783448551498
2021-07-08 00:00:00+00:00,1.0905722572075063,1.1852178797795987,1.2836504704956817,1.3855281937287882,1.5979797073124298,1.8187783448551498
2021-07-09 00:00:00+00:00,1.0905722572075063,1.1852178797795987,1.2836504704956817,1.3855281937287882,1.5979797073124298,1.8187783448551498
2021-07-10 00:00:00+00:00,1.0905722572075063,1.1852178797795987,1.2836504704956817,1.3855281937287882,1.5979797073124298,1.8187783448551498
2021-07-11 00:00:00+00:00,1.0905722572075063,1.1852178797795987,1.2836504704956817,1.3855281937287882,1.5979797073124298,1.8187783448551498
2021-07-12 00:00:00+00:00,1.0905722572075063,1.1852178797795987,1.2836504704956817,1.3855281937287882,1.5979797073124298,1.8187783448551498
2021-07-13 00:00:00+00:00,1.0905722572075063,1.1852178797795987,1.2836504704956817,1.3855281937287882,1.5979797073124298,1.8187783448551498
2021-07-14 00:00:00+00:00,1.0905722572075063,1.1852178797795987,1.2836504704956817,1.3855281937287882,1.5979797073124298,1.8187783448551498
2021-07-15 00:00:00+00:00,1.0904470292014399,1.1849456878714364,1.283208274241805,1.3848918051469121,1.5968787524082932,1.8171075744199203
2021-07-16 00:00:00+00:00,1.0904470292014399,1.1849456878714364,1.283208274241805,1.3848918051469121,1.5968787524082932,1.8171075744199203
2021-07-17 00:00:00+00:00,1.0904470292014399,1.1849456878714364,1.283208274241805,1.3848918051469121,1.5968787524082932,1.8171075744199203
2021-07-18 00:00:00+00:00,1.0904470292014399,1.1849456878714364,1.283208274241805,1.3848918051469121,1.5968787524082932,1.8171075744199203
2021-07-19 00:00:00+00:00,1.0904470292014399,1.1849456878714364,1.283208274241805,1.3848918051469121,1.5968787524082932,1.8171075744199203
2021-07-20 00:00:00+00:00,1.0904470292014399,1.1849456878714364,1.283208274241805,1.3848918051469121,1.5968787524082932,1.8171075744199203
2021-07-21 00:00:00+00:00,1.0904470292014399,1.1849456878714364,1.283208274241805,1.3848918051469121,1.5968787524082932,1.8171075744199203
2021-07-22 00:00:00+00:00,1.0904470292014399,1.1849456878714364,1.283208274241805,1.3848918051469121,1.5968787524082932,1.8171075744199203
2021-07-23 00:00:00+00:00,1.0904470292014399,1.1849456878714364,1.283208274241805,1.3848918051469121,1.5968787524082932,1.8171075744199203
2021-07-24 00:00:00+00:00,1.0904470292014399,1.1849456878714364,1.283208274241805,1.3848918051469121,1.5968787524082932,1.8171075744199203
2021-07-25 00:00:00+00:00,1.0904470292014399,1.1849456878714364,1.283208274241805,1.3848918051469121,1.5968787524082932,1.8171075744199203
2021-07-26 00:00:00+00:00,1.0904470292014399,1.1849456878714364,1.283208274241805,1.3848918051469121,1.5968787524082932,1.8171075744199203
2021-07-27 00:00:00+00:00,1.0904470292014399,1.1849456878714364,1.283208274241805,1.3848918051469121,1.5968787524082932,1.8171075744199203
2021-07-28 00:00:00+00:00,1.0904470292014399,1.1849456878714364,1.283208274241805,1.3848918051469121,1.5968787524082932,1.8171075744199203
2021-07-29 00:00:00+00:00,1.0904470292014399,1.1849456878714364,1.283208274241805,1.3848918051469121,1.5968787524082932,1.8171075744199203
2021-07-30 00:00:00+00:00,1.090311203493956,1.1846504950155248,1.2827287662958966,1.3842017985562738,1.5956853123942245,1.8152968680563057
2021-07-31 00:00:00+00:00,1.090311203493956,1.1846504950155248,1.2827287662958966,1.3842017985562738,1.5956853123942245,1.8152968680563057
2021-08-01 00:00:00+00:00,1.090311203493956,1.1846504950155248,1.2827287662958966,1.3842017985562738,1.5956853123942245,1.8152968680563057
2021-08-02 00:00:00+00:00,1.090311203493956,1.1846504950155248,1.2827287662958966,1.3842017985562738,1.5956853123942245,1.8152968680563057
2021-08-03 00:00:00+00:00,1.090311203493956,1.1846504950155248,1.2827287662958966,1.3842017985562738,1.5956853123942245,1.8152968680563057
2021-08-04 00:00:00+00:00,1.090311203493956,1.1846504950155248,1.2827287662958966,1.3842017985562738,1.5956853123942245,1.8152968680563057
2021-08-05 00:00:00+00:00,1.090311203493956,1.1846504950155248,1.2827287662958966,1.3842017985562738,1.5956853123942245,1.8152968680563057
2021-08-06 00:00:00+00:00,1.090311203493956,1.1846504950155248,1.2827287662958966,1.3842017985562738,1.5956853123942245,1.8152968680563057
2021-08-07 00:00:00+00:00,1.090311203493956,1.1846504950155248,1.2827287662958966,1.3842017985562738,1.5956853123942245,1.8152968680563057
2021-08-08 00:00:00+00:00,1.090311203493956,1.1846504950155248,1.2827287662958966,1.3842017985562738,1.5956853123942245,1.8152968680563057
2021-08-09 00:00:00+00:00,1.090311203493956,1.1846504950155248,1.2827287662958966,1.3842017985562738,1.5956853123942245,1.8152968680563057
2021-08-10 00:00:00+00:00,1.090311203493956,1.1846504950155248,1.2827287662958966,1.3842017985562738,1.5956853123942245,1.8152968680563057
2021-08-11 00:00:00+00:00,1.090311203493956,1.1846504950155248,1.2827287662958966,1.3842017985562738,1.5956853123942245,1.8152968680563057
2021-08-12 00:00:00+00:00,1.090311203493956,1.1846504950155248,1.2827287662958966,1.3842017985562738,1.5956853123942245,1.8152968680563057
2021-08-13 00:00:00+00:00,1.090311203493956,1.1846504950155248,1.2827287662958966,1.3842017985562738,1.5956853123942245,1.8152968680563057
2021-08-14 00:00:00+00:00,1.090311203493956,1.1846504950155248,1.2827287662958966,1.3842017985562738,1.5956853123942245,1.8152968680563057
2021-08-15 00:00:00+00:00,1.090311203493956,1.1846504950155248,1.2827287662958966,1.3842017985562738,1.5956853123942245,1.8152968680563057
2021-08-16 00:00:00+00:00,1.090311203493956,1.1846504950155248,1.2827287662958966,1.3842017985562738,1.5956853123942245,1.8152968680563057
2021-08-17 00:00:00+00:00,1.0874530767465374,1.1784396420860195,1.2726411838197604,1.3696876885605198,1.570587867606707,1.7772281147207771
2021-08-18 00:00:00+00:00,1.0874530767465374,1.1784396420860195,1.2726411838197604,1.3696876885605198,1.570587867606707,1.7772281147207771
2021-08-19 00:00:00+00:00,1.0874530767465374,1.1784396420860195,1.2726411838197604,1.3696876885605198,1.570587867606707,1.7772281147207771
2021-08-20 00:00:00+00:00,1.0874530767465374,1.1784396420860195,1.2726411838197604,1.3696876885605198,1.570587867606707,1.7772281147207771
2021-08-21 00:00:00+00:00,1.0874530767465374,1.1784396420860195,1.2726411838197604,1.3696876885605198,1.570587867606707,1.7772281147207771
2021-08-22 00:00:00+00:00,1.0874530767465374,1.1784396420860195,1.2726411838197604,1.3696876885605198,1.570587867606707,1.7772281147207771
2021-08-23 00:00:00+00:00,1.0874530767465374,1.1784396420860195,1.2726411838197604,1.3696876885605198,1.570587867606707,1.7772281147207771
2021-08-24 00:00:00+00:00,1.0874530767465374,1.1784396420860195,1.2726411838197604,1.3696876885605198,1.570587867606707,1.7772281147207771
2021-08-25 00:00:00+00:00,1.0846105287306662,1.1722788773816566,1.2626613223912404,1.3553665077951698,1.5459552382696864,1.7400634306767415
2021-08-26 00:00:00+00:00,1.0846105287306662,1.1722788773816566,1.2626613223912404,1.3553665077951698,1.5459552382696864,1.7400634306767415
2021-08-27 00:00:00+00:00,1.0846105287306662,1.1722788773816566,1.2626613223912404,1.3553665077951698,1.5459552382696864,1.7400634306767415
2021-08-28 00:00:00+00:00,1.0846105287306662,1.1722788773816566,1.2626613223912404,1.3553665077951698,1.5459552382696864,1.7400634306767415
2021-08-29 00:00:00+00:00,1.0846105287306662,1.1722788773816566,1.2626613223912404,1.3553665077951698,1.5459552382696864,1.7400634306767415
2021-08-30 00:00:00+00:00,1.084494304458708,1.1720276401763254,1.2622554110828847,1.35478555645298,1.5449612730593842,1.7385717423699507
2021-08-31 00:00:00+00:00,1.084494304458708,1.1720276401763254,1.2622554110828847,1.35478555645298,1.5449612730593842,1.7385717423699507
2021-09-01 00:00:00+00:00,1.084494304458708,1.1720276401763254,1.2622554110828847,1.35478555645298,1.5449612730593842,1.7385717423699507
2021-09-02 00:00:00+00:00,1.084494304458708,1.1720276401763254,1.2622554110828847,1.35478555645298,1.5449612730593842,1.7385717423699507
2021-09-03 00:00:00+00:00,1.084494304458708,1.1720276401763254,1.2622554110828847,1.35478555645298,1.5449612730593842,1.7385717423699507
2021-09-04 00:00:00+00:00,1.084494304458708,1.1720276401763254,1.2622554110828847,1.35478555645298,1.5449612730593842,1.7385717423699507
2021-09-05 00:00:00+00:00,1.084494304458708,1.1720276401763254,1.2622554110828847,1.35478555645298,1.5449612730593842,1.7385717423699507
2021-09-06 00:00:00+00:00,1.0816353508149892,1.1658482205543959,1.252272703865384,1.340499564955727,1.5205242282015645,1.7019058346023936
2021-09-07 00:00:00+00:00,1.0816353508149892,1.1658482205543959,1.252272703865384,1.340499564955727,1.5205242282015645,1.7019058346023936
2021-09-08 00:00:00+00:00,1.0816353508149892,1.1658482205543959,1.252272703865384,1.340499564955727,1.5205242282015645,1.7019058346023936
2021-09-09 00:00:00+00:00,1.0816353508149892,1.1658482205543959,1.252272703865384,1.340499564955727,1.5205242282015645,1.7019058346023936
2021-09-10 00:00:00+00:00,1.0816353508149892,1.1658482205543959,1.252272703865384,1.340499564955727,1.5205242282015645,1.7019058346023936
2021-09-11 00:00:00+00:00,1.0816353508149892,1.1658482205543959,1.252272703865384,1.340499564955727,1.5205242282015645,1.7019058346023936
2021-09-12 00:00:00+00:00,1.0816353508149892,1.1658482205543959,1.252272703865384,1.340499564955727,1.5205242282015645,1.7019058346023936
2021-09-13 00:00:00+00:00,1.0816353508149892,1.1658482205543959,1.252272703865384,1.340499564955727,1.5205242282015645,1.7019058346023936
2021-09-14 00:00:00+00:00,1.0816353508149892,1.1658482205543959,1.252272703865384,1.340499564955727,1.5205242282015645,1.7019058346023936
2021-09-15 00:00:00+00:00,1.078808241784001,1.1597537821087451,1.2424533739007422,1.326484718184062,1.496678736608787,1.6663191770378416
2021-09-16 00:00:00+00:00,1.078808241784001,1.1597537821087451,1.2424533739007422,1.326484718184062,1.496678736608787,1.6663191770378416
2021-09-17 00:00:00+00:00,1.078808241784001,1.1597537821087451,1.2424533739007422,1.326484718184062,1.496678736608787,1.6663191770378416
2021-09-18 00:00:00+00:00,1.078808241784001,1.1597537821087451,1.2424533739007422,1.326484718184062,1.496678736608787,1.6663191770378416
2021-09-19 00:00:00+00:00,1.078808241784001,1.1597537821087451,1.2424533739007422,1.326484718184062,1.496678736608787,1.6663191770378416
2021-09-20 00:00:00+00:00,1.078808241784001,1.1597537821087451,1.2424533739007422,1.326484718184062,1.496678736608787,1.6663191770378416
2021-09-21 00:00:00+00:00,1.078808241784001,1.1597537821087451,1.2424533739007422,1.326484718184062,1.496678736608787,1.6663191770378416
2021-09-22 00:00:00+00:00,1.078808241784001,1.1597537821087451,1.2424533739007422,1.326484718184062,1.496678736608787,1.6663191770378416
2021-09-23 00:00:00+00:00,1.078808241784001,1.1597537821087451,1.2424533739007422,1.326484718184062,1.496678736608787,1.6663191770378416
2021-09-24 00:00:00+00:00,1.078808241784001,1.1597537821087451,1.2424533739007422,1.326484718184062,1.496678736608787,1.6663191770378416
2021-09-25 00:00:00+00:00,1.078808241784001,1.1597537821087451,1.2424533739007422,1.326484718184062,1.496678736608787,1.6663191770378416
2021-09-26 00:00:00+00:00,1.078808241784001,1.1597537821087451,1.2424533739007422,1.326484718184062,1.496678736608787,1.6663191770378416
2021-09-27 00:00:00+00:00,1.078808241784001,1.1597537821087451,1.2424533739007422,1.326484718184062,1.496678736608787,1.6663191770378416
2021-09-28 00:00:00+00:00,1.078808241784001,1.1597537821087451,1.2424533739007422,1.326484718184062,1.496678736608787,1.6663191770378416
2021-09-29 00:00:00+00:00,1.078808241784001,1.1597537821087451,1.2424533739007422,1.326484718184062,1.496678736608787,1.6663191770378416
2021-09-30 00:00:00+00:00,1.078808241784001,1.1597537821087451,1.2424533739007422,1.326484718184062,1.496678736608787,1.6663191770378416
2021-10-01 00:00:00+00:00,1.078808241784001,1.1597537821087451,1.2424533739007422,1.326484718184062,1.496678736608787,1.6663191770378416
2021-10-02 00:00:00+00:00,1.078808241784001,1.1597537821087451,1.2424533739007422,1.326484718184062,1.496678736608787,1.6663191770378416
2021-10-03 00:00:00+00:00,1.078808241784001,1.1597537821087451,1.2424533739007422,1.326484718184062,1.496678736608787,1.6663191770378416
2021-10-04 00:00:00+00:00,1.078808241784001,1.1597537821087451,1.2424533739007422,1.326484718184062,1.496678736608787,1.6663191770378416
2021-10-05 00:00:00+00:00,1.078808241784001,1.1597537821087451,1.2424533739007422,1.326484718184062,1.496678736608787,1.6663191770378416
2021-10-06 00:00:00+00:00,1.078808241784001,1.1597537821087451,1.2424533739007422,1.326484718184062,1.496678736608787,1.6663191770378416
2021-10-07 00:00:00+00:00,1.078808241784001,1.1597537821087451,1.2424533739007422,1.326484718184062,1.496678736608787,1.6663191770378416
2021-10-08 00:00:00+00:00,1.078808241784001,1.1597537821087451,1.2424533739007422,1.326484718184062,1.496678736608787,1.6663191770378416
2021-10-09 00:00:00+00:00,1.078808241784001,1.1597537821087451,1.2424533739007422,1.326484718184062,1.496678736608787,1.6663191770378416
2021-10-10 00:00:00+00:00,1.078808241784001,1.1597537821087451,1.2424533739007422,1.326484718184062,1.496678736608787,1.6663191770378416
2021-10-11 00:00:00+00:00,1.078808241784001,1.1597537821087451,1.2424533739007422,1.326484718184062,1.496678736608787,1.6663191770378416
2021-10-12 00:00:00+00:00,1.078808241784001,1.1597537821087451,1.2424533739007422,1.326484718184062,1.496678736608787,1.6663191770378416
2021-10-13 00:00:00+00:00,1.078808241784001,1.1597537821087451,1.2424533739007422,1.326484718184062,1.496678736608787,1.6663191770378416
2021-10-14 00:00:00+00:00,1.078808241784001,1.1597537821087451,1.2424533739007422,1.326484718184062,1.496678736608787,1.6663191770378416
2021-10-15 00:00:00+00:00,1.076004729770418,1.1537260497741024,1.2327670381133347,1.3126961107217623,1.473342113902133,1.631676906796642
2021-10-16 00:00:00+00:00,1.076004729770418,1.1537260497741024,1.2327670381133347,1.3126961107217623,1.473342113902133,1.631676906796642
2021-10-17 00:00:00+00:00,1.076004729770418,1.1537260497741024,1.2327670381133347,1.3126961107217623,1.473342113902133,1.631676906796642
2021-10-18 00:00:00+00:00,1.076004729770418,1.1537260497741024,1.2327670381133347,1.3126961107217623,1.473342113902133,1.631676906796642
2021-10-19 00:00:00+00:00,1.076004729770418,1.1537260497741024,1.2327670381133347,1.3126961107217623,1.473342113902133,1.631676906796642
2021-10-20 00:00:00+00:00,1.076004729770418,1.1537260497741024,1.2327670381133347,1.3126961107217623,1.473342113902133,1.631676906796642
2021-10-21 00:00:00+00:00,1.076004729770418,1.1537260497741024,1.2327670381133347,1.3126961107217623,1.473342113902133,1.631676906796642
2021-10-22 00:00:00+00:00,1.0731782948754292,1.1476648653273853,1.2230523899965209,1.2989034200719662,1.450121181236466,1.5973883694389925
2021-10-23 00:00:00+00:00,1.0731782948754292,1.1476648653273853,1.2230523899965209,1.2989034200719662,1.450121181236466,1.5973883694389925
2021-10-24 00:00:00+00:00,1.0731782948754292,1.1476648653273853,1.2230523899965209,1.2989034200719662,1.450121181236466,1.5973883694389925
2021-10-25 00:00:00+00:00,1.0731782948754292,1.1476648653273853,1.2230523899965209,1.2989034200719662,1.450121181236466,1.5973883694389925
2021-10-26 00:00:00+00:00,1.0731782948754292,1.1476648653273853,1.2230523899965209,1.2989034200719662,1.450121181236466,1.5973883694389925
2021-10-27 00:00:00+00:00,1.0731782948754292,1.1476648653273853,1.2230523899965209,1.2989034200719662,1.450121181236466,1.5973883694389925
2021-10-28 00:00:00+00:00,1.0731782948754292,1.1476648653273853,1.2230523899965209,1.2989034200719662,1.450121181236466,1.5973883694389925
2021-10-29 00:00:00+00:00,1.0731782948754292,1.1476648653273853,1.2230523899965209,1.2989034200719662,1.450121181236466,1.5973883694389925
2021-10-30 00:00:00+00:00,1.0731782948754292,1.1476648653273853,1.2230523899965209,1.2989034200719662,1.450121181236466,1.5973883694389925
2021-10-31 00:00:00+00:00,1.0731782948754292,1.1476648653273853,1.2230523899965209,1.2989034200719662,1.450121181236466,1.5973883694389925
2021-11-01 00:00:00+00:00,1.0731782948754292,1.1476648653273853,1.2230523899965209,1.2989034200719662,1.450121181236466,1.5973883694389925
2021-11-02 00:00:00+00:00,1.0731782948754292,1.1476648653273853,1.2230523899965209,1.2989034200719662,1.450121181236466,1.5973883694389925
2021-11-03 00:00:00+00:00,1.0731782948754292,1.1476648653273853,1.2230523899965209,1.2989034200719662,1.450121181236466,1.5973883694389925
2021-11-04 00:00:00+00:00,1.0731782948754292,1.1476648653273853,1.2230523899965209,1.2989034200719662,1.450121181236466,1.5973883694389925
2021-11-05 00:00:00+00:00,1.0731782948754292,1.1476648653273853,1.2230523899965209,1.2989034200719662,1.450121181236466,1.5973883694389925
2021-11-06 00:00:00+00:00,1.0731782948754292,1.1476648653273853,1.2230523899965209,1.2989034200719662,1.450121181236466,1.5973883694389925
2021-11-07 00:00:00+00:00,1.0731782948754292,1.1476648653273853,1.2230523899965209,1.2989034200719662,1.450121181236466,1.5973883694389925
2021-11-08 00:00:00+00:00,1.0731782948754292,1.1476648653273853,1.2230523899965209,1.2989034200719662,1.450121181236466,1.5973883694389925
2021-11-09 00:00:00+00:00,1.0731782948754292,1.1476648653273853,1.2230523899965209,1.2989034200719662,1.450121181236466,1.5973883694389925
2021-11-10 00:00:00+00:00,1.0811206151731414,1.1646520183445246,1.2502068913555768,1.3373548388055245,1.5145130550576578,1.6919632979891253
2021-11-11 00:00:00+00:00,1.0811206151731414,1.1646520183445246,1.2502068913555768,1.3373548388055245,1.5145130550576578,1.6919632979891253
2021-11-12 00:00:00+00:00,1.0811206151731414,1.1646520183445246,1.2502068913555768,1.3373548388055245,1.5145130550576578,1.6919632979891253
2021-11-13 00:00:00+00:00,1.0811206151731414,1.1646520183445246,1.2502068913555768,1.3373548388055245,1.5145130550576578,1.6919632979891253
2021-11-14 00:00:00+00:00,1.0811206151731414,1.1646520183445246,1.2502068913555768,1.3373548388055245,1.5145130550576578,1.6919632979891253
2021-11-15 00:00:00+00:00,1.0811206151731414,1.1646520183445246,1.2502068913555768,1.3373548388055245,1.5145130550576578,1.6919632979891253
2021-11-16 00:00:00+00:00,1.0782975911396306,1.1585697355865794,1.2404132641183636,1.3233864256671803,1.4907848602929576,1.656618837902023
2021-11-17 00:00:00+00:00,1.0782975911396306,1.1585697355865794,1.2404132641183636,1.3233864256671803,1.4907848602929576,1.656618837902023
2021-11-18 00:00:00+00:00,1.0782975911396306,1.1585697355865794,1.2404132641183636,1.3233864256671803,1.4907848602929576,1.656618837902023
2021-11-19 00:00:00+00:00,1.0782975911396306,1.1585697355865794,1.2404132641183636,1.3233864256671803,1.4907848602929576,1.656618837902023
2021-11-20 00:00:00+00:00,1.0782975911396306,1.1585697355865794,1.2404132641183636,1.3233864256671803,1.4907848602929576,1.656618837902023
2021-11-21 00:00:00+00:00,1.0782975911396306,1.1585697355865794,1.2404132641183636,1.3233864256671803,1.4907848602929576,1.656618837902023
2021-11-22 00:00:00+00:00,1.0782975911396306,1.1585697355865794,1.2404132641183636,1.3233864256671803,1.4907848602929576,1.656618837902023
2021-11-23 00:00:00+00:00,1.0782975911396306,1.1585697355865794,1.2404132641183636,1.3233864256671803,1.4907848602929576,1.656618837902023
2021-11-24 00:00:00+00:00,1.0782975911396306,1.1585697355865794,1.2404132641183636,1.3233864256671803,1.4907848602929576,1.656618837902023
2021-11-25 00:00:00+00:00,1.0782975911396306,1.1585697355865794,1.2404132641183636,1.3233864256671803,1.4907848602929576,1.656618837902023
2021-11-26 00:00:00+00:00,1.0782975911396306,1.1585697355865794,1.2404132641183636,1.3233864256671803,1.4907848602929576,1.656618837902023
2021-11-27 00:00:00+00:00,1.0782975911396306,1.1585697355865794,1.2404132641183636,1.3233864256671803,1.4907848602929576,1.656618837902023
2021-11-28 00:00:00+00:00,1.0782975911396306,1.1585697355865794,1.2404132641183636,1.3233864256671803,1.4907848602929576,1.656618837902023
2021-11-29 00:00:00+00:00,1.0782975911396306,1.1585697355865794,1.2404132641183636,1.3233864256671803,1.4907848602929576,1.656618837902023
2021-11-30 00:00:00+00:00,1.0782975911396306,1.1585697355865794,1.2404132641183636,1.3233864256671803,1.4907848602929576,1.656618837902023
2021-12-01 00:00:00+00:00,1.0782975911396306,1.1585697355865794,1.2404132641183636,1.3233864256671803,1.4907848602929576,1.656618837902023
2021-12-02 00:00:00+00:00,1.0782975911396306,1.1585697355865794,1.2404132641183636,1.3233864256671803,1.4907848602929576,1.656618837902023
2021-12-03 00:00:00+00:00,1.0782975911396306,1.1585697355865794,1.2404132641183636,1.3233864256671803,1.4907848602929576,1.656618837902023
2021-12-04 00:00:00+00:00,1.0782975911396306,1.1585697355865794,1.2404132641183636,1.3233864256671803,1.4907848602929576,1.656618837902023
2021-12-05 00:00:00+00:00,1.0782975911396306,1.1585697355865794,1.2404132641183636,1.3233864256671803,1.4907848602929576,1.656618837902023
2021-12-06 00:00:00+00:00,1.0782975911396306,1.1585697355865794,1.2404132641183636,1.3233864256671803,1.4907848602929576,1.656618837902023
2021-12-07 00:00:00+00:00,1.0782975911396306,1.1585697355865794,1.2404132641183636,1.3233864256671803,1.4907848602929576,1.656618837902023
2021-12-08 00:00:00+00:00,1.0782975911396306,1.1585697355865794,1.2404132641183636,1.3233864256671803,1.4907848602929576,1.656618837902023
2021-12-09 00:00:00+00:00,1.0782975911396306,1.1585697355865794,1.2404132641183636,1.3233864256671803,1.4907848602929576,1.656618837902023
2021-12-10 00:00:00+00:00,1.0782975911396306,1.1585697355865794,1.2404132641183636,1.3233864256671803,1.4907848602929576,1.656618837902023
2021-12-11 00:00:00+00:00,1.0782975911396306,1.1585697355865794,1.2404132641183636,1.3233864256671803,1.4907848602929576,1.656618837902023
2021-12-12 00:00:00+00:00,1.0782975911396306,1.1585697355865794,1.2404132641183636,1.3233864256671803,1.4907848602929576,1.656618837902023
2021-12-13 00:00:00+00:00,1.0782975911396306,1.1585697355865794,1.2404132641183636,1.3233864256671803,1.4907848602929576,1.656618837902023
2021-12-14 00:00:00+00:00,1.0782975911396306,1.1585697355865794,1.2404132641183636,1.3233864256671803,1.4907848602929576,1.656618837902023
2021-12-15 00:00:00+00:00,1.0782975911396306,1.1585697355865794,1.2404132641183636,1.3233864256671803,1.4907848602929576,1.656618837902023
2021-12-16 00:00:00+00:00,1.0782975911396306,1.1585697355865794,1.2404132641183636,1.3233864256671803,1.4907848602929576,1.656618837902023
2021-12-17 00:00:00+00:00,1.0782975911396306,1.1585697355865794,1.2404132641183636,1.3233864256671803,1.4907848602929576,1.656618837902023
2021-12-18 00:00:00+00:00,1.078171223512142,1.1582981858586203,1.2399771653570004,1.322766065557924,1.4897366137934414,1.6550657008540008
2021-12-19 00:00:00+00:00,1.078171223512142,1.1582981858586203,1.2399771653570004,1.322766065557924,1.4897366137934414,1.6550657008540008
2021-12-20 00:00:00+00:00,1.078171223512142,1.1582981858586203,1.2399771653570004,1.322766065557924,1.4897366137934414,1.6550657008540008
2021-12-21 00:00:00+00:00,1.078171223512142,1.1582981858586203,1.2399771653570004,1.322766065557924,1.4897366137934414,1.6550657008540008
2021-12-22 00:00:00+00:00,1.078171223512142,1.1582981858586203,1.2399771653570004,1.322766065557924,1.4897366137934414,1.6550657008540008
2021-12-23 00:00:00+00:00,1.0753075954997433,1.1521452946305826,1.230097009214776,1.3087129731489358,1.4659961276517792,1.6198988004584451
2021-12-24 00:00:00+00:00,1.0753075954997433,1.1521452946305826,1.230097009214776,1.3087129731489358,1.4659961276517792,1.6198988004584451
2021-12-25 00:00:00+00:00,1.0753075954997433,1.1521452946305826,1.230097009214776,1.3087129731489358,1.4659961276517792,1.6198988004584451
2021-12-26 00:00:00+00:00,1.0753075954997433,1.1521452946305826,1.230097009214776,1.3087129731489358,1.4659961276517792,1.6198988004584451
2021-12-27 00:00:00+00:00,1.0753075954997433,1.1521452946305826,1.230097009214776,1.3087129731489358,1.4659961276517792,1.6198988004584451
2021-12-28 00:00:00+00:00,1.0753075954997433,1.1521452946305826,1.230097009214776,1.3087129731489358,1.4659961276517792,1.6198988004584451
2021-12-29 00:00:00+00:00,1.0753075954997433,1.1521452946305826,1.230097009214776,1.3087129731489358,1.4659961276517792,1.6198988004584451
2021-12-30 00:00:00+00:00,1.0753075954997433,1.1521452946305826,1.230097009214776,1.3087129731489358,1.4659961276517792,1.6198988004584451
2021-12-31 00:00:00+00:00,1.0753075954997433,1.1521452946305826,1.230097009214776,1.3087129731489358,1.4659961276517792,1.6198988004584451
2022-01-01 00:00:00+00:00,1.0753075954997433,1.1521452946305826,1.230097009214776,1.3087129731489358,1.4659961276517792,1.6198988004584451
2022-01-02 00:00:00+00:00,1.0753075954997433,1.1521452946305826,1.230097009214776,1.3087129731489358,1.4659961276517792,1.6198988004584451
2022-01-03 00:00:00+00:00,1.075141189909162,1.1517887019328452,1.2295259307062247,1.3079028713469598,1.4646349360126651,1.617893344771531
2022-01-04 00:00:00+00:00,1.075141189909162,1.1517887019328452,1.2295259307062247,1.3079028713469598,1.4646349360126651,1.617893344771531
2022-01-05 00:00:00+00:00,1.075141189909162,1.1517887019328452,1.2295259307062247,1.3079028713469598,1.4646349360126651,1.617893344771531
2022-01-06 00:00:00+00:00,1.075141189909162,1.1517887019328452,1.2295259307062247,1.3079028713469598,1.4646349360126651,1.617893344771531
2022-01-07 00:00:00+00:00,1.075141189909162,1.1517887019328452,1.2295259307062247,1.3079028713469598,1.4646349360126651,1.617893344771531
2022-01-08 00:00:00+00:00,1.075141189909162,1.1517887019328452,1.2295259307062247,1.3079028713469598,1.4646349360126651,1.617893344771531
2022-01-09 00:00:00+00:00,1.075141189909162,1.1517887019328452,1.2295259307062247,1.3079028713469598,1.4646349360126651,1.617893344771531
2022-01-10 00:00:00+00:00,1.075141189909162,1.1517887019328452,1.2295259307062247,1.3079028713469598,1.4646349360126651,1.617893344771531
2022-01-11 00:00:00+00:00,1.075141189909162,1.1517887019328452,1.2295259307062247,1.3079028713469598,1.4646349360126651,1.617893344771531
2022-01-12 00:00:00+00:00,1.075141189909162,1.1517887019328452,1.2295259307062247,1.3079028713469598,1.4646349360126651,1.617893344771531
2022-01-13 00:00:00+00:00,1.075141189909162,1.1517887019328452,1.2295259307062247,1.3079028713469598,1.4646349360126651,1.617893344771531
2022-01-14 00:00:00+00:00,1.075141189909162,1.1517887019328452,1.2295259307062247,1.3079028713469598,1.4646349360126651,1.617893344771531
2022-01-15 00:00:00+00:00,1.075141189909162,1.1517887019328452,1.2295259307062247,1.3079028713469598,1.4646349360126651,1.617893344771531
2022-01-16 00:00:00+00:00,1.075141189909162,1.1517887019328452,1.2295259307062247,1.3079028713469598,1.4646349360126651,1.617893344771531
2022-01-17 00:00:00+00:00,1.075141189909162,1.1517887019328452,1.2295259307062247,1.3079028713469598,1.4646349360126651,1.617893344771531
2022-01-18 00:00:00+00:00,1.075002986967057,1.1514925908940634,1.2290517861865662,1.3072303791142952,1.463505315870678,1.6162295809990452
2022-01-19 00:00:00+00:00,1.075002986967057,1.1514925908940634,1.2290517861865662,1.3072303791142952,1.463505315870678,1.6162295809990452
2022-01-20 00:00:00+00:00,1.075002986967057,1.1514925908940634,1.2290517861865662,1.3072303791142952,1.463505315870678,1.6162295809990452
2022-01-21 00:00:00+00:00,1.074866280769254,1.1511997244075365,1.2285828972663595,1.3065654265627284,1.462388647826275,1.6145853169106739
2022-01-22 00:00:00+00:00,1.074866280769254,1.1511997244075365,1.2285828972663595,1.3065654265627284,1.462388647826275,1.6145853169106739
2022-01-23 00:00:00+00:00,1.074866280769254,1.1511997244075365,1.2285828972663595,1.3065654265627284,1.462388647826275,1.6145853169106739
2022-01-24 00:00:00+00:00,1.074866280769254,1.1511997244075365,1.2285828972663595,1.3065654265627284,1.462388647826275,1.6145853169106739
2022-01-25 00:00:00+00:00,1.074866280769254,1.1511997244075365,1.2285828972663595,1.3065654265627284,1.462388647826275,1.6145853169106739
2022-01-26 00:00:00+00:00,1.074866280769254,1.1511997244075365,1.2285828972663595,1.3065654265627284,1.462388647826275,1.6145853169106739
2022-01-27 00:00:00+00:00,1.074866280769254,1.1511997244075365,1.2285828972663595,1.3065654265627284,1.462388647826275,1.6145853169106739
2022-01-28 00:00:00+00:00,1.074866280769254,1.1511997244075365,1.2285828972663595,1.3065654265627284,1.462388647826275,1.6145853169106739
2022-01-29 00:00:00+00:00,1.074866280769254,1.1511997244075365,1.2285828972663595,1.3065654265627284,1.462388647826275,1.6145853169106739
2022-01-30 00:00:00+00:00,1.074866280769254,1.1511997244075365,1.2285828972663595,1.3065654265627284,1.462388647826275,1.6145853169106739
2022-01-31 00:00:00+00:00,1.074866280769254,1.1511997244075365,1.2285828972663595,1.3065654265627284,1.462388647826275,1.6145853169106739
2022-02-01 00:00:00+00:00,1.074866280769254,1.1511997244075365,1.2285828972663595,1.3065654265627284,1.462388647826275,1.6145853169106739
2022-02-02 00:00:00+00:00,1.074866280769254,1.1511997244075365,1.2285828972663595,1.3065654265627284,1.462388647826275,1.6145853169106739
2022-02-03 00:00:00+00:00,1.074866280769254,1.1511997244075365,1.2285828972663595,1.3065654265627284,1.462388647826275,1.6145853169106739
2022-02-04 00:00:00+00:00,1.0720189696340288,1.145100688922252,1.218819382046317,1.2927211061872121,1.4391455213714979,1.5803691407491465
2022-02-05 00:00:00+00:00,1.0720189696340288,1.145100688922252,1.218819382046317,1.2927211061872121,1.4391455213714979,1.5803691407491465
2022-02-06 00:00:00+00:00,1.0720189696340288,1.145100688922252,1.218819382046317,1.2927211061872121,1.4391455213714979,1.5803691407491465
2022-02-07 00:00:00+00:00,1.0720189696340288,1.145100688922252,1.218819382046317,1.2927211061872121,1.4391455213714979,1.5803691407491465
2022-02-08 00:00:00+00:00,1.0720189696340288,1.145100688922252,1.218819382046317,1.2927211061872121,1.4391455213714979,1.5803691407491465
2022-02-09 00:00:00+00:00,1.0720189696340288,1.145100688922252,1.218819382046317,1.2927211061872121,1.4391455213714979,1.5803691407491465
2022-02-10 00:00:00+00:00,1.0720189696340288,1.145100688922252,1.218819382046317,1.2927211061872121,1.4391455213714979,1.5803691407491465
2022-02-11 00:00:00+00:00,1.0720189696340288,1.145100688922252,1.218819382046317,1.2927211061872121,1.4391455213714979,1.5803691407491465
2022-02-12 00:00:00+00:00,1.0720189696340288,1.145100688922252,1.218819382046317,1.2927211061872121,1.4391455213714979,1.5803691407491465
2022-02-13 00:00:00+00:00,1.0720189696340288,1.145100688922252,1.218819382046317,1.2927211061872121,1.4391455213714979,1.5803691407491465
2022-02-14 00:00:00+00:00,1.0720189696340288,1.145100688922252,1.218819382046317,1.2927211061872121,1.4391455213714979,1.5803691407491465
2022-02-15 00:00:00+00:00,1.0720189696340288,1.145100688922252,1.218819382046317,1.2927211061872121,1.4391455213714979,1.5803691407491465
2022-02-16 00:00:00+00:00,1.0720189696340288,1.145100688922252,1.218819382046317,1.2927211061872121,1.4391455213714979,1.5803691407491465
2022-02-17 00:00:00+00:00,1.0720189696340288,1.145100688922252,1.218819382046317,1.2927211061872121,1.4391455213714979,1.5803691407491465
2022-02-18 00:00:00+00:00,1.0720189696340288,1.145100688922252,1.218819382046317,1.2927211061872121,1.4391455213714979,1.5803691407491465
2022-02-19 00:00:00+00:00,1.0720189696340288,1.145100688922252,1.218819382046317,1.2927211061872121,1.4391455213714979,1.5803691407491465
2022-02-20 00:00:00+00:00,1.0720189696340288,1.145100688922252,1.218819382046317,1.2927211061872121,1.4391455213714979,1.5803691407491465
2022-02-21 00:00:00+00:00,1.0720189696340288,1.145100688922252,1.218819382046317,1.2927211061872121,1.4391455213714979,1.5803691407491465
2022-02-22 00:00:00+00:00,1.0799489222075798,1.1620417961457445,1.2458669814894079,1.3309712392660797,1.5030195164453557,1.6738917569701832
2022-02-23 00:00:00+00:00,1.0799489222075798,1.1620417961457445,1.2458669814894079,1.3309712392660797,1.5030195164453557,1.6738917569701832
2022-02-24 00:00:00+00:00,1.0879402850815794,1.1792394570291358,1.2735243315837008,1.370366710400363,1.5697514189397754,1.7729829355744573
2022-02-25 00:00:00+00:00,1.0879402850815794,1.1792394570291358,1.2735243315837008,1.370366710400363,1.5697514189397754,1.7729829355744573
2022-02-26 00:00:00+00:00,1.0879402850815794,1.1792394570291358,1.2735243315837008,1.370366710400363,1.5697514189397754,1.7729829355744573
2022-02-27 00:00:00+00:00,1.0879402850815794,1.1792394570291358,1.2735243315837008,1.370366710400363,1.5697514189397754,1.7729829355744573
2022-02-28 00:00:00+00:00,1.0879402850815794,1.1792394570291358,1.2735243315837008,1.370366710400363,1.5697514189397754,1.7729829355744573
2022-03-01 00:00:00+00:00,1.0879402850815794,1.1792394570291358,1.2735243315837008,1.370366710400363,1.5697514189397754,1.7729829355744573
2022-03-02 00:00:00+00:00,1.0879402850815794,1.1792394570291358,1.2735243315837008,1.370366710400363,1.5697514189397754,1.7729829355744573
2022-03-03 00:00:00+00:00,1.0879402850815794,1.1792394570291358,1.2735243315837008,1.370366710400363,1.5697514189397754,1.7729829355744573
2022-03-04 00:00:00+00:00,1.0879402850815794,1.1792394570291358,1.2735243315837008,1.370366710400363,1.5697514189397754,1.7729829355744573
2022-03-05 00:00:00+00:00,1.0879402850815794,1.1792394570291358,1.2735243315837008,1.370366710400363,1.5697514189397754,1.7729829355744573
2022-03-06 00:00:00+00:00,1.0879402850815794,1.1792394570291358,1.2735243315837008,1.370366710400363,1.5697514189397754,1.7729829355744573
2022-03-07 00:00:00+00:00,1.0960253794290056,1.1967666364139367,1.3019171519869592,1.4111025643662014,1.6397456373624297,1.8783911790750363
2022-03-08 00:00:00+00:00,1.0960253794290056,1.1967666364139367,1.3019171519869592,1.4111025643662014,1.6397456373624297,1.8783911790750363
2022-03-09 00:00:00+00:00,1.0960253794290056,1.1967666364139367,1.3019171519869592,1.4111025643662014,1.6397456373624297,1.8783911790750363
2022-03-10 00:00:00+00:00,1.0960253794290056,1.1967666364139367,1.3019171519869592,1.4111025643662014,1.6397456373624297,1.8783911790750363
2022-03-11 00:00:00+00:00,1.0960253794290056,1.1967666364139367,1.3019171519869592,1.4111025643662014,1.6397456373624297,1.8783911790750363
2022-03-12 00:00:00+00:00,1.0960253794290056,1.1967666364139367,1.3019171519869592,1.4111025643662014,1.6397456373624297,1.8783911790750363
2022-03-13 00:00:00+00:00,1.0960253794290056,1.1967666364139367,1.3019171519869592,1.4111025643662014,1.6397456373624297,1.8783911790750363
2022-03-14 00:00:00+00:00,1.0960253794290056,1.1967666364139367,1.3019171519869592,1.4111025643662014,1.6397456373624297,1.8783911790750363
2022-03-15 00:00:00+00:00,1.0960253794290056,1.1967666364139367,1.3019171519869592,1.4111025643662014,1.6397456373624297,1.8783911790750363
2022-03-16 00:00:00+00:00,1.0960253794290056,1.1967666364139367,1.3019171519869592,1.4111025643662014,1.6397456373624297,1.8783911790750363
2022-03-17 00:00:00+00:00,1.0960253794290056,1.1967666364139367,1.3019171519869592,1.4111025643662014,1.6397456373624297,1.8783911790750363
2022-03-18 00:00:00+00:00,1.0960253794290056,1.1967666364139367,1.3019171519869592,1.4111025643662014,1.6397456373624297,1.8783911790750363
2022-03-19 00:00:00+00:00,1.0960253794290056,1.1967666364139367,1.3019171519869592,1.4111025643662014,1.6397456373624297,1.8783911790750363
2022-03-20 00:00:00+00:00,1.0960253794290056,1.1967666364139367,1.3019171519869592,1.4111025643662014,1.6397456373624297,1.8783911790750363
2022-03-21 00:00:00+00:00,1.0960253794290056,1.1967666364139367,1.3019171519869592,1.4111025643662014,1.6397456373624297,1.8783911790750363
2022-03-22 00:00:00+00:00,1.0960253794290056,1.1967666364139367,1.3019171519869592,1.4111025643662014,1.6397456373624297,1.8783911790750363
2022-03-23 00:00:00+00:00,1.0960253794290056,1.1967666364139367,1.3019171519869592,1.4111025643662014,1.6397456373624297,1.8783911790750363
2022-03-24 00:00:00+00:00,1.0960253794290056,1.1967666364139367,1.3019171519869592,1.4111025643662014,1.6397456373624297,1.8783911790750363
2022-03-25 00:00:00+00:00,1.0959330505173401,1.1965650057525825,1.3015881324332768,1.4106270806175163,1.638916846717903,1.8771252973427262
2022-03-26 00:00:00+00:00,1.0959330505173401,1.1965650057525825,1.3015881324332768,1.4106270806175163,1.638916846717903,1.8771252973427262
2022-03-27 00:00:00+00:00,1.0959330505173401,1.1965650057525825,1.3015881324332768,1.4106270806175163,1.638916846717903,1.8771252973427262
2022-03-28 00:00:00+00:00,1.0959330505173401,1.1965650057525825,1.3015881324332768,1.4106270806175163,1.638916846717903,1.8771252973427262
2022-03-29 00:00:00+00:00,1.0959330505173401,1.1965650057525825,1.3015881324332768,1.4106270806175163,1.638916846717903,1.8771252973427262
2022-03-30 00:00:00+00:00,1.0959330505173401,1.1965650057525825,1.3015881324332768,1.4106270806175163,1.638916846717903,1.8771252973427262
2022-03-31 00:00:00+00:00,1.0959330505173401,1.1965650057525825,1.3015881324332768,1.4106270806175163,1.638916846717903,1.8771252973427262
2022-04-01 00:00:00+00:00,1.0959330505173401,1.1965650057525825,1.3015881324332768,1.4106270806175163,1.638916846717903,1.8771252973427262
2022-04-02 00:00:00+00:00,1.0959330505173401,1.1965650057525825,1.3015881324332768,1.4106270806175163,1.638916846717903,1.8771252973427262
2022-04-03 00:00:00+00:00,1.0959330505173401,1.1965650057525825,1.3015881324332768,1.4106270806175163,1.638916846717903,1.8771252973427262
2022-04-04 00:00:00+00:00,1.0959330505173401,1.1965650057525825,1.3015881324332768,1.4106270806175163,1.638916846717903,1.8771252973427262
2022-04-05 00:00:00+00:00,1.0959330505173401,1.1965650057525825,1.3015881324332768,1.4106270806175163,1.638916846717903,1.8771252973427262
2022-04-06 00:00:00+00:00,1.0959330505173401,1.1965650057525825,1.3015881324332768,1.4106270806175163,1.638916846717903,1.8771252973427262
2022-04-07 00:00:00+00:00,1.0959330505173401,1.1965650057525825,1.3015881324332768,1.4106270806175163,1.638916846717903,1.8771252973427262
2022-04-08 00:00:00+00:00,1.0959330505173401,1.1965650057525825,1.3015881324332768,1.4106270806175163,1.638916846717903,1.8771252973427262
2022-04-09 00:00:00+00:00,1.0959330505173401,1.1965650057525825,1.3015881324332768,1.4106270806175163,1.638916846717903,1.8771252973427262
2022-04-10 00:00:00+00:00,1.0959330505173401,1.1965650057525825,1.3015881324332768,1.4106270806175163,1.638916846717903,1.8771252973427262
2022-04-11 00:00:00+00:00,1.093071924365788,1.1903173185815923,1.2913940575967802,1.3958963193596565,1.6132447611019967,1.837920769106759
2022-04-12 00:00:00+00:00,1.093071924365788,1.1903173185815923,1.2913940575967802,1.3958963193596565,1.6132447611019967,1.837920769106759
2022-04-13 00:00:00+00:00,1.093071924365788,1.1903173185815923,1.2913940575967802,1.3958963193596565,1.6132447611019967,1.837920769106759
2022-04-14 00:00:00+00:00,1.093071924365788,1.1903173185815923,1.2913940575967802,1.3958963193596565,1.6132447611019967,1.837920769106759
2022-04-15 00:00:00+00:00,1.093071924365788,1.1903173185815923,1.2913940575967802,1.3958963193596565,1.6132447611019967,1.837920769106759
2022-04-16 00:00:00+00:00,1.093071924365788,1.1903173185815923,1.2913940575967802,1.3958963193596565,1.6132447611019967,1.837920769106759
2022-04-17 00:00:00+00:00,1.093071924365788,1.1903173185815923,1.2913940575967802,1.3958963193596565,1.6132447611019967,1.837920769106759
2022-04-18 00:00:00+00:00,1.093071924365788,1.1903173185815923,1.2913940575967802,1.3958963193596565,1.6132447611019967,1.837920769106759
2022-04-19 00:00:00+00:00,1.093071924365788,1.1903173185815923,1.2913940575967802,1.3958963193596565,1.6132447611019967,1.837920769106759
2022-04-20 00:00:00+00:00,1.093071924365788,1.1903173185815923,1.2913940575967802,1.3958963193596565,1.6132447611019967,1.837920769106759
2022-04-21 00:00:00+00:00,1.093071924365788,1.1903173185815923,1.2913940575967802,1.3958963193596565,1.6132447611019967,1.837920769106759
2022-04-22 00:00:00+00:00,1.093071924365788,1.1903173185815923,1.2913940575967802,1.3958963193596565,1.6132447611019967,1.837920769106759
2022-04-23 00:00:00+00:00,1.093071924365788,1.1903173185815923,1.2913940575967802,1.3958963193596565,1.6132447611019967,1.837920769106759
2022-04-24 00:00:00+00:00,1.093071924365788,1.1903173185815923,1.2913940575967802,1.3958963193596565,1.6132447611019967,1.837920769106759
2022-04-25 00:00:00+00:00,1.093071924365788,1.1903173185815923,1.2913940575967802,1.3958963193596565,1.6132447611019967,1.837920769106759
2022-04-26 00:00:00+00:00,1.093071924365788,1.1903173185815923,1.2913940575967802,1.3958963193596565,1.6132447611019967,1.837920769106759
2022-04-27 00:00:00+00:00,1.093071924365788,1.1903173185815923,1.2913940575967802,1.3958963193596565,1.6132447611019967,1.837920769106759
2022-04-28 00:00:00+00:00,1.093071924365788,1.1903173185815923,1.2913940575967802,1.3958963193596565,1.6132447611019967,1.837920769106759
2022-04-29 00:00:00+00:00,1.093071924365788,1.1903173185815923,1.2913940575967802,1.3958963193596565,1.6132447611019967,1.837920769106759
2022-04-30 00:00:00+00:00,1.093071924365788,1.1903173185815923,1.2913940575967802,1.3958963193596565,1.6132447611019967,1.837920769106759
2022-05-01 00:00:00+00:00,1.093071924365788,1.1903173185815923,1.2913940575967802,1.3958963193596565,1.6132447611019967,1.837920769106759
2022-05-02 00:00:00+00:00,1.093071924365788,1.1903173185815923,1.2913940575967802,1.3958963193596565,1.6132447611019967,1.837920769106759
2022-05-03 00:00:00+00:00,1.093071924365788,1.1903173185815923,1.2913940575967802,1.3958963193596565,1.6132447611019967,1.837920769106759
2022-05-04 00:00:00+00:00,1.093071924365788,1.1903173185815923,1.2913940575967802,1.3958963193596565,1.6132447611019967,1.837920769106759
2022-05-05 00:00:00+00:00,1.093071924365788,1.1903173185815923,1.2913940575967802,1.3958963193596565,1.6132447611019967,1.837920769106759
2022-05-06 00:00:00+00:00,1.093071924365788,1.1903173185815923,1.2913940575967802,1.3958963193596565,1.6132447611019967,1.837920769106759
2022-05-07 00:00:00+00:00,1.093071924365788,1.1903173185815923,1.2913940575967802,1.3958963193596565,1.6132447611019967,1.837920769106759
2022-05-08 00:00:00+00:00,1.093071924365788,1.1903173185815923,1.2913940575967802,1.3958963193596565,1.6132447611019967,1.837920769106759
2022-05-09 00:00:00+00:00,1.093071924365788,1.1903173185815923,1.2913940575967802,1.3958963193596565,1.6132447611019967,1.837920769106759
2022-05-10 00:00:00+00:00,1.093071924365788,1.1903173185815923,1.2913940575967802,1.3958963193596565,1.6132447611019967,1.837920769106759
2022-05-11 00:00:00+00:00,1.093071924365788,1.1903173185815923,1.2913940575967802,1.3958963193596565,1.6132447611019967,1.837920769106759
2022-05-12 00:00:00+00:00,1.093071924365788,1.1903173185815923,1.2913940575967802,1.3958963193596565,1.6132447611019967,1.837920769106759
2022-05-13 00:00:00+00:00,1.093071924365788,1.1903173185815923,1.2913940575967802,1.3958963193596565,1.6132447611019967,1.837920769106759
2022-05-14 00:00:00+00:00,1.093071924365788,1.1903173185815923,1.2913940575967802,1.3958963193596565,1.6132447611019967,1.837920769106759
2022-05-15 00:00:00+00:00,1.093071924365788,1.1903173185815923,1.2913940575967802,1.3958963193596565,1.6132447611019967,1.837920769106759
2022-05-16 00:00:00+00:00,1.093071924365788,1.1903173185815923,1.2913940575967802,1.3958963193596565,1.6132447611019967,1.837920769106759
2022-05-17 00:00:00+00:00,1.093071924365788,1.1903173185815923,1.2913940575967802,1.3958963193596565,1.6132447611019967,1.837920769106759
2022-05-18 00:00:00+00:00,1.093071924365788,1.1903173185815923,1.2913940575967802,1.3958963193596565,1.6132447611019967,1.837920769106759
2022-05-19 00:00:00+00:00,1.093071924365788,1.1903173185815923,1.2913940575967802,1.3958963193596565,1.6132447611019967,1.837920769106759
2022-05-20 00:00:00+00:00,1.093071924365788,1.1903173185815923,1.2913940575967802,1.3958963193596565,1.6132447611019967,1.837920769106759
2022-05-21 00:00:00+00:00,1.093071924365788,1.1903173185815923,1.2913940575967802,1.3958963193596565,1.6132447611019967,1.837920769106759
2022-05-22 00:00:00+00:00,1.093071924365788,1.1903173185815923,1.2913940575967802,1.3958963193596565,1.6132447611019967,1.837920769106759
2022-05-23 00:00:00+00:00,1.093071924365788,1.1903173185815923,1.2913940575967802,1.3958963193596565,1.6132447611019967,1.837920769106759
2022-05-24 00:00:00+00:00,1.093071924365788,1.1903173185815923,1.2913940575967802,1.3958963193596565,1.6132447611019967,1.837920769106759
2022-05-25 00:00:00+00:00,1.093071924365788,1.1903173185815923,1.2913940575967802,1.3958963193596565,1.6132447611019967,1.837920769106759
2022-05-26 00:00:00+00:00,1.093071924365788,1.1903173185815923,1.2913940575967802,1.3958963193596565,1.6132447611019967,1.837920769106759
2022-05-27 00:00:00+00:00,1.093071924365788,1.1903173185815923,1.2913940575967802,1.3958963193596565,1.6132447611019967,1.837920769106759
2022-05-28 00:00:00+00:00,1.093071924365788,1.1903173185815923,1.2913940575967802,1.3958963193596565,1.6132447611019967,1.837920769106759
2022-05-29 00:00:00+00:00,1.093071924365788,1.1903173185815923,1.2913940575967802,1.3958963193596565,1.6132447611019967,1.837920769106759
2022-05-30 00:00:00+00:00,1.093071924365788,1.1903173185815923,1.2913940575967802,1.3958963193596565,1.6132447611019967,1.837920769106759
2022-05-31 00:00:00+00:00,1.093071924365788,1.1903173185815923,1.2913940575967802,1.3958963193596565,1.6132447611019967,1.837920769106759
2022-06-01 00:00:00+00:00,1.093071924365788,1.1903173185815923,1.2913940575967802,1.3958963193596565,1.6132447611019967,1.837920769106759
2022-06-02 00:00:00+00:00,1.093071924365788,1.1903173185815923,1.2913940575967802,1.3958963193596565,1.6132447611019967,1.837920769106759
2022-06-03 00:00:00+00:00,1.0902185392604082,1.1841028442513932,1.2812807855778492,1.3813207743199238,1.5879772093331717,1.7995386964871183
2022-06-04 00:00:00+00:00,1.0902185392604082,1.1841028442513932,1.2812807855778492,1.3813207743199238,1.5879772093331717,1.7995386964871183
2022-06-05 00:00:00+00:00,1.0902185392604082,1.1841028442513932,1.2812807855778492,1.3813207743199238,1.5879772093331717,1.7995386964871183
2022-06-06 00:00:00+00:00,1.0902185392604082,1.1841028442513932,1.2812807855778492,1.3813207743199238,1.5879772093331717,1.7995386964871183
2022-06-07 00:00:00+00:00,1.0902185392604082,1.1841028442513932,1.2812807855778492,1.3813207743199238,1.5879772093331717,1.7995386964871183
2022-06-08 00:00:00+00:00,1.0902185392604082,1.1841028442513932,1.2812807855778492,1.3813207743199238,1.5879772093331717,1.7995386964871183
2022-06-09 00:00:00+00:00,1.0902185392604082,1.1841028442513932,1.2812807855778492,1.3813207743199238,1.5879772093331717,1.7995386964871183
2022-06-10 00:00:00+00:00,1.0902185392604082,1.1841028442513932,1.2812807855778492,1.3813207743199238,1.5879772093331717,1.7995386964871183
2022-06-11 00:00:00+00:00,1.0902185392604082,1.1841028442513932,1.2812807855778492,1.3813207743199238,1.5879772093331717,1.7995386964871183
2022-06-12 00:00:00+00:00,1.0902185392604082,1.1841028442513932,1.2812807855778492,1.3813207743199238,1.5879772093331717,1.7995386964871183
2022-06-13 00:00:00+00:00,1.0901109426830773,1.1838691197114755,1.2809014265168075,1.3807754693845895,1.5870368790794613,1.7981178862730642
2022-06-14 00:00:00+00:00,1.0901109426830773,1.1838691197114755,1.2809014265168075,1.3807754693845895,1.5870368790794613,1.7981178862730642
2022-06-15 00:00:00+00:00,1.0901109426830773,1.1838691197114755,1.2809014265168075,1.3807754693845895,1.5870368790794613,1.7981178862730642
2022-06-16 00:00:00+00:00,1.0901109426830773,1.1838691197114755,1.2809014265168075,1.3807754693845895,1.5870368790794613,1.7981178862730642
2022-06-17 00:00:00+00:00,1.0901109426830773,1.1838691197114755,1.2809014265168075,1.3807754693845895,1.5870368790794613,1.7981178862730642
2022-06-18 00:00:00+00:00,1.0901109426830773,1.1838691197114755,1.2809014265168075,1.3807754693845895,1.5870368790794613,1.7981178862730642
2022-06-19 00:00:00+00:00,1.0901109426830773,1.1838691197114755,1.2809014265168075,1.3807754693845895,1.5870368790794613,1.7981178862730642
2022-06-20 00:00:00+00:00,1.0901109426830773,1.1838691197114755,1.2809014265168075,1.3807754693845895,1.5870368790794613,1.7981178862730642
2022-06-21 00:00:00+00:00,1.0901109426830773,1.1838691197114755,1.2809014265168075,1.3807754693845895,1.5870368790794613,1.7981178862730642
2022-06-22 00:00:00+00:00,1.0901109426830773,1.1838691197114755,1.2809014265168075,1.3807754693845895,1.5870368790794613,1.7981178862730642
2022-06-23 00:00:00+00:00,1.0901109426830773,1.1838691197114755,1.2809014265168075,1.3807754693845895,1.5870368790794613,1.7981178862730642
2022-06-24 00:00:00+00:00,1.0901109426830773,1.1838691197114755,1.2809014265168075,1.3807754693845895,1.5870368790794613,1.7981178862730642
2022-06-25 00:00:00+00:00,1.0901109426830773,1.1838691197114755,1.2809014265168075,1.3807754693845895,1.5870368790794613,1.7981178862730642
2022-06-26 00:00:00+00:00,1.0901109426830773,1.1838691197114755,1.2809014265168075,1.3807754693845895,1.5870368790794613,1.7981178862730642
2022-06-27 00:00:00+00:00,1.0901109426830773,1.1838691197114755,1.2809014265168075,1.3807754693845895,1.5870368790794613,1.7981178862730642
2022-06-28 00:00:00+00:00,1.0901109426830773,1.1838691197114755,1.2809014265168075,1.3807754693845895,1.5870368790794613,1.7981178862730642
2022-06-29 00:00:00+00:00,1.0901109426830773,1.1838691197114755,1.2809014265168075,1.3807754693845895,1.5870368790794613,1.7981178862730642
2022-06-30 00:00:00+00:00,1.0901109426830773,1.1838691197114755,1.2809014265168075,1.3807754693845895,1.5870368790794613,1.7981178862730642
2022-07-01 00:00:00+00:00,1.0901109426830773,1.1838691197114755,1.2809014265168075,1.3807754693845895,1.5870368790794613,1.7981178862730642
2022-07-02 00:00:00+00:00,1.0901109426830773,1.1838691197114755,1.2809014265168075,1.3807754693845895,1.5870368790794613,1.7981178862730642
2022-07-03 00:00:00+00:00,1.0901109426830773,1.1838691197114755,1.2809014265168075,1.3807754693845895,1.5870368790794613,1.7981178862730642
2022-07-04 00:00:00+00:00,1.0901109426830773,1.1838691197114755,1.2809014265168075,1.3807754693845895,1.5870368790794613,1.7981178862730642
2022-07-05 00:00:00+00:00,1.0901109426830773,1.1838691197114755,1.2809014265168075,1.3807754693845895,1.5870368790794613,1.7981178862730642
2022-07-06 00:00:00+00:00,1.0901109426830773,1.1838691197114755,1.2809014265168075,1.3807754693845895,1.5870368790794613,1.7981178862730642
2022-07-07 00:00:00+00:00,1.0901109426830773,1.1838691197114755,1.2809014265168075,1.3807754693845895,1.5870368790794613,1.7981178862730642
2022-07-08 00:00:00+00:00,1.0901109426830773,1.1838691197114755,1.2809014265168075,1.3807754693845895,1.5870368790794613,1.7981178862730642
2022-07-09 00:00:00+00:00,1.0901109426830773,1.1838691197114755,1.2809014265168075,1.3807754693845895,1.5870368790794613,1.7981178862730642
2022-07-10 00:00:00+00:00,1.0901109426830773,1.1838691197114755,1.2809014265168075,1.3807754693845895,1.5870368790794613,1.7981178862730642
2022-07-11 00:00:00+00:00,1.0901109426830773,1.1838691197114755,1.2809014265168075,1.3807754693845895,1.5870368790794613,1.7981178862730642
2022-07-12 00:00:00+00:00,1.0901109426830773,1.1838691197114755,1.2809014265168075,1.3807754693845895,1.5870368790794613,1.7981178862730642
2022-07-13 00:00:00+00:00,1.0901109426830773,1.1838691197114755,1.2809014265168075,1.3807754693845895,1.5870368790794613,1.7981178862730642
2022-07-14 00:00:00+00:00,1.0901109426830773,1.1838691197114755,1.2809014265168075,1.3807754693845895,1.5870368790794613,1.7981178862730642
2022-07-15 00:00:00+00:00,1.0901109426830773,1.1838691197114755,1.2809014265168075,1.3807754693845895,1.5870368790794613,1.7981178862730642
2022-07-16 00:00:00+00:00,1.0901109426830773,1.1838691197114755,1.2809014265168075,1.3807754693845895,1.5870368790794613,1.7981178862730642
2022-07-17 00:00:00+00:00,1.0901109426830773,1.1838691197114755,1.2809014265168075,1.3807754693845895,1.5870368790794613,1.7981178862730642
2022-07-18 00:00:00+00:00,1.0901109426830773,1.1838691197114755,1.2809014265168075,1.3807754693845895,1.5870368790794613,1.7981178862730642
2022-07-19 00:00:00+00:00,1.0901109426830773,1.1838691197114755,1.2809014265168075,1.3807754693845895,1.5870368790794613,1.7981178862730642
2022-07-20 00:00:00+00:00,1.0901109426830773,1.1838691197114755,1.2809014265168075,1.3807754693845895,1.5870368790794613,1.7981178862730642
2022-07-21 00:00:00+00:00,1.0901109426830773,1.1838691197114755,1.2809014265168075,1.3807754693845895,1.5870368790794613,1.7981178862730642
2022-07-22 00:00:00+00:00,1.0901109426830773,1.1838691197114755,1.2809014265168075,1.3807754693845895,1.5870368790794613,1.7981178862730642
2022-07-23 00:00:00+00:00,1.0901109426830773,1.1838691197114755,1.2809014265168075,1.3807754693845895,1.5870368790794613,1.7981178862730642
2022-07-24 00:00:00+00:00,1.0901109426830773,1.1838691197114755,1.2809014265168075,1.3807754693845895,1.5870368790794613,1.7981178862730642
2022-07-25 00:00:00+00:00,1.0901109426830773,1.1838691197114755,1.2809014265168075,1.3807754693845895,1.5870368790794613,1.7981178862730642
2022-07-26 00:00:00+00:00,1.0901109426830773,1.1838691197114755,1.2809014265168075,1.3807754693845895,1.5870368790794613,1.7981178862730642
2022-07-27 00:00:00+00:00,1.0901109426830773,1.1838691197114755,1.2809014265168075,1.3807754693845895,1.5870368790794613,1.7981178862730642
2022-07-28 00:00:00+00:00,1.0901109426830773,1.1838691197114755,1.2809014265168075,1.3807754693845895,1.5870368790794613,1.7981178862730642
2022-07-29 00:00:00+00:00,1.08727871925022,1.1777174855410484,1.2709176746985786,1.3664258670210716,1.56229714189267,1.7607442839128662
2022-07-30 00:00:00+00:00,1.08727871925022,1.1777174855410484,1.2709176746985786,1.3664258670210716,1.56229714189267,1.7607442839128662
2022-07-31 00:00:00+00:00,1.08727871925022,1.1777174855410484,1.2709176746985786,1.3664258670210716,1.56229714189267,1.7607442839128662
2022-08-01 00:00:00+00:00,1.08727871925022,1.1777174855410484,1.2709176746985786,1.3664258670210716,1.56229714189267,1.7607442839128662
2022-08-02 00:00:00+00:00,1.08727871925022,1.1777174855410484,1.2709176746985786,1.3664258670210716,1.56229714189267,1.7607442839128662
2022-08-03 00:00:00+00:00,1.08727871925022,1.1777174855410484,1.2709176746985786,1.3664258670210716,1.56229714189267,1.7607442839128662
2022-08-04 00:00:00+00:00,1.08727871925022,1.1777174855410484,1.2709176746985786,1.3664258670210716,1.56229714189267,1.7607442839128662
2022-08-05 00:00:00+00:00,1.0844597665111009,1.1716106246727258,1.2610324719528914,1.3522551125587803,1.537994035083994,1.7242240810677492
2022-08-06 00:00:00+00:00,1.0844597665111009,1.1716106246727258,1.2610324719528914,1.3522551125587803,1.537994035083994,1.7242240810677492
2022-08-07 00:00:00+00:00,1.0844597665111009,1.1716106246727258,1.2610324719528914,1.3522551125587803,1.537994035083994,1.7242240810677492
2022-08-08 00:00:00+00:00,1.0844597665111009,1.1716106246727258,1.2610324719528914,1.3522551125587803,1.537994035083994,1.7242240810677492
2022-08-09 00:00:00+00:00,1.0844597665111009,1.1716106246727258,1.2610324719528914,1.3522551125587803,1.537994035083994,1.7242240810677492
2022-08-10 00:00:00+00:00,1.081626113278241,1.165487874273349,1.251147378421796,1.3381215423160362,1.513881706138923,1.688181411400353
2022-08-11 00:00:00+00:00,1.081626113278241,1.165487874273349,1.251147378421796,1.3381215423160362,1.513881706138923,1.688181411400353
2022-08-12 00:00:00+00:00,1.081626113278241,1.165487874273349,1.251147378421796,1.3381215423160362,1.513881706138923,1.688181411400353
2022-08-13 00:00:00+00:00,1.081626113278241,1.165487874273349,1.251147378421796,1.3381215423160362,1.513881706138923,1.688181411400353
2022-08-14 00:00:00+00:00,1.081626113278241,1.165487874273349,1.251147378421796,1.3381215423160362,1.513881706138923,1.688181411400353
2022-08-15 00:00:00+00:00,1.081626113278241,1.165487874273349,1.251147378421796,1.3381215423160362,1.513881706138923,1.688181411400353
2022-08-16 00:00:00+00:00,1.081626113278241,1.165487874273349,1.251147378421796,1.3381215423160362,1.513881706138923,1.688181411400353
2022-08-17 00:00:00+00:00,1.081626113278241,1.165487874273349,1.251147378421796,1.3381215423160362,1.513881706138923,1.688181411400353
2022-08-18 00:00:00+00:00,1.081626113278241,1.165487874273349,1.251147378421796,1.3381215423160362,1.513881706138923,1.688181411400353
2022-08-19 00:00:00+00:00,1.081626113278241,1.165487874273349,1.251147378421796,1.3381215423160362,1.513881706138923,1.688181411400353
2022-08-20 00:00:00+00:00,1.081626113278241,1.165487874273349,1.251147378421796,1.3381215423160362,1.513881706138923,1.688181411400353
2022-08-21 00:00:00+00:00,1.081626113278241,1.165487874273349,1.251147378421796,1.3381215423160362,1.513881706138923,1.688181411400353
2022-08-22 00:00:00+00:00,1.081626113278241,1.165487874273349,1.251147378421796,1.3381215423160362,1.513881706138923,1.688181411400353
2022-08-23 00:00:00+00:00,1.081626113278241,1.165487874273349,1.251147378421796,1.3381215423160362,1.513881706138923,1.688181411400353
2022-08-24 00:00:00+00:00,1.081626113278241,1.165487874273349,1.251147378421796,1.3381215423160362,1.513881706138923,1.688181411400353
2022-08-25 00:00:00+00:00,1.081626113278241,1.165487874273349,1.251147378421796,1.3381215423160362,1.513881706138923,1.688181411400353
2022-08-26 00:00:00+00:00,1.081626113278241,1.165487874273349,1.251147378421796,1.3381215423160362,1.513881706138923,1.688181411400353
2022-08-27 00:00:00+00:00,1.081626113278241,1.165487874273349,1.251147378421796,1.3381215423160362,1.513881706138923,1.688181411400353
2022-08-28 00:00:00+00:00,1.081626113278241,1.165487874273349,1.251147378421796,1.3381215423160362,1.513881706138923,1.688181411400353
2022-08-29 00:00:00+00:00,1.081626113278241,1.165487874273349,1.251147378421796,1.3381215423160362,1.513881706138923,1.688181411400353
2022-08-30 00:00:00+00:00,1.081626113278241,1.165487874273349,1.251147378421796,1.3381215423160362,1.513881706138923,1.688181411400353
2022-08-31 00:00:00+00:00,1.081626113278241,1.165487874273349,1.251147378421796,1.3381215423160362,1.513881706138923,1.688181411400353
2022-09-01 00:00:00+00:00,1.081626113278241,1.165487874273349,1.251147378421796,1.3381215423160362,1.513881706138923,1.688181411400353
2022-09-02 00:00:00+00:00,1.081626113278241,1.165487874273349,1.251147378421796,1.3381215423160362,1.513881706138923,1.688181411400353
2022-09-03 00:00:00+00:00,1.081626113278241,1.165487874273349,1.251147378421796,1.3381215423160362,1.513881706138923,1.688181411400353
2022-09-04 00:00:00+00:00,1.081626113278241,1.165487874273349,1.251147378421796,1.3381215423160362,1.513881706138923,1.688181411400353
2022-09-05 00:00:00+00:00,1.081626113278241,1.165487874273349,1.251147378421796,1.3381215423160362,1.513881706138923,1.688181411400353
2022-09-06 00:00:00+00:00,1.081626113278241,1.165487874273349,1.251147378421796,1.3381215423160362,1.513881706138923,1.688181411400353
2022-09-07 00:00:00+00:00,1.081626113278241,1.165487874273349,1.251147378421796,1.3381215423160362,1.513881706138923,1.688181411400353
2022-09-08 00:00:00+00:00,1.081626113278241,1.165487874273349,1.251147378421796,1.3381215423160362,1.513881706138923,1.688181411400353
2022-09-09 00:00:00+00:00,1.081626113278241,1.165487874273349,1.251147378421796,1.3381215423160362,1.513881706138923,1.688181411400353
2022-09-10 00:00:00+00:00,1.081626113278241,1.165487874273349,1.251147378421796,1.3381215423160362,1.513881706138923,1.688181411400353
2022-09-11 00:00:00+00:00,1.081626113278241,1.165487874273349,1.251147378421796,1.3381215423160362,1.513881706138923,1.688181411400353
2022-09-12 00:00:00+00:00,1.081626113278241,1.165487874273349,1.251147378421796,1.3381215423160362,1.513881706138923,1.688181411400353
2022-09-13 00:00:00+00:00,1.081626113278241,1.165487874273349,1.251147378421796,1.3381215423160362,1.513881706138923,1.688181411400353
2022-09-14 00:00:00+00:00,1.081626113278241,1.165487874273349,1.251147378421796,1.3381215423160362,1.513881706138923,1.688181411400353
2022-09-15 00:00:00+00:00,1.081626113278241,1.165487874273349,1.251147378421796,1.3381215423160362,1.513881706138923,1.688181411400353
2022-09-16 00:00:00+00:00,1.081626113278241,1.165487874273349,1.251147378421796,1.3381215423160362,1.513881706138923,1.688181411400353
2022-09-17 00:00:00+00:00,1.081626113278241,1.165487874273349,1.251147378421796,1.3381215423160362,1.513881706138923,1.688181411400353
2022-09-18 00:00:00+00:00,1.081626113278241,1.165487874273349,1.251147378421796,1.3381215423160362,1.513881706138923,1.688181411400353
2022-09-19 00:00:00+00:00,1.081626113278241,1.165487874273349,1.251147378421796,1.3381215423160362,1.513881706138923,1.688181411400353
2022-09-20 00:00:00+00:00,1.081626113278241,1.165487874273349,1.251147378421796,1.3381215423160362,1.513881706138923,1.688181411400353
2022-09-21 00:00:00+00:00,1.081626113278241,1.165487874273349,1.251147378421796,1.3381215423160362,1.513881706138923,1.688181411400353
2022-09-22 00:00:00+00:00,1.081626113278241,1.165487874273349,1.251147378421796,1.3381215423160362,1.513881706138923,1.688181411400353
2022-09-23 00:00:00+00:00,1.081626113278241,1.165487874273349,1.251147378421796,1.3381215423160362,1.513881706138923,1.688181411400353
2022-09-24 00:00:00+00:00,1.081626113278241,1.165487874273349,1.251147378421796,1.3381215423160362,1.513881706138923,1.688181411400353
2022-09-25 00:00:00+00:00,1.081626113278241,1.165487874273349,1.251147378421796,1.3381215423160362,1.513881706138923,1.688181411400353
2022-09-26 00:00:00+00:00,1.081626113278241,1.165487874273349,1.251147378421796,1.3381215423160362,1.513881706138923,1.688181411400353
2022-09-27 00:00:00+00:00,1.081626113278241,1.165487874273349,1.251147378421796,1.3381215423160362,1.513881706138923,1.688181411400353
2022-09-28 00:00:00+00:00,1.081626113278241,1.165487874273349,1.251147378421796,1.3381215423160362,1.513881706138923,1.688181411400353
2022-09-29 00:00:00+00:00,1.081626113278241,1.165487874273349,1.251147378421796,1.3381215423160362,1.513881706138923,1.688181411400353
2022-09-30 00:00:00+00:00,1.081626113278241,1.165487874273349,1.251147378421796,1.3381215423160362,1.513881706138923,1.688181411400353
2022-10-01 00:00:00+00:00,1.081626113278241,1.165487874273349,1.251147378421796,1.3381215423160362,1.513881706138923,1.688181411400353
2022-10-02 00:00:00+00:00,1.081626113278241,1.165487874273349,1.251147378421796,1.3381215423160362,1.513881706138923,1.688181411400353
2022-10-03 00:00:00+00:00,1.081626113278241,1.165487874273349,1.251147378421796,1.3381215423160362,1.513881706138923,1.688181411400353
2022-10-04 00:00:00+00:00,1.081626113278241,1.165487874273349,1.251147378421796,1.3381215423160362,1.513881706138923,1.688181411400353
2022-10-05 00:00:00+00:00,1.0815375758513823,1.165297070267868,1.2508401372185376,1.337683410001269,1.5131381856792123,1.687075911180629
2022-10-06 00:00:00+00:00,1.0815375758513823,1.165297070267868,1.2508401372185376,1.337683410001269,1.5131381856792123,1.687075911180629
2022-10-07 00:00:00+00:00,1.0815375758513823,1.165297070267868,1.2508401372185376,1.337683410001269,1.5131381856792123,1.687075911180629
2022-10-08 00:00:00+00:00,1.0815375758513823,1.165297070267868,1.2508401372185376,1.337683410001269,1.5131381856792123,1.687075911180629
2022-10-09 00:00:00+00:00,1.0815375758513823,1.165297070267868,1.2508401372185376,1.337683410001269,1.5131381856792123,1.687075911180629
2022-10-10 00:00:00+00:00,1.0815375758513823,1.165297070267868,1.2508401372185376,1.337683410001269,1.5131381856792123,1.687075911180629
2022-10-11 00:00:00+00:00,1.0815375758513823,1.165297070267868,1.2508401372185376,1.337683410001269,1.5131381856792123,1.687075911180629
2022-10-12 00:00:00+00:00,1.0815375758513823,1.165297070267868,1.2508401372185376,1.337683410001269,1.5131381856792123,1.687075911180629
2022-10-13 00:00:00+00:00,1.0815375758513823,1.165297070267868,1.2508401372185376,1.337683410001269,1.5131381856792123,1.687075911180629
2022-10-14 00:00:00+00:00,1.0815375758513823,1.165297070267868,1.2508401372185376,1.337683410001269,1.5131381856792123,1.687075911180629
2022-10-15 00:00:00+00:00,1.0815375758513823,1.165297070267868,1.2508401372185376,1.337683410001269,1.5131381856792123,1.687075911180629
2022-10-16 00:00:00+00:00,1.0815375758513823,1.165297070267868,1.2508401372185376,1.337683410001269,1.5131381856792123,1.687075911180629
2022-10-17 00:00:00+00:00,1.0815375758513823,1.165297070267868,1.2508401372185376,1.337683410001269,1.5131381856792123,1.687075911180629
2022-10-18 00:00:00+00:00,1.0815375758513823,1.165297070267868,1.2508401372185376,1.337683410001269,1.5131381856792123,1.687075911180629
2022-10-19 00:00:00+00:00,1.0815375758513823,1.165297070267868,1.2508401372185376,1.337683410001269,1.5131381856792123,1.687075911180629
2022-10-20 00:00:00+00:00,1.0815375758513823,1.165297070267868,1.2508401372185376,1.337683410001269,1.5131381856792123,1.687075911180629
2022-10-21 00:00:00+00:00,1.0815375758513823,1.165297070267868,1.2508401372185376,1.337683410001269,1.5131381856792123,1.687075911180629
2022-10-22 00:00:00+00:00,1.0815375758513823,1.165297070267868,1.2508401372185376,1.337683410001269,1.5131381856792123,1.687075911180629
2022-10-23 00:00:00+00:00,1.0815375758513823,1.165297070267868,1.2508401372185376,1.337683410001269,1.5131381856792123,1.687075911180629
2022-10-24 00:00:00+00:00,1.0815375758513823,1.165297070267868,1.2508401372185376,1.337683410001269,1.5131381856792123,1.687075911180629
2022-10-25 00:00:00+00:00,1.0815375758513823,1.165297070267868,1.2508401372185376,1.337683410001269,1.5131381856792123,1.687075911180629
2022-10-26 00:00:00+00:00,1.0815375758513823,1.165297070267868,1.2508401372185376,1.337683410001269,1.5131381856792123,1.687075911180629
2022-10-27 00:00:00+00:00,1.0815375758513823,1.165297070267868,1.2508401372185376,1.337683410001269,1.5131381856792123,1.687075911180629
2022-10-28 00:00:00+00:00,1.0815375758513823,1.165297070267868,1.2508401372185376,1.337683410001269,1.5131381856792123,1.687075911180629
2022-10-29 00:00:00+00:00,1.0815375758513823,1.165297070267868,1.2508401372185376,1.337683410001269,1.5131381856792123,1.687075911180629
2022-10-30 00:00:00+00:00,1.0815375758513823,1.165297070267868,1.2508401372185376,1.337683410001269,1.5131381856792123,1.687075911180629
2022-10-31 00:00:00+00:00,1.0815375758513823,1.165297070267868,1.2508401372185376,1.337683410001269,1.5131381856792123,1.687075911180629
2022-11-01 00:00:00+00:00,1.0815375758513823,1.165297070267868,1.2508401372185376,1.337683410001269,1.5131381856792123,1.687075911180629
2022-11-02 00:00:00+00:00,1.0815375758513823,1.165297070267868,1.2508401372185376,1.337683410001269,1.5131381856792123,1.687075911180629
2022-11-03 00:00:00+00:00,1.0815375758513823,1.165297070267868,1.2508401372185376,1.337683410001269,1.5131381856792123,1.687075911180629
2022-11-04 00:00:00+00:00,1.0815375758513823,1.165297070267868,1.2508401372185376,1.337683410001269,1.5131381856792123,1.687075911180629
2022-11-05 00:00:00+00:00,1.0815375758513823,1.165297070267868,1.2508401372185376,1.337683410001269,1.5131381856792123,1.687075911180629
2022-11-06 00:00:00+00:00,1.0815375758513823,1.165297070267868,1.2508401372185376,1.337683410001269,1.5131381856792123,1.687075911180629
2022-11-07 00:00:00+00:00,1.0815375758513823,1.165297070267868,1.2508401372185376,1.337683410001269,1.5131381856792123,1.687075911180629
2022-11-08 00:00:00+00:00,1.0895686098371364,1.1826030623735124,1.2787047437113066,1.3774156621865625,1.58055367525071,1.7872959259578163
2022-11-09 00:00:00+00:00,1.0895686098371364,1.1826030623735124,1.2787047437113066,1.3774156621865625,1.58055367525071,1.7872959259578163
2022-11-10 00:00:00+00:00,1.0976573814419954,1.2001619494126243,1.3071834017651853,1.4183184583787114,1.6509562414015537,1.8934445679421252
2022-11-11 00:00:00+00:00,1.0976573814419954,1.2001619494126243,1.3071834017651853,1.4183184583787114,1.6509562414015537,1.8934445679421252
2022-11-12 00:00:00+00:00,1.0976573814419954,1.2001619494126243,1.3071834017651853,1.4183184583787114,1.6509562414015537,1.8934445679421252
2022-11-13 00:00:00+00:00,1.0976573814419954,1.2001619494126243,1.3071834017651853,1.4183184583787114,1.6509562414015537,1.8934445679421252
2022-11-14 00:00:00+00:00,1.0976573814419954,1.2001619494126243,1.3071834017651853,1.4183184583787114,1.6509562414015537,1.8934445679421252
2022-11-15 00:00:00+00:00,1.0976573814419954,1.2001619494126243,1.3071834017651853,1.4183184583787114,1.6509562414015537,1.8934445679421252
2022-11-16 00:00:00+00:00,1.0976573814419954,1.2001619494126243,1.3071834017651853,1.4183184583787114,1.6509562414015537,1.8934445679421252
2022-11-17 00:00:00+00:00,1.0976573814419954,1.2001619494126243,1.3071834017651853,1.4183184583787114,1.6509562414015537,1.8934445679421252
2022-11-18 00:00:00+00:00,1.0976573814419954,1.2001619494126243,1.3071834017651853,1.4183184583787114,1.6509562414015537,1.8934445679421252
2022-11-19 00:00:00+00:00,1.0976573814419954,1.2001619494126243,1.3071834017651853,1.4183184583787114,1.6509562414015537,1.8934445679421252
2022-11-20 00:00:00+00:00,1.0976573814419954,1.2001619494126243,1.3071834017651853,1.4183184583787114,1.6509562414015537,1.8934445679421252
2022-11-21 00:00:00+00:00,1.0976573814419954,1.2001619494126243,1.3071834017651853,1.4183184583787114,1.6509562414015537,1.8934445679421252
2022-11-22 00:00:00+00:00,1.0976573814419954,1.2001619494126243,1.3071834017651853,1.4183184583787114,1.6509562414015537,1.8934445679421252
2022-11-23 00:00:00+00:00,1.0976573814419954,1.2001619494126243,1.3071834017651853,1.4183184583787114,1.6509562414015537,1.8934445679421252
2022-11-24 00:00:00+00:00,1.0976573814419954,1.2001619494126243,1.3071834017651853,1.4183184583787114,1.6509562414015537,1.8934445679421252
2022-11-25 00:00:00+00:00,1.0947957112796758,1.19390413582042,1.2969596439676563,1.403527833611345,1.6251312856629552,1.8539538203504273
2022-11-26 00:00:00+00:00,1.0947957112796758,1.19390413582042,1.2969596439676563,1.403527833611345,1.6251312856629552,1.8539538203504273
2022-11-27 00:00:00+00:00,1.0947957112796758,1.19390413582042,1.2969596439676563,1.403527833611345,1.6251312856629552,1.8539538203504273
2022-11-28 00:00:00+00:00,1.0947957112796758,1.19390413582042,1.2969596439676563,1.403527833611345,1.6251312856629552,1.8539538203504273
2022-11-29 00:00:00+00:00,1.0947957112796758,1.19390413582042,1.2969596439676563,1.403527833611345,1.6251312856629552,1.8539538203504273
2022-11-30 00:00:00+00:00,1.0947957112796758,1.19390413582042,1.2969596439676563,1.403527833611345,1.6251312856629552,1.8539538203504273
2022-12-01 00:00:00+00:00,1.1028979984580436,1.2115756595068825,1.325754987389024,1.4450763543210559,1.6972942302744234,1.963718709731321
2022-12-02 00:00:00+00:00,1.1028979984580436,1.2115756595068825,1.325754987389024,1.4450763543210559,1.6972942302744234,1.963718709731321
2022-12-03 00:00:00+00:00,1.1028979984580436,1.2115756595068825,1.325754987389024,1.4450763543210559,1.6972942302744234,1.963718709731321
2022-12-04 00:00:00+00:00,1.1028979984580436,1.2115756595068825,1.325754987389024,1.4450763543210559,1.6972942302744234,1.963718709731321
2022-12-05 00:00:00+00:00,1.1028979984580436,1.2115756595068825,1.325754987389024,1.4450763543210559,1.6972942302744234,1.963718709731321
2022-12-06 00:00:00+00:00,1.1028979984580436,1.2115756595068825,1.325754987389024,1.4450763543210559,1.6972942302744234,1.963718709731321
2022-12-07 00:00:00+00:00,1.1028979984580436,1.2115756595068825,1.325754987389024,1.4450763543210559,1.6972942302744234,1.963718709731321
2022-12-08 00:00:00+00:00,1.1028979984580436,1.2115756595068825,1.325754987389024,1.4450763543210559,1.6972942302744234,1.963718709731321
2022-12-09 00:00:00+00:00,1.1028979984580436,1.2115756595068825,1.325754987389024,1.4450763543210559,1.6972942302744234,1.963718709731321
2022-12-10 00:00:00+00:00,1.1027728312797362,1.2113006576357788,1.325303610168836,1.4444203512093925,1.6961384813482796,1.9619358204325468
2022-12-11 00:00:00+00:00,1.1027728312797362,1.2113006576357788,1.325303610168836,1.4444203512093925,1.6961384813482796,1.9619358204325468
2022-12-12 00:00:00+00:00,1.1027728312797362,1.2113006576357788,1.325303610168836,1.4444203512093925,1.6961384813482796,1.9619358204325468
2022-12-13 00:00:00+00:00,1.1027728312797362,1.2113006576357788,1.325303610168836,1.4444203512093925,1.6961384813482796,1.9619358204325468
2022-12-14 00:00:00+00:00,1.0999115272538116,1.205014867217318,1.3149875329647538,1.4294293189720568,1.6697332178476776,1.9212116045115208
2022-12-15 00:00:00+00:00,1.0999115272538116,1.205014867217318,1.3149875329647538,1.4294293189720568,1.6697332178476776,1.9212116045115208
2022-12-16 00:00:00+00:00,1.0999115272538116,1.205014867217318,1.3149875329647538,1.4294293189720568,1.6697332178476776,1.9212116045115208
2022-12-17 00:00:00+00:00,1.0999115272538116,1.205014867217318,1.3149875329647538,1.4294293189720568,1.6697332178476776,1.9212116045115208
2022-12-18 00:00:00+00:00,1.0999115272538116,1.205014867217318,1.3149875329647538,1.4294293189720568,1.6697332178476776,1.9212116045115208
2022-12-19 00:00:00+00:00,1.0999115272538116,1.205014867217318,1.3149875329647538,1.4294293189720568,1.6697332178476776,1.9212116045115208
2022-12-20 00:00:00+00:00,1.0970420939998982,1.1987276165689198,1.304695971701663,1.4145130209959165,1.6435973629080436,1.8811153725569099
2022-12-21 00:00:00+00:00,1.0970420939998982,1.1987276165689198,1.304695971701663,1.4145130209959165,1.6435973629080436,1.8811153725569099
2022-12-22 00:00:00+00:00,1.0970420939998982,1.1987276165689198,1.304695971701663,1.4145130209959165,1.6435973629080436,1.8811153725569099
2022-12-23 00:00:00+00:00,1.0970420939998982,1.1987276165689198,1.304695971701663,1.4145130209959165,1.6435973629080436,1.8811153725569099
2022-12-24 00:00:00+00:00,1.0970420939998982,1.1987276165689198,1.304695971701663,1.4145130209959165,1.6435973629080436,1.8811153725569099
2022-12-25 00:00:00+00:00,1.0970420939998982,1.1987276165689198,1.304695971701663,1.4145130209959165,1.6435973629080436,1.8811153725569099
2022-12-26 00:00:00+00:00,1.0970420939998982,1.1987276165689198,1.304695971701663,1.4145130209959165,1.6435973629080436,1.8811153725569099
2022-12-27 00:00:00+00:00,1.09418656236363,1.1924871912450377,1.2945078468066868,1.3997854669541572,1.617928278962731,1.8419439716621901
2022-12-28 00:00:00+00:00,1.09418656236363,1.1924871912450377,1.2945078468066868,1.3997854669541572,1.617928278962731,1.8419439716621901
2022-12-29 00:00:00+00:00,1.09418656236363,1.1924871912450377,1.2945078468066868,1.3997854669541572,1.617928278962731,1.8419439716621901
2022-12-30 00:00:00+00:00,1.09418656236363,1.1924871912450377,1.2945078468066868,1.3997854669541572,1.617928278962731,1.8419439716621901
2022-12-31 00:00:00+00:00,1.09418656236363,1.1924871912450377,1.2945078468066868,1.3997854669541572,1.617928278962731,1.8419439716621901
2023-01-01 00:00:00+00:00,1.09418656236363,1.1924871912450377,1.2945078468066868,1.3997854669541572,1.617928278962731,1.8419439716621901
2023-01-02 00:00:00+00:00,1.09418656236363,1.1924871912450377,1.2945078468066868,1.3997854669541572,1.617928278962731,1.8419439716621901
2023-01-03 00:00:00+00:00,1.0940572707008844,1.192205377051623,1.2940489605133223,1.3991238591562378,1.6167812096534262,1.8402027841391708
2023-01-04 00:00:00+00:00,1.0940572707008844,1.192205377051623,1.2940489605133223,1.3991238591562378,1.6167812096534262,1.8402027841391708
2023-01-05 00:00:00+00:00,1.0940572707008844,1.192205377051623,1.2940489605133223,1.3991238591562378,1.6167812096534262,1.8402027841391708
2023-01-06 00:00:00+00:00,1.0940572707008844,1.192205377051623,1.2940489605133223,1.3991238591562378,1.6167812096534262,1.8402027841391708
2023-01-07 00:00:00+00:00,1.0940572707008844,1.192205377051623,1.2940489605133223,1.3991238591562378,1.6167812096534262,1.8402027841391708
2023-01-08 00:00:00+00:00,1.0940572707008844,1.192205377051623,1.2940489605133223,1.3991238591562378,1.6167812096534262,1.8402027841391708
2023-01-09 00:00:00+00:00,1.0940572707008844,1.192205377051623,1.2940489605133223,1.3991238591562378,1.6167812096534262,1.8402027841391708
2023-01-10 00:00:00+00:00,1.0939632892341093,1.1920005519240304,1.2937154771866863,1.3986431102374932,1.6159479033525213,1.8389381705841146
2023-01-11 00:00:00+00:00,1.0911014171109565,1.185763865219996,1.2835621705011102,1.3840073806227244,1.5905834164309747,1.8004520097530265
2023-01-12 00:00:00+00:00,1.0911014171109565,1.185763865219996,1.2835621705011102,1.3840073806227244,1.5905834164309747,1.8004520097530265
2023-01-13 00:00:00+00:00,1.0911014171109565,1.185763865219996,1.2835621705011102,1.3840073806227244,1.5905834164309747,1.8004520097530265
2023-01-14 00:00:00+00:00,1.0911014171109565,1.185763865219996,1.2835621705011102,1.3840073806227244,1.5905834164309747,1.8004520097530265
2023-01-15 00:00:00+00:00,1.0911014171109565,1.185763865219996,1.2835621705011102,1.3840073806227244,1.5905834164309747,1.8004520097530265
2023-01-16 00:00:00+00:00,1.0911014171109565,1.185763865219996,1.2835621705011102,1.3840073806227244,1.5905834164309747,1.8004520097530265
2023-01-17 00:00:00+00:00,1.0911014171109565,1.185763865219996,1.2835621705011102,1.3840073806227244,1.5905834164309747,1.8004520097530265
2023-01-18 00:00:00+00:00,1.0911014171109565,1.185763865219996,1.2835621705011102,1.3840073806227244,1.5905834164309747,1.8004520097530265
2023-01-19 00:00:00+00:00,1.0911014171109565,1.185763865219996,1.2835621705011102,1.3840073806227244,1.5905834164309747,1.8004520097530265
2023-01-20 00:00:00+00:00,1.0911014171109565,1.185763865219996,1.2835621705011102,1.3840073806227244,1.5905834164309747,1.8004520097530265
2023-01-21 00:00:00+00:00,1.0911014171109565,1.185763865219996,1.2835621705011102,1.3840073806227244,1.5905834164309747,1.8004520097530265
2023-01-22 00:00:00+00:00,1.0911014171109565,1.185763865219996,1.2835621705011102,1.3840073806227244,1.5905834164309747,1.8004520097530265
2023-01-23 00:00:00+00:00,1.0882668666290705,1.1796029209065664,1.2735585492651718,1.3696254405898154,1.5657905479469671,1.7630331445086118
2023-01-24 00:00:00+00:00,1.0854323615636912,1.1734581221316065,1.2636071992710358,1.355356108799721,1.5413209548228493,1.7262971082896976
2023-01-25 00:00:00+00:00,1.0854323615636912,1.1734581221316065,1.2636071992710358,1.355356108799721,1.5413209548228493,1.7262971082896976
2023-01-26 00:00:00+00:00,1.0854323615636912,1.1734581221316065,1.2636071992710358,1.355356108799721,1.5413209548228493,1.7262971082896976
2023-01-27 00:00:00+00:00,1.0854323615636912,1.1734581221316065,1.2636071992710358,1.355356108799721,1.5413209548228493,1.7262971082896976
2023-01-28 00:00:00+00:00,1.0854323615636912,1.1734581221316065,1.2636071992710358,1.355356108799721,1.5413209548228493,1.7262971082896976
2023-01-29 00:00:00+00:00,1.0854323615636912,1.1734581221316065,1.2636071992710358,1.355356108799721,1.5413209548228493,1.7262971082896976
2023-01-30 00:00:00+00:00,1.0854323615636912,1.1734581221316065,1.2636071992710358,1.355356108799721,1.5413209548228493,1.7262971082896976
2023-01-31 00:00:00+00:00,1.0854323615636912,1.1734581221316065,1.2636071992710358,1.355356108799721,1.5413209548228493,1.7262971082896976
2023-02-01 00:00:00+00:00,1.0854323615636912,1.1734581221316065,1.2636071992710358,1.355356108799721,1.5413209548228493,1.7262971082896976
2023-02-02 00:00:00+00:00,1.0853249136643695,1.173225798838825,1.2632319425237601,1.354819437250649,1.5404054945621792,1.724930006998385
2023-02-03 00:00:00+00:00,1.0853249136643695,1.173225798838825,1.2632319425237601,1.354819437250649,1.5404054945621792,1.724930006998385
2023-02-04 00:00:00+00:00,1.0853249136643695,1.173225798838825,1.2632319425237601,1.354819437250649,1.5404054945621792,1.724930006998385
2023-02-05 00:00:00+00:00,1.0853249136643695,1.173225798838825,1.2632319425237601,1.354819437250649,1.5404054945621792,1.724930006998385
2023-02-06 00:00:00+00:00,1.0853249136643695,1.173225798838825,1.2632319425237601,1.354819437250649,1.5404054945621792,1.724930006998385
2023-02-07 00:00:00+00:00,1.0853249136643695,1.173225798838825,1.2632319425237601,1.354819437250649,1.5404054945621792,1.724930006998385
2023-02-08 00:00:00+00:00,1.0853249136643695,1.173225798838825,1.2632319425237601,1.354819437250649,1.5404054945621792,1.724930006998385
2023-02-09 00:00:00+00:00,1.0853249136643695,1.173225798838825,1.2632319425237601,1.354819437250649,1.5404054945621792,1.724930006998385
2023-02-10 00:00:00+00:00,1.0853249136643695,1.173225798838825,1.2632319425237601,1.354819437250649,1.5404054945621792,1.724930006998385
2023-02-11 00:00:00+00:00,1.0853249136643695,1.173225798838825,1.2632319425237601,1.354819437250649,1.5404054945621792,1.724930006998385
2023-02-12 00:00:00+00:00,1.0853249136643695,1.173225798838825,1.2632319425237601,1.354819437250649,1.5404054945621792,1.724930006998385
2023-02-13 00:00:00+00:00,1.0853249136643695,1.173225798838825,1.2632319425237601,1.354819437250649,1.5404054945621792,1.724930006998385
2023-02-14 00:00:00+00:00,1.0853249136643695,1.173225798838825,1.2632319425237601,1.354819437250649,1.5404054945621792,1.724930006998385
2023-02-15 00:00:00+00:00,1.0853249136643695,1.173225798838825,1.2632319425237601,1.354819437250649,1.5404054945621792,1.724930006998385
2023-02-16 00:00:00+00:00,1.0853249136643695,1.173225798838825,1.2632319425237601,1.354819437250649,1.5404054945621792,1.724930006998385
2023-02-17 00:00:00+00:00,1.0853249136643695,1.173225798838825,1.2632319425237601,1.354819437250649,1.5404054945621792,1.724930006998385
2023-02-18 00:00:00+00:00,1.0853249136643695,1.173225798838825,1.2632319425237601,1.354819437250649,1.5404054945621792,1.724930006998385
2023-02-19 00:00:00+00:00,1.0853249136643695,1.173225798838825,1.2632319425237601,1.354819437250649,1.5404054945621792,1.724930006998385
2023-02-20 00:00:00+00:00,1.0853249136643695,1.173225798838825,1.2632319425237601,1.354819437250649,1.5404054945621792,1.724930006998385
2023-02-21 00:00:00+00:00,1.0853249136643695,1.173225798838825,1.2632319425237601,1.354819437250649,1.5404054945621792,1.724930006998385
2023-02-22 00:00:00+00:00,1.0853249136643695,1.173225798838825,1.2632319425237601,1.354819437250649,1.5404054945621792,1.724930006998385
2023-02-23 00:00:00+00:00,1.0853249136643695,1.173225798838825,1.2632319425237601,1.354819437250649,1.5404054945621792,1.724930006998385
2023-02-24 00:00:00+00:00,1.0853249136643695,1.173225798838825,1.2632319425237601,1.354819437250649,1.5404054945621792,1.724930006998385
2023-02-25 00:00:00+00:00,1.0853249136643695,1.173225798838825,1.2632319425237601,1.354819437250649,1.5404054945621792,1.724930006998385
2023-02-26 00:00:00+00:00,1.0853249136643695,1.173225798838825,1.2632319425237601,1.354819437250649,1.5404054945621792,1.724930006998385
2023-02-27 00:00:00+00:00,1.0853249136643695,1.173225798838825,1.2632319425237601,1.354819437250649,1.5404054945621792,1.724930006998385
2023-02-28 00:00:00+00:00,1.0853249136643695,1.173225798838825,1.2632319425237601,1.354819437250649,1.5404054945621792,1.724930006998385
2023-03-01 00:00:00+00:00,1.0853249136643695,1.173225798838825,1.2632319425237601,1.354819437250649,1.5404054945621792,1.724930006998385
2023-03-02 00:00:00+00:00,1.0853249136643695,1.173225798838825,1.2632319425237601,1.354819437250649,1.5404054945621792,1.724930006998385
2023-03-03 00:00:00+00:00,1.0853249136643695,1.173225798838825,1.2632319425237601,1.354819437250649,1.5404054945621792,1.724930006998385
2023-03-04 00:00:00+00:00,1.0853249136643695,1.173225798838825,1.2632319425237601,1.354819437250649,1.5404054945621792,1.724930006998385
2023-03-05 00:00:00+00:00,1.0853249136643695,1.173225798838825,1.2632319425237601,1.354819437250649,1.5404054945621792,1.724930006998385
2023-03-06 00:00:00+00:00,1.0824680014914643,1.1670492096459126,1.2532562863814518,1.3405542154958048,1.516076541159094,1.688605595959005
2023-03-07 00:00:00+00:00,1.0824680014914643,1.1670492096459126,1.2532562863814518,1.3405542154958048,1.516076541159094,1.688605595959005
2023-03-08 00:00:00+00:00,1.0824680014914643,1.1670492096459126,1.2532562863814518,1.3405542154958048,1.516076541159094,1.688605595959005
2023-03-09 00:00:00+00:00,1.0824680014914643,1.1670492096459126,1.2532562863814518,1.3405542154958048,1.516076541159094,1.688605595959005
2023-03-10 00:00:00+00:00,1.0824680014914643,1.1670492096459126,1.2532562863814518,1.3405542154958048,1.516076541159094,1.688605595959005
2023-03-11 00:00:00+00:00,1.0824680014914643,1.1670492096459126,1.2532562863814518,1.3405542154958048,1.516076541159094,1.688605595959005
2023-03-12 00:00:00+00:00,1.0824680014914643,1.1670492096459126,1.2532562863814518,1.3405542154958048,1.516076541159094,1.688605595959005
2023-03-13 00:00:00+00:00,1.0904795844034216,1.1843243835864448,1.2810831596962544,1.3802411576709848,1.5834014296193581,1.7885875166733787
2023-03-14 00:00:00+00:00,1.0904795844034216,1.1843243835864448,1.2810831596962544,1.3802411576709848,1.5834014296193581,1.7885875166733787
2023-03-15 00:00:00+00:00,1.0904795844034216,1.1843243835864448,1.2810831596962544,1.3802411576709848,1.5834014296193581,1.7885875166733787
2023-03-16 00:00:00+00:00,1.0904795844034216,1.1843243835864448,1.2810831596962544,1.3802411576709848,1.5834014296193581,1.7885875166733787
2023-03-17 00:00:00+00:00,1.0904795844034216,1.1843243835864448,1.2810831596962544,1.3802411576709848,1.5834014296193581,1.7885875166733787
2023-03-18 00:00:00+00:00,1.0904795844034216,1.1843243835864448,1.2810831596962544,1.3802411576709848,1.5834014296193581,1.7885875166733787
2023-03-19 00:00:00+00:00,1.0904795844034216,1.1843243835864448,1.2810831596962544,1.3802411576709848,1.5834014296193581,1.7885875166733787
2023-03-20 00:00:00+00:00,1.098575831318645,1.2019103756111942,1.3096172993395274,1.421231464596066,1.6539370496720476,1.8948222146656073
2023-03-21 00:00:00+00:00,1.098575831318645,1.2019103756111942,1.3096172993395274,1.421231464596066,1.6539370496720476,1.8948222146656073
2023-03-22 00:00:00+00:00,1.098575831318645,1.2019103756111942,1.3096172993395274,1.421231464596066,1.6539370496720476,1.8948222146656073
2023-03-23 00:00:00+00:00,1.098575831318645,1.2019103756111942,1.3096172993395274,1.421231464596066,1.6539370496720476,1.8948222146656073
2023-03-24 00:00:00+00:00,1.098575831318645,1.2019103756111942,1.3096172993395274,1.421231464596066,1.6539370496720476,1.8948222146656073
2023-03-25 00:00:00+00:00,1.098575831318645,1.2019103756111942,1.3096172993395274,1.421231464596066,1.6539370496720476,1.8948222146656073
2023-03-26 00:00:00+00:00,1.098575831318645,1.2019103756111942,1.3096172993395274,1.421231464596066,1.6539370496720476,1.8948222146656073
2023-03-27 00:00:00+00:00,1.098575831318645,1.2019103756111942,1.3096172993395274,1.421231464596066,1.6539370496720476,1.8948222146656073
2023-03-28 00:00:00+00:00,1.098575831318645,1.2019103756111942,1.3096172993395274,1.421231464596066,1.6539370496720476,1.8948222146656073
2023-03-29 00:00:00+00:00,1.098575831318645,1.2019103756111942,1.3096172993395274,1.421231464596066,1.6539370496720476,1.8948222146656073
2023-03-30 00:00:00+00:00,1.098575831318645,1.2019103756111942,1.3096172993395274,1.421231464596066,1.6539370496720476,1.8948222146656073
2023-03-31 00:00:00+00:00,1.0957165707530891,1.1956539573606808,1.2993916863416248,1.4064353222983825,1.628108862763752,1.8553690223948152
2023-04-01 00:00:00+00:00,1.0957165707530891,1.1956539573606808,1.2993916863416248,1.4064353222983825,1.628108862763752,1.8553690223948152
2023-04-02 00:00:00+00:00,1.0957165707530891,1.1956539573606808,1.2993916863416248,1.4064353222983825,1.628108862763752,1.8553690223948152
2023-04-03 00:00:00+00:00,1.0957165707530891,1.1956539573606808,1.2993916863416248,1.4064353222983825,1.628108862763752,1.8553690223948152
2023-04-04 00:00:00+00:00,1.0957165707530891,1.1956539573606808,1.2993916863416248,1.4064353222983825,1.628108862763752,1.8553690223948152
2023-04-05 00:00:00+00:00,1.0957165707530891,1.1956539573606808,1.2993916863416248,1.4064353222983825,1.628108862763752,1.8553690223948152
2023-04-06 00:00:00+00:00,1.0957165707530891,1.1956539573606808,1.2993916863416248,1.4064353222983825,1.628108862763752,1.8553690223948152
2023-04-07 00:00:00+00:00,1.0957165707530891,1.1956539573606808,1.2993916863416248,1.4064353222983825,1.628108862763752,1.8553690223948152
2023-04-08 00:00:00+00:00,1.0957165707530891,1.1956539573606808,1.2993916863416248,1.4064353222983825,1.628108862763752,1.8553690223948152
2023-04-09 00:00:00+00:00,1.0957165707530891,1.1956539573606808,1.2993916863416248,1.4064353222983825,1.628108862763752,1.8553690223948152
2023-04-10 00:00:00+00:00,1.0957165707530891,1.1956539573606808,1.2993916863416248,1.4064353222983825,1.628108862763752,1.8553690223948152
2023-04-11 00:00:00+00:00,1.0957165707530891,1.1956539573606808,1.2993916863416248,1.4064353222983825,1.628108862763752,1.8553690223948152
2023-04-12 00:00:00+00:00,1.0957165707530891,1.1956539573606808,1.2993916863416248,1.4064353222983825,1.628108862763752,1.8553690223948152
2023-04-13 00:00:00+00:00,1.0957165707530891,1.1956539573606808,1.2993916863416248,1.4064353222983825,1.628108862763752,1.8553690223948152
2023-04-14 00:00:00+00:00,1.0955985914662594,1.1953964776347188,1.298971957439391,1.4058295808476238,1.6270570408183476,1.8537708345428752
2023-04-15 00:00:00+00:00,1.0955985914662594,1.1953964776347188,1.298971957439391,1.4058295808476238,1.6270570408183476,1.8537708345428752
2023-04-16 00:00:00+00:00,1.0955985914662594,1.1953964776347188,1.298971957439391,1.4058295808476238,1.6270570408183476,1.8537708345428752
2023-04-17 00:00:00+00:00,1.0955985914662594,1.1953964776347188,1.298971957439391,1.4058295808476238,1.6270570408183476,1.8537708345428752
2023-04-18 00:00:00+00:00,1.0955985914662594,1.1953964776347188,1.298971957439391,1.4058295808476238,1.6270570408183476,1.8537708345428752
2023-04-19 00:00:00+00:00,1.0955985914662594,1.1953964776347188,1.298971957439391,1.4058295808476238,1.6270570408183476,1.8537708345428752
2023-04-20 00:00:00+00:00,1.0955985914662594,1.1953964776347188,1.298971957439391,1.4058295808476238,1.6270570408183476,1.8537708345428752
2023-04-21 00:00:00+00:00,1.0955985914662594,1.1953964776347188,1.298971957439391,1.4058295808476238,1.6270570408183476,1.8537708345428752
2023-04-22 00:00:00+00:00,1.0955985914662594,1.1953964776347188,1.298971957439391,1.4058295808476238,1.6270570408183476,1.8537708345428752
2023-04-23 00:00:00+00:00,1.0955985914662594,1.1953964776347188,1.298971957439391,1.4058295808476238,1.6270570408183476,1.8537708345428752
2023-04-24 00:00:00+00:00,1.0955985914662594,1.1953964776347188,1.298971957439391,1.4058295808476238,1.6270570408183476,1.8537708345428752
2023-04-25 00:00:00+00:00,1.0955985914662594,1.1953964776347188,1.298971957439391,1.4058295808476238,1.6270570408183476,1.8537708345428752
2023-04-26 00:00:00+00:00,1.0955985914662594,1.1953964776347188,1.298971957439391,1.4058295808476238,1.6270570408183476,1.8537708345428752
2023-04-27 00:00:00+00:00,1.0955985914662594,1.1953964776347188,1.298971957439391,1.4058295808476238,1.6270570408183476,1.8537708345428752
2023-04-28 00:00:00+00:00,1.0955985914662594,1.1953964776347188,1.298971957439391,1.4058295808476238,1.6270570408183476,1.8537708345428752
2023-04-29 00:00:00+00:00,1.0955985914662594,1.1953964776347188,1.298971957439391,1.4058295808476238,1.6270570408183476,1.8537708345428752
2023-04-30 00:00:00+00:00,1.0955985914662594,1.1953964776347188,1.298971957439391,1.4058295808476238,1.6270570408183476,1.8537708345428752
2023-05-01 00:00:00+00:00,1.0955985914662594,1.1953964776347188,1.298971957439391,1.4058295808476238,1.6270570408183476,1.8537708345428752
2023-05-02 00:00:00+00:00,1.0955985914662594,1.1953964776347188,1.298971957439391,1.4058295808476238,1.6270570408183476,1.8537708345428752
2023-05-03 00:00:00+00:00,1.0955985914662594,1.1953964776347188,1.298971957439391,1.4058295808476238,1.6270570408183476,1.8537708345428752
2023-05-04 00:00:00+00:00,1.1037112724367626,1.2130998049880972,1.3278278134867207,1.4474690899786076,1.6993451660265306,1.9635851515031983
2023-05-05 00:00:00+00:00,1.1037112724367626,1.2130998049880972,1.3278278134867207,1.4474690899786076,1.6993451660265306,1.9635851515031983
2023-05-06 00:00:00+00:00,1.1037112724367626,1.2130998049880972,1.3278278134867207,1.4474690899786076,1.6993451660265306,1.9635851515031983
2023-05-07 00:00:00+00:00,1.1037112724367626,1.2130998049880972,1.3278278134867207,1.4474690899786076,1.6993451660265306,1.9635851515031983
2023-05-08 00:00:00+00:00,1.1037112724367626,1.2130998049880972,1.3278278134867207,1.4474690899786076,1.6993451660265306,1.9635851515031983
2023-05-09 00:00:00+00:00,1.1037112724367626,1.2130998049880972,1.3278278134867207,1.4474690899786076,1.6993451660265306,1.9635851515031983
2023-05-10 00:00:00+00:00,1.1037112724367626,1.2130998049880972,1.3278278134867207,1.4474690899786076,1.6993451660265306,1.9635851515031983
2023-05-11 00:00:00+00:00,1.1037112724367626,1.2130998049880972,1.3278278134867207,1.4474690899786076,1.6993451660265306,1.9635851515031983
2023-05-12 00:00:00+00:00,1.1037112724367626,1.2130998049880972,1.3278278134867207,1.4474690899786076,1.6993451660265306,1.9635851515031983
2023-05-13 00:00:00+00:00,1.1037112724367626,1.2130998049880972,1.3278278134867207,1.4474690899786076,1.6993451660265306,1.9635851515031983
2023-05-14 00:00:00+00:00,1.1037112724367626,1.2130998049880972,1.3278278134867207,1.4474690899786076,1.6993451660265306,1.9635851515031983
2023-05-15 00:00:00+00:00,1.1037112724367626,1.2130998049880972,1.3278278134867207,1.4474690899786076,1.6993451660265306,1.9635851515031983
2023-05-16 00:00:00+00:00,1.1037112724367626,1.2130998049880972,1.3278278134867207,1.4474690899786076,1.6993451660265306,1.9635851515031983
2023-05-17 00:00:00+00:00,1.1037112724367626,1.2130998049880972,1.3278278134867207,1.4474690899786076,1.6993451660265306,1.9635851515031983
2023-05-18 00:00:00+00:00,1.1037112724367626,1.2130998049880972,1.3278278134867207,1.4474690899786076,1.6993451660265306,1.9635851515031983
2023-05-19 00:00:00+00:00,1.1037112724367626,1.2130998049880972,1.3278278134867207,1.4474690899786076,1.6993451660265306,1.9635851515031983
2023-05-20 00:00:00+00:00,1.1037112724367626,1.2130998049880972,1.3278278134867207,1.4474690899786076,1.6993451660265306,1.9635851515031983
2023-05-21 00:00:00+00:00,1.1037112724367626,1.2130998049880972,1.3278278134867207,1.4474690899786076,1.6993451660265306,1.9635851515031983
2023-05-22 00:00:00+00:00,1.1037112724367626,1.2130998049880972,1.3278278134867207,1.4474690899786076,1.6993451660265306,1.9635851515031983
2023-05-23 00:00:00+00:00,1.1037112724367626,1.2130998049880972,1.3278278134867207,1.4474690899786076,1.6993451660265306,1.9635851515031983
2023-05-24 00:00:00+00:00,1.1037112724367626,1.2130998049880972,1.3278278134867207,1.4474690899786076,1.6993451660265306,1.9635851515031983
2023-05-25 00:00:00+00:00,1.1037112724367626,1.2130998049880972,1.3278278134867207,1.4474690899786076,1.6993451660265306,1.9635851515031983
2023-05-26 00:00:00+00:00,1.1037112724367626,1.2130998049880972,1.3278278134867207,1.4474690899786076,1.6993451660265306,1.9635851515031983
2023-05-27 00:00:00+00:00,1.1037112724367626,1.2130998049880972,1.3278278134867207,1.4474690899786076,1.6993451660265306,1.9635851515031983
2023-05-28 00:00:00+00:00,1.1037112724367626,1.2130998049880972,1.3278278134867207,1.4474690899786076,1.6993451660265306,1.9635851515031983
2023-05-29 00:00:00+00:00,1.1037112724367626,1.2130998049880972,1.3278278134867207,1.4474690899786076,1.6993451660265306,1.9635851515031983
2023-05-30 00:00:00+00:00,1.1037112724367626,1.2130998049880972,1.3278278134867207,1.4474690899786076,1.6993451660265306,1.9635851515031983
2023-05-31 00:00:00+00:00,1.1037112724367626,1.2130998049880972,1.3278278134867207,1.4474690899786076,1.6993451660265306,1.9635851515031983
2023-06-01 00:00:00+00:00,1.1037112724367626,1.2130998049880972,1.3278278134867207,1.4474690899786076,1.6993451660265306,1.9635851515031983
2023-06-02 00:00:00+00:00,1.100837852318933,1.2067833969353061,1.3174571470427798,1.432395630435521,1.6728005467453486,1.9226889119281945
2023-06-03 00:00:00+00:00,1.100837852318933,1.2067833969353061,1.3174571470427798,1.432395630435521,1.6728005467453486,1.9226889119281945
2023-06-04 00:00:00+00:00,1.100837852318933,1.2067833969353061,1.3174571470427798,1.432395630435521,1.6728005467453486,1.9226889119281945
2023-06-05 00:00:00+00:00,1.100837852318933,1.2067833969353061,1.3174571470427798,1.432395630435521,1.6728005467453486,1.9226889119281945
2023-06-06 00:00:00+00:00,1.100837852318933,1.2067833969353061,1.3174571470427798,1.432395630435521,1.6728005467453486,1.9226889119281945
2023-06-07 00:00:00+00:00,1.100837852318933,1.2067833969353061,1.3174571470427798,1.432395630435521,1.6728005467453486,1.9226889119281945
2023-06-08 00:00:00+00:00,1.100837852318933,1.2067833969353061,1.3174571470427798,1.432395630435521,1.6728005467453486,1.9226889119281945
2023-06-09 00:00:00+00:00,1.100837852318933,1.2067833969353061,1.3174571470427798,1.432395630435521,1.6728005467453486,1.9226889119281945
2023-06-10 00:00:00+00:00,1.100837852318933,1.2067833969353061,1.3174571470427798,1.432395630435521,1.6728005467453486,1.9226889119281945
2023-06-11 00:00:00+00:00,1.100837852318933,1.2067833969353061,1.3174571470427798,1.432395630435521,1.6728005467453486,1.9226889119281945
2023-06-12 00:00:00+00:00,1.100837852318933,1.2067833969353061,1.3174571470427798,1.432395630435521,1.6728005467453486,1.9226889119281945
2023-06-13 00:00:00+00:00,1.100837852318933,1.2067833969353061,1.3174571470427798,1.432395630435521,1.6728005467453486,1.9226889119281945
2023-06-14 00:00:00+00:00,1.100837852318933,1.2067833969353061,1.3174571470427798,1.432395630435521,1.6728005467453486,1.9226889119281945
2023-06-15 00:00:00+00:00,1.100837852318933,1.2067833969353061,1.3174571470427798,1.432395630435521,1.6728005467453486,1.9226889119281945
2023-06-16 00:00:00+00:00,1.100837852318933,1.2067833969353061,1.3174571470427798,1.432395630435521,1.6728005467453486,1.9226889119281945
2023-06-17 00:00:00+00:00,1.100837852318933,1.2067833969353061,1.3174571470427798,1.432395630435521,1.6728005467453486,1.9226889119281945
2023-06-18 00:00:00+00:00,1.100837852318933,1.2067833969353061,1.3174571470427798,1.432395630435521,1.6728005467453486,1.9226889119281945
2023-06-19 00:00:00+00:00,1.100837852318933,1.2067833969353061,1.3174571470427798,1.432395630435521,1.6728005467453486,1.9226889119281945
2023-06-20 00:00:00+00:00,1.100837852318933,1.2067833969353061,1.3174571470427798,1.432395630435521,1.6728005467453486,1.9226889119281945
2023-06-21 00:00:00+00:00,1.100837852318933,1.2067833969353061,1.3174571470427798,1.432395630435521,1.6728005467453486,1.9226889119281945
2023-06-22 00:00:00+00:00,1.100837852318933,1.2067833969353061,1.3174571470427798,1.432395630435521,1.6728005467453486,1.9226889119281945
2023-06-23 00:00:00+00:00,1.100837852318933,1.2067833969353061,1.3174571470427798,1.432395630435521,1.6728005467453486,1.9226889119281945
2023-06-24 00:00:00+00:00,1.100837852318933,1.2067833969353061,1.3174571470427798,1.432395630435521,1.6728005467453486,1.9226889119281945
2023-06-25 00:00:00+00:00,1.100837852318933,1.2067833969353061,1.3174571470427798,1.432395630435521,1.6728005467453486,1.9226889119281945
2023-06-26 00:00:00+00:00,1.100837852318933,1.2067833969353061,1.3174571470427798,1.432395630435521,1.6728005467453486,1.9226889119281945
2023-06-27 00:00:00+00:00,1.100837852318933,1.2067833969353061,1.3174571470427798,1.432395630435521,1.6728005467453486,1.9226889119281945
2023-06-28 00:00:00+00:00,1.100837852318933,1.2067833969353061,1.3174571470427798,1.432395630435521,1.6728005467453486,1.9226889119281945
2023-06-29 00:00:00+00:00,1.100837852318933,1.2067833969353061,1.3174571470427798,1.432395630435521,1.6728005467453486,1.9226889119281945
2023-06-30 00:00:00+00:00,1.100837852318933,1.2067833969353061,1.3174571470427798,1.432395630435521,1.6728005467453486,1.9226889119281945
2023-07-01 00:00:00+00:00,1.100837852318933,1.2067833969353061,1.3174571470427798,1.432395630435521,1.6728005467453486,1.9226889119281945
2023-07-02 00:00:00+00:00,1.100837852318933,1.2067833969353061,1.3174571470427798,1.432395630435521,1.6728005467453486,1.9226889119281945
2023-07-03 00:00:00+00:00,1.100837852318933,1.2067833969353061,1.3174571470427798,1.432395630435521,1.6728005467453486,1.9226889119281945
2023-07-04 00:00:00+00:00,1.100837852318933,1.2067833969353061,1.3174571470427798,1.432395630435521,1.6728005467453486,1.9226889119281945
2023-07-05 00:00:00+00:00,1.100837852318933,1.2067833969353061,1.3174571470427798,1.432395630435521,1.6728005467453486,1.9226889119281945
2023-07-06 00:00:00+00:00,1.100837852318933,1.2067833969353061,1.3174571470427798,1.432395630435521,1.6728005467453486,1.9226889119281945
2023-07-07 00:00:00+00:00,1.100837852318933,1.2067833969353061,1.3174571470427798,1.432395630435521,1.6728005467453486,1.9226889119281945
2023-07-08 00:00:00+00:00,1.100837852318933,1.2067833969353061,1.3174571470427798,1.432395630435521,1.6728005467453486,1.9226889119281945
2023-07-09 00:00:00+00:00,1.100837852318933,1.2067833969353061,1.3174571470427798,1.432395630435521,1.6728005467453486,1.9226889119281945
2023-07-10 00:00:00+00:00,1.100837852318933,1.2067833969353061,1.3174571470427798,1.432395630435521,1.6728005467453486,1.9226889119281945
2023-07-11 00:00:00+00:00,1.100837852318933,1.2067833969353061,1.3174571470427798,1.432395630435521,1.6728005467453486,1.9226889119281945
2023-07-12 00:00:00+00:00,1.1089216969531879,1.2245070779796547,1.3464808189665272,1.4744699966351726,1.7465043698588083,2.035640830587539
2023-07-13 00:00:00+00:00,1.1089216969531879,1.2245070779796547,1.3464808189665272,1.4744699966351726,1.7465043698588083,2.035640830587539
2023-07-14 00:00:00+00:00,1.1089216969531879,1.2245070779796547,1.3464808189665272,1.4744699966351726,1.7465043698588083,2.035640830587539
2023-07-15 00:00:00+00:00,1.1089216969531879,1.2245070779796547,1.3464808189665272,1.4744699966351726,1.7465043698588083,2.035640830587539
2023-07-16 00:00:00+00:00,1.1089216969531879,1.2245070779796547,1.3464808189665272,1.4744699966351726,1.7465043698588083,2.035640830587539
2023-07-17 00:00:00+00:00,1.1089216969531879,1.2245070779796547,1.3464808189665272,1.4744699966351726,1.7465043698588083,2.035640830587539
2023-07-18 00:00:00+00:00,1.1089216969531879,1.2245070779796547,1.3464808189665272,1.4744699966351726,1.7465043698588083,2.035640830587539
2023-07-19 00:00:00+00:00,1.106010845930724,1.2180785669499858,1.3358775317929095,1.458988425631232,1.7189975726987792,1.99289337810742
2023-07-20 00:00:00+00:00,1.106010845930724,1.2180785669499858,1.3358775317929095,1.458988425631232,1.7189975726987792,1.99289337810742
2023-07-21 00:00:00+00:00,1.106010845930724,1.2180785669499858,1.3358775317929095,1.458988425631232,1.7189975726987792,1.99289337810742
2023-07-22 00:00:00+00:00,1.106010845930724,1.2180785669499858,1.3358775317929095,1.458988425631232,1.7189975726987792,1.99289337810742
2023-07-23 00:00:00+00:00,1.106010845930724,1.2180785669499858,1.3358775317929095,1.458988425631232,1.7189975726987792,1.99289337810742
2023-07-24 00:00:00+00:00,1.106010845930724,1.2180785669499858,1.3358775317929095,1.458988425631232,1.7189975726987792,1.99289337810742
2023-07-25 00:00:00+00:00,1.106010845930724,1.2180785669499858,1.3358775317929095,1.458988425631232,1.7189975726987792,1.99289337810742
2023-07-26 00:00:00+00:00,1.106010845930724,1.2180785669499858,1.3358775317929095,1.458988425631232,1.7189975726987792,1.99289337810742
2023-07-27 00:00:00+00:00,1.106010845930724,1.2180785669499858,1.3358775317929095,1.458988425631232,1.7189975726987792,1.99289337810742
2023-07-28 00:00:00+00:00,1.106010845930724,1.2180785669499858,1.3358775317929095,1.458988425631232,1.7189975726987792,1.99289337810742
2023-07-29 00:00:00+00:00,1.106010845930724,1.2180785669499858,1.3358775317929095,1.458988425631232,1.7189975726987792,1.99289337810742
2023-07-30 00:00:00+00:00,1.106010845930724,1.2180785669499858,1.3358775317929095,1.458988425631232,1.7189975726987792,1.99289337810742
2023-07-31 00:00:00+00:00,1.106010845930724,1.2180785669499858,1.3358775317929095,1.458988425631232,1.7189975726987792,1.99289337810742
2023-08-01 00:00:00+00:00,1.106010845930724,1.2180785669499858,1.3358775317929095,1.458988425631232,1.7189975726987792,1.99289337810742
2023-08-02 00:00:00+00:00,1.106010845930724,1.2180785669499858,1.3358775317929095,1.458988425631232,1.7189975726987792,1.99289337810742
2023-08-03 00:00:00+00:00,1.106010845930724,1.2180785669499858,1.3358775317929095,1.458988425631232,1.7189975726987792,1.99289337810742
2023-08-04 00:00:00+00:00,1.106010845930724,1.2180785669499858,1.3358775317929095,1.458988425631232,1.7189975726987792,1.99289337810742
2023-08-05 00:00:00+00:00,1.106010845930724,1.2180785669499858,1.3358775317929095,1.458988425631232,1.7189975726987792,1.99289337810742
2023-08-06 00:00:00+00:00,1.106010845930724,1.2180785669499858,1.3358775317929095,1.458988425631232,1.7189975726987792,1.99289337810742
2023-08-07 00:00:00+00:00,1.106010845930724,1.2180785669499858,1.3358775317929095,1.458988425631232,1.7189975726987792,1.99289337810742
2023-08-08 00:00:00+00:00,1.106010845930724,1.2180785669499858,1.3358775317929095,1.458988425631232,1.7189975726987792,1.99289337810742
2023-08-09 00:00:00+00:00,1.106010845930724,1.2180785669499858,1.3358775317929095,1.458988425631232,1.7189975726987792,1.99289337810742
2023-08-10 00:00:00+00:00,1.106010845930724,1.2180785669499858,1.3358775317929095,1.458988425631232,1.7189975726987792,1.99289337810742
2023-08-11 00:00:00+00:00,1.106010845930724,1.2180785669499858,1.3358775317929095,1.458988425631232,1.7189975726987792,1.99289337810742
2023-08-12 00:00:00+00:00,1.106010845930724,1.2180785669499858,1.3358775317929095,1.458988425631232,1.7189975726987792,1.99289337810742
2023-08-13 00:00:00+00:00,1.106010845930724,1.2180785669499858,1.3358775317929095,1.458988425631232,1.7189975726987792,1.99289337810742
2023-08-14 00:00:00+00:00,1.106010845930724,1.2180785669499858,1.3358775317929095,1.458988425631232,1.7189975726987792,1.99289337810742
2023-08-15 00:00:00+00:00,1.106010845930724,1.2180785669499858,1.3358775317929095,1.458988425631232,1.7189975726987792,1.99289337810742
2023-08-16 00:00:00+00:00,1.106010845930724,1.2180785669499858,1.3358775317929095,1.458988425631232,1.7189975726987792,1.99289337810742
2023-08-17 00:00:00+00:00,1.106010845930724,1.2180785669499858,1.3358775317929095,1.458988425631232,1.7189975726987792,1.99289337810742
2023-08-18 00:00:00+00:00,1.106010845930724,1.2180785669499858,1.3358775317929095,1.458988425631232,1.7189975726987792,1.99289337810742
2023-08-19 00:00:00+00:00,1.106010845930724,1.2180785669499858,1.3358775317929095,1.458988425631232,1.7189975726987792,1.99289337810742
2023-08-20 00:00:00+00:00,1.106010845930724,1.2180785669499858,1.3358775317929095,1.458988425631232,1.7189975726987792,1.99289337810742
2023-08-21 00:00:00+00:00,1.106010845930724,1.2180785669499858,1.3358775317929095,1.458988425631232,1.7189975726987792,1.99289337810742
2023-08-22 00:00:00+00:00,1.106010845930724,1.2180785669499858,1.3358775317929095,1.458988425631232,1.7189975726987792,1.99289337810742
2023-08-23 00:00:00+00:00,1.106010845930724,1.2180785669499858,1.3358775317929095,1.458988425631232,1.7189975726987792,1.99289337810742
2023-08-24 00:00:00+00:00,1.106010845930724,1.2180785669499858,1.3358775317929095,1.458988425631232,1.7189975726987792,1.99289337810742
2023-08-25 00:00:00+00:00,1.106010845930724,1.2180785669499858,1.3358775317929095,1.458988425631232,1.7189975726987792,1.99289337810742
2023-08-26 00:00:00+00:00,1.106010845930724,1.2180785669499858,1.3358775317929095,1.458988425631232,1.7189975726987792,1.99289337810742
2023-08-27 00:00:00+00:00,1.106010845930724,1.2180785669499858,1.3358775317929095,1.458988425631232,1.7189975726987792,1.99289337810742
2023-08-28 00:00:00+00:00,1.1030621051117244,1.2115835167353717,1.3251927633161573,1.4434291614850059,1.6914994066779245,1.9503872773865418
2023-08-29 00:00:00+00:00,1.1030621051117244,1.2115835167353717,1.3251927633161573,1.4434291614850059,1.6914994066779245,1.9503872773865418
2023-08-30 00:00:00+00:00,1.1030621051117244,1.2115835167353717,1.3251927633161573,1.4434291614850059,1.6914994066779245,1.9503872773865418
2023-08-31 00:00:00+00:00,1.1030621051117244,1.2115835167353717,1.3251927633161573,1.4434291614850059,1.6914994066779245,1.9503872773865418
2023-09-01 00:00:00+00:00,1.1030621051117244,1.2115835167353717,1.3251927633161573,1.4434291614850059,1.6914994066779245,1.9503872773865418
2023-09-02 00:00:00+00:00,1.1030621051117244,1.2115835167353717,1.3251927633161573,1.4434291614850059,1.6914994066779245,1.9503872773865418
2023-09-03 00:00:00+00:00,1.1030621051117244,1.2115835167353717,1.3251927633161573,1.4434291614850059,1.6914994066779245,1.9503872773865418
2023-09-04 00:00:00+00:00,1.1030621051117244,1.2115835167353717,1.3251927633161573,1.4434291614850059,1.6914994066779245,1.9503872773865418
2023-09-05 00:00:00+00:00,1.1030621051117244,1.2115835167353717,1.3251927633161573,1.4434291614850059,1.6914994066779245,1.9503872773865418
2023-09-06 00:00:00+00:00,1.1030621051117244,1.2115835167353717,1.3251927633161573,1.4434291614850059,1.6914994066779245,1.9503872773865418
2023-09-07 00:00:00+00:00,1.1030621051117244,1.2115835167353717,1.3251927633161573,1.4434291614850059,1.6914994066779245,1.9503872773865418
2023-09-08 00:00:00+00:00,1.1030621051117244,1.2115835167353717,1.3251927633161573,1.4434291614850059,1.6914994066779245,1.9503872773865418
2023-09-09 00:00:00+00:00,1.1030621051117244,1.2115835167353717,1.3251927633161573,1.4434291614850059,1.6914994066779245,1.9503872773865418
2023-09-10 00:00:00+00:00,1.1030621051117244,1.2115835167353717,1.3251927633161573,1.4434291614850059,1.6914994066779245,1.9503872773865418
2023-09-11 00:00:00+00:00,1.1030621051117244,1.2115835167353717,1.3251927633161573,1.4434291614850059,1.6914994066779245,1.9503872773865418
2023-09-12 00:00:00+00:00,1.1030621051117244,1.2115835167353717,1.3251927633161573,1.4434291614850059,1.6914994066779245,1.9503872773865418
2023-09-13 00:00:00+00:00,1.1030621051117244,1.2115835167353717,1.3251927633161573,1.4434291614850059,1.6914994066779245,1.9503872773865418
2023-09-14 00:00:00+00:00,1.1030621051117244,1.2115835167353717,1.3251927633161573,1.4434291614850059,1.6914994066779245,1.9503872773865418
2023-09-15 00:00:00+00:00,1.1030621051117244,1.2115835167353717,1.3251927633161573,1.4434291614850059,1.6914994066779245,1.9503872773865418
2023-09-16 00:00:00+00:00,1.1030621051117244,1.2115835167353717,1.3251927633161573,1.4434291614850059,1.6914994066779245,1.9503872773865418
2023-09-17 00:00:00+00:00,1.1030621051117244,1.2115835167353717,1.3251927633161573,1.4434291614850059,1.6914994066779245,1.9503872773865418
2023-09-18 00:00:00+00:00,1.1030621051117244,1.2115835167353717,1.3251927633161573,1.4434291614850059,1.6914994066779245,1.9503872773865418
2023-09-19 00:00:00+00:00,1.1030621051117244,1.2115835167353717,1.3251927633161573,1.4434291614850059,1.6914994066779245,1.9503872773865418
2023-09-20 00:00:00+00:00,1.1111423226406933,1.2293338470646753,1.3543149108701036,1.4857231413376628,1.7658434518195818,2.0646840401453033
2023-09-21 00:00:00+00:00,1.1111423226406933,1.2293338470646753,1.3543149108701036,1.4857231413376628,1.7658434518195818,2.0646840401453033
2023-09-22 00:00:00+00:00,1.1111423226406933,1.2293338470646753,1.3543149108701036,1.4857231413376628,1.7658434518195818,2.0646840401453033
2023-09-23 00:00:00+00:00,1.1111423226406933,1.2293338470646753,1.3543149108701036,1.4857231413376628,1.7658434518195818,2.0646840401453033
2023-09-24 00:00:00+00:00,1.1111423226406933,1.2293338470646753,1.3543149108701036,1.4857231413376628,1.7658434518195818,2.0646840401453033
2023-09-25 00:00:00+00:00,1.1111423226406933,1.2293338470646753,1.3543149108701036,1.4857231413376628,1.7658434518195818,2.0646840401453033
2023-09-26 00:00:00+00:00,1.1111423226406933,1.2293338470646753,1.3543149108701036,1.4857231413376628,1.7658434518195818,2.0646840401453033
2023-09-27 00:00:00+00:00,1.1111423226406933,1.2293338470646753,1.3543149108701036,1.4857231413376628,1.7658434518195818,2.0646840401453033
2023-09-28 00:00:00+00:00,1.1111423226406933,1.2293338470646753,1.3543149108701036,1.4857231413376628,1.7658434518195818,2.0646840401453033
2023-09-29 00:00:00+00:00,1.1111423226406933,1.2293338470646753,1.3543149108701036,1.4857231413376628,1.7658434518195818,2.0646840401453033
2023-09-30 00:00:00+00:00,1.1111423226406933,1.2293338470646753,1.3543149108701036,1.4857231413376628,1.7658434518195818,2.0646840401453033
2023-10-01 00:00:00+00:00,1.1111423226406933,1.2293338470646753,1.3543149108701036,1.4857231413376628,1.7658434518195818,2.0646840401453033
2023-10-02 00:00:00+00:00,1.1111423226406933,1.2293338470646753,1.3543149108701036,1.4857231413376628,1.7658434518195818,2.0646840401453033
2023-10-03 00:00:00+00:00,1.1111423226406933,1.2293338470646753,1.3543149108701036,1.4857231413376628,1.7658434518195818,2.0646840401453033
2023-10-04 00:00:00+00:00,1.1111423226406933,1.2293338470646753,1.3543149108701036,1.4857231413376628,1.7658434518195818,2.0646840401453033
2023-10-05 00:00:00+00:00,1.1111423226406933,1.2293338470646753,1.3543149108701036,1.4857231413376628,1.7658434518195818,2.0646840401453033
2023-10-06 00:00:00+00:00,1.1111423226406933,1.2293338470646753,1.3543149108701036,1.4857231413376628,1.7658434518195818,2.0646840401453033
2023-10-07 00:00:00+00:00,1.1111423226406933,1.2293338470646753,1.3543149108701036,1.4857231413376628,1.7658434518195818,2.0646840401453033
2023-10-08 00:00:00+00:00,1.1111423226406933,1.2293338470646753,1.3543149108701036,1.4857231413376628,1.7658434518195818,2.0646840401453033
2023-10-09 00:00:00+00:00,1.1111423226406933,1.2293338470646753,1.3543149108701036,1.4857231413376628,1.7658434518195818,2.0646840401453033
2023-10-10 00:00:00+00:00,1.1111423226406933,1.2293338470646753,1.3543149108701036,1.4857231413376628,1.7658434518195818,2.0646840401453033
2023-10-11 00:00:00+00:00,1.1111423226406933,1.2293338470646753,1.3543149108701036,1.4857231413376628,1.7658434518195818,2.0646840401453033
2023-10-12 00:00:00+00:00,1.1111423226406933,1.2293338470646753,1.3543149108701036,1.4857231413376628,1.7658434518195818,2.0646840401453033
2023-10-13 00:00:00+00:00,1.1193349328729008,1.2474619533370122,1.384271579706342,1.5295409326752218,1.8439623399426015,2.1864697106136535
2023-10-14 00:00:00+00:00,1.1193349328729008,1.2474619533370122,1.384271579706342,1.5295409326752218,1.8439623399426015,2.1864697106136535
2023-10-15 00:00:00+00:00,1.1193349328729008,1.2474619533370122,1.384271579706342,1.5295409326752218,1.8439623399426015,2.1864697106136535
2023-10-16 00:00:00+00:00,1.1193349328729008,1.2474619533370122,1.384271579706342,1.5295409326752218,1.8439623399426015,2.1864697106136535
2023-10-17 00:00:00+00:00,1.1193349328729008,1.2474619533370122,1.384271579706342,1.5295409326752218,1.8439623399426015,2.1864697106136535
2023-10-18 00:00:00+00:00,1.1193349328729008,1.2474619533370122,1.384271579706342,1.5295409326752218,1.8439623399426015,2.1864697106136535
2023-10-19 00:00:00+00:00,1.1276074913331504,1.2659009417628106,1.414963378644283,1.5747578428646491,1.9257302852162588,2.3157443216092566
2023-10-20 00:00:00+00:00,1.1276074913331504,1.2659009417628106,1.414963378644283,1.5747578428646491,1.9257302852162588,2.3157443216092566
2023-10-21 00:00:00+00:00,1.1276074913331504,1.2659009417628106,1.414963378644283,1.5747578428646491,1.9257302852162588,2.3157443216092566
2023-10-22 00:00:00+00:00,1.1276074913331504,1.2659009417628106,1.414963378644283,1.5747578428646491,1.9257302852162588,2.3157443216092566
2023-10-23 00:00:00+00:00,1.1276074913331504,1.2659009417628106,1.414963378644283,1.5747578428646491,1.9257302852162588,2.3157443216092566
2023-10-24 00:00:00+00:00,1.1276074913331504,1.2659009417628106,1.414963378644283,1.5747578428646491,1.9257302852162588,2.3157443216092566
2023-10-25 00:00:00+00:00,1.1276074913331504,1.2659009417628106,1.414963378644283,1.5747578428646491,1.9257302852162588,2.3157443216092566
2023-10-26 00:00:00+00:00,1.1246690295938546,1.2593032532733333,1.4039015088466589,1.5583430329046943,1.895620420887736,2.2674670539299138
2023-10-27 00:00:00+00:00,1.1246690295938546,1.2593032532733333,1.4039015088466589,1.5583430329046943,1.895620420887736,2.2674670539299138
2023-10-28 00:00:00+00:00,1.1246690295938546,1.2593032532733333,1.4039015088466589,1.5583430329046943,1.895620420887736,2.2674670539299138
2023-10-29 00:00:00+00:00,1.1246690295938546,1.2593032532733333,1.4039015088466589,1.5583430329046943,1.895620420887736,2.2674670539299138
2023-10-30 00:00:00+00:00,1.1246690295938546,1.2593032532733333,1.4039015088466589,1.5583430329046943,1.895620420887736,2.2674670539299138
2023-10-31 00:00:00+00:00,1.1246690295938546,1.2593032532733333,1.4039015088466589,1.5583430329046943,1.895620420887736,2.2674670539299138
2023-11-01 00:00:00+00:00,1.1246690295938546,1.2593032532733333,1.4039015088466589,1.5583430329046943,1.895620420887736,2.2674670539299138
2023-11-02 00:00:00+00:00,1.1246690295938546,1.2593032532733333,1.4039015088466589,1.5583430329046943,1.895620420887736,2.2674670539299138
2023-11-03 00:00:00+00:00,1.1246690295938546,1.2593032532733333,1.4039015088466589,1.5583430329046943,1.895620420887736,2.2674670539299138
2023-11-04 00:00:00+00:00,1.1246690295938546,1.2593032532733333,1.4039015088466589,1.5583430329046943,1.895620420887736,2.2674670539299138
2023-11-05 00:00:00+00:00,1.1246690295938546,1.2593032532733333,1.4039015088466589,1.5583430329046943,1.895620420887736,2.2674670539299138
2023-11-06 00:00:00+00:00,1.1246690295938546,1.2593032532733333,1.4039015088466589,1.5583430329046943,1.895620420887736,2.2674670539299138
2023-11-07 00:00:00+00:00,1.1246690295938546,1.2593032532733333,1.4039015088466589,1.5583430329046943,1.895620420887736,2.2674670539299138
2023-11-08 00:00:00+00:00,1.1246690295938546,1.2593032532733333,1.4039015088466589,1.5583430329046943,1.895620420887736,2.2674670539299138
2023-11-09 00:00:00+00:00,1.1246690295938546,1.2593032532733333,1.4039015088466589,1.5583430329046943,1.895620420887736,2.2674670539299138
2023-11-10 00:00:00+00:00,1.1246690295938546,1.2593032532733333,1.4039015088466589,1.5583430329046943,1.895620420887736,2.2674670539299138
2023-11-11 00:00:00+00:00,1.1246690295938546,1.2593032532733333,1.4039015088466589,1.5583430329046943,1.895620420887736,2.2674670539299138
2023-11-12 00:00:00+00:00,1.1246690295938546,1.2593032532733333,1.4039015088466589,1.5583430329046943,1.895620420887736,2.2674670539299138
2023-11-13 00:00:00+00:00,1.1246690295938546,1.2593032532733333,1.4039015088466589,1.5583430329046943,1.895620420887736,2.2674670539299138
2023-11-14 00:00:00+00:00,1.1246690295938546,1.2593032532733333,1.4039015088466589,1.5583430329046943,1.895620420887736,2.2674670539299138
2023-11-15 00:00:00+00:00,1.1217009709529235,1.2526565228947433,1.3927866068762904,1.5418928475340963,1.8656045899787643,2.2195953689783092
2023-11-16 00:00:00+00:00,1.1217009709529235,1.2526565228947433,1.3927866068762904,1.5418928475340963,1.8656045899787643,2.2195953689783092
2023-11-17 00:00:00+00:00,1.1217009709529235,1.2526565228947433,1.3927866068762904,1.5418928475340963,1.8656045899787643,2.2195953689783092
2023-11-18 00:00:00+00:00,1.1217009709529235,1.2526565228947433,1.3927866068762904,1.5418928475340963,1.8656045899787643,2.2195953689783092
2023-11-19 00:00:00+00:00,1.1217009709529235,1.2526565228947433,1.3927866068762904,1.5418928475340963,1.8656045899787643,2.2195953689783092
2023-11-20 00:00:00+00:00,1.1217009709529235,1.2526565228947433,1.3927866068762904,1.5418928475340963,1.8656045899787643,2.2195953689783092
2023-11-21 00:00:00+00:00,1.1217009709529235,1.2526565228947433,1.3927866068762904,1.5418928475340963,1.8656045899787643,2.2195953689783092
2023-11-22 00:00:00+00:00,1.1187675183581884,1.2461046724059703,1.3818594339710657,1.5257635236179015,1.8363312126690852,2.1731581956995147
2023-11-23 00:00:00+00:00,1.1187675183581884,1.2461046724059703,1.3818594339710657,1.5257635236179015,1.8363312126690852,2.1731581956995147
2023-11-24 00:00:00+00:00,1.1187675183581884,1.2461046724059703,1.3818594339710657,1.5257635236179015,1.8363312126690852,2.1731581956995147
2023-11-25 00:00:00+00:00,1.1187675183581884,1.2461046724059703,1.3818594339710657,1.5257635236179015,1.8363312126690852,2.1731581956995147
2023-11-26 00:00:00+00:00,1.1187675183581884,1.2461046724059703,1.3818594339710657,1.5257635236179015,1.8363312126690852,2.1731581956995147
2023-11-27 00:00:00+00:00,1.118598689631432,1.2457285830723142,1.3812338413480256,1.5248425361605535,1.8346685323242362,2.1705346548819624
2023-11-28 00:00:00+00:00,1.118598689631432,1.2457285830723142,1.3812338413480256,1.5248425361605535,1.8346685323242362,2.1705346548819624
2023-11-29 00:00:00+00:00,1.118598689631432,1.2457285830723142,1.3812338413480256,1.5248425361605535,1.8346685323242362,2.1705346548819624
2023-11-30 00:00:00+00:00,1.118598689631432,1.2457285830723142,1.3812338413480256,1.5248425361605535,1.8346685323242362,2.1705346548819624
2023-12-01 00:00:00+00:00,1.118598689631432,1.2457285830723142,1.3812338413480256,1.5248425361605535,1.8346685323242362,2.1705346548819624
2023-12-02 00:00:00+00:00,1.118598689631432,1.2457285830723142,1.3812338413480256,1.5248425361605535,1.8346685323242362,2.1705346548819624
2023-12-03 00:00:00+00:00,1.118598689631432,1.2457285830723142,1.3812338413480256,1.5248425361605535,1.8346685323242362,2.1705346548819624
2023-12-04 00:00:00+00:00,1.1268729475219765,1.2641578547199668,1.4118847399671541,1.5699594865150064,1.9160946276030677,2.298977955674849
2023-12-05 00:00:00+00:00,1.1268729475219765,1.2641578547199668,1.4118847399671541,1.5699594865150064,1.9160946276030677,2.298977955674849
2023-12-06 00:00:00+00:00,1.1268729475219765,1.2641578547199668,1.4118847399671541,1.5699594865150064,1.9160946276030677,2.298977955674849
2023-12-07 00:00:00+00:00,1.1268729475219765,1.2641578547199668,1.4118847399671541,1.5699594865150064,1.9160946276030677,2.298977955674849
2023-12-08 00:00:00+00:00,1.1268729475219765,1.2641578547199668,1.4118847399671541,1.5699594865150064,1.9160946276030677,2.298977955674849
2023-12-09 00:00:00+00:00,1.1268729475219765,1.2641578547199668,1.4118847399671541,1.5699594865150064,1.9160946276030677,2.298977955674849
2023-12-10 00:00:00+00:00,1.1268729475219765,1.2641578547199668,1.4118847399671541,1.5699594865150064,1.9160946276030677,2.298977955674849
2023-12-11 00:00:00+00:00,1.1268729475219765,1.2641578547199668,1.4118847399671541,1.5699594865150064,1.9160946276030677,2.298977955674849
2023-12-12 00:00:00+00:00,1.1268729475219765,1.2641578547199668,1.4118847399671541,1.5699594865150064,1.9160946276030677,2.298977955674849
2023-12-13 00:00:00+00:00,1.1268729475219765,1.2641578547199668,1.4118847399671541,1.5699594865150064,1.9160946276030677,2.298977955674849
2023-12-14 00:00:00+00:00,1.1267718743692632,1.263931081293229,1.411504829413129,1.5693962260151133,1.915063460467492,2.2973283290651443
2023-12-15 00:00:00+00:00,1.1267718743692632,1.263931081293229,1.411504829413129,1.5693962260151133,1.915063460467492,2.2973283290651443
2023-12-16 00:00:00+00:00,1.1267718743692632,1.263931081293229,1.411504829413129,1.5693962260151133,1.915063460467492,2.2973283290651443
2023-12-17 00:00:00+00:00,1.1267718743692632,1.263931081293229,1.411504829413129,1.5693962260151133,1.915063460467492,2.2973283290651443
2023-12-18 00:00:00+00:00,1.1267718743692632,1.263931081293229,1.411504829413129,1.5693962260151133,1.915063460467492,2.2973283290651443
2023-12-19 00:00:00+00:00,1.1267718743692632,1.263931081293229,1.411504829413129,1.5693962260151133,1.915063460467492,2.2973283290651443
2023-12-20 00:00:00+00:00,1.1267718743692632,1.263931081293229,1.411504829413129,1.5693962260151133,1.915063460467492,2.2973283290651443
2023-12-21 00:00:00+00:00,1.1267718743692632,1.263931081293229,1.411504829413129,1.5693962260151133,1.915063460467492,2.2973283290651443
2023-12-22 00:00:00+00:00,1.1266315465058396,1.2636162620255722,1.4109774641280277,1.568614417294923,1.9136324515658274,2.2950394598923625
2023-12-23 00:00:00+00:00,1.1266315465058396,1.2636162620255722,1.4109774641280277,1.568614417294923,1.9136324515658274,2.2950394598923625
2023-12-24 00:00:00+00:00,1.1266315465058396,1.2636162620255722,1.4109774641280277,1.568614417294923,1.9136324515658274,2.2950394598923625
2023-12-25 00:00:00+00:00,1.1266315465058396,1.2636162620255722,1.4109774641280277,1.568614417294923,1.9136324515658274,2.2950394598923625
2023-12-26 00:00:00+00:00,1.1266315465058396,1.2636162620255722,1.4109774641280277,1.568614417294923,1.9136324515658274,2.2950394598923625
2023-12-27 00:00:00+00:00,1.1266315465058396,1.2636162620255722,1.4109774641280277,1.568614417294923,1.9136324515658274,2.2950394598923625
2023-12-28 00:00:00+00:00,1.1264825631344115,1.2632820661449546,1.4104177101065816,1.5677846962913378,1.912114123332292,2.2926115306027497
2023-12-29 00:00:00+00:00,1.1264825631344115,1.2632820661449546,1.4104177101065816,1.5677846962913378,1.912114123332292,2.2926115306027497
2023-12-30 00:00:00+00:00,1.1264825631344115,1.2632820661449546,1.4104177101065816,1.5677846962913378,1.912114123332292,2.2926115306027497
2023-12-31 00:00:00+00:00,1.1264825631344115,1.2632820661449546,1.4104177101065816,1.5677846962913378,1.912114123332292,2.2926115306027497
2024-01-01 00:00:00+00:00,1.1264825631344115,1.2632820661449546,1.4104177101065816,1.5677846962913378,1.912114123332292,2.2926115306027497
2024-01-02 00:00:00+00:00,1.1264825631344115,1.2632820661449546,1.4104177101065816,1.5677846962913378,1.912114123332292,2.2926115306027497
2024-01-03 00:00:00+00:00,1.1264825631344115,1.2632820661449546,1.4104177101065816,1.5677846962913378,1.912114123332292,2.2926115306027497
2024-01-04 00:00:00+00:00,1.1264825631344115,1.2632820661449546,1.4104177101065816,1.5677846962913378,1.912114123332292,2.2926115306027497
2024-01-05 00:00:00+00:00,1.1264825631344115,1.2632820661449546,1.4104177101065816,1.5677846962913378,1.912114123332292,2.2926115306027497
2024-01-06 00:00:00+00:00,1.1264825631344115,1.2632820661449546,1.4104177101065816,1.5677846962913378,1.912114123332292,2.2926115306027497
2024-01-07 00:00:00+00:00,1.1264825631344115,1.2632820661449546,1.4104177101065816,1.5677846962913378,1.912114123332292,2.2926115306027497
2024-01-08 00:00:00+00:00,1.1264825631344115,1.2632820661449546,1.4104177101065816,1.5677846962913378,1.912114123332292,2.2926115306027497
2024-01-09 00:00:00+00:00,1.1264825631344115,1.2632820661449546,1.4104177101065816,1.5677846962913378,1.912114123332292,2.2926115306027497
2024-01-10 00:00:00+00:00,1.1264825631344115,1.2632820661449546,1.4104177101065816,1.5677846962913378,1.912114123332292,2.2926115306027497
2024-01-11 00:00:00+00:00,1.1264825631344115,1.2632820661449546,1.4104177101065816,1.5677846962913378,1.912114123332292,2.2926115306027497
2024-01-12 00:00:00+00:00,1.1263551546361448,1.2629963042943904,1.4099391429056651,1.5670754120101706,1.9108165288717591,2.290537121628959
2024-01-13 00:00:00+00:00,1.1263551546361448,1.2629963042943904,1.4099391429056651,1.5670754120101706,1.9108165288717591,2.290537121628959
2024-01-14 00:00:00+00:00,1.1263551546361448,1.2629963042943904,1.4099391429056651,1.5670754120101706,1.9108165288717591,2.290537121628959
2024-01-15 00:00:00+00:00,1.1263551546361448,1.2629963042943904,1.4099391429056651,1.5670754120101706,1.9108165288717591,2.290537121628959
2024-01-16 00:00:00+00:00,1.1263551546361448,1.2629963042943904,1.4099391429056651,1.5670754120101706,1.9108165288717591,2.290537121628959
2024-01-17 00:00:00+00:00,1.1263551546361448,1.2629963042943904,1.4099391429056651,1.5670754120101706,1.9108165288717591,2.290537121628959
2024-01-18 00:00:00+00:00,1.1263551546361448,1.2629963042943904,1.4099391429056651,1.5670754120101706,1.9108165288717591,2.290537121628959
2024-01-19 00:00:00+00:00,1.1263551546361448,1.2629963042943904,1.4099391429056651,1.5670754120101706,1.9108165288717591,2.290537121628959
2024-01-20 00:00:00+00:00,1.1263551546361448,1.2629963042943904,1.4099391429056651,1.5670754120101706,1.9108165288717591,2.290537121628959
2024-01-21 00:00:00+00:00,1.1263551546361448,1.2629963042943904,1.4099391429056651,1.5670754120101706,1.9108165288717591,2.290537121628959
2024-01-22 00:00:00+00:00,1.1263551546361448,1.2629963042943904,1.4099391429056651,1.5670754120101706,1.9108165288717591,2.290537121628959
2024-01-23 00:00:00+00:00,1.1263551546361448,1.2629963042943904,1.4099391429056651,1.5670754120101706,1.9108165288717591,2.290537121628959
2024-01-24 00:00:00+00:00,1.1263551546361448,1.2629963042943904,1.4099391429056651,1.5670754120101706,1.9108165288717591,2.290537121628959
2024-01-25 00:00:00+00:00,1.1263551546361448,1.2629963042943904,1.4099391429056651,1.5670754120101706,1.9108165288717591,2.290537121628959
2024-01-26 00:00:00+00:00,1.1263551546361448,1.2629963042943904,1.4099391429056651,1.5670754120101706,1.9108165288717591,2.290537121628959
2024-01-27 00:00:00+00:00,1.1263551546361448,1.2629963042943904,1.4099391429056651,1.5670754120101706,1.9108165288717591,2.290537121628959
2024-01-28 00:00:00+00:00,1.1263551546361448,1.2629963042943904,1.4099391429056651,1.5670754120101706,1.9108165288717591,2.290537121628959
2024-01-29 00:00:00+00:00,1.1263551546361448,1.2629963042943904,1.4099391429056651,1.5670754120101706,1.9108165288717591,2.290537121628959
2024-01-30 00:00:00+00:00,1.1233939011945544,1.2563553222961044,1.3988187060110222,1.5505956811261912,1.8806746397931031,2.2423614753838432
2024-01-31 00:00:00+00:00,1.1233939011945544,1.2563553222961044,1.3988187060110222,1.5505956811261912,1.8806746397931031,2.2423614753838432
2024-02-01 00:00:00+00:00,1.1233939011945544,1.2563553222961044,1.3988187060110222,1.5505956811261912,1.8806746397931031,2.2423614753838432
2024-02-02 00:00:00+00:00,1.1233939011945544,1.2563553222961044,1.3988187060110222,1.5505956811261912,1.8806746397931031,2.2423614753838432
2024-02-03 00:00:00+00:00,1.1233939011945544,1.2563553222961044,1.3988187060110222,1.5505956811261912,1.8806746397931031,2.2423614753838432
2024-02-04 00:00:00+00:00,1.1233939011945544,1.2563553222961044,1.3988187060110222,1.5505956811261912,1.8806746397931031,2.2423614753838432
2024-02-05 00:00:00+00:00,1.1233939011945544,1.2563553222961044,1.3988187060110222,1.5505956811261912,1.8806746397931031,2.2423614753838432
2024-02-06 00:00:00+00:00,1.1233939011945544,1.2563553222961044,1.3988187060110222,1.5505956811261912,1.8806746397931031,2.2423614753838432
2024-02-07 00:00:00+00:00,1.1233939011945544,1.2563553222961044,1.3988187060110222,1.5505956811261912,1.8806746397931031,2.2423614753838432
2024-02-08 00:00:00+00:00,1.1233939011945544,1.2563553222961044,1.3988187060110222,1.5505956811261912,1.8806746397931031,2.2423614753838432
2024-02-09 00:00:00+00:00,1.1233939011945544,1.2563553222961044,1.3988187060110222,1.5505956811261912,1.8806746397931031,2.2423614753838432
2024-02-10 00:00:00+00:00,1.1233939011945544,1.2563553222961044,1.3988187060110222,1.5505956811261912,1.8806746397931031,2.2423614753838432
2024-02-11 00:00:00+00:00,1.1233939011945544,1.2563553222961044,1.3988187060110222,1.5505956811261912,1.8806746397931031,2.2423614753838432
2024-02-12 00:00:00+00:00,1.1233939011945544,1.2563553222961044,1.3988187060110222,1.5505956811261912,1.8806746397931031,2.2423614753838432
2024-02-13 00:00:00+00:00,1.1233939011945544,1.2563553222961044,1.3988187060110222,1.5505956811261912,1.8806746397931031,2.2423614753838432
2024-02-14 00:00:00+00:00,1.1233939011945544,1.2563553222961044,1.3988187060110222,1.5505956811261912,1.8806746397931031,2.2423614753838432
2024-02-15 00:00:00+00:00,1.1233939011945544,1.2563553222961044,1.3988187060110222,1.5505956811261912,1.8806746397931031,2.2423614753838432
2024-02-16 00:00:00+00:00,1.1233939011945544,1.2563553222961044,1.3988187060110222,1.5505956811261912,1.8806746397931031,2.2423614753838432
2024-02-17 00:00:00+00:00,1.1233939011945544,1.2563553222961044,1.3988187060110222,1.5505956811261912,1.8806746397931031,2.2423614753838432
2024-02-18 00:00:00+00:00,1.1233939011945544,1.2563553222961044,1.3988187060110222,1.5505956811261912,1.8806746397931031,2.2423614753838432
2024-02-19 00:00:00+00:00,1.1233939011945544,1.2563553222961044,1.3988187060110222,1.5505956811261912,1.8806746397931031,2.2423614753838432
2024-02-20 00:00:00+00:00,1.1233939011945544,1.2563553222961044,1.3988187060110222,1.5505956811261912,1.8806746397931031,2.2423614753838432
2024-02-21 00:00:00+00:00,1.120392403136459,1.249641830160995,1.3876065613876931,1.5340240763815238,1.8505257778138133,2.194432116986893
2024-02-22 00:00:00+00:00,1.120392403136459,1.249641830160995,1.3876065613876931,1.5340240763815238,1.8505257778138133,2.194432116986893
2024-02-23 00:00:00+00:00,1.120392403136459,1.249641830160995,1.3876065613876931,1.5340240763815238,1.8505257778138133,2.194432116986893
2024-02-24 00:00:00+00:00,1.120392403136459,1.249641830160995,1.3876065613876931,1.5340240763815238,1.8505257778138133,2.194432116986893
2024-02-25 00:00:00+00:00,1.120392403136459,1.249641830160995,1.3876065613876931,1.5340240763815238,1.8505257778138133,2.194432116986893
2024-02-26 00:00:00+00:00,1.11741402649353,1.242997900715277,1.376540398424317,1.517712286098065,1.8210098899605063,2.1477638579488594
2024-02-27 00:00:00+00:00,1.11741402649353,1.242997900715277,1.376540398424317,1.517712286098065,1.8210098899605063,2.1477638579488594
2024-02-28 00:00:00+00:00,1.11741402649353,1.242997900715277,1.376540398424317,1.517712286098065,1.8210098899605063,2.1477638579488594
2024-02-29 00:00:00+00:00,1.11741402649353,1.242997900715277,1.376540398424317,1.517712286098065,1.8210098899605063,2.1477638579488594
2024-03-01 00:00:00+00:00,1.1144444975601564,1.2363913642967579,1.365565925818386,1.5015789982056709,1.7919738759424995,2.1021023805231844
2024-03-02 00:00:00+00:00,1.1144444975601564,1.2363913642967579,1.365565925818386,1.5015789982056709,1.7919738759424995,2.1021023805231844
2024-03-03 00:00:00+00:00,1.1144444975601564,1.2363913642967579,1.365565925818386,1.5015789982056709,1.7919738759424995,2.1021023805231844
2024-03-04 00:00:00+00:00,1.1144444975601564,1.2363913642967579,1.365565925818386,1.5015789982056709,1.7919738759424995,2.1021023805231844
2024-03-05 00:00:00+00:00,1.1144444975601564,1.2363913642967579,1.365565925818386,1.5015789982056709,1.7919738759424995,2.1021023805231844
2024-03-06 00:00:00+00:00,1.1144444975601564,1.2363913642967579,1.365565925818386,1.5015789982056709,1.7919738759424995,2.1021023805231844
2024-03-07 00:00:00+00:00,1.1144444975601564,1.2363913642967579,1.365565925818386,1.5015789982056709,1.7919738759424995,2.1021023805231844
2024-03-08 00:00:00+00:00,1.1144444975601564,1.2363913642967579,1.365565925818386,1.5015789982056709,1.7919738759424995,2.1021023805231844
2024-03-09 00:00:00+00:00,1.1144444975601564,1.2363913642967579,1.365565925818386,1.5015789982056709,1.7919738759424995,2.1021023805231844
2024-03-10 00:00:00+00:00,1.1144444975601564,1.2363913642967579,1.365565925818386,1.5015789982056709,1.7919738759424995,2.1021023805231844
2024-03-11 00:00:00+00:00,1.1144444975601564,1.2363913642967579,1.365565925818386,1.5015789982056709,1.7919738759424995,2.1021023805231844
2024-03-12 00:00:00+00:00,1.1144444975601564,1.2363913642967579,1.365565925818386,1.5015789982056709,1.7919738759424995,2.1021023805231844
2024-03-13 00:00:00+00:00,1.1144444975601564,1.2363913642967579,1.365565925818386,1.5015789982056709,1.7919738759424995,2.1021023805231844
2024-03-14 00:00:00+00:00,1.1144444975601564,1.2363913642967579,1.365565925818386,1.5015789982056709,1.7919738759424995,2.1021023805231844
2024-03-15 00:00:00+00:00,1.1144444975601564,1.2363913642967579,1.365565925818386,1.5015789982056709,1.7919738759424995,2.1021023805231844
2024-03-16 00:00:00+00:00,1.1144444975601564,1.2363913642967579,1.365565925818386,1.5015789982056709,1.7919738759424995,2.1021023805231844
2024-03-17 00:00:00+00:00,1.1144444975601564,1.2363913642967579,1.365565925818386,1.5015789982056709,1.7919738759424995,2.1021023805231844
2024-03-18 00:00:00+00:00,1.1144444975601564,1.2363913642967579,1.365565925818386,1.5015789982056709,1.7919738759424995,2.1021023805231844
2024-03-19 00:00:00+00:00,1.1144444975601564,1.2363913642967579,1.365565925818386,1.5015789982056709,1.7919738759424995,2.1021023805231844
2024-03-20 00:00:00+00:00,1.1144444975601564,1.2363913642967579,1.365565925818386,1.5015789982056709,1.7919738759424995,2.1021023805231844
2024-03-21 00:00:00+00:00,1.1226716644805008,1.2546461955695778,1.3958089899737707,1.5459194425772564,1.8713472403041258,2.2262492336402646
2024-03-22 00:00:00+00:00,1.1226716644805008,1.2546461955695778,1.3958089899737707,1.5459194425772564,1.8713472403041258,2.2262492336402646
2024-03-23 00:00:00+00:00,1.1226716644805008,1.2546461955695778,1.3958089899737707,1.5459194425772564,1.8713472403041258,2.2262492336402646
2024-03-24 00:00:00+00:00,1.1226716644805008,1.2546461955695778,1.3958089899737707,1.5459194425772564,1.8713472403041258,2.2262492336402646
2024-03-25 00:00:00+00:00,1.1226716644805008,1.2546461955695778,1.3958089899737707,1.5459194425772564,1.8713472403041258,2.2262492336402646
2024-03-26 00:00:00+00:00,1.1226716644805008,1.2546461955695778,1.3958089899737707,1.5459194425772564,1.8713472403041258,2.2262492336402646
2024-03-27 00:00:00+00:00,1.1226716644805008,1.2546461955695778,1.3958089899737707,1.5459194425772564,1.8713472403041258,2.2262492336402646
2024-03-28 00:00:00+00:00,1.1226716644805008,1.2546461955695778,1.3958089899737707,1.5459194425772564,1.8713472403041258,2.2262492336402646
2024-03-29 00:00:00+00:00,1.1226716644805008,1.2546461955695778,1.3958089899737707,1.5459194425772564,1.8713472403041258,2.2262492336402646
2024-03-30 00:00:00+00:00,1.1226716644805008,1.2546461955695778,1.3958089899737707,1.5459194425772564,1.8713472403041258,2.2262492336402646
2024-03-31 00:00:00+00:00,1.1226716644805008,1.2546461955695778,1.3958089899737707,1.5459194425772564,1.8713472403041258,2.2262492336402646
2024-04-01 00:00:00+00:00,1.130979575908492,1.2732152746619612,1.4267964758772163,1.5916794353163064,1.9544364690537783,2.3580454268453357
2024-04-02 00:00:00+00:00,1.130979575908492,1.2732152746619612,1.4267964758772163,1.5916794353163064,1.9544364690537783,2.3580454268453357
2024-04-03 00:00:00+00:00,1.130979575908492,1.2732152746619612,1.4267964758772163,1.5916794353163064,1.9544364690537783,2.3580454268453357
2024-04-04 00:00:00+00:00,1.130979575908492,1.2732152746619612,1.4267964758772163,1.5916794353163064,1.9544364690537783,2.3580454268453357
2024-04-05 00:00:00+00:00,1.1308907585583934,1.2730153000395907,1.4264603311276114,1.5911794483928907,1.9535155618765934,2.35656398296652
2024-04-06 00:00:00+00:00,1.1308907585583934,1.2730153000395907,1.4264603311276114,1.5911794483928907,1.9535155618765934,2.35656398296652
2024-04-07 00:00:00+00:00,1.1308907585583934,1.2730153000395907,1.4264603311276114,1.5911794483928907,1.9535155618765934,2.35656398296652
2024-04-08 00:00:00+00:00,1.1308907585583934,1.2730153000395907,1.4264603311276114,1.5911794483928907,1.9535155618765934,2.35656398296652
2024-04-09 00:00:00+00:00,1.1308907585583934,1.2730153000395907,1.4264603311276114,1.5911794483928907,1.9535155618765934,2.35656398296652
2024-04-10 00:00:00+00:00,1.1308907585583934,1.2730153000395907,1.4264603311276114,1.5911794483928907,1.9535155618765934,2.35656398296652
2024-04-11 00:00:00+00:00,1.1308907585583934,1.2730153000395907,1.4264603311276114,1.5911794483928907,1.9535155618765934,2.35656398296652
2024-04-12 00:00:00+00:00,1.1392900149224992,1.2919249635584467,1.4582437883458164,1.6384509430344598,2.040569476985359,2.496583767417394
2024-04-13 00:00:00+00:00,1.1392900149224992,1.2919249635584467,1.4582437883458164,1.6384509430344598,2.040569476985359,2.496583767417394
2024-04-14 00:00:00+00:00,1.1392900149224992,1.2919249635584467,1.4582437883458164,1.6384509430344598,2.040569476985359,2.496583767417394
2024-04-15 00:00:00+00:00,1.1392900149224992,1.2919249635584467,1.4582437883458164,1.6384509430344598,2.040569476985359,2.496583767417394
2024-04-16 00:00:00+00:00,1.1392900149224992,1.2919249635584467,1.4582437883458164,1.6384509430344598,2.040569476985359,2.496583767417394
2024-04-17 00:00:00+00:00,1.1392900149224992,1.2919249635584467,1.4582437883458164,1.6384509430344598,2.040569476985359,2.496583767417394
2024-04-18 00:00:00+00:00,1.1392900149224992,1.2919249635584467,1.4582437883458164,1.6384509430344598,2.040569476985359,2.496583767417394
2024-04-19 00:00:00+00:00,1.1392900149224992,1.2919249635584467,1.4582437883458164,1.6384509430344598,2.040569476985359,2.496583767417394
2024-04-20 00:00:00+00:00,1.1392900149224992,1.2919249635584467,1.4582437883458164,1.6384509430344598,2.040569476985359,2.496583767417394
2024-04-21 00:00:00+00:00,1.1392900149224992,1.2919249635584467,1.4582437883458164,1.6384509430344598,2.040569476985359,2.496583767417394
2024-04-22 00:00:00+00:00,1.1392900149224992,1.2919249635584467,1.4582437883458164,1.6384509430344598,2.040569476985359,2.496583767417394
2024-04-23 00:00:00+00:00,1.1392900149224992,1.2919249635584467,1.4582437883458164,1.6384509430344598,2.040569476985359,2.496583767417394
2024-04-24 00:00:00+00:00,1.1392900149224992,1.2919249635584467,1.4582437883458164,1.6384509430344598,2.040569476985359,2.496583767417394
2024-04-25 00:00:00+00:00,1.1392900149224992,1.2919249635584467,1.4582437883458164,1.6384509430344598,2.040569476985359,2.496583767417394
2024-04-26 00:00:00+00:00,1.1363505784901624,1.2852584760864447,1.4469567195682043,1.6215417370150267,2.0089807286343624,2.445053082965104
2024-04-27 00:00:00+00:00,1.1363505784901624,1.2852584760864447,1.4469567195682043,1.6215417370150267,2.0089807286343624,2.445053082965104
2024-04-28 00:00:00+00:00,1.1363505784901624,1.2852584760864447,1.4469567195682043,1.6215417370150267,2.0089807286343624,2.445053082965104
2024-04-29 00:00:00+00:00,1.1363505784901624,1.2852584760864447,1.4469567195682043,1.6215417370150267,2.0089807286343624,2.445053082965104
2024-04-30 00:00:00+00:00,1.1363505784901624,1.2852584760864447,1.4469567195682043,1.6215417370150267,2.0089807286343624,2.445053082965104
2024-05-01 00:00:00+00:00,1.1363505784901624,1.2852584760864447,1.4469567195682043,1.6215417370150267,2.0089807286343624,2.445053082965104
2024-05-02 00:00:00+00:00,1.1363505784901624,1.2852584760864447,1.4469567195682043,1.6215417370150267,2.0089807286343624,2.445053082965104
2024-05-03 00:00:00+00:00,1.1363505784901624,1.2852584760864447,1.4469567195682043,1.6215417370150267,2.0089807286343624,2.445053082965104
2024-05-04 00:00:00+00:00,1.1363505784901624,1.2852584760864447,1.4469567195682043,1.6215417370150267,2.0089807286343624,2.445053082965104
2024-05-05 00:00:00+00:00,1.1363505784901624,1.2852584760864447,1.4469567195682043,1.6215417370150267,2.0089807286343624,2.445053082965104
2024-05-06 00:00:00+00:00,1.1363505784901624,1.2852584760864447,1.4469567195682043,1.6215417370150267,2.0089807286343624,2.445053082965104
2024-05-07 00:00:00+00:00,1.1363505784901624,1.2852584760864447,1.4469567195682043,1.6215417370150267,2.0089807286343624,2.445053082965104
2024-05-08 00:00:00+00:00,1.1363505784901624,1.2852584760864447,1.4469567195682043,1.6215417370150267,2.0089807286343624,2.445053082965104
2024-05-09 00:00:00+00:00,1.1363505784901624,1.2852584760864447,1.4469567195682043,1.6215417370150267,2.0089807286343624,2.445053082965104
2024-05-10 00:00:00+00:00,1.1363505784901624,1.2852584760864447,1.4469567195682043,1.6215417370150267,2.0089807286343624,2.445053082965104
2024-05-11 00:00:00+00:00,1.1363505784901624,1.2852584760864447,1.4469567195682043,1.6215417370150267,2.0089807286343624,2.445053082965104
2024-05-12 00:00:00+00:00,1.1363505784901624,1.2852584760864447,1.4469567195682043,1.6215417370150267,2.0089807286343624,2.445053082965104
2024-05-13 00:00:00+00:00,1.1362425099685187,1.2850140163465198,1.4465438967742728,1.6209248935104967,2.0078343874534084,2.443192859354413
2024-05-14 00:00:00+00:00,1.1362425099685187,1.2850140163465198,1.4465438967742728,1.6209248935104967,2.0078343874534084,2.443192859354413
2024-05-15 00:00:00+00:00,1.1362425099685187,1.2850140163465198,1.4465438967742728,1.6209248935104967,2.0078343874534084,2.443192859354413
2024-05-16 00:00:00+00:00,1.1332916414755936,1.2783395479288417,1.4352736949348541,1.6040864592653616,1.9765478169494837,2.3924322812731855
2024-05-17 00:00:00+00:00,1.1332916414755936,1.2783395479288417,1.4352736949348541,1.6040864592653616,1.9765478169494837,2.3924322812731855
2024-05-18 00:00:00+00:00,1.1332916414755936,1.2783395479288417,1.4352736949348541,1.6040864592653616,1.9765478169494837,2.3924322812731855
2024-05-19 00:00:00+00:00,1.1332916414755936,1.2783395479288417,1.4352736949348541,1.6040864592653616,1.9765478169494837,2.3924322812731855
2024-05-20 00:00:00+00:00,1.1332916414755936,1.2783395479288417,1.4352736949348541,1.6040864592653616,1.9765478169494837,2.3924322812731855
2024-05-21 00:00:00+00:00,1.1332916414755936,1.2783395479288417,1.4352736949348541,1.6040864592653616,1.9765478169494837,2.3924322812731855
2024-05-22 00:00:00+00:00,1.1332916414755936,1.2783395479288417,1.4352736949348541,1.6040864592653616,1.9765478169494837,2.3924322812731855
2024-05-23 00:00:00+00:00,1.1332916414755936,1.2783395479288417,1.4352736949348541,1.6040864592653616,1.9765478169494837,2.3924322812731855
2024-05-24 00:00:00+00:00,1.1332916414755936,1.2783395479288417,1.4352736949348541,1.6040864592653616,1.9765478169494837,2.3924322812731855
2024-05-25 00:00:00+00:00,1.1332916414755936,1.2783395479288417,1.4352736949348541,1.6040864592653616,1.9765478169494837,2.3924322812731855
2024-05-26 00:00:00+00:00,1.1332916414755936,1.2783395479288417,1.4352736949348541,1.6040864592653616,1.9765478169494837,2.3924322812731855
2024-05-27 00:00:00+00:00,1.1332916414755936,1.2783395479288417,1.4352736949348541,1.6040864592653616,1.9765478169494837,2.3924322812731855
2024-05-28 00:00:00+00:00,1.1332916414755936,1.2783395479288417,1.4352736949348541,1.6040864592653616,1.9765478169494837,2.3924322812731855
2024-05-29 00:00:00+00:00,1.1332916414755936,1.2783395479288417,1.4352736949348541,1.6040864592653616,1.9765478169494837,2.3924322812731855
2024-05-30 00:00:00+00:00,1.1332916414755936,1.2783395479288417,1.4352736949348541,1.6040864592653616,1.9765478169494837,2.3924322812731855
2024-05-31 00:00:00+00:00,1.1332916414755936,1.2783395479288417,1.4352736949348541,1.6040864592653616,1.9765478169494837,2.3924322812731855
2024-06-01 00:00:00+00:00,1.1332916414755936,1.2783395479288417,1.4352736949348541,1.6040864592653616,1.9765478169494837,2.3924322812731855
2024-06-02 00:00:00+00:00,1.1332916414755936,1.2783395479288417,1.4352736949348541,1.6040864592653616,1.9765478169494837,2.3924322812731855
2024-06-03 00:00:00+00:00,1.1332916414755936,1.2783395479288417,1.4352736949348541,1.6040864592653616,1.9765478169494837,2.3924322812731855
2024-06-04 00:00:00+00:00,1.1332916414755936,1.2783395479288417,1.4352736949348541,1.6040864592653616,1.9765478169494837,2.3924322812731855
2024-06-05 00:00:00+00:00,1.1332916414755936,1.2783395479288417,1.4352736949348541,1.6040864592653616,1.9765478169494837,2.3924322812731855
2024-06-06 00:00:00+00:00,1.130344763472741,1.2716914609649903,1.4240773453151678,1.5874021498484925,1.9457103251502645,2.3426642900167183
2024-06-07 00:00:00+00:00,1.130344763472741,1.2716914609649903,1.4240773453151678,1.5874021498484925,1.9457103251502645,2.3426642900167183
2024-06-08 00:00:00+00:00,1.130344763472741,1.2716914609649903,1.4240773453151678,1.5874021498484925,1.9457103251502645,2.3426642900167183
2024-06-09 00:00:00+00:00,1.130344763472741,1.2716914609649903,1.4240773453151678,1.5874021498484925,1.9457103251502645,2.3426642900167183
2024-06-10 00:00:00+00:00,1.130344763472741,1.2716914609649903,1.4240773453151678,1.5874021498484925,1.9457103251502645,2.3426642900167183
2024-06-11 00:00:00+00:00,1.130344763472741,1.2716914609649903,1.4240773453151678,1.5874021498484925,1.9457103251502645,2.3426642900167183
2024-06-12 00:00:00+00:00,1.130344763472741,1.2716914609649903,1.4240773453151678,1.5874021498484925,1.9457103251502645,2.3426642900167183
2024-06-13 00:00:00+00:00,1.130344763472741,1.2716914609649903,1.4240773453151678,1.5874021498484925,1.9457103251502645,2.3426642900167183
2024-06-14 00:00:00+00:00,1.130344763472741,1.2716914609649903,1.4240773453151678,1.5874021498484925,1.9457103251502645,2.3426642900167183
2024-06-15 00:00:00+00:00,1.130344763472741,1.2716914609649903,1.4240773453151678,1.5874021498484925,1.9457103251502645,2.3426642900167183
2024-06-16 00:00:00+00:00,1.130344763472741,1.2716914609649903,1.4240773453151678,1.5874021498484925,1.9457103251502645,2.3426642900167183
2024-06-17 00:00:00+00:00,1.130344763472741,1.2716914609649903,1.4240773453151678,1.5874021498484925,1.9457103251502645,2.3426642900167183
2024-06-18 00:00:00+00:00,1.130344763472741,1.2716914609649903,1.4240773453151678,1.5874021498484925,1.9457103251502645,2.3426642900167183
2024-06-19 00:00:00+00:00,1.130344763472741,1.2716914609649903,1.4240773453151678,1.5874021498484925,1.9457103251502645,2.3426642900167183
2024-06-20 00:00:00+00:00,1.130344763472741,1.2716914609649903,1.4240773453151678,1.5874021498484925,1.9457103251502645,2.3426642900167183
2024-06-21 00:00:00+00:00,1.13021702203114,1.2714040306061387,1.423594535913327,1.5866845739528008,1.9443910046213178,2.3405463145227654
2024-06-22 00:00:00+00:00,1.13021702203114,1.2714040306061387,1.423594535913327,1.5866845739528008,1.9443910046213178,2.3405463145227654
2024-06-23 00:00:00+00:00,1.13021702203114,1.2714040306061387,1.423594535913327,1.5866845739528008,1.9443910046213178,2.3405463145227654
2024-06-24 00:00:00+00:00,1.13021702203114,1.2714040306061387,1.423594535913327,1.5866845739528008,1.9443910046213178,2.3405463145227654
2024-06-25 00:00:00+00:00,1.13021702203114,1.2714040306061387,1.423594535913327,1.5866845739528008,1.9443910046213178,2.3405463145227654
2024-06-26 00:00:00+00:00,1.13021702203114,1.2714040306061387,1.423594535913327,1.5866845739528008,1.9443910046213178,2.3405463145227654
2024-06-27 00:00:00+00:00,1.13021702203114,1.2714040306061387,1.423594535913327,1.5866845739528008,1.9443910046213178,2.3405463145227654
2024-06-28 00:00:00+00:00,1.13021702203114,1.2714040306061387,1.423594535913327,1.5866845739528008,1.9443910046213178,2.3405463145227654
2024-06-29 00:00:00+00:00,1.13021702203114,1.2714040306061387,1.423594535913327,1.5866845739528008,1.9443910046213178,2.3405463145227654
2024-06-30 00:00:00+00:00,1.13021702203114,1.2714040306061387,1.423594535913327,1.5866845739528008,1.9443910046213178,2.3405463145227654
2024-07-01 00:00:00+00:00,1.13021702203114,1.2714040306061387,1.423594535913327,1.5866845739528008,1.9443910046213178,2.3405463145227654
2024-07-02 00:00:00+00:00,1.13021702203114,1.2714040306061387,1.423594535913327,1.5866845739528008,1.9443910046213178,2.3405463145227654
2024-07-03 00:00:00+00:00,1.13021702203114,1.2714040306061387,1.423594535913327,1.5866845739528008,1.9443910046213178,2.3405463145227654
2024-07-04 00:00:00+00:00,1.13021702203114,1.2714040306061387,1.423594535913327,1.5866845739528008,1.9443910046213178,2.3405463145227654
2024-07-05 00:00:00+00:00,1.138557801391076,1.2901694540423587,1.4551120790681573,1.6335222544590482,2.0304863440624734,2.4787284866939974
2024-07-06 00:00:00+00:00,1.138557801391076,1.2901694540423587,1.4551120790681573,1.6335222544590482,2.0304863440624734,2.4787284866939974
2024-07-07 00:00:00+00:00,1.138557801391076,1.2901694540423587,1.4551120790681573,1.6335222544590482,2.0304863440624734,2.4787284866939974
2024-07-08 00:00:00+00:00,1.138557801391076,1.2901694540423587,1.4551120790681573,1.6335222544590482,2.0304863440624734,2.4787284866939974
2024-07-09 00:00:00+00:00,1.138557801391076,1.2901694540423587,1.4551120790681573,1.6335222544590482,2.0304863440624734,2.4787284866939974
2024-07-10 00:00:00+00:00,1.138557801391076,1.2901694540423587,1.4551120790681573,1.6335222544590482,2.0304863440624734,2.4787284866939974
2024-07-11 00:00:00+00:00,1.138557801391076,1.2901694540423587,1.4551120790681573,1.6335222544590482,2.0304863440624734,2.4787284866939974
2024-07-12 00:00:00+00:00,1.1355920203230854,1.2834480383415072,1.443740999311033,1.616501882298771,1.9987515760040955,2.427074606604333
2024-07-13 00:00:00+00:00,1.1355920203230854,1.2834480383415072,1.443740999311033,1.616501882298771,1.9987515760040955,2.427074606604333
2024-07-14 00:00:00+00:00,1.1355920203230854,1.2834480383415072,1.443740999311033,1.616501882298771,1.9987515760040955,2.427074606604333
2024-07-15 00:00:00+00:00,1.1326347287887328,1.2767633664687885,1.4324616940007187,1.5996632034555467,1.9675208645731939,2.3765101992545103
2024-07-16 00:00:00+00:00,1.1326347287887328,1.2767633664687885,1.4324616940007187,1.5996632034555467,1.9675208645731939,2.3765101992545103
2024-07-17 00:00:00+00:00,1.1326347287887328,1.2767633664687885,1.4324616940007187,1.5996632034555467,1.9675208645731939,2.3765101992545103
2024-07-18 00:00:00+00:00,1.1326347287887328,1.2767633664687885,1.4324616940007187,1.5996632034555467,1.9675208645731939,2.3765101992545103
2024-07-19 00:00:00+00:00,1.1326347287887328,1.2767633664687885,1.4324616940007187,1.5996632034555467,1.9675208645731939,2.3765101992545103
2024-07-20 00:00:00+00:00,1.1326347287887328,1.2767633664687885,1.4324616940007187,1.5996632034555467,1.9675208645731939,2.3765101992545103
2024-07-21 00:00:00+00:00,1.1326347287887328,1.2767633664687885,1.4324616940007187,1.5996632034555467,1.9675208645731939,2.3765101992545103
2024-07-22 00:00:00+00:00,1.1326347287887328,1.2767633664687885,1.4324616940007187,1.5996632034555467,1.9675208645731939,2.3765101992545103
2024-07-23 00:00:00+00:00,1.1326347287887328,1.2767633664687885,1.4324616940007187,1.5996632034555467,1.9675208645731939,2.3765101992545103
2024-07-24 00:00:00+00:00,1.1296801752592767,1.270102321005853,1.4212516772682808,1.5829718891471283,1.9367264050694484,2.3269159113978772
2024-07-25 00:00:00+00:00,1.1296801752592767,1.270102321005853,1.4212516772682808,1.5829718891471283,1.9367264050694484,2.3269159113978772
2024-07-26 00:00:00+00:00,1.1296801752592767,1.270102321005853,1.4212516772682808,1.5829718891471283,1.9367264050694484,2.3269159113978772
2024-07-27 00:00:00+00:00,1.1296801752592767,1.270102321005853,1.4212516772682808,1.5829718891471283,1.9367264050694484,2.3269159113978772
2024-07-28 00:00:00+00:00,1.1296801752592767,1.270102321005853,1.4212516772682808,1.5829718891471283,1.9367264050694484,2.3269159113978772
2024-07-29 00:00:00+00:00,1.1296801752592767,1.270102321005853,1.4212516772682808,1.5829718891471283,1.9367264050694484,2.3269159113978772
2024-07-30 00:00:00+00:00,1.1296801752592767,1.270102321005853,1.4212516772682808,1.5829718891471283,1.9367264050694484,2.3269159113978772
2024-07-31 00:00:00+00:00,1.13804501279379,1.2889115376321145,1.452823106872085,1.6298570269566093,2.022770590399105,2.4647550908867095
2024-08-01 00:00:00+00:00,1.13804501279379,1.2889115376321145,1.452823106872085,1.6298570269566093,2.022770590399105,2.4647550908867095
2024-08-02 00:00:00+00:00,1.13804501279379,1.2889115376321145,1.452823106872085,1.6298570269566093,2.022770590399105,2.4647550908867095
2024-08-03 00:00:00+00:00,1.13804501279379,1.2889115376321145,1.452823106872085,1.6298570269566093,2.022770590399105,2.4647550908867095
2024-08-04 00:00:00+00:00,1.13804501279379,1.2889115376321145,1.452823106872085,1.6298570269566093,2.022770590399105,2.4647550908867095
2024-08-05 00:00:00+00:00,1.13804501279379,1.2889115376321145,1.452823106872085,1.6298570269566093,2.022770590399105,2.4647550908867095
2024-08-06 00:00:00+00:00,1.13804501279379,1.2889115376321145,1.452823106872085,1.6298570269566093,2.022770590399105,2.4647550908867095
2024-08-07 00:00:00+00:00,1.13804501279379,1.2889115376321145,1.452823106872085,1.6298570269566093,2.022770590399105,2.4647550908867095
2024-08-08 00:00:00+00:00,1.13804501279379,1.2889115376321145,1.452823106872085,1.6298570269566093,2.022770590399105,2.4647550908867095
2024-08-09 00:00:00+00:00,1.13804501279379,1.2889115376321145,1.452823106872085,1.6298570269566093,2.022770590399105,2.4647550908867095
2024-08-10 00:00:00+00:00,1.13804501279379,1.2889115376321145,1.452823106872085,1.6298570269566093,2.022770590399105,2.4647550908867095
2024-08-11 00:00:00+00:00,1.13804501279379,1.2889115376321145,1.452823106872085,1.6298570269566093,2.022770590399105,2.4647550908867095
2024-08-12 00:00:00+00:00,1.13804501279379,1.2889115376321145,1.452823106872085,1.6298570269566093,2.022770590399105,2.4647550908867095
2024-08-13 00:00:00+00:00,1.13804501279379,1.2889115376321145,1.452823106872085,1.6298570269566093,2.022770590399105,2.4647550908867095
2024-08-14 00:00:00+00:00,1.1464678540698763,1.3079903915936821,1.4850807899000353,1.6781082890295154,2.112595555647403,2.6106912581319737
2024-08-15 00:00:00+00:00,1.1464678540698763,1.3079903915936821,1.4850807899000353,1.6781082890295154,2.112595555647403,2.6106912581319737
2024-08-16 00:00:00+00:00,1.1464678540698763,1.3079903915936821,1.4850807899000353,1.6781082890295154,2.112595555647403,2.6106912581319737
2024-08-17 00:00:00+00:00,1.1464678540698763,1.3079903915936821,1.4850807899000353,1.6781082890295154,2.112595555647403,2.6106912581319737
2024-08-18 00:00:00+00:00,1.1464678540698763,1.3079903915936821,1.4850807899000353,1.6781082890295154,2.112595555647403,2.6106912581319737
2024-08-19 00:00:00+00:00,1.14636312160895,1.3077514157652834,1.4846737933185392,1.67749509290653,2.1114376130289547,2.608783317186489
2024-08-20 00:00:00+00:00,1.14636312160895,1.3077514157652834,1.4846737933185392,1.67749509290653,2.1114376130289547,2.608783317186489
2024-08-21 00:00:00+00:00,1.14636312160895,1.3077514157652834,1.4846737933185392,1.67749509290653,2.1114376130289547,2.608783317186489
2024-08-22 00:00:00+00:00,1.14636312160895,1.3077514157652834,1.4846737933185392,1.67749509290653,2.1114376130289547,2.608783317186489
2024-08-23 00:00:00+00:00,1.14636312160895,1.3077514157652834,1.4846737933185392,1.67749509290653,2.1114376130289547,2.608783317186489
2024-08-24 00:00:00+00:00,1.14636312160895,1.3077514157652834,1.4846737933185392,1.67749509290653,2.1114376130289547,2.608783317186489
2024-08-25 00:00:00+00:00,1.14636312160895,1.3077514157652834,1.4846737933185392,1.67749509290653,2.1114376130289547,2.608783317186489
2024-08-26 00:00:00+00:00,1.14636312160895,1.3077514157652834,1.4846737933185392,1.67749509290653,2.1114376130289547,2.608783317186489
2024-08-27 00:00:00+00:00,1.1433697372796066,1.3009218126127775,1.4730434490148887,1.6599739866217804,2.078357287201534,2.554286859977654
2024-08-28 00:00:00+00:00,1.1433697372796066,1.3009218126127775,1.4730434490148887,1.6599739866217804,2.078357287201534,2.554286859977654
2024-08-29 00:00:00+00:00,1.1433697372796066,1.3009218126127775,1.4730434490148887,1.6599739866217804,2.078357287201534,2.554286859977654
2024-08-30 00:00:00+00:00,1.1433697372796066,1.3009218126127775,1.4730434490148887,1.6599739866217804,2.078357287201534,2.554286859977654
2024-08-31 00:00:00+00:00,1.1433697372796066,1.3009218126127775,1.4730434490148887,1.6599739866217804,2.078357287201534,2.554286859977654
2024-09-01 00:00:00+00:00,1.1433697372796066,1.3009218126127775,1.4730434490148887,1.6599739866217804,2.078357287201534,2.554286859977654
2024-09-02 00:00:00+00:00,1.1433697372796066,1.3009218126127775,1.4730434490148887,1.6599739866217804,2.078357287201534,2.554286859977654
2024-09-03 00:00:00+00:00,1.1433697372796066,1.3009218126127775,1.4730434490148887,1.6599739866217804,2.078357287201534,2.554286859977654
2024-09-04 00:00:00+00:00,1.1433697372796066,1.3009218126127775,1.4730434490148887,1.6599739866217804,2.078357287201534,2.554286859977654
2024-09-05 00:00:00+00:00,1.14037844685336,1.2941148544845646,1.4614820950027545,1.6426026529854212,2.0457328260872263,2.5008265411952606
2024-09-06 00:00:00+00:00,1.14037844685336,1.2941148544845646,1.4614820950027545,1.6426026529854212,2.0457328260872263,2.5008265411952606
2024-09-07 00:00:00+00:00,1.14037844685336,1.2941148544845646,1.4614820950027545,1.6426026529854212,2.0457328260872263,2.5008265411952606
2024-09-08 00:00:00+00:00,1.14037844685336,1.2941148544845646,1.4614820950027545,1.6426026529854212,2.0457328260872263,2.5008265411952606
2024-09-09 00:00:00+00:00,1.14037844685336,1.2941148544845646,1.4614820950027545,1.6426026529854212,2.0457328260872263,2.5008265411952606
2024-09-10 00:00:00+00:00,1.14037844685336,1.2941148544845646,1.4614820950027545,1.6426026529854212,2.0457328260872263,2.5008265411952606
2024-09-11 00:00:00+00:00,1.14037844685336,1.2941148544845646,1.4614820950027545,1.6426026529854212,2.0457328260872263,2.5008265411952606
2024-09-12 00:00:00+00:00,1.14037844685336,1.2941148544845646,1.4614820950027545,1.6426026529854212,2.0457328260872263,2.5008265411952606
2024-09-13 00:00:00+00:00,1.14037844685336,1.2941148544845646,1.4614820950027545,1.6426026529854212,2.0457328260872263,2.5008265411952606
2024-09-14 00:00:00+00:00,1.14037844685336,1.2941148544845646,1.4614820950027545,1.6426026529854212,2.0457328260872263,2.5008265411952606
2024-09-15 00:00:00+00:00,1.14037844685336,1.2941148544845646,1.4614820950027545,1.6426026529854212,2.0457328260872263,2.5008265411952606
2024-09-16 00:00:00+00:00,1.1487983695330206,1.3132249087712387,1.4938544173793822,1.6911149249235846,2.1363601731741166,2.64854428293413
2024-09-17 00:00:00+00:00,1.1487983695330206,1.3132249087712387,1.4938544173793822,1.6911149249235846,2.1363601731741166,2.64854428293413
2024-09-18 00:00:00+00:00,1.1487983695330206,1.3132249087712387,1.4938544173793822,1.6911149249235846,2.1363601731741166,2.64854428293413
2024-09-19 00:00:00+00:00,1.1487983695330206,1.3132249087712387,1.4938544173793822,1.6911149249235846,2.1363601731741166,2.64854428293413
2024-09-20 00:00:00+00:00,1.1487983695330206,1.3132249087712387,1.4938544173793822,1.6911149249235846,2.1363601731741166,2.64854428293413
2024-09-21 00:00:00+00:00,1.1487983695330206,1.3132249087712387,1.4938544173793822,1.6911149249235846,2.1363601731741166,2.64854428293413
2024-09-22 00:00:00+00:00,1.1487983695330206,1.3132249087712387,1.4938544173793822,1.6911149249235846,2.1363601731741166,2.64854428293413
2024-09-23 00:00:00+00:00,1.1487983695330206,1.3132249087712387,1.4938544173793822,1.6911149249235846,2.1363601731741166,2.64854428293413
2024-09-24 00:00:00+00:00,1.157303883929487,1.3326707117312349,1.5270351754398503,1.7411978732336995,2.231263731662049,2.8054193769496765
2024-09-25 00:00:00+00:00,1.157303883929487,1.3326707117312349,1.5270351754398503,1.7411978732336995,2.231263731662049,2.8054193769496765
2024-09-26 00:00:00+00:00,1.157303883929487,1.3326707117312349,1.5270351754398503,1.7411978732336995,2.231263731662049,2.8054193769496765
2024-09-27 00:00:00+00:00,1.157303883929487,1.3326707117312349,1.5270351754398503,1.7411978732336995,2.231263731662049,2.8054193769496765
2024-09-28 00:00:00+00:00,1.157303883929487,1.3326707117312349,1.5270351754398503,1.7411978732336995,2.231263731662049,2.8054193769496765
2024-09-29 00:00:00+00:00,1.157303883929487,1.3326707117312349,1.5270351754398503,1.7411978732336995,2.231263731662049,2.8054193769496765
2024-09-30 00:00:00+00:00,1.157303883929487,1.3326707117312349,1.5270351754398503,1.7411978732336995,2.231263731662049,2.8054193769496765
2024-10-01 00:00:00+00:00,1.157303883929487,1.3326707117312349,1.5270351754398503,1.7411978732336995,2.231263731662049,2.8054193769496765
2024-10-02 00:00:00+00:00,1.157303883929487,1.3326707117312349,1.5270351754398503,1.7411978732336995,2.231263731662049,2.8054193769496765
2024-10-03 00:00:00+00:00,1.157303883929487,1.3326707117312349,1.5270351754398503,1.7411978732336995,2.231263731662049,2.8054193769496765
2024-10-04 00:00:00+00:00,1.157303883929487,1.3326707117312349,1.5270351754398503,1.7411978732336995,2.231263731662049,2.8054193769496765
2024-10-05 00:00:00+00:00,1.157303883929487,1.3326707117312349,1.5270351754398503,1.7411978732336995,2.231263731662049,2.8054193769496765
2024-10-06 00:00:00+00:00,1.157303883929487,1.3326707117312349,1.5270351754398503,1.7411978732336995,2.231263731662049,2.8054193769496765
2024-10-07 00:00:00+00:00,1.157303883929487,1.3326707117312349,1.5270351754398503,1.7411978732336995,2.231263731662049,2.8054193769496765
2024-10-08 00:00:00+00:00,1.157303883929487,1.3326707117312349,1.5270351754398503,1.7411978732336995,2.231263731662049,2.8054193769496765
2024-10-09 00:00:00+00:00,1.157303883929487,1.3326707117312349,1.5270351754398503,1.7411978732336995,2.231263731662049,2.8054193769496765
2024-10-10 00:00:00+00:00,1.157303883929487,1.3326707117312349,1.5270351754398503,1.7411978732336995,2.231263731662049,2.8054193769496765
2024-10-11 00:00:00+00:00,1.157303883929487,1.3326707117312349,1.5270351754398503,1.7411978732336995,2.231263731662049,2.8054193769496765
2024-10-12 00:00:00+00:00,1.157303883929487,1.3326707117312349,1.5270351754398503,1.7411978732336995,2.231263731662049,2.8054193769496765
2024-10-13 00:00:00+00:00,1.157303883929487,1.3326707117312349,1.5270351754398503,1.7411978732336995,2.231263731662049,2.8054193769496765
2024-10-14 00:00:00+00:00,1.154293619795674,1.3257378898485563,1.5151192578916703,1.7230817480553404,2.19644127952427,2.7470419468001364
2024-10-15 00:00:00+00:00,1.154293619795674,1.3257378898485563,1.5151192578916703,1.7230817480553404,2.19644127952427,2.7470419468001364
2024-10-16 00:00:00+00:00,1.154293619795674,1.3257378898485563,1.5151192578916703,1.7230817480553404,2.19644127952427,2.7470419468001364
2024-10-17 00:00:00+00:00,1.1541587428053584,1.325428070001225,1.514588141574377,1.722276392896965,2.194901379879465,2.7444740542383053
2024-10-18 00:00:00+00:00,1.1541587428053584,1.325428070001225,1.514588141574377,1.722276392896965,2.194901379879465,2.7444740542383053
2024-10-19 00:00:00+00:00,1.1541587428053584,1.325428070001225,1.514588141574377,1.722276392896965,2.194901379879465,2.7444740542383053
2024-10-20 00:00:00+00:00,1.1541587428053584,1.325428070001225,1.514588141574377,1.722276392896965,2.194901379879465,2.7444740542383053
2024-10-21 00:00:00+00:00,1.1541587428053584,1.325428070001225,1.514588141574377,1.722276392896965,2.194901379879465,2.7444740542383053
2024-10-22 00:00:00+00:00,1.1541587428053584,1.325428070001225,1.514588141574377,1.722276392896965,2.194901379879465,2.7444740542383053
2024-10-23 00:00:00+00:00,1.1541587428053584,1.325428070001225,1.514588141574377,1.722276392896965,2.194901379879465,2.7444740542383053
2024-10-24 00:00:00+00:00,1.1541587428053584,1.325428070001225,1.514588141574377,1.722276392896965,2.194901379879465,2.7444740542383053
2024-10-25 00:00:00+00:00,1.1541587428053584,1.325428070001225,1.514588141574377,1.722276392896965,2.194901379879465,2.7444740542383053
2024-10-26 00:00:00+00:00,1.1541587428053584,1.325428070001225,1.514588141574377,1.722276392896965,2.194901379879465,2.7444740542383053
2024-10-27 00:00:00+00:00,1.1541587428053584,1.325428070001225,1.514588141574377,1.722276392896965,2.194901379879465,2.7444740542383053
2024-10-28 00:00:00+00:00,1.1541587428053584,1.325428070001225,1.514588141574377,1.722276392896965,2.194901379879465,2.7444740542383053
2024-10-29 00:00:00+00:00,1.1541587428053584,1.325428070001225,1.514588141574377,1.722276392896965,2.194901379879465,2.7444740542383053
2024-10-30 00:00:00+00:00,1.1626767694794844,1.3449921580875202,1.5481224424770939,1.7731199925191632,2.292095437200099,2.9065141780682455
2024-10-31 00:00:00+00:00,1.1626767694794844,1.3449921580875202,1.5481224424770939,1.7731199925191632,2.292095437200099,2.9065141780682455
2024-11-01 00:00:00+00:00,1.1626767694794844,1.3449921580875202,1.5481224424770939,1.7731199925191632,2.292095437200099,2.9065141780682455
2024-11-02 00:00:00+00:00,1.1626767694794844,1.3449921580875202,1.5481224424770939,1.7731199925191632,2.292095437200099,2.9065141780682455
2024-11-03 00:00:00+00:00,1.1626767694794844,1.3449921580875202,1.5481224424770939,1.7731199925191632,2.292095437200099,2.9065141780682455
2024-11-04 00:00:00+00:00,1.1626767694794844,1.3449921580875202,1.5481224424770939,1.7731199925191632,2.292095437200099,2.9065141780682455
2024-11-05 00:00:00+00:00,1.1626767694794844,1.3449921580875202,1.5481224424770939,1.7731199925191632,2.292095437200099,2.9065141780682455
2024-11-06 00:00:00+00:00,1.1626767694794844,1.3449921580875202,1.5481224424770939,1.7731199925191632,2.292095437200099,2.9065141780682455
2024-11-07 00:00:00+00:00,1.1626767694794844,1.3449921580875202,1.5481224424770939,1.7731199925191632,2.292095437200099,2.9065141780682455
2024-11-08 00:00:00+00:00,1.1626767694794844,1.3449921580875202,1.5481224424770939,1.7731199925191632,2.292095437200099,2.9065141780682455
2024-11-09 00:00:00+00:00,1.1626767694794844,1.3449921580875202,1.5481224424770939,1.7731199925191632,2.292095437200099,2.9065141780682455
2024-11-10 00:00:00+00:00,1.1626767694794844,1.3449921580875202,1.5481224424770939,1.7731199925191632,2.292095437200099,2.9065141780682455
2024-11-11 00:00:00+00:00,1.1626767694794844,1.3449921580875202,1.5481224424770939,1.7731199925191632,2.292095437200099,2.9065141780682455
2024-11-12 00:00:00+00:00,1.1626767694794844,1.3449921580875202,1.5481224424770939,1.7731199925191632,2.292095437200099,2.9065141780682455
2024-11-13 00:00:00+00:00,1.1626767694794844,1.3449921580875202,1.5481224424770939,1.7731199925191632,2.292095437200099,2.9065141780682455
2024-11-14 00:00:00+00:00,1.1626767694794844,1.3449921580875202,1.5481224424770939,1.7731199925191632,2.292095437200099,2.9065141780682455
2024-11-15 00:00:00+00:00,1.1626767694794844,1.3449921580875202,1.5481224424770939,1.7731199925191632,2.292095437200099,2.9065141780682455
2024-11-16 00:00:00+00:00,1.1626767694794844,1.3449921580875202,1.5481224424770939,1.7731199925191632,2.292095437200099,2.9065141780682455
2024-11-17 00:00:00+00:00,1.1626767694794844,1.3449921580875202,1.5481224424770939,1.7731199925191632,2.292095437200099,2.9065141780682455
2024-11-18 00:00:00+00:00,1.1626767694794844,1.3449921580875202,1.5481224424770939,1.7731199925191632,2.292095437200099,2.9065141780682455
2024-11-19 00:00:00+00:00,1.1626767694794844,1.3449921580875202,1.5481224424770939,1.7731199925191632,2.292095437200099,2.9065141780682455
2024-11-20 00:00:00+00:00,1.1626767694794844,1.3449921580875202,1.5481224424770939,1.7731199925191632,2.292095437200099,2.9065141780682455
2024-11-21 00:00:00+00:00,1.1626767694794844,1.3449921580875202,1.5481224424770939,1.7731199925191632,2.292095437200099,2.9065141780682455
2024-11-22 00:00:00+00:00,1.1712756013277401,1.364886528919054,1.5824708828505896,1.8255739885486137,2.3938056137272947,3.078480298578035
2024-11-23 00:00:00+00:00,1.1712756013277401,1.364886528919054,1.5824708828505896,1.8255739885486137,2.3938056137272947,3.078480298578035
2024-11-24 00:00:00+00:00,1.1712756013277401,1.364886528919054,1.5824708828505896,1.8255739885486137,2.3938056137272947,3.078480298578035
2024-11-25 00:00:00+00:00,1.1712756013277401,1.364886528919054,1.5824708828505896,1.8255739885486137,2.3938056137272947,3.078480298578035
2024-11-26 00:00:00+00:00,1.1712756013277401,1.364886528919054,1.5824708828505896,1.8255739885486137,2.3938056137272947,3.078480298578035
2024-11-27 00:00:00+00:00,1.1712756013277401,1.364886528919054,1.5824708828505896,1.8255739885486137,2.3938056137272947,3.078480298578035
2024-11-28 00:00:00+00:00,1.1712756013277401,1.364886528919054,1.5824708828505896,1.8255739885486137,2.3938056137272947,3.078480298578035
2024-11-29 00:00:00+00:00,1.1712756013277401,1.364886528919054,1.5824708828505896,1.8255739885486137,2.3938056137272947,3.078480298578035
2024-11-30 00:00:00+00:00,1.1712756013277401,1.364886528919054,1.5824708828505896,1.8255739885486137,2.3938056137272947,3.078480298578035
2024-12-01 00:00:00+00:00,1.1712756013277401,1.364886528919054,1.5824708828505896,1.8255739885486137,2.3938056137272947,3.078480298578035
2024-12-02 00:00:00+00:00,1.1682464542202378,1.357826803477053,1.5701931479808635,1.8066888272401223,2.356660525026436,3.014787895653429
2024-12-03 00:00:00+00:00,1.1682464542202378,1.357826803477053,1.5701931479808635,1.8066888272401223,2.356660525026436,3.014787895653429
2024-12-04 00:00:00+00:00,1.1682464542202378,1.357826803477053,1.5701931479808635,1.8066888272401223,2.356660525026436,3.014787895653429
2024-12-05 00:00:00+00:00,1.1682464542202378,1.357826803477053,1.5701931479808635,1.8066888272401223,2.356660525026436,3.014787895653429
2024-12-06 00:00:00+00:00,1.1682464542202378,1.357826803477053,1.5701931479808635,1.8066888272401223,2.356660525026436,3.014787895653429
2024-12-07 00:00:00+00:00,1.1682464542202378,1.357826803477053,1.5701931479808635,1.8066888272401223,2.356660525026436,3.014787895653429
2024-12-08 00:00:00+00:00,1.1682464542202378,1.357826803477053,1.5701931479808635,1.8066888272401223,2.356660525026436,3.014787895653429
2024-12-09 00:00:00+00:00,1.1682464542202378,1.357826803477053,1.5701931479808635,1.8066888272401223,2.356660525026436,3.014787895653429
2024-12-10 00:00:00+00:00,1.1682464542202378,1.357826803477053,1.5701931479808635,1.8066888272401223,2.356660525026436,3.014787895653429
2024-12-11 00:00:00+00:00,1.1769022911619273,1.3779477760055727,1.6050950365509913,1.8602337067010264,2.4614271305206206,3.1934865758456885
2024-12-12 00:00:00+00:00,1.1769022911619273,1.3779477760055727,1.6050950365509913,1.8602337067010264,2.4614271305206206,3.1934865758456885
2024-12-13 00:00:00+00:00,1.1769022911619273,1.3779477760055727,1.6050950365509913,1.8602337067010264,2.4614271305206206,3.1934865758456885
2024-12-14 00:00:00+00:00,1.1769022911619273,1.3779477760055727,1.6050950365509913,1.8602337067010264,2.4614271305206206,3.1934865758456885
2024-12-15 00:00:00+00:00,1.1769022911619273,1.3779477760055727,1.6050950365509913,1.8602337067010264,2.4614271305206206,3.1934865758456885
2024-12-16 00:00:00+00:00,1.1769022911619273,1.3779477760055727,1.6050950365509913,1.8602337067010264,2.4614271305206206,3.1934865758456885
2024-12-17 00:00:00+00:00,1.1769022911619273,1.3779477760055727,1.6050950365509913,1.8602337067010264,2.4614271305206206,3.1934865758456885
2024-12-18 00:00:00+00:00,1.1769022911619273,1.3779477760055727,1.6050950365509913,1.8602337067010264,2.4614271305206206,3.1934865758456885
2024-12-19 00:00:00+00:00,1.1769022911619273,1.3779477760055727,1.6050950365509913,1.8602337067010264,2.4614271305206206,3.1934865758456885
2024-12-20 00:00:00+00:00,1.1769022911619273,1.3779477760055727,1.6050950365509913,1.8602337067010264,2.4614271305206206,3.1934865758456885
2024-12-21 00:00:00+00:00,1.1769022911619273,1.3779477760055727,1.6050950365509913,1.8602337067010264,2.4614271305206206,3.1934865758456885
2024-12-22 00:00:00+00:00,1.1769022911619273,1.3779477760055727,1.6050950365509913,1.8602337067010264,2.4614271305206206,3.1934865758456885
2024-12-23 00:00:00+00:00,1.1769022911619273,1.3779477760055727,1.6050950365509913,1.8602337067010264,2.4614271305206206,3.1934865758456885
2024-12-24 00:00:00+00:00,1.1769022911619273,1.3779477760055727,1.6050950365509913,1.8602337067010264,2.4614271305206206,3.1934865758456885
2024-12-25 00:00:00+00:00,1.1769022911619273,1.3779477760055727,1.6050950365509913,1.8602337067010264,2.4614271305206206,3.1934865758456885
2024-12-26 00:00:00+00:00,1.1769022911619273,1.3779477760055727,1.6050950365509913,1.8602337067010264,2.4614271305206206,3.1934865758456885
2024-12-27 00:00:00+00:00,1.1769022911619273,1.3779477760055727,1.6050950365509913,1.8602337067010264,2.4614271305206206,3.1934865758456885
2024-12-28 00:00:00+00:00,1.1769022911619273,1.3779477760055727,1.6050950365509913,1.8602337067010264,2.4614271305206206,3.1934865758456885
2024-12-29 00:00:00+00:00,1.1769022911619273,1.3779477760055727,1.6050950365509913,1.8602337067010264,2.4614271305206206,3.1934865758456885
2024-12-30 00:00:00+00:00,1.1769022911619273,1.3779477760055727,1.6050950365509913,1.8602337067010264,2.4614271305206206,3.1934865758456885
2024-12-31 00:00:00+00:00,1.1769022911619273,1.3779477760055727,1.6050950365509913,1.8602337067010264,2.4614271305206206,3.1934865758456885
2025-01-01 00:00:00+00:00,1.1769022911619273,1.3779477760055727,1.6050950365509913,1.8602337067010264,2.4614271305206206,3.1934865758456885
2025-01-02 00:00:00+00:00,1.1769022911619273,1.3779477760055727,1.6050950365509913,1.8602337067010264,2.4614271305206206,3.1934865758456885
2025-01-03 00:00:00+00:00,1.176746679057245,1.3775833866162803,1.6044583510281691,1.8592498531238015,2.4594744050012,3.190108588251821
2025-01-04 00:00:00+00:00,1.176746679057245,1.3775833866162803,1.6044583510281691,1.8592498531238015,2.4594744050012,3.190108588251821
2025-01-05 00:00:00+00:00,1.176746679057245,1.3775833866162803,1.6044583510281691,1.8592498531238015,2.4594744050012,3.190108588251821
2025-01-06 00:00:00+00:00,1.176746679057245,1.3775833866162803,1.6044583510281691,1.8592498531238015,2.4594744050012,3.190108588251821
2025-01-07 00:00:00+00:00,1.176746679057245,1.3775833866162803,1.6044583510281691,1.8592498531238015,2.4594744050012,3.190108588251821
2025-01-08 00:00:00+00:00,1.1736669342261958,1.370372649777542,1.5918609354556743,1.8397859694292271,2.4208532452186975,3.1233161639518023
2025-01-09 00:00:00+00:00,1.1736669342261958,1.370372649777542,1.5918609354556743,1.8397859694292271,2.4208532452186975,3.1233161639518023
2025-01-10 00:00:00+00:00,1.1736669342261958,1.370372649777542,1.5918609354556743,1.8397859694292271,2.4208532452186975,3.1233161639518023
2025-01-11 00:00:00+00:00,1.1736669342261958,1.370372649777542,1.5918609354556743,1.8397859694292271,2.4208532452186975,3.1233161639518023
2025-01-12 00:00:00+00:00,1.1736669342261958,1.370372649777542,1.5918609354556743,1.8397859694292271,2.4208532452186975,3.1233161639518023
2025-01-13 00:00:00+00:00,1.1736669342261958,1.370372649777542,1.5918609354556743,1.8397859694292271,2.4208532452186975,3.1233161639518023
2025-01-14 00:00:00+00:00,1.1736669342261958,1.370372649777542,1.5918609354556743,1.8397859694292271,2.4208532452186975,3.1233161639518023
2025-01-15 00:00:00+00:00,1.1736669342261958,1.370372649777542,1.5918609354556743,1.8397859694292271,2.4208532452186975,3.1233161639518023
2025-01-16 00:00:00+00:00,1.1736669342261958,1.370372649777542,1.5918609354556743,1.8397859694292271,2.4208532452186975,3.1233161639518023
2025-01-17 00:00:00+00:00,1.1735226232573233,1.3700356550151631,1.5912737424781607,1.83888110864454,2.419067275108467,3.12024388667401
2025-01-18 00:00:00+00:00,1.1735226232573233,1.3700356550151631,1.5912737424781607,1.83888110864454,2.419067275108467,3.12024388667401
2025-01-19 00:00:00+00:00,1.1735226232573233,1.3700356550151631,1.5912737424781607,1.83888110864454,2.419067275108467,3.12024388667401
2025-01-20 00:00:00+00:00,1.1735226232573233,1.3700356550151631,1.5912737424781607,1.83888110864454,2.419067275108467,3.12024388667401
2025-01-21 00:00:00+00:00,1.1704453098384933,1.3628504009401263,1.57875541191415,1.8195928106633459,2.381006339396391,3.054786480453191
2025-01-22 00:00:00+00:00,1.1704453098384933,1.3628504009401263,1.57875541191415,1.8195928106633459,2.381006339396391,3.054786480453191
2025-01-23 00:00:00+00:00,1.1704453098384933,1.3628504009401263,1.57875541191415,1.8195928106633459,2.381006339396391,3.054786480453191
2025-01-24 00:00:00+00:00,1.1704453098384933,1.3628504009401263,1.57875541191415,1.8195928106633459,2.381006339396391,3.054786480453191
2025-01-25 00:00:00+00:00,1.1704453098384933,1.3628504009401263,1.57875541191415,1.8195928106633459,2.381006339396391,3.054786480453191
2025-01-26 00:00:00+00:00,1.1704453098384933,1.3628504009401263,1.57875541191415,1.8195928106633459,2.381006339396391,3.054786480453191
2025-01-27 00:00:00+00:00,1.1704453098384933,1.3628504009401263,1.57875541191415,1.8195928106633459,2.381006339396391,3.054786480453191
2025-01-28 00:00:00+00:00,1.1704453098384933,1.3628504009401263,1.57875541191415,1.8195928106633459,2.381006339396391,3.054786480453191
2025-01-29 00:00:00+00:00,1.1704453098384933,1.3628504009401263,1.57875541191415,1.8195928106633459,2.381006339396391,3.054786480453191
2025-01-30 00:00:00+00:00,1.1704453098384933,1.3628504009401263,1.57875541191415,1.8195928106633459,2.381006339396391,3.054786480453191
2025-01-31 00:00:00+00:00,1.179064198559153,1.382921831616764,1.6136321817163333,1.8731890541450131,2.4862054213694287,3.2347444128338836
2025-02-01 00:00:00+00:00,1.179064198559153,1.382921831616764,1.6136321817163333,1.8731890541450131,2.4862054213694287,3.2347444128338836
2025-02-02 00:00:00+00:00,1.179064198559153,1.382921831616764,1.6136321817163333,1.8731890541450131,2.4862054213694287,3.2347444128338836
2025-02-03 00:00:00+00:00,1.179064198559153,1.382921831616764,1.6136321817163333,1.8731890541450131,2.4862054213694287,3.2347444128338836
2025-02-04 00:00:00+00:00,1.179064198559153,1.382921831616764,1.6136321817163333,1.8731890541450131,2.4862054213694287,3.2347444128338836
2025-02-05 00:00:00+00:00,1.179064198559153,1.382921831616764,1.6136321817163333,1.8731890541450131,2.4862054213694287,3.2347444128338836
2025-02-06 00:00:00+00:00,1.179064198559153,1.382921831616764,1.6136321817163333,1.8731890541450131,2.4862054213694287,3.2347444128338836
2025-02-07 00:00:00+00:00,1.179064198559153,1.382921831616764,1.6136321817163333,1.8731890541450131,2.4862054213694287,3.2347444128338836
2025-02-08 00:00:00+00:00,1.179064198559153,1.382921831616764,1.6136321817163333,1.8731890541450131,2.4862054213694287,3.2347444128338836
2025-02-09 00:00:00+00:00,1.179064198559153,1.382921831616764,1.6136321817163333,1.8731890541450131,2.4862054213694287,3.2347444128338836
2025-02-10 00:00:00+00:00,1.179064198559153,1.382921831616764,1.6136321817163333,1.8731890541450131,2.4862054213694287,3.2347444128338836
2025-02-11 00:00:00+00:00,1.1877982758253034,1.4034101920387787,1.649491776566588,1.9286926576061396,2.596706835675613,3.4264388611766585
2025-02-12 00:00:00+00:00,1.1877982758253034,1.4034101920387787,1.649491776566588,1.9286926576061396,2.596706835675613,3.4264388611766585
2025-02-13 00:00:00+00:00,1.1877982758253034,1.4034101920387787,1.649491776566588,1.9286926576061396,2.596706835675613,3.4264388611766585
2025-02-14 00:00:00+00:00,1.1877982758253034,1.4034101920387787,1.649491776566588,1.9286926576061396,2.596706835675613,3.4264388611766585
2025-02-15 00:00:00+00:00,1.1877982758253034,1.4034101920387787,1.649491776566588,1.9286926576061396,2.596706835675613,3.4264388611766585
2025-02-16 00:00:00+00:00,1.1877982758253034,1.4034101920387787,1.649491776566588,1.9286926576061396,2.596706835675613,3.4264388611766585
2025-02-17 00:00:00+00:00,1.1877982758253034,1.4034101920387787,1.649491776566588,1.9286926576061396,2.596706835675613,3.4264388611766585
2025-02-18 00:00:00+00:00,1.1877982758253034,1.4034101920387787,1.649491776566588,1.9286926576061396,2.596706835675613,3.4264388611766585
2025-02-19 00:00:00+00:00,1.1877982758253034,1.4034101920387787,1.649491776566588,1.9286926576061396,2.596706835675613,3.4264388611766585
2025-02-20 00:00:00+00:00,1.1846921212672135,1.3960702100677789,1.6365512550034773,1.9085181292825804,2.555963691299251,3.3547563278490817
2025-02-21 00:00:00+00:00,1.1846921212672135,1.3960702100677789,1.6365512550034773,1.9085181292825804,2.555963691299251,3.3547563278490817
2025-02-22 00:00:00+00:00,1.1846921212672135,1.3960702100677789,1.6365512550034773,1.9085181292825804,2.555963691299251,3.3547563278490817
2025-02-23 00:00:00+00:00,1.1846921212672135,1.3960702100677789,1.6365512550034773,1.9085181292825804,2.555963691299251,3.3547563278490817
2025-02-24 00:00:00+00:00,1.1846921212672135,1.3960702100677789,1.6365512550034773,1.9085181292825804,2.555963691299251,3.3547563278490817
2025-02-25 00:00:00+00:00,1.1846921212672135,1.3960702100677789,1.6365512550034773,1.9085181292825804,2.555963691299251,3.3547563278490817
2025-02-26 00:00:00+00:00,1.1846921212672135,1.3960702100677789,1.6365512550034773,1.9085181292825804,2.555963691299251,3.3547563278490817
2025-02-27 00:00:00+00:00,1.1846921212672135,1.3960702100677789,1.6365512550034773,1.9085181292825804,2.555963691299251,3.3547563278490817
2025-02-28 00:00:00+00:00,1.1846921212672135,1.3960702100677789,1.6365512550034773,1.9085181292825804,2.555963691299251,3.3547563278490817
2025-03-01 00:00:00+00:00,1.1846921212672135,1.3960702100677789,1.6365512550034773,1.9085181292825804,2.555963691299251,3.3547563278490817
2025-03-02 00:00:00+00:00,1.1846921212672135,1.3960702100677789,1.6365512550034773,1.9085181292825804,2.555963691299251,3.3547563278490817
2025-03-03 00:00:00+00:00,1.1846921212672135,1.3960702100677789,1.6365512550034773,1.9085181292825804,2.555963691299251,3.3547563278490817
2025-03-04 00:00:00+00:00,1.1816258397932524,1.3888434476969769,1.623843834980196,1.8887592276152738,2.5162708260861453,3.285292695952997
2025-03-05 00:00:00+00:00,1.1816258397932524,1.3888434476969769,1.623843834980196,1.8887592276152738,2.5162708260861453,3.285292695952997
2025-03-06 00:00:00+00:00,1.1816258397932524,1.3888434476969769,1.623843834980196,1.8887592276152738,2.5162708260861453,3.285292695952997
2025-03-07 00:00:00+00:00,1.1816258397932524,1.3888434476969769,1.623843834980196,1.8887592276152738,2.5162708260861453,3.285292695952997
2025-03-08 00:00:00+00:00,1.1816258397932524,1.3888434476969769,1.623843834980196,1.8887592276152738,2.5162708260861453,3.285292695952997
2025-03-09 00:00:00+00:00,1.1816258397932524,1.3888434476969769,1.623843834980196,1.8887592276152738,2.5162708260861453,3.285292695952997
2025-03-10 00:00:00+00:00,1.1816258397932524,1.3888434476969769,1.623843834980196,1.8887592276152738,2.5162708260861453,3.285292695952997
2025-03-11 00:00:00+00:00,1.1816258397932524,1.3888434476969769,1.623843834980196,1.8887592276152738,2.5162708260861453,3.285292695952997
2025-03-12 00:00:00+00:00,1.1816258397932524,1.3888434476969769,1.623843834980196,1.8887592276152738,2.5162708260861453,3.285292695952997
2025-03-13 00:00:00+00:00,1.1903631143159077,1.4093824475442425,1.6598653120595028,1.944623300058917,2.6279069205610748,3.4796317376708905
2025-03-14 00:00:00+00:00,1.1903631143159077,1.4093824475442425,1.6598653120595028,1.944623300058917,2.6279069205610748,3.4796317376708905
2025-03-15 00:00:00+00:00,1.1903631143159077,1.4093824475442425,1.6598653120595028,1.944623300058917,2.6279069205610748,3.4796317376708905
2025-03-16 00:00:00+00:00,1.1903631143159077,1.4093824475442425,1.6598653120595028,1.944623300058917,2.6279069205610748,3.4796317376708905
2025-03-17 00:00:00+00:00,1.1903631143159077,1.4093824475442425,1.6598653120595028,1.944623300058917,2.6279069205610748,3.4796317376708905
2025-03-18 00:00:00+00:00,1.1903631143159077,1.4093824475442425,1.6598653120595028,1.944623300058917,2.6279069205610748,3.4796317376708905
2025-03-19 00:00:00+00:00,1.19914885254655,1.4301869652616812,1.6966183211736807,2.0020341894457028,2.7442820099142646,3.6850892705433194
2025-03-20 00:00:00+00:00,1.19914885254655,1.4301869652616812,1.6966183211736807,2.0020341894457028,2.7442820099142646,3.6850892705433194
2025-03-21 00:00:00+00:00,1.19914885254655,1.4301869652616812,1.6966183211736807,2.0020341894457028,2.7442820099142646,3.6850892705433194
2025-03-22 00:00:00+00:00,1.19914885254655,1.4301869652616812,1.6966183211736807,2.0020341894457028,2.7442820099142646,3.6850892705433194
2025-03-23 00:00:00+00:00,1.19914885254655,1.4301869652616812,1.6966183211736807,2.0020341894457028,2.7442820099142646,3.6850892705433194
2025-03-24 00:00:00+00:00,1.19914885254655,1.4301869652616812,1.6966183211736807,2.0020341894457028,2.7442820099142646,3.6850892705433194
2025-03-25 00:00:00+00:00,1.19914885254655,1.4301869652616812,1.6966183211736807,2.0020341894457028,2.7442820099142646,3.6850892705433194
2025-03-26 00:00:00+00:00,1.19914885254655,1.4301869652616812,1.6966183211736807,2.0020341894457028,2.7442820099142646,3.6850892705433194
2025-03-27 00:00:00+00:00,1.1960086561596255,1.422696539145851,1.6832895804318821,1.9810633799758164,2.7011635041477753,3.6078884860817086
2025-03-28 00:00:00+00:00,1.1960086561596255,1.422696539145851,1.6832895804318821,1.9810633799758164,2.7011635041477753,3.6078884860817086
2025-03-29 00:00:00+00:00,1.1960086561596255,1.422696539145851,1.6832895804318821,1.9810633799758164,2.7011635041477753,3.6078884860817086
2025-03-30 00:00:00+00:00,1.1960086561596255,1.422696539145851,1.6832895804318821,1.9810633799758164,2.7011635041477753,3.6078884860817086
2025-03-31 00:00:00+00:00,1.1960086561596255,1.422696539145851,1.6832895804318821,1.9810633799758164,2.7011635041477753,3.6078884860817086
2025-04-01 00:00:00+00:00,1.1960086561596255,1.422696539145851,1.6832895804318821,1.9810633799758164,2.7011635041477753,3.6078884860817086
2025-04-02 00:00:00+00:00,1.1960086561596255,1.422696539145851,1.6832895804318821,1.9810633799758164,2.7011635041477753,3.6078884860817086
2025-04-03 00:00:00+00:00,1.1960086561596255,1.422696539145851,1.6832895804318821,1.9810633799758164,2.7011635041477753,3.6078884860817086
2025-04-04 00:00:00+00:00,1.1960086561596255,1.422696539145851,1.6832895804318821,1.9810633799758164,2.7011635041477753,3.6078884860817086
2025-04-05 00:00:00+00:00,1.1960086561596255,1.422696539145851,1.6832895804318821,1.9810633799758164,2.7011635041477753,3.6078884860817086
2025-04-06 00:00:00+00:00,1.1960086561596255,1.422696539145851,1.6832895804318821,1.9810633799758164,2.7011635041477753,3.6078884860817086
2025-04-07 00:00:00+00:00,1.1960086561596255,1.422696539145851,1.6832895804318821,1.9810633799758164,2.7011635041477753,3.6078884860817086
2025-04-08 00:00:00+00:00,1.1960086561596255,1.422696539145851,1.6832895804318821,1.9810633799758164,2.7011635041477753,3.6078884860817086
2025-04-09 00:00:00+00:00,1.1960086561596255,1.422696539145851,1.6832895804318821,1.9810633799758164,2.7011635041477753,3.6078884860817086
2025-04-10 00:00:00+00:00,1.1960086561596255,1.422696539145851,1.6832895804318821,1.9810633799758164,2.7011635041477753,3.6078884860817086
2025-04-11 00:00:00+00:00,1.204926603126565,1.4439129947639748,1.7209435400357251,2.0401499695913103,2.8220096172003606,3.82310404002141
2025-04-12 00:00:00+00:00,1.204926603126565,1.4439129947639748,1.7209435400357251,2.0401499695913103,2.8220096172003606,3.82310404002141
2025-04-13 00:00:00+00:00,1.204926603126565,1.4439129947639748,1.7209435400357251,2.0401499695913103,2.8220096172003606,3.82310404002141
2025-04-14 00:00:00+00:00,1.204926603126565,1.4439129947639748,1.7209435400357251,2.0401499695913103,2.8220096172003606,3.82310404002141
2025-04-15 00:00:00+00:00,1.204926603126565,1.4439129947639748,1.7209435400357251,2.0401499695913103,2.8220096172003606,3.82310404002141
2025-04-16 00:00:00+00:00,1.2138818206275659,1.465375804012406,1.7593145669546404,2.1008009226533244,2.9478515224900423,4.050415666263264
2025-04-17 00:00:00+00:00,1.2138818206275659,1.465375804012406,1.7593145669546404,2.1008009226533244,2.9478515224900423,4.050415666263264
2025-04-18 00:00:00+00:00,1.2138818206275659,1.465375804012406,1.7593145669546404,2.1008009226533244,2.9478515224900423,4.050415666263264
2025-04-19 00:00:00+00:00,1.2138818206275659,1.465375804012406,1.7593145669546404,2.1008009226533244,2.9478515224900423,4.050415666263264
2025-04-20 00:00:00+00:00,1.2138818206275659,1.465375804012406,1.7593145669546404,2.1008009226533244,2.9478515224900423,4.050415666263264
2025-04-21 00:00:00+00:00,1.2138818206275659,1.465375804012406,1.7593145669546404,2.1008009226533244,2.9478515224900423,4.050415666263264
2025-04-22 00:00:00+00:00,1.2229118916034738,1.4871776751529904,1.7985772080254219,2.163312383375274,3.079425987263365,4.2914641131664535
2025-04-23 00:00:00+00:00,1.2229118916034738,1.4871776751529904,1.7985772080254219,2.163312383375274,3.079425987263365,4.2914641131664535
2025-04-24 00:00:00+00:00,1.2229118916034738,1.4871776751529904,1.7985772080254219,2.163312383375274,3.079425987263365,4.2914641131664535
2025-04-25 00:00:00+00:00,1.2229118916034738,1.4871776751529904,1.7985772080254219,2.163312383375274,3.079425987263365,4.2914641131664535
2025-04-26 00:00:00+00:00,1.2229118916034738,1.4871776751529904,1.7985772080254219,2.163312383375274,3.079425987263365,4.2914641131664535
2025-04-27 00:00:00+00:00,1.2229118916034738,1.4871776751529904,1.7985772080254219,2.163312383375274,3.079425987263365,4.2914641131664535
2025-04-28 00:00:00+00:00,1.2229118916034738,1.4871776751529904,1.7985772080254219,2.163312383375274,3.079425987263365,4.2914641131664535
2025-04-29 00:00:00+00:00,1.2229118916034738,1.4871776751529904,1.7985772080254219,2.163312383375274,3.079425987263365,4.2914641131664535
2025-04-30 00:00:00+00:00,1.2229118916034738,1.4871776751529904,1.7985772080254219,2.163312383375274,3.079425987263365,4.2914641131664535
2025-05-01 00:00:00+00:00,1.2229118916034738,1.4871776751529904,1.7985772080254219,2.163312383375274,3.079425987263365,4.2914641131664535
2025-05-02 00:00:00+00:00,1.2229118916034738,1.4871776751529904,1.7985772080254219,2.163312383375274,3.079425987263365,4.2914641131664535
2025-05-03 00:00:00+00:00,1.2229118916034738,1.4871776751529904,1.7985772080254219,2.163312383375274,3.079425987263365,4.2914641131664535
2025-05-04 00:00:00+00:00,1.2229118916034738,1.4871776751529904,1.7985772080254219,2.163312383375274,3.079425987263365,4.2914641131664535
2025-05-05 00:00:00+00:00,1.2229118916034738,1.4871776751529904,1.7985772080254219,2.163312383375274,3.079425987263365,4.2914641131664535
2025-05-06 00:00:00+00:00,1.232007328714743,1.5092995158358897,1.8387080939813376,2.2276711384748595,3.216845823957751,4.546807067795145
2025-05-07 00:00:00+00:00,1.232007328714743,1.5092995158358897,1.8387080939813376,2.2276711384748595,3.216845823957751,4.546807067795145
2025-05-08 00:00:00+00:00,1.232007328714743,1.5092995158358897,1.8387080939813376,2.2276711384748595,3.216845823957751,4.546807067795145
2025-05-09 00:00:00+00:00,1.232007328714743,1.5092995158358897,1.8387080939813376,2.2276711384748595,3.216845823957751,4.546807067795145
2025-05-10 00:00:00+00:00,1.232007328714743,1.5092995158358897,1.8387080939813376,2.2276711384748595,3.216845823957751,4.546807067795145
2025-05-11 00:00:00+00:00,1.232007328714743,1.5092995158358897,1.8387080939813376,2.2276711384748595,3.216845823957751,4.546807067795145
2025-05-12 00:00:00+00:00,1.232007328714743,1.5092995158358897,1.8387080939813376,2.2276711384748595,3.216845823957751,4.546807067795145
2025-05-13 00:00:00+00:00,1.232007328714743,1.5092995158358897,1.8387080939813376,2.2276711384748595,3.216845823957751,4.546807067795145
2025-05-14 00:00:00+00:00,1.232007328714743,1.5092995158358897,1.8387080939813376,2.2276711384748595,3.216845823957751,4.546807067795145
2025-05-15 00:00:00+00:00,1.232007328714743,1.5092995158358897,1.8387080939813376,2.2276711384748595,3.216845823957751,4.546807067795145
2025-05-16 00:00:00+00:00,1.232007328714743,1.5092995158358897,1.8387080939813376,2.2276711384748595,3.216845823957751,4.546807067795145
2025-05-17 00:00:00+00:00,1.232007328714743,1.5092995158358897,1.8387080939813376,2.2276711384748595,3.216845823957751,4.546807067795145
2025-05-18 00:00:00+00:00,1.232007328714743,1.5092995158358897,1.8387080939813376,2.2276711384748595,3.216845823957751,4.546807067795145
2025-05-19 00:00:00+00:00,1.232007328714743,1.5092995158358897,1.8387080939813376,2.2276711384748595,3.216845823957751,4.546807067795145
2025-05-20 00:00:00+00:00,1.232007328714743,1.5092995158358897,1.8387080939813376,2.2276711384748595,3.216845823957751,4.546807067795145
2025-05-21 00:00:00+00:00,1.232007328714743,1.5092995158358897,1.8387080939813376,2.2276711384748595,3.216845823957751,4.546807067795145
2025-05-22 00:00:00+00:00,1.232007328714743,1.5092995158358897,1.8387080939813376,2.2276711384748595,3.216845823957751,4.546807067795145
2025-05-23 00:00:00+00:00,1.2411758468097331,1.5317637327267701,1.879758730706022,2.293983871091803,3.3604831634037025,4.81750339827232
2025-05-24 00:00:00+00:00,1.2411758468097331,1.5317637327267701,1.879758730706022,2.293983871091803,3.3604831634037025,4.81750339827232
2025-05-25 00:00:00+00:00,1.2411758468097331,1.5317637327267701,1.879758730706022,2.293983871091803,3.3604831634037025,4.81750339827232
2025-05-26 00:00:00+00:00,1.2411758468097331,1.5317637327267701,1.879758730706022,2.293983871091803,3.3604831634037025,4.81750339827232
2025-05-27 00:00:00+00:00,1.2411758468097331,1.5317637327267701,1.879758730706022,2.293983871091803,3.3604831634037025,4.81750339827232
2025-05-28 00:00:00+00:00,1.2411758468097331,1.5317637327267701,1.879758730706022,2.293983871091803,3.3604831634037025,4.81750339827232
2025-05-29 00:00:00+00:00,1.2411758468097331,1.5317637327267701,1.879758730706022,2.293983871091803,3.3604831634037025,4.81750339827232
2025-05-30 00:00:00+00:00,1.2411758468097331,1.5317637327267701,1.879758730706022,2.293983871091803,3.3604831634037025,4.81750339827232
2025-05-31 00:00:00+00:00,1.2411758468097331,1.5317637327267701,1.879758730706022,2.293983871091803,3.3604831634037025,4.81750339827232
2025-06-01 00:00:00+00:00,1.2411758468097331,1.5317637327267701,1.879758730706022,2.293983871091803,3.3604831634037025,4.81750339827232
2025-06-02 00:00:00+00:00,1.2411758468097331,1.5317637327267701,1.879758730706022,2.293983871091803,3.3604831634037025,4.81750339827232
2025-06-03 00:00:00+00:00,1.2410851565160137,1.5315398867613705,1.8793466798144878,2.2933134034168416,3.3590098997759323,4.814687353797674
2025-06-04 00:00:00+00:00,1.2410851565160137,1.5315398867613705,1.8793466798144878,2.2933134034168416,3.3590098997759323,4.814687353797674
2025-06-05 00:00:00+00:00,1.2378791788584416,1.5236273230942308,1.8647824653413292,2.2696170067769703,3.30694782828774,4.715188749670932
2025-06-06 00:00:00+00:00,1.2378791788584416,1.5236273230942308,1.8647824653413292,2.2696170067769703,3.30694782828774,4.715188749670932
2025-06-07 00:00:00+00:00,1.2378791788584416,1.5236273230942308,1.8647824653413292,2.2696170067769703,3.30694782828774,4.715188749670932
2025-06-08 00:00:00+00:00,1.2378791788584416,1.5236273230942308,1.8647824653413292,2.2696170067769703,3.30694782828774,4.715188749670932
2025-06-09 00:00:00+00:00,1.2378791788584416,1.5236273230942308,1.8647824653413292,2.2696170067769703,3.30694782828774,4.715188749670932
2025-06-10 00:00:00+00:00,1.2378791788584416,1.5236273230942308,1.8647824653413292,2.2696170067769703,3.30694782828774,4.715188749670932
2025-06-11 00:00:00+00:00,1.2378791788584416,1.5236273230942308,1.8647824653413292,2.2696170067769703,3.30694782828774,4.715188749670932
2025-06-12 00:00:00+00:00,1.2346873766420587,1.5157701474508396,1.8503577535255022,2.2462086848137504,3.255787148369727,4.617925946263947
2025-06-13 00:00:00+00:00,1.2346873766420587,1.5157701474508396,1.8503577535255022,2.2462086848137504,3.255787148369727,4.617925946263947
2025-06-14 00:00:00+00:00,1.2346873766420587,1.5157701474508396,1.8503577535255022,2.2462086848137504,3.255787148369727,4.617925946263947
2025-06-15 00:00:00+00:00,1.2346873766420587,1.5157701474508396,1.8503577535255022,2.2462086848137504,3.255787148369727,4.617925946263947
2025-06-16 00:00:00+00:00,1.2346873766420587,1.5157701474508396,1.8503577535255022,2.2462086848137504,3.255787148369727,4.617925946263947
2025-06-17 00:00:00+00:00,1.2346873766420587,1.5157701474508396,1.8503577535255022,2.2462086848137504,3.255787148369727,4.617925946263947
2025-06-18 00:00:00+00:00,1.2346873766420587,1.5157701474508396,1.8503577535255022,2.2462086848137504,3.255787148369727,4.617925946263947
2025-06-19 00:00:00+00:00,1.2346873766420587,1.5157701474508396,1.8503577535255022,2.2462086848137504,3.255787148369727,4.617925946263947
2025-06-20 00:00:00+00:00,1.2346873766420587,1.5157701474508396,1.8503577535255022,2.2462086848137504,3.255787148369727,4.617925946263947
2025-06-21 00:00:00+00:00,1.2346873766420587,1.5157701474508396,1.8503577535255022,2.2462086848137504,3.255787148369727,4.617925946263947
2025-06-22 00:00:00+00:00,1.2346873766420587,1.5157701474508396,1.8503577535255022,2.2462086848137504,3.255787148369727,4.617925946263947
2025-06-23 00:00:00+00:00,1.2346873766420587,1.5157701474508396,1.8503577535255022,2.2462086848137504,3.255787148369727,4.617925946263947
2025-06-24 00:00:00+00:00,1.2346873766420587,1.5157701474508396,1.8503577535255022,2.2462086848137504,3.255787148369727,4.617925946263947
2025-06-25 00:00:00+00:00,1.2346873766420587,1.5157701474508396,1.8503577535255022,2.2462086848137504,3.255787148369727,4.617925946263947
2025-06-26 00:00:00+00:00,1.2346873766420587,1.5157701474508396,1.8503577535255022,2.2462086848137504,3.255787148369727,4.617925946263947
2025-06-27 00:00:00+00:00,1.2346873766420587,1.5157701474508396,1.8503577535255022,2.2462086848137504,3.255787148369727,4.617925946263947
2025-06-28 00:00:00+00:00,1.2346873766420587,1.5157701474508396,1.8503577535255022,2.2462086848137504,3.255787148369727,4.617925946263947
2025-06-29 00:00:00+00:00,1.2346873766420587,1.5157701474508396,1.8503577535255022,2.2462086848137504,3.255787148369727,4.617925946263947
2025-06-30 00:00:00+00:00,1.2346873766420587,1.5157701474508396,1.8503577535255022,2.2462086848137504,3.255787148369727,4.617925946263947
2025-07-01 00:00:00+00:00,1.2346873766420587,1.5157701474508396,1.8503577535255022,2.2462086848137504,3.255787148369727,4.617925946263947
2025-07-02 00:00:00+00:00,1.2346873766420587,1.5157701474508396,1.8503577535255022,2.2462086848137504,3.255787148369727,4.617925946263947
2025-07-03 00:00:00+00:00,1.2314778868496539,1.507889854985056,1.835928098453491,2.222853189384203,3.2050079026272735,4.521893953278489
2025-07-04 00:00:00+00:00,1.2314778868496539,1.507889854985056,1.835928098453491,2.222853189384203,3.2050079026272735,4.521893953278489
2025-07-05 00:00:00+00:00,1.2314778868496539,1.507889854985056,1.835928098453491,2.222853189384203,3.2050079026272735,4.521893953278489
2025-07-06 00:00:00+00:00,1.2314778868496539,1.507889854985056,1.835928098453491,2.222853189384203,3.2050079026272735,4.521893953278489
2025-07-07 00:00:00+00:00,1.2314778868496539,1.507889854985056,1.835928098453491,2.222853189384203,3.2050079026272735,4.521893953278489
2025-07-08 00:00:00+00:00,1.2314778868496539,1.507889854985056,1.835928098453491,2.222853189384203,3.2050079026272735,4.521893953278489
2025-07-09 00:00:00+00:00,1.2314778868496539,1.507889854985056,1.835928098453491,2.222853189384203,3.2050079026272735,4.521893953278489
2025-07-10 00:00:00+00:00,1.2314778868496539,1.507889854985056,1.835928098453491,2.222853189384203,3.2050079026272735,4.521893953278489
2025-07-11 00:00:00+00:00,1.2314778868496539,1.507889854985056,1.835928098453491,2.222853189384203,3.2050079026272735,4.521893953278489
2025-07-12 00:00:00+00:00,1.2314778868496539,1.507889854985056,1.835928098453491,2.222853189384203,3.2050079026272735,4.521893953278489
2025-07-13 00:00:00+00:00,1.2314778868496539,1.507889854985056,1.835928098453491,2.222853189384203,3.2050079026272735,4.521893953278489
2025-07-14 00:00:00+00:00,1.23133708660472,1.5075450477202526,1.8352983694213165,2.2218365953329107,3.2028092473244514,4.517757890208348
2025-07-15 00:00:00+00:00,1.23133708660472,1.5075450477202526,1.8352983694213165,2.2218365953329107,3.2028092473244514,4.517757890208348
2025-07-16 00:00:00+00:00,1.23133708660472,1.5075450477202526,1.8352983694213165,2.2218365953329107,3.2028092473244514,4.517757890208348
2025-07-17 00:00:00+00:00,1.23133708660472,1.5075450477202526,1.8352983694213165,2.2218365953329107,3.2028092473244514,4.517757890208348
2025-07-18 00:00:00+00:00,1.23133708660472,1.5075450477202526,1.8352983694213165,2.2218365953329107,3.2028092473244514,4.517757890208348
2025-07-19 00:00:00+00:00,1.23133708660472,1.5075450477202526,1.8352983694213165,2.2218365953329107,3.2028092473244514,4.517757890208348
2025-07-20 00:00:00+00:00,1.23133708660472,1.5075450477202526,1.8352983694213165,2.2218365953329107,3.2028092473244514,4.517757890208348
2025-07-21 00:00:00+00:00,1.23133708660472,1.5075450477202526,1.8352983694213165,2.2218365953329107,3.2028092473244514,4.517757890208348
2025-07-22 00:00:00+00:00,1.228111279859805,1.4996462374982549,1.8208742496816877,2.1985538872806853,3.1524657120646613,4.423074385373378
2025-07-23 00:00:00+00:00,1.228111279859805,1.4996462374982549,1.8208742496816877,2.1985538872806853,3.1524657120646613,4.423074385373378
2025-07-24 00:00:00+00:00,1.228111279859805,1.4996462374982549,1.8208742496816877,2.1985538872806853,3.1524657120646613,4.423074385373378
2025-07-25 00:00:00+00:00,1.228111279859805,1.4996462374982549,1.8208742496816877,2.1985538872806853,3.1524657120646613,4.423074385373378
2025-07-26 00:00:00+00:00,1.228111279859805,1.4996462374982549,1.8208742496816877,2.1985538872806853,3.1524657120646613,4.423074385373378
2025-07-27 00:00:00+00:00,1.228111279859805,1.4996462374982549,1.8208742496816877,2.1985538872806853,3.1524657120646613,4.423074385373378
2025-07-28 00:00:00+00:00,1.228111279859805,1.4996462374982549,1.8208742496816877,2.1985538872806853,3.1524657120646613,4.423074385373378
2025-07-29 00:00:00+00:00,1.228111279859805,1.4996462374982549,1.8208742496816877,2.1985538872806853,3.1524657120646613,4.423074385373378
2025-07-30 00:00:00+00:00,1.228111279859805,1.4996462374982549,1.8208742496816877,2.1985538872806853,3.1524657120646613,4.423074385373378
2025-07-31 00:00:00+00:00,1.228111279859805,1.4996462374982549,1.8208742496816877,2.1985538872806853,3.1524657120646613,4.423074385373378
2025-08-01 00:00:00+00:00,1.228111279859805,1.4996462374982549,1.8208742496816877,2.1985538872806853,3.1524657120646613,4.423074385373378
2025-08-02 00:00:00+00:00,1.228111279859805,1.4996462374982549,1.8208742496816877,2.1985538872806853,3.1524657120646613,4.423074385373378
2025-08-03 00:00:00+00:00,1.228111279859805,1.4996462374982549,1.8208742496816877,2.1985538872806853,3.1524657120646613,4.423074385373378
2025-08-04 00:00:00+00:00,1.2280034723825117,1.4993829501555713,1.8203947234468612,2.1977819033337322,3.1508053118326407,4.41996821413833
2025-08-05 00:00:00+00:00,1.2280034723825117,1.4993829501555713,1.8203947234468612,2.1977819033337322,3.1508053118326407,4.41996821413833
2025-08-06 00:00:00+00:00,1.2280034723825117,1.4993829501555713,1.8203947234468612,2.1977819033337322,3.1508053118326407,4.41996821413833
2025-08-07 00:00:00+00:00,1.2280034723825117,1.4993829501555713,1.8203947234468612,2.1977819033337322,3.1508053118326407,4.41996821413833
2025-08-08 00:00:00+00:00,1.2280034723825117,1.4993829501555713,1.8203947234468612,2.1977819033337322,3.1508053118326407,4.41996821413833
2025-08-09 00:00:00+00:00,1.2280034723825117,1.4993829501555713,1.8203947234468612,2.1977819033337322,3.1508053118326407,4.41996821413833
2025-08-10 00:00:00+00:00,1.2280034723825117,1.4993829501555713,1.8203947234468612,2.1977819033337322,3.1508053118326407,4.41996821413833
2025-08-11 00:00:00+00:00,1.2280034723825117,1.4993829501555713,1.8203947234468612,2.1977819033337322,3.1508053118326407,4.41996821413833
2025-08-12 00:00:00+00:00,1.2280034723825117,1.4993829501555713,1.8203947234468612,2.1977819033337322,3.1508053118326407,4.41996821413833
2025-08-13 00:00:00+00:00,1.2280034723825117,1.4993829501555713,1.8203947234468612,2.1977819033337322,3.1508053118326407,4.41996821413833
2025-08-14 00:00:00+00:00,1.2280034723825117,1.4993829501555713,1.8203947234468612,2.1977819033337322,3.1508053118326407,4.41996821413833
2025-08-15 00:00:00+00:00,1.2280034723825117,1.4993829501555713,1.8203947234468612,2.1977819033337322,3.1508053118326407,4.41996821413833
2025-08-16 00:00:00+00:00,1.2280034723825117,1.4993829501555713,1.8203947234468612,2.1977819033337322,3.1508053118326407,4.41996821413833
2025-08-17 00:00:00+00:00,1.2280034723825117,1.4993829501555713,1.8203947234468612,2.1977819033337322,3.1508053118326407,4.41996821413833
2025-08-18 00:00:00+00:00,1.2280034723825117,1.4993829501555713,1.8203947234468612,2.1977819033337322,3.1508053118326407,4.41996821413833
2025-08-19 00:00:00+00:00,1.2280034723825117,1.4993829501555713,1.8203947234468612,2.1977819033337322,3.1508053118326407,4.41996821413833
2025-08-20 00:00:00+00:00,1.2280034723825117,1.4993829501555713,1.8203947234468612,2.1977819033337322,3.1508053118326407,4.41996821413833
2025-08-21 00:00:00+00:00,1.2280034723825117,1.4993829501555713,1.8203947234468612,2.1977819033337322,3.1508053118326407,4.41996821413833
2025-08-22 00:00:00+00:00,1.2280034723825117,1.4993829501555713,1.8203947234468612,2.1977819033337322,3.1508053118326407,4.41996821413833
2025-08-23 00:00:00+00:00,1.2280034723825117,1.4993829501555713,1.8203947234468612,2.1977819033337322,3.1508053118326407,4.41996821413833
2025-08-24 00:00:00+00:00,1.2280034723825117,1.4993829501555713,1.8203947234468612,2.1977819033337322,3.1508053118326407,4.41996821413833
2025-08-25 00:00:00+00:00,1.2280034723825117,1.4993829501555713,1.8203947234468612,2.1977819033337322,3.1508053118326407,4.41996821413833
2025-08-26 00:00:00+00:00,1.224780450128928,1.4915123785754774,1.8060612801726526,2.174708678730467,3.101187623291206,4.327162900572491
2025-08-27 00:00:00+00:00,1.2215642491215002,1.4836791320306608,1.7918334499321642,2.15186605336799,3.0523264118445237,4.236259910220802
2025-08-28 00:00:00+00:00,1.2215642491215002,1.4836791320306608,1.7918334499321642,2.15186605336799,3.0523264118445237,4.236259910220802
2025-08-29 00:00:00+00:00,1.2215642491215002,1.4836791320306608,1.7918334499321642,2.15186605336799,3.0523264118445237,4.236259910220802
2025-08-30 00:00:00+00:00,1.2215642491215002,1.4836791320306608,1.7918334499321642,2.15186605336799,3.0523264118445237,4.236259910220802
2025-08-31 00:00:00+00:00,1.2215642491215002,1.4836791320306608,1.7918334499321642,2.15186605336799,3.0523264118445237,4.236259910220802
2025-09-01 00:00:00+00:00,1.2215642491215002,1.4836791320306608,1.7918334499321642,2.15186605336799,3.0523264118445237,4.236259910220802
2025-09-02 00:00:00+00:00,1.2215642491215002,1.4836791320306608,1.7918334499321642,2.15186605336799,3.0523264118445237,4.236259910220802
2025-09-03 00:00:00+00:00,1.2215642491215002,1.4836791320306608,1.7918334499321642,2.15186605336799,3.0523264118445237,4.236259910220802
2025-09-04 00:00:00+00:00,1.2215642491215002,1.4836791320306608,1.7918334499321642,2.15186605336799,3.0523264118445237,4.236259910220802
2025-09-05 00:00:00+00:00,1.2215642491215002,1.4836791320306608,1.7918334499321642,2.15186605336799,3.0523264118445237,4.236259910220802
2025-09-06 00:00:00+00:00,1.2215642491215002,1.4836791320306608,1.7918334499321642,2.15186605336799,3.0523264118445237,4.236259910220802
2025-09-07 00:00:00+00:00,1.2215642491215002,1.4836791320306608,1.7918334499321642,2.15186605336799,3.0523264118445237,4.236259910220802
2025-09-08 00:00:00+00:00,1.2215642491215002,1.4836791320306608,1.7918334499321642,2.15186605336799,3.0523264118445237,4.236259910220802
2025-09-09 00:00:00+00:00,1.2306171285475918,1.505669900504675,1.8316706967708942,2.215655031921512,3.1880491607480326,4.4874155917161955
2025-09-10 00:00:00+00:00,1.2306171285475918,1.505669900504675,1.8316706967708942,2.215655031921512,3.1880491607480326,4.4874155917161955
2025-09-11 00:00:00+00:00,1.2306171285475918,1.505669900504675,1.8316706967708942,2.215655031921512,3.1880491607480326,4.4874155917161955
2025-09-12 00:00:00+00:00,1.2306171285475918,1.505669900504675,1.8316706967708942,2.215655031921512,3.1880491607480326,4.4874155917161955
2025-09-13 00:00:00+00:00,1.2306171285475918,1.505669900504675,1.8316706967708942,2.215655031921512,3.1880491607480326,4.4874155917161955
2025-09-14 00:00:00+00:00,1.2306171285475918,1.505669900504675,1.8316706967708942,2.215655031921512,3.1880491607480326,4.4874155917161955
2025-09-15 00:00:00+00:00,1.2306171285475918,1.505669900504675,1.8316706967708942,2.215655031921512,3.1880491607480326,4.4874155917161955
2025-09-16 00:00:00+00:00,1.2304859889066095,1.505348999705215,1.8310851256001373,2.2147105945374177,3.186010770678485,4.483590011486669
2025-09-17 00:00:00+00:00,1.2304859889066095,1.505348999705215,1.8310851256001373,2.2147105945374177,3.186010770678485,4.483590011486669
2025-09-18 00:00:00+00:00,1.2304859889066095,1.505348999705215,1.8310851256001373,2.2147105945374177,3.186010770678485,4.483590011486669
2025-09-19 00:00:00+00:00,1.2304859889066095,1.505348999705215,1.8310851256001373,2.2147105945374177,3.186010770678485,4.483590011486669
2025-09-20 00:00:00+00:00,1.2304859889066095,1.505348999705215,1.8310851256001373,2.2147105945374177,3.186010770678485,4.483590011486669
2025-09-21 00:00:00+00:00,1.2304859889066095,1.505348999705215,1.8310851256001373,2.2147105945374177,3.186010770678485,4.483590011486669
2025-09-22 00:00:00+00:00,1.2304859889066095,1.505348999705215,1.8310851256001373,2.2147105945374177,3.186010770678485,4.483590011486669
2025-09-23 00:00:00+00:00,1.2395917688370448,1.527628614155757,1.8717360350893808,2.2802673500479167,3.3274725013865623,4.749023892479809
2025-09-24 00:00:00+00:00,1.2395917688370448,1.527628614155757,1.8717360350893808,2.2802673500479167,3.3274725013865623,4.749023892479809
2025-09-25 00:00:00+00:00,1.2395917688370448,1.527628614155757,1.8717360350893808,2.2802673500479167,3.3274725013865623,4.749023892479809
2025-09-26 00:00:00+00:00,1.2395917688370448,1.527628614155757,1.8717360350893808,2.2802673500479167,3.3274725013865623,4.749023892479809
2025-09-27 00:00:00+00:00,1.2395917688370448,1.527628614155757,1.8717360350893808,2.2802673500479167,3.3274725013865623,4.749023892479809
2025-09-28 00:00:00+00:00,1.2395917688370448,1.527628614155757,1.8717360350893808,2.2802673500479167,3.3274725013865623,4.749023892479809
2025-09-29 00:00:00+00:00,1.2395917688370448,1.527628614155757,1.8717360350893808,2.2802673500479167,3.3274725013865623,4.749023892479809
2025-09-30 00:00:00+00:00,1.248778344933818,1.5502710305776022,1.9133501679475384,2.3478633120696886,3.4754312735196784,5.030582840968728
2025-10-01 00:00:00+00:00,1.248778344933818,1.5502710305776022,1.9133501679475384,2.3478633120696886,3.4754312735196784,5.030582840968728
2025-10-02 00:00:00+00:00,1.248778344933818,1.5502710305776022,1.9133501679475384,2.3478633120696886,3.4754312735196784,5.030582840968728
2025-10-03 00:00:00+00:00,1.248778344933818,1.5502710305776022,1.9133501679475384,2.3478633120696886,3.4754312735196784,5.030582840968728
2025-10-04 00:00:00+00:00,1.248778344933818,1.5502710305776022,1.9133501679475384,2.3478633120696886,3.4754312735196784,5.030582840968728
2025-10-05 00:00:00+00:00,1.248778344933818,1.5502710305776022,1.9133501679475384,2.3478633120696886,3.4754312735196784,5.030582840968728
2025-10-06 00:00:00+00:00,1.248778344933818,1.5502710305776022,1.9133501679475384,2.3478633120696886,3.4754312735196784,5.030582840968728
2025-10-07 00:00:00+00:00,1.258041317722496,1.5732696971217077,1.9559277253166574,2.417525615422299,3.630108004323688,5.329102764259388
2025-10-08 00:00:00+00:00,1.258041317722496,1.5732696971217077,1.9559277253166574,2.417525615422299,3.630108004323688,5.329102764259388
2025-10-09 00:00:00+00:00,1.258041317722496,1.5732696971217077,1.9559277253166574,2.417525615422299,3.630108004323688,5.329102764259388
2025-10-10 00:00:00+00:00,1.258041317722496,1.5732696971217077,1.9559277253166574,2.417525615422299,3.630108004323688,5.329102764259388
2025-10-11 00:00:00+00:00,1.258041317722496,1.5732696971217077,1.9559277253166574,2.417525615422299,3.630108004323688,5.329102764259388
2025-10-12 00:00:00+00:00,1.258041317722496,1.5732696971217077,1.9559277253166574,2.417525615422299,3.630108004323688,5.329102764259388
2025-10-13 00:00:00+00:00,1.258041317722496,1.5732696971217077,1.9559277253166574,2.417525615422299,3.630108004323688,5.329102764259388
2025-10-14 00:00:00+00:00,1.2674018822515274,1.5966817938692737,1.9995874702607097,2.489476843748293,3.7921687875895693,5.646315940672358
2025-10-15 00:00:00+00:00,1.2674018822515274,1.5966817938692737,1.9995874702607097,2.489476843748293,3.7921687875895693,5.646315940672358
2025-10-16 00:00:00+00:00,1.2674018822515274,1.5966817938692737,1.9995874702607097,2.489476843748293,3.7921687875895693,5.646315940672358
2025-10-17 00:00:00+00:00,1.2674018822515274,1.5966817938692737,1.9995874702607097,2.489476843748293,3.7921687875895693,5.646315940672358
2025-10-18 00:00:00+00:00,1.2674018822515274,1.5966817938692737,1.9995874702607097,2.489476843748293,3.7921687875895693,5.646315940672358
2025-10-19 00:00:00+00:00,1.2674018822515274,1.5966817938692737,1.9995874702607097,2.489476843748293,3.7921687875895693,5.646315940672358
2025-10-20 00:00:00+00:00,1.2674018822515274,1.5966817938692737,1.9995874702607097,2.489476843748293,3.7921687875895693,5.646315940672358
2025-10-21 00:00:00+00:00,1.2674018822515274,1.5966817938692737,1.9995874702607097,2.489476843748293,3.7921687875895693,5.646315940672358
2025-10-22 00:00:00+00:00,1.2674018822515274,1.5966817938692737,1.9995874702607097,2.489476843748293,3.7921687875895693,5.646315940672358
2025-10-23 00:00:00+00:00,1.2674018822515274,1.5966817938692737,1.9995874702607097,2.489476843748293,3.7921687875895693,5.646315940672358
2025-10-24 00:00:00+00:00,1.2674018822515274,1.5966817938692737,1.9995874702607097,2.489476843748293,3.7921687875895693,5.646315940672358
2025-10-25 00:00:00+00:00,1.2674018822515274,1.5966817938692737,1.9995874702607097,2.489476843748293,3.7921687875895693,5.646315940672358
2025-10-26 00:00:00+00:00,1.2674018822515274,1.5966817938692737,1.9995874702607097,2.489476843748293,3.7921687875895693,5.646315940672358
2025-10-27 00:00:00+00:00,1.2674018822515274,1.5966817938692737,1.9995874702607097,2.489476843748293,3.7921687875895693,5.646315940672358
2025-10-28 00:00:00+00:00,1.2674018822515274,1.5966817938692737,1.9995874702607097,2.489476843748293,3.7921687875895693,5.646315940672358
2025-10-29 00:00:00+00:00,1.2674018822515274,1.5966817938692737,1.9995874702607097,2.489476843748293,3.7921687875895693,5.646315940672358
2025-10-30 00:00:00+00:00,1.2674018822515274,1.5966817938692737,1.9995874702607097,2.489476843748293,3.7921687875895693,5.646315940672358
2025-10-31 00:00:00+00:00,1.2674018822515274,1.5966817938692737,1.9995874702607097,2.489476843748293,3.7921687875895693,5.646315940672358
2025-11-01 00:00:00+00:00,1.2674018822515274,1.5966817938692737,1.9995874702607097,2.489476843748293,3.7921687875895693,5.646315940672358
2025-11-02 00:00:00+00:00,1.2674018822515274,1.5966817938692737,1.9995874702607097,2.489476843748293,3.7921687875895693,5.646315940672358
2025-11-03 00:00:00+00:00,1.2674018822515274,1.5966817938692737,1.9995874702607097,2.489476843748293,3.7921687875895693,5.646315940672358
2025-11-04 00:00:00+00:00,1.2674018822515274,1.5966817938692737,1.9995874702607097,2.489476843748293,3.7921687875895693,5.646315940672358
2025-11-05 00:00:00+00:00,1.2674018822515274,1.5966817938692737,1.9995874702607097,2.489476843748293,3.7921687875895693,5.646315940672358
2025-11-06 00:00:00+00:00,1.2674018822515274,1.5966817938692737,1.9995874702607097,2.489476843748293,3.7921687875895693,5.646315940672358
2025-11-07 00:00:00+00:00,1.2674018822515274,1.5966817938692737,1.9995874702607097,2.489476843748293,3.7921687875895693,5.646315940672358
2025-11-08 00:00:00+00:00,1.2674018822515274,1.5966817938692737,1.9995874702607097,2.489476843748293,3.7921687875895693,5.646315940672358
2025-11-09 00:00:00+00:00,1.2674018822515274,1.5966817938692737,1.9995874702607097,2.489476843748293,3.7921687875895693,5.646315940672358
2025-11-10 00:00:00+00:00,1.2674018822515274,1.5966817938692737,1.9995874702607097,2.489476843748293,3.7921687875895693,5.646315940672358
2025-11-11 00:00:00+00:00,1.276813952403238,1.6203965780498994,2.0441359070465417,2.5634269649294072,3.961138831688828,5.981764530273135
2025-11-12 00:00:00+00:00,1.276813952403238,1.6203965780498994,2.0441359070465417,2.5634269649294072,3.961138831688828,5.981764530273135
2025-11-13 00:00:00+00:00,1.276813952403238,1.6203965780498994,2.0441359070465417,2.5634269649294072,3.961138831688828,5.981764530273135
2025-11-14 00:00:00+00:00,1.276813952403238,1.6203965780498994,2.0441359070465417,2.5634269649294072,3.961138831688828,5.981764530273135
2025-11-15 00:00:00+00:00,1.276813952403238,1.6203965780498994,2.0441359070465417,2.5634269649294072,3.961138831688828,5.981764530273135
2025-11-16 00:00:00+00:00,1.276813952403238,1.6203965780498994,2.0441359070465417,2.5634269649294072,3.961138831688828,5.981764530273135
2025-11-17 00:00:00+00:00,1.276813952403238,1.6203965780498994,2.0441359070465417,2.5634269649294072,3.961138831688828,5.981764530273135
2025-11-18 00:00:00+00:00,1.276813952403238,1.6203965780498994,2.0441359070465417,2.5634269649294072,3.961138831688828,5.981764530273135
2025-11-19 00:00:00+00:00,1.276813952403238,1.6203965780498994,2.0441359070465417,2.5634269649294072,3.961138831688828,5.981764530273135
2025-11-20 00:00:00+00:00,1.276813952403238,1.6203965780498994,2.0441359070465417,2.5634269649294072,3.961138831688828,5.981764530273135
2025-11-21 00:00:00+00:00,1.276813952403238,1.6203965780498994,2.0441359070465417,2.5634269649294072,3.961138831688828,5.981764530273135
2025-11-22 00:00:00+00:00,1.276813952403238,1.6203965780498994,2.0441359070465417,2.5634269649294072,3.961138831688828,5.981764530273135
2025-11-23 00:00:00+00:00,1.276813952403238,1.6203965780498994,2.0441359070465417,2.5634269649294072,3.961138831688828,5.981764530273135
2025-11-24 00:00:00+00:00,1.276813952403238,1.6203965780498994,2.0441359070465417,2.5634269649294072,3.961138831688828,5.981764530273135
2025-11-25 00:00:00+00:00,1.276813952403238,1.6203965780498994,2.0441359070465417,2.5634269649294072,3.961138831688828,5.981764530273135
2025-11-26 00:00:00+00:00,1.276813952403238,1.6203965780498994,2.0441359070465417,2.5634269649294072,3.961138831688828,5.981764530273135
2025-11-27 00:00:00+00:00,1.276813952403238,1.6203965780498994,2.0441359070465417,2.5634269649294072,3.961138831688828,5.981764530273135
2025-11-28 00:00:00+00:00,1.276813952403238,1.6203965780498994,2.0441359070465417,2.5634269649294072,3.961138831688828,5.981764530273135
2025-11-29 00:00:00+00:00,1.276813952403238,1.6203965780498994,2.0441359070465417,2.5634269649294072,3.961138831688828,5.981764530273135
2025-11-30 00:00:00+00:00,1.276813952403238,1.6203965780498994,2.0441359070465417,2.5634269649294072,3.961138831688828,5.981764530273135
2025-12-01 00:00:00+00:00,1.2863122371019589,1.644505005114284,2.089755203667153,2.6397048253692907,4.137941525379899,6.337753763644552
2025-12-02 00:00:00+00:00,1.2863122371019589,1.644505005114284,2.089755203667153,2.6397048253692907,4.137941525379899,6.337753763644552
2025-12-03 00:00:00+00:00,1.2863122371019589,1.644505005114284,2.089755203667153,2.6397048253692907,4.137941525379899,6.337753763644552
2025-12-04 00:00:00+00:00,1.2863122371019589,1.644505005114284,2.089755203667153,2.6397048253692907,4.137941525379899,6.337753763644552
2025-12-05 00:00:00+00:00,1.2829851144612143,1.6359977862952195,2.07353937756089,2.612393815068539,4.073723343177796,6.206609965550908
2025-12-06 00:00:00+00:00,1.2829851144612143,1.6359977862952195,2.07353937756089,2.612393815068539,4.073723343177796,6.206609965550908
2025-12-07 00:00:00+00:00,1.2829851144612143,1.6359977862952195,2.07353937756089,2.612393815068539,4.073723343177796,6.206609965550908
2025-12-08 00:00:00+00:00,1.2829851144612143,1.6359977862952195,2.07353937756089,2.612393815068539,4.073723343177796,6.206609965550908
2025-12-09 00:00:00+00:00,1.2829851144612143,1.6359977862952195,2.07353937756089,2.612393815068539,4.073723343177796,6.206609965550908
2025-12-10 00:00:00+00:00,1.2829851144612143,1.6359977862952195,2.07353937756089,2.612393815068539,4.073723343177796,6.206609965550908
2025-12-11 00:00:00+00:00,1.2829851144612143,1.6359977862952195,2.07353937756089,2.612393815068539,4.073723343177796,6.206609965550908
2025-12-12 00:00:00+00:00,1.2924970123845414,1.6602559694504686,2.119658295100259,2.689865714077743,4.2549359239229165,6.574730466883564
2025-12-13 00:00:00+00:00,1.2924970123845414,1.6602559694504686,2.119658295100259,2.689865714077743,4.2549359239229165,6.574730466883564
2025-12-14 00:00:00+00:00,1.2924970123845414,1.6602559694504686,2.119658295100259,2.689865714077743,4.2549359239229165,6.574730466883564
2025-12-15 00:00:00+00:00,1.2924970123845414,1.6602559694504686,2.119658295100259,2.689865714077743,4.2549359239229165,6.574730466883564
2025-12-16 00:00:00+00:00,1.2924970123845414,1.6602559694504686,2.119658295100259,2.689865714077743,4.2549359239229165,6.574730466883564
2025-12-17 00:00:00+00:00,1.2924970123845414,1.6602559694504686,2.119658295100259,2.689865714077743,4.2549359239229165,6.574730466883564
2025-12-18 00:00:00+00:00,1.2924970123845414,1.6602559694504686,2.119658295100259,2.689865714077743,4.2549359239229165,6.574730466883564
2025-12-19 00:00:00+00:00,1.2924970123845414,1.6602559694504686,2.119658295100259,2.689865714077743,4.2549359239229165,6.574730466883564
2025-12-20 00:00:00+00:00,1.2924970123845414,1.6602559694504686,2.119658295100259,2.689865714077743,4.2549359239229165,6.574730466883564
2025-12-21 00:00:00+00:00,1.2924970123845414,1.6602559694504686,2.119658295100259,2.689865714077743,4.2549359239229165,6.574730466883564
2025-12-22 00:00:00+00:00,1.2924970123845414,1.6602559694504686,2.119658295100259,2.689865714077743,4.2549359239229165,6.574730466883564
2025-12-23 00:00:00+00:00,1.302070001337243,1.6848496232878327,2.1667565829447963,2.769556590012878,4.444023190835912,6.9643008660311745
2025-12-24 00:00:00+00:00,1.302070001337243,1.6848496232878327,2.1667565829447963,2.769556590012878,4.444023190835912,6.9643008660311745
2025-12-25 00:00:00+00:00,1.302070001337243,1.6848496232878327,2.1667565829447963,2.769556590012878,4.444023190835912,6.9643008660311745
2025-12-26 00:00:00+00:00,1.302070001337243,1.6848496232878327,2.1667565829447963,2.769556590012878,4.444023190835912,6.9643008660311745
2025-12-27 00:00:00+00:00,1.302070001337243,1.6848496232878327,2.1667565829447963,2.769556590012878,4.444023190835912,6.9643008660311745
2025-12-28 00:00:00+00:00,1.302070001337243,1.6848496232878327,2.1667565829447963,2.769556590012878,4.444023190835912,6.9643008660311745
2025-12-29 00:00:00+00:00,1.302070001337243,1.6848496232878327,2.1667565829447963,2.769556590012878,4.444023190835912,6.9643008660311745
2025-12-30 00:00:00+00:00,1.302070001337243,1.6848496232878327,2.1667565829447963,2.769556590012878,4.444023190835912,6.9643008660311745
2025-12-31 00:00:00+00:00,1.302070001337243,1.6848496232878327,2.1667565829447963,2.769556590012878,4.444023190835912,6.9643008660311745
2026-01-01 00:00:00+00:00,1.302070001337243,1.6848496232878327,2.1667565829447963,2.769556590012878,4.444023190835912,6.9643008660311745
2026-01-02 00:00:00+00:00,1.302070001337243,1.6848496232878327,2.1667565829447963,2.769556590012878,4.444023190835912,6.9643008660311745
2026-01-03 00:00:00+00:00,1.302070001337243,1.6848496232878327,2.1667565829447963,2.769556590012878,4.444023190835912,6.9643008660311745
2026-01-04 00:00:00+00:00,1.302070001337243,1.6848496232878327,2.1667565829447963,2.769556590012878,4.444023190835912,6.9643008660311745
2026-01-05 00:00:00+00:00,1.302070001337243,1.6848496232878327,2.1667565829447963,2.769556590012878,4.444023190835912,6.9643008660311745
2026-01-06 00:00:00+00:00,1.302070001337243,1.6848496232878327,2.1667565829447963,2.769556590012878,4.444023190835912,6.9643008660311745
2026-01-07 00:00:00+00:00,1.302070001337243,1.6848496232878327,2.1667565829447963,2.769556590012878,4.444023190835912,6.9643008660311745
2026-01-08 00:00:00+00:00,1.3019934296809133,1.684651459247206,2.166374317459263,2.7689051057296092,4.442455135895051,6.961024433569362
2026-01-09 00:00:00+00:00,1.3019934296809133,1.684651459247206,2.166374317459263,2.7689051057296092,4.442455135895051,6.961024433569362
2026-01-10 00:00:00+00:00,1.3019934296809133,1.684651459247206,2.166374317459263,2.7689051057296092,4.442455135895051,6.961024433569362
2026-01-11 00:00:00+00:00,1.3019934296809133,1.684651459247206,2.166374317459263,2.7689051057296092,4.442455135895051,6.961024433569362
2026-01-12 00:00:00+00:00,1.3116618904142971,1.7096715340215636,2.2146360933131537,2.8511514509996427,4.640390250137895,7.374558879232948
2026-01-13 00:00:00+00:00,1.3116618904142971,1.7096715340215636,2.2146360933131537,2.8511514509996427,4.640390250137895,7.374558879232948
2026-01-14 00:00:00+00:00,1.3116618904142971,1.7096715340215636,2.2146360933131537,2.8511514509996427,4.640390250137895,7.374558879232948
2026-01-15 00:00:00+00:00,1.3116618904142971,1.7096715340215636,2.2146360933131537,2.8511514509996427,4.640390250137895,7.374558879232948
2026-01-16 00:00:00+00:00,1.3116618904142971,1.7096715340215636,2.2146360933131537,2.8511514509996427,4.640390250137895,7.374558879232948
2026-01-17 00:00:00+00:00,1.3116618904142971,1.7096715340215636,2.2146360933131537,2.8511514509996427,4.640390250137895,7.374558879232948
2026-01-18 00:00:00+00:00,1.3116618904142971,1.7096715340215636,2.2146360933131537,2.8511514509996427,4.640390250137895,7.374558879232948
2026-01-19 00:00:00+00:00,1.3116618904142971,1.7096715340215636,2.2146360933131537,2.8511514509996427,4.640390250137895,7.374558879232948
2026-01-20 00:00:00+00:00,1.3116618904142971,1.7096715340215636,2.2146360933131537,2.8511514509996427,4.640390250137895,7.374558879232948
2026-01-21 00:00:00+00:00,1.321414957305927,1.7350965935676044,2.2640379112280105,2.9359521790622205,4.847416329847662,7.813236355927524
2026-01-22 00:00:00+00:00,1.321414957305927,1.7350965935676044,2.2640379112280105,2.9359521790622205,4.847416329847662,7.813236355927524
2026-01-23 00:00:00+00:00,1.321414957305927,1.7350965935676044,2.2640379112280105,2.9359521790622205,4.847416329847662,7.813236355927524
2026-01-24 00:00:00+00:00,1.321414957305927,1.7350965935676044,2.2640379112280105,2.9359521790622205,4.847416329847662,7.813236355927524
2026-01-25 00:00:00+00:00,1.321414957305927,1.7350965935676044,2.2640379112280105,2.9359521790622205,4.847416329847662,7.813236355927524
2026-01-26 00:00:00+00:00,1.321414957305927,1.7350965935676044,2.2640379112280105,2.9359521790622205,4.847416329847662,7.813236355927524
2026-01-27 00:00:00+00:00,1.321414957305927,1.7350965935676044,2.2640379112280105,2.9359521790622205,4.847416329847662,7.813236355927524
2026-01-28 00:00:00+00:00,1.321414957305927,1.7350965935676044,2.2640379112280105,2.9359521790622205,4.847416329847662,7.813236355927524
2026-01-29 00:00:00+00:00,1.321414957305927,1.7350965935676044,2.2640379112280105,2.9359521790622205,4.847416329847662,7.813236355927524
2026-01-30 00:00:00+00:00,1.321414957305927,1.7350965935676044,2.2640379112280105,2.9359521790622205,4.847416329847662,7.813236355927524
2026-01-31 00:00:00+00:00,1.321414957305927,1.7350965935676044,2.2640379112280105,2.9359521790622205,4.847416329847662,7.813236355927524
2026-02-01 00:00:00+00:00,1.321414957305927,1.7350965935676044,2.2640379112280105,2.9359521790622205,4.847416329847662,7.813236355927524
2026-02-02 00:00:00+00:00,1.321414957305927,1.7350965935676044,2.2640379112280105,2.9359521790622205,4.847416329847662,7.813236355927524
2026-02-03 00:00:00+00:00,1.321414957305927,1.7350965935676044,2.2640379112280105,2.9359521790622205,4.847416329847662,7.813236355927524
2026-02-04 00:00:00+00:00,1.321414957305927,1.7350965935676044,2.2640379112280105,2.9359521790622205,4.847416329847662,7.813236355927524
2026-02-05 00:00:00+00:00,1.321414957305927,1.7350965935676044,2.2640379112280105,2.9359521790622205,4.847416329847662,7.813236355927524
2026-02-06 00:00:00+00:00,1.321414957305927,1.7350965935676044,2.2640379112280105,2.9359521790622205,4.847416329847662,7.813236355927524
2026-02-07 00:00:00+00:00,1.321414957305927,1.7350965935676044,2.2640379112280105,2.9359521790622205,4.847416329847662,7.813236355927524
2026-02-08 00:00:00+00:00,1.321414957305927,1.7350965935676044,2.2640379112280105,2.9359521790622205,4.847416329847662,7.813236355927524
2026-02-09 00:00:00+00:00,1.321414957305927,1.7350965935676044,2.2640379112280105,2.9359521790622205,4.847416329847662,7.813236355927524
2026-02-10 00:00:00+00:00,1.321414957305927,1.7350965935676044,2.2640379112280105,2.9359521790622205,4.847416329847662,7.813236355927524
2026-02-11 00:00:00+00:00,1.321414957305927,1.7350965935676044,2.2640379112280105,2.9359521790622205,4.847416329847662,7.813236355927524
2026-02-12 00:00:00+00:00,1.3180755966610427,1.7263270344709745,2.246873494272957,2.90627428535346,4.773916610936056,7.655277108671186
2026-02-13 00:00:00+00:00,1.3180755966610427,1.7263270344709745,2.246873494272957,2.90627428535346,4.773916610936056,7.655277108671186
2026-02-14 00:00:00+00:00,1.3180755966610427,1.7263270344709745,2.246873494272957,2.90627428535346,4.773916610936056,7.655277108671186
2026-02-15 00:00:00+00:00,1.3180755966610427,1.7263270344709745,2.246873494272957,2.90627428535346,4.773916610936056,7.655277108671186
2026-02-16 00:00:00+00:00,1.3180755966610427,1.7263270344709745,2.246873494272957,2.90627428535346,4.773916610936056,7.655277108671186
2026-02-17 00:00:00+00:00,1.3180755966610427,1.7263270344709745,2.246873494272957,2.90627428535346,4.773916610936056,7.655277108671186
2026-02-18 00:00:00+00:00,1.3180755966610427,1.7263270344709745,2.246873494272957,2.90627428535346,4.773916610936056,7.655277108671186
2026-02-19 00:00:00+00:00,1.3180755966610427,1.7263270344709745,2.246873494272957,2.90627428535346,4.773916610936056,7.655277108671186
2026-02-20 00:00:00+00:00,1.3180755966610427,1.7263270344709745,2.246873494272957,2.90627428535346,4.773916610936056,7.655277108671186
2026-02-21 00:00:00+00:00,1.3180755966610427,1.7263270344709745,2.246873494272957,2.90627428535346,4.773916610936056,7.655277108671186
2026-02-22 00:00:00+00:00,1.3180755966610427,1.7263270344709745,2.246873494272957,2.90627428535346,4.773916610936056,7.655277108671186
2026-02-23 00:00:00+00:00,1.3180755966610427,1.7263270344709745,2.246873494272957,2.90627428535346,4.773916610936056,7.655277108671186
2026-02-24 00:00:00+00:00,1.3278905071056666,1.7520368576167604,2.2970668113692287,2.9928393409861322,4.9872073999854925,8.11131079560521
2026-02-25 00:00:00+00:00,1.3278905071056666,1.7520368576167604,2.2970668113692287,2.9928393409861322,4.9872073999854925,8.11131079560521
2026-02-26 00:00:00+00:00,1.3278905071056666,1.7520368576167604,2.2970668113692287,2.9928393409861322,4.9872073999854925,8.11131079560521
2026-02-27 00:00:00+00:00,1.3278905071056666,1.7520368576167604,2.2970668113692287,2.9928393409861322,4.9872073999854925,8.11131079560521
2026-02-28 00:00:00+00:00,1.3278905071056666,1.7520368576167604,2.2970668113692287,2.9928393409861322,4.9872073999854925,8.11131079560521
2026-03-01 00:00:00+00:00,1.3278905071056666,1.7520368576167604,2.2970668113692287,2.9928393409861322,4.9872073999854925,8.11131079560521
2026-03-02 00:00:00+00:00,1.3377658476428853,1.7780961757761111,2.3483157288310865,3.081868692449284,5.2097424861588655,8.5938924896903
2026-03-03 00:00:00+00:00,1.3377658476428853,1.7780961757761111,2.3483157288310865,3.081868692449284,5.2097424861588655,8.5938924896903
2026-03-04 00:00:00+00:00,1.3377658476428853,1.7780961757761111,2.3483157288310865,3.081868692449284,5.2097424861588655,8.5938924896903
2026-03-05 00:00:00+00:00,1.3377658476428853,1.7780961757761111,2.3483157288310865,3.081868692449284,5.2097424861588655,8.5938924896903
2026-03-06 00:00:00+00:00,1.3377658476428853,1.7780961757761111,2.3483157288310865,3.081868692449284,5.2097424861588655,8.5938924896903
2026-03-07 00:00:00+00:00,1.3377658476428853,1.7780961757761111,2.3483157288310865,3.081868692449284,5.2097424861588655,8.5938924896903
2026-03-08 00:00:00+00:00,1.3377658476428853,1.7780961757761111,2.3483157288310865,3.081868692449284,5.2097424861588655,8.5938924896903
2026-03-09 00:00:00+00:00,1.3377658476428853,1.7780961757761111,2.3483157288310865,3.081868692449284,5.2097424861588655,8.5938924896903
2026-03-10 00:00:00+00:00,1.334364986951879,1.769055643907727,2.330406104363564,3.0505298565552112,5.1302774207470305,8.41911373478386
2026-03-11 00:00:00+00:00,1.334364986951879,1.769055643907727,2.330406104363564,3.0505298565552112,5.1302774207470305,8.41911373478386
2026-03-12 00:00:00+00:00,1.334364986951879,1.769055643907727,2.330406104363564,3.0505298565552112,5.1302774207470305,8.41911373478386
2026-03-13 00:00:00+00:00,1.334364986951879,1.769055643907727,2.330406104363564,3.0505298565552112,5.1302774207470305,8.41911373478386
2026-03-14 00:00:00+00:00,1.334364986951879,1.769055643907727,2.330406104363564,3.0505298565552112,5.1302774207470305,8.41911373478386
2026-03-15 00:00:00+00:00,1.334364986951879,1.769055643907727,2.330406104363564,3.0505298565552112,5.1302774207470305,8.41911373478386
2026-03-16 00:00:00+00:00,1.334364986951879,1.769055643907727,2.330406104363564,3.0505298565552112,5.1302774207470305,8.41911373478386
2026-03-17 00:00:00+00:00,1.334364986951879,1.769055643907727,2.330406104363564,3.0505298565552112,5.1302774207470305,8.41911373478386
2026-03-18 00:00:00+00:00,1.334364986951879,1.769055643907727,2.330406104363564,3.0505298565552112,5.1302774207470305,8.41911373478386
2026-03-19 00:00:00+00:00,1.334364986951879,1.769055643907727,2.330406104363564,3.0505298565552112,5.1302774207470305,8.41911373478386
2026-03-20 00:00:00+00:00,1.334364986951879,1.769055643907727,2.330406104363564,3.0505298565552112,5.1302774207470305,8.41911373478386
2026-03-21 00:00:00+00:00,1.334364986951879,1.769055643907727,2.330406104363564,3.0505298565552112,5.1302774207470305,8.41911373478386
2026-03-22 00:00:00+00:00,1.334364986951879,1.769055643907727,2.330406104363564,3.0505298565552112,5.1302774207470305,8.41911373478386
2026-03-23 00:00:00+00:00,1.334364986951879,1.769055643907727,2.330406104363564,3.0505298565552112,5.1302774207470305,8.41911373478386
2026-03-24 00:00:00+00:00,1.334364986951879,1.769055643907727,2.330406104363564,3.0505298565552112,5.1302774207470305,8.41911373478386
2026-03-25 00:00:00+00:00,1.334364986951879,1.769055643907727,2.330406104363564,3.0505298565552112,5.1302774207470305,8.41911373478386
2026-03-26 00:00:00+00:00,1.334364986951879,1.769055643907727,2.330406104363564,3.0505298565552112,5.1302774207470305,8.41911373478386
2026-03-27 00:00:00+00:00,1.334364986951879,1.769055643907727,2.330406104363564,3.0505298565552112,5.1302774207470305,8.41911373478386
2026-03-28 00:00:00+00:00,1.334364986951879,1.769055643907727,2.330406104363564,3.0505298565552112,5.1302774207470305,8.41911373478386
2026-03-29 00:00:00+00:00,1.334364986951879,1.769055643907727,2.330406104363564,3.0505298565552112,5.1302774207470305,8.41911373478386
2026-03-30 00:00:00+00:00,1.334364986951879,1.769055643907727,2.330406104363564,3.0505298565552112,5.1302774207470305,8.41911373478386
2026-03-31 00:00:00+00:00,1.334364986951879,1.769055643907727,2.330406104363564,3.0505298565552112,5.1302774207470305,8.41911373478386
2026-04-01 00:00:00+00:00,1.334364986951879,1.769055643907727,2.330406104363564,3.0505298565552112,5.1302774207470305,8.41911373478386
2026-04-02 00:00:00+00:00,1.334364986951879,1.769055643907727,2.330406104363564,3.0505298565552112,5.1302774207470305,8.41911373478386
2026-04-03 00:00:00+00:00,1.334364986951879,1.769055643907727,2.330406104363564,3.0505298565552112,5.1302774207470305,8.41911373478386
2026-04-04 00:00:00+00:00,1.334364986951879,1.769055643907727,2.330406104363564,3.0505298565552112,5.1302774207470305,8.41911373478386
2026-04-05 00:00:00+00:00,1.334364986951879,1.769055643907727,2.330406104363564,3.0505298565552112,5.1302774207470305,8.41911373478386
2026-04-06 00:00:00+00:00,1.334364986951879,1.769055643907727,2.330406104363564,3.0505298565552112,5.1302774207470305,8.41911373478386
2026-04-07 00:00:00+00:00,1.334364986951879,1.769055643907727,2.330406104363564,3.0505298565552112,5.1302774207470305,8.41911373478386
2026-04-08 00:00:00+00:00,1.3309789835898906,1.7600775480847854,2.312665614359705,3.019566501098061,5.052167742670434,8.248203090756487
2026-04-09 00:00:00+00:00,1.3309789835898906,1.7600775480847854,2.312665614359705,3.019566501098061,5.052167742670434,8.248203090756487
2026-04-10 00:00:00+00:00,1.3309789835898906,1.7600775480847854,2.312665614359705,3.019566501098061,5.052167742670434,8.248203090756487
2026-04-11 00:00:00+00:00,1.3309789835898906,1.7600775480847854,2.312665614359705,3.019566501098061,5.052167742670434,8.248203090756487
2026-04-12 00:00:00+00:00,1.3309789835898906,1.7600775480847854,2.312665614359705,3.019566501098061,5.052167742670434,8.248203090756487
2026-04-13 00:00:00+00:00,1.3309789835898906,1.7600775480847854,2.312665614359705,3.019566501098061,5.052167742670434,8.248203090756487
2026-04-14 00:00:00+00:00,1.3309789835898906,1.7600775480847854,2.312665614359705,3.019566501098061,5.052167742670434,8.248203090756487
2026-04-15 00:00:00+00:00,1.3309072806956057,1.7598879092461268,2.312291848537463,3.0189158171720676,5.050534711402345,8.244648293624161
2026-04-16 00:00:00+00:00,1.3309072806956057,1.7598879092461268,2.312291848537463,3.0189158171720676,5.050534711402345,8.244648293624161
2026-04-17 00:00:00+00:00,1.3309072806956057,1.7598879092461268,2.312291848537463,3.0189158171720676,5.050534711402345,8.244648293624161
2026-04-18 00:00:00+00:00,1.3309072806956057,1.7598879092461268,2.312291848537463,3.0189158171720676,5.050534711402345,8.244648293624161
2026-04-19 00:00:00+00:00,1.3309072806956057,1.7598879092461268,2.312291848537463,3.0189158171720676,5.050534711402345,8.244648293624161
2026-04-20 00:00:00+00:00,1.3309072806956057,1.7598879092461268,2.312291848537463,3.0189158171720676,5.050534711402345,8.244648293624161
2026-04-21 00:00:00+00:00,1.3309072806956057,1.7598879092461268,2.312291848537463,3.0189158171720676,5.050534711402345,8.244648293624161
2026-04-22 00:00:00+00:00,1.3309072806956057,1.7598879092461268,2.312291848537463,3.0189158171720676,5.050534711402345,8.244648293624161
2026-04-23 00:00:00+00:00,1.3309072806956057,1.7598879092461268,2.312291848537463,3.0189158171720676,5.050534711402345,8.244648293624161
2026-04-24 00:00:00+00:00,1.3309072806956057,1.7598879092461268,2.312291848537463,3.0189158171720676,5.050534711402345,8.244648293624161
2026-04-25 00:00:00+00:00,1.3309072806956057,1.7598879092461268,2.312291848537463,3.0189158171720676,5.050534711402345,8.244648293624161
2026-04-26 00:00:00+00:00,1.3309072806956057,1.7598879092461268,2.312291848537463,3.0189158171720676,5.050534711402345,8.244648293624161
2026-04-27 00:00:00+00:00,1.3309072806956057,1.7598879092461268,2.312291848537463,3.0189158171720676,5.050534711402345,8.244648293624161
2026-04-28 00:00:00+00:00,1.3309072806956057,1.7598879092461268,2.312291848537463,3.0189158171720676,5.050534711402345,8.244648293624161
2026-04-29 00:00:00+00:00,1.3309072806956057,1.7598879092461268,2.312291848537463,3.0189158171720676,5.050534711402345,8.244648293624161
2026-04-30 00:00:00+00:00,1.3309072806956057,1.7598879092461268,2.312291848537463,3.0189158171720676,5.050534711402345,8.244648293624161
2026-05-01 00:00:00+00:00,1.3309072806956057,1.7598879092461268,2.312291848537463,3.0189158171720676,5.050534711402345,8.244648293624161
2026-05-02 00:00:00+00:00,1.3309072806956057,1.7598879092461268,2.312291848537463,3.0189158171720676,5.050534711402345,8.244648293624161
2026-05-03 00:00:00+00:00,1.3309072806956057,1.7598879092461268,2.312291848537463,3.0189158171720676,5.050534711402345,8.244648293624161
2026-05-04 00:00:00+00:00,1.3309072806956057,1.7598879092461268,2.312291848537463,3.0189158171720676,5.050534711402345,8.244648293624161
2026-05-05 00:00:00+00:00,1.3309072806956057,1.7598879092461268,2.312291848537463,3.0189158171720676,5.050534711402345,8.244648293624161
2026-05-06 00:00:00+00:00,1.3309072806956057,1.7598879092461268,2.312291848537463,3.0189158171720676,5.050534711402345,8.244648293624161
2026-05-07 00:00:00+00:00,1.3274973962314884,1.7508699791057345,2.2945190521183645,2.9879770604524474,4.972895614685276,8.07566102584787
2026-05-08 00:00:00+00:00,1.3274973962314884,1.7508699791057345,2.2945190521183645,2.9879770604524474,4.972895614685276,8.07566102584787
2026-05-09 00:00:00+00:00,1.3274973962314884,1.7508699791057345,2.2945190521183645,2.9879770604524474,4.972895614685276,8.07566102584787
2026-05-10 00:00:00+00:00,1.3274973962314884,1.7508699791057345,2.2945190521183645,2.9879770604524474,4.972895614685276,8.07566102584787
2026-05-11 00:00:00+00:00,1.3274973962314884,1.7508699791057345,2.2945190521183645,2.9879770604524474,4.972895614685276,8.07566102584787
2026-05-12 00:00:00+00:00,1.3240938698553277,1.7418919846147,2.276870529108095,2.9573339608411553,4.896396565699463,7.910021678399456
2026-05-13 00:00:00+00:00,1.3240938698553277,1.7418919846147,2.276870529108095,2.9573339608411553,4.896396565699463,7.910021678399456
2026-05-14 00:00:00+00:00,1.3240938698553277,1.7418919846147,2.276870529108095,2.9573339608411553,4.896396565699463,7.910021678399456
2026-05-15 00:00:00+00:00,1.3240938698553277,1.7418919846147,2.276870529108095,2.9573339608411553,4.896396565699463,7.910021678399456
2026-05-16 00:00:00+00:00,1.3240938698553277,1.7418919846147,2.276870529108095,2.9573339608411553,4.896396565699463,7.910021678399456
2026-05-17 00:00:00+00:00,1.3240938698553277,1.7418919846147,2.276870529108095,2.9573339608411553,4.896396565699463,7.910021678399456
2026-05-18 00:00:00+00:00,1.3240938698553277,1.7418919846147,2.276870529108095,2.9573339608411553,4.896396565699463,7.910021678399456
2026-05-19 00:00:00+00:00,1.3240938698553277,1.7418919846147,2.276870529108095,2.9573339608411553,4.896396565699463,7.910021678399456
2026-05-20 00:00:00+00:00,1.3240938698553277,1.7418919846147,2.276870529108095,2.9573339608411553,4.896396565699463,7.910021678399456
2026-05-21 00:00:00+00:00,1.3240938698553277,1.7418919846147,2.276870529108095,2.9573339608411553,4.896396565699463,7.910021678399456
2026-05-22 00:00:00+00:00,1.3240938698553277,1.7418919846147,2.276870529108095,2.9573339608411553,4.896396565699463,7.910021678399456
2026-05-23 00:00:00+00:00,1.3240938698553277,1.7418919846147,2.276870529108095,2.9573339608411553,4.896396565699463,7.910021678399456
2026-05-24 00:00:00+00:00,1.3240938698553277,1.7418919846147,2.276870529108095,2.9573339608411553,4.896396565699463,7.910021678399456
2026-05-25 00:00:00+00:00,1.3240938698553277,1.7418919846147,2.276870529108095,2.9573339608411553,4.896396565699463,7.910021678399456
2026-05-26 00:00:00+00:00,1.3240938698553277,1.7418919846147,2.276870529108095,2.9573339608411553,4.896396565699463,7.910021678399456
2026-05-27 00:00:00+00:00,1.3240938698553277,1.7418919846147,2.276870529108095,2.9573339608411553,4.896396565699463,7.910021678399456
2026-05-28 00:00:00+00:00,1.3240938698553277,1.7418919846147,2.276870529108095,2.9573339608411553,4.896396565699463,7.910021678399456
2026-05-29 00:00:00+00:00,1.3240938698553277,1.7418919846147,2.276870529108095,2.9573339608411553,4.896396565699463,7.910021678399456
2026-05-30 00:00:00+00:00,1.3240938698553277,1.7418919846147,2.276870529108095,2.9573339608411553,4.896396565699463,7.910021678399456
2026-05-31 00:00:00+00:00,1.3240938698553277,1.7418919846147,2.276870529108095,2.9573339608411553,4.896396565699463,7.910021678399456
2026-06-01 00:00:00+00:00,1.3240938698553277,1.7418919846147,2.276870529108095,2.9573339608411553,4.896396565699463,7.910021678399456
2026-06-02 00:00:00+00:00,1.3240938698553277,1.7418919846147,2.276870529108095,2.9573339608411553,4.896396565699463,7.910021678399456
2026-06-03 00:00:00+00:00,1.3240938698553277,1.7418919846147,2.276870529108095,2.9573339608411553,4.896396565699463,7.910021678399456
2026-06-04 00:00:00+00:00,1.3240938698553277,1.7418919846147,2.276870529108095,2.9573339608411553,4.896396565699463,7.910021678399456
2026-06-05 00:00:00+00:00,1.3240938698553277,1.7418919846147,2.276870529108095,2.9573339608411553,4.896396565699463,7.910021678399456
2026-06-06 00:00:00+00:00,1.3240938698553277,1.7418919846147,2.276870529108095,2.9573339608411553,4.896396565699463,7.910021678399456
2026-06-07 00:00:00+00:00,1.3240938698553277,1.7418919846147,2.276870529108095,2.9573339608411553,4.896396565699463,7.910021678399456
2026-06-08 00:00:00+00:00,1.3240938698553277,1.7418919846147,2.276870529108095,2.9573339608411553,4.896396565699463,7.910021678399456
2026-06-09 00:00:00+00:00,1.3240938698553277,1.7418919846147,2.276870529108095,2.9573339608411553,4.896396565699463,7.910021678399456
2026-06-10 00:00:00+00:00,1.3240938698553277,1.7418919846147,2.276870529108095,2.9573339608411553,4.896396565699463,7.910021678399456
2026-06-11 00:00:00+00:00,1.3240938698553277,1.7418919846147,2.276870529108095,2.9573339608411553,4.896396565699463,7.910021678399456
2026-06-12 00:00:00+00:00,1.3240938698553277,1.7418919846147,2.276870529108095,2.9573339608411553,4.896396565699463,7.910021678399456
2026-06-13 00:00:00+00:00,1.3240938698553277,1.7418919846147,2.276870529108095,2.9573339608411553,4.896396565699463,7.910021678399456
2026-06-14 00:00:00+00:00,1.3240938698553277,1.7418919846147,2.276870529108095,2.9573339608411553,4.896396565699463,7.910021678399456
2026-06-15 00:00:00+00:00,1.3240938698553277,1.7418919846147,2.276870529108095,2.9573339608411553,4.896396565699463,7.910021678399456
2026-06-16 00:00:00+00:00,1.3240938698553277,1.7418919846147,2.276870529108095,2.9573339608411553,4.896396565699463,7.910021678399456
2026-06-17 00:00:00+00:00,1.3240938698553277,1.7418919846147,2.276870529108095,2.9573339608411553,4.896396565699463,7.910021678399456
2026-06-18 00:00:00+00:00,1.3240938698553277,1.7418919846147,2.276870529108095,2.9573339608411553,4.896396565699463,7.910021678399456
2026-06-19 00:00:00+00:00,1.3240938698553277,1.7418919846147,2.276870529108095,2.9573339608411553,4.896396565699463,7.910021678399456
2026-06-20 00:00:00+00:00,1.3240938698553277,1.7418919846147,2.276870529108095,2.9573339608411553,4.896396565699463,7.910021678399456
2026-06-21 00:00:00+00:00,1.3240938698553277,1.7418919846147,2.276870529108095,2.9573339608411553,4.896396565699463,7.910021678399456
2026-06-22 00:00:00+00:00,1.3240938698553277,1.7418919846147,2.276870529108095,2.9573339608411553,4.896396565699463,7.910021678399456
2026-06-23 00:00:00+00:00,1.3240938698553277,1.7418919846147,2.276870529108095,2.9573339608411553,4.896396565699463,7.910021678399456
2026-06-24 00:00:00+00:00,1.3240938698553277,1.7418919846147,2.276870529108095,2.9573339608411553,4.896396565699463,7.910021678399456
2026-06-25 00:00:00+00:00,1.3240938698553277,1.7418919846147,2.276870529108095,2.9573339608411553,4.896396565699463,7.910021678399456
2026-06-26 00:00:00+00:00,1.3240938698553277,1.7418919846147,2.276870529108095,2.9573339608411553,4.896396565699463,7.910021678399456
2026-06-27 00:00:00+00:00,1.3240938698553277,1.7418919846147,2.276870529108095,2.9573339608411553,4.896396565699463,7.910021678399456
2026-06-28 00:00:00+00:00,1.3240938698553277,1.7418919846147,2.276870529108095,2.9573339608411553,4.896396565699463,7.910021678399456
2026-06-29 00:00:00+00:00,1.3240938698553277,1.7418919846147,2.276870529108095,2.9573339608411553,4.896396565699463,7.910021678399456
2026-06-30 00:00:00+00:00,1.3240938698553277,1.7418919846147,2.276870529108095,2.9573339608411553,4.896396565699463,7.910021678399456
2026-07-01 00:00:00+00:00,1.3240938698553277,1.7418919846147,2.276870529108095,2.9573339608411553,4.896396565699463,7.910021678399456
2026-07-02 00:00:00+00:00,1.3240938698553277,1.7418919846147,2.276870529108095,2.9573339608411553,4.896396565699463,7.910021678399456
2026-07-03 00:00:00+00:00,1.3240938698553277,1.7418919846147,2.276870529108095,2.9573339608411553,4.896396565699463,7.910021678399456
2026-07-04 00:00:00+00:00,1.3240938698553277,1.7418919846147,2.276870529108095,2.9573339608411553,4.896396565699463,7.910021678399456
2026-07-05 00:00:00+00:00,1.3240938698553277,1.7418919846147,2.276870529108095,2.9573339608411553,4.896396565699463,7.910021678399456
2026-07-06 00:00:00+00:00,1.3240938698553277,1.7418919846147,2.276870529108095,2.9573339608411553,4.896396565699463,7.910021678399456
2026-07-07 00:00:00+00:00,1.3240938698553277,1.7418919846147,2.276870529108095,2.9573339608411553,4.896396565699463,7.910021678399456
2026-07-08 00:00:00+00:00,1.3240938698553277,1.7418919846147,2.276870529108095,2.9573339608411553,4.896396565699463,7.910021678399456
2026-07-09 00:00:00+00:00,1.3240938698553277,1.7418919846147,2.276870529108095,2.9573339608411553,4.896396565699463,7.910021678399456
2026-07-10 00:00:00+00:00,1.3240938698553277,1.7418919846147,2.276870529108095,2.9573339608411553,4.896396565699463,7.910021678399456
2026-07-11 00:00:00+00:00,1.3240938698553277,1.7418919846147,2.276870529108095,2.9573339608411553,4.896396565699463,7.910021678399456
2026-07-12 00:00:00+00:00,1.3240938698553277,1.7418919846147,2.276870529108095,2.9573339608411553,4.896396565699463,7.910021678399456
2026-07-13 00:00:00+00:00,1.3240938698553277,1.7418919846147,2.276870529108095,2.9573339608411553,4.896396565699463,7.910021678399456
2026-07-14 00:00:00+00:00,1.3240938698553277,1.7418919846147,2.276870529108095,2.9573339608411553,4.896396565699463,7.910021678399456
2026-07-15 00:00:00+00:00,1.3240938698553277,1.7418919846147,2.276870529108095,2.9573339608411553,4.896396565699463,7.910021678399456
2026-07-16 00:00:00+00:00,1.3240938698553277,1.7418919846147,2.276870529108095,2.9573339608411553,4.896396565699463,7.910021678399456
2026-07-17 00:00:00+00:00,1.3240938698553277,1.7418919846147,2.276870529108095,2.9573339608411553,4.896396565699463,7.910021678399456
2026-07-18 00:00:00+00:00,1.3240938698553277,1.7418919846147,2.276870529108095,2.9573339608411553,4.896396565699463,7.910021678399456
2026-07-19 00:00:00+00:00,1.3240938698553277,1.7418919846147,2.276870529108095,2.9573339608411553,4.896396565699463,7.910021678399456
2026-07-20 00:00:00+00:00,1.3240938698553277,1.7418919846147,2.276870529108095,2.9573339608411553,4.896396565699463,7.910021678399456
2026-07-21 00:00:00+00:00,1.3240938698553277,1.7418919846147,2.276870529108095,2.9573339608411553,4.896396565699463,7.910021678399456
2026-07-22 00:00:00+00:00,1.3240938698553277,1.7418919846147,2.276870529108095,2.9573339608411553,4.896396565699463,7.910021678399456
2026-07-23 00:00:00+00:00,1.3206953021901322,1.732950114389409,2.2593383161716156,2.9269714622198224,4.820990725873414,7.747599695975256
2026-07-24 00:00:00+00:00,1.3206953021901322,1.732950114389409,2.2593383161716156,2.9269714622198224,4.820990725873414,7.747599695975256
2026-07-25 00:00:00+00:00,1.3206953021901322,1.732950114389409,2.2593383161716156,2.9269714622198224,4.820990725873414,7.747599695975256
2026-07-26 00:00:00+00:00,1.3206953021901322,1.732950114389409,2.2593383161716156,2.9269714622198224,4.820990725873414,7.747599695975256
2026-07-27 00:00:00+00:00,1.3206953021901322,1.732950114389409,2.2593383161716156,2.9269714622198224,4.820990725873414,7.747599695975256
2026-07-28 00:00:00+00:00,1.3206953021901322,1.732950114389409,2.2593383161716156,2.9269714622198224,4.820990725873414,7.747599695975256
2026-07-29 00:00:00+00:00,1.3206953021901322,1.732950114389409,2.2593383161716156,2.9269714622198224,4.820990725873414,7.747599695975256
2026-07-30 00:00:00+00:00,1.3206953021901322,1.732950114389409,2.2593383161716156,2.9269714622198224,4.820990725873414,7.747599695975256
2026-07-31 00:00:00+00:00,1.3206953021901322,1.732950114389409,2.2593383161716156,2.9269714622198224,4.820990725873414,7.747599695975256
2026-08-01 00:00:00+00:00,1.3206953021901322,1.732950114389409,2.2593383161716156,2.9269714622198224,4.820990725873414,7.747599695975256
2026-08-02 00:00:00+00:00,1.3206953021901322,1.732950114389409,2.2593383161716156,2.9269714622198224,4.820990725873414,7.747599695975256
2026-08-03 00:00:00+00:00,1.3206953021901322,1.732950114389409,2.2593383161716156,2.9269714622198224,4.820990725873414,7.747599695975256
2026-08-04 00:00:00+00:00,1.3206953021901322,1.732950114389409,2.2593383161716156,2.9269714622198224,4.820990725873414,7.747599695975256
2026-08-05 00:00:00+00:00,1.330513290943257,1.758715458908447,2.3097257707364016,3.014007352630387,5.036024879385065,8.208362123479363
2026-08-06 00:00:00+00:00,1.330513290943257,1.758715458908447,2.3097257707364016,3.014007352630387,5.036024879385065,8.208362123479363
2026-08-07 00:00:00+00:00,1.330513290943257,1.758715458908447,2.3097257707364016,3.014007352630387,5.036024879385065,8.208362123479363
2026-08-08 00:00:00+00:00,1.330513290943257,1.758715458908447,2.3097257707364016,3.014007352630387,5.036024879385065,8.208362123479363
2026-08-09 00:00:00+00:00,1.330513290943257,1.758715458908447,2.3097257707364016,3.014007352630387,5.036024879385065,8.208362123479363
2026-08-10 00:00:00+00:00,1.330513290943257,1.758715458908447,2.3097257707364016,3.014007352630387,5.036024879385065,8.208362123479363
2026-08-11 00:00:00+00:00,1.330513290943257,1.758715458908447,2.3097257707364016,3.014007352630387,5.036024879385065,8.208362123479363
2026-08-12 00:00:00+00:00,1.330513290943257,1.758715458908447,2.3097257707364016,3.014007352630387,5.036024879385065,8.208362123479363
2026-08-13 00:00:00+00:00,1.330513290943257,1.758715458908447,2.3097257707364016,3.014007352630387,5.036024879385065,8.208362123479363
2026-08-14 00:00:00+00:00,1.330513290943257,1.758715458908447,2.3097257707364016,3.014007352630387,5.036024879385065,8.208362123479363
2026-08-15 00:00:00+00:00,1.330513290943257,1.758715458908447,2.3097257707364016,3.014007352630387,5.036024879385065,8.208362123479363
2026-08-16 00:00:00+00:00,1.330513290943257,1.758715458908447,2.3097257707364016,3.014007352630387,5.036024879385065,8.208362123479363
2026-08-17 00:00:00+00:00,1.330513290943257,1.758715458908447,2.3097257707364016,3.014007352630387,5.036024879385065,8.208362123479363
2026-08-18 00:00:00+00:00,1.330513290943257,1.758715458908447,2.3097257707364016,3.014007352630387,5.036024879385065,8.208362123479363
2026-08-19 00:00:00+00:00,1.330513290943257,1.758715458908447,2.3097257707364016,3.014007352630387,5.036024879385065,8.208362123479363
2026-08-20 00:00:00+00:00,1.3271082420192777,1.7497136515282339,2.2919926237535,2.9831535684170336,4.9586957258317295,8.040307434772735
2026-08-21 00:00:00+00:00,1.3271082420192777,1.7497136515282339,2.2919926237535,2.9831535684170336,4.9586957258317295,8.040307434772735
2026-08-22 00:00:00+00:00,1.3271082420192777,1.7497136515282339,2.2919926237535,2.9831535684170336,4.9586957258317295,8.040307434772735
2026-08-23 00:00:00+00:00,1.3271082420192777,1.7497136515282339,2.2919926237535,2.9831535684170336,4.9586957258317295,8.040307434772735
2026-08-24 00:00:00+00:00,1.3271082420192777,1.7497136515282339,2.2919926237535,2.9831535684170336,4.9586957258317295,8.040307434772735
2026-08-25 00:00:00+00:00,1.3271082420192777,1.7497136515282339,2.2919926237535,2.9831535684170336,4.9586957258317295,8.040307434772735
2026-08-26 00:00:00+00:00,1.3271082420192777,1.7497136515282339,2.2919926237535,2.9831535684170336,4.9586957258317295,8.040307434772735
2026-08-27 00:00:00+00:00,1.3271082420192777,1.7497136515282339,2.2919926237535,2.9831535684170336,4.9586957258317295,8.040307434772735
2026-08-28 00:00:00+00:00,1.3271082420192777,1.7497136515282339,2.2919926237535,2.9831535684170336,4.9586957258317295,8.040307434772735
2026-08-29 00:00:00+00:00,1.3271082420192777,1.7497136515282339,2.2919926237535,2.9831535684170336,4.9586957258317295,8.040307434772735
2026-08-30 00:00:00+00:00,1.3271082420192777,1.7497136515282339,2.2919926237535,2.9831535684170336,4.9586957258317295,8.040307434772735
2026-08-31 00:00:00+00:00,1.3271082420192777,1.7497136515282339,2.2919926237535,2.9831535684170336,4.9586957258317295,8.040307434772735
2026-09-01 00:00:00+00:00,1.3271082420192777,1.7497136515282339,2.2919926237535,2.9831535684170336,4.9586957258317295,8.040307434772735
2026-09-02 00:00:00+00:00,1.3271082420192777,1.7497136515282339,2.2919926237535,2.9831535684170336,4.9586957258317295,8.040307434772735
2026-09-03 00:00:00+00:00,1.3271082420192777,1.7497136515282339,2.2919926237535,2.9831535684170336,4.9586957258317295,8.040307434772735
2026-09-04 00:00:00+00:00,1.3237148027134797,1.740765553865977,2.274410626418731,2.952641662142094,4.882618888470249,7.8758337653855675
2026-09-05 00:00:00+00:00,1.3237148027134797,1.740765553865977,2.274410626418731,2.952641662142094,4.882618888470249,7.8758337653855675
2026-09-06 00:00:00+00:00,1.3237148027134797,1.740765553865977,2.274410626418731,2.952641662142094,4.882618888470249,7.8758337653855675
2026-09-07 00:00:00+00:00,1.3237148027134797,1.740765553865977,2.274410626418731,2.952641662142094,4.882618888470249,7.8758337653855675
2026-09-08 00:00:00+00:00,1.3237148027134797,1.740765553865977,2.274410626418731,2.952641662142094,4.882618888470249,7.8758337653855675
2026-09-09 00:00:00+00:00,1.3237148027134797,1.740765553865977,2.274410626418731,2.952641662142094,4.882618888470249,7.8758337653855675
2026-09-10 00:00:00+00:00,1.3237148027134797,1.740765553865977,2.274410626418731,2.952641662142094,4.882618888470249,7.8758337653855675
2026-09-11 00:00:00+00:00,1.3237148027134797,1.740765553865977,2.274410626418731,2.952641662142094,4.882618888470249,7.8758337653855675
2026-09-12 00:00:00+00:00,1.3237148027134797,1.740765553865977,2.274410626418731,2.952641662142094,4.882618888470249,7.8758337653855675
2026-09-13 00:00:00+00:00,1.3237148027134797,1.740765553865977,2.274410626418731,2.952641662142094,4.882618888470249,7.8758337653855675
2026-09-14 00:00:00+00:00,1.3237148027134797,1.740765553865977,2.274410626418731,2.952641662142094,4.882618888470249,7.8758337653855675
2026-09-15 00:00:00+00:00,1.3237148027134797,1.740765553865977,2.274410626418731,2.952641662142094,4.882618888470249,7.8758337653855675
2026-09-16 00:00:00+00:00,1.3237148027134797,1.740765553865977,2.274410626418731,2.952641662142094,4.882618888470249,7.8758337653855675
2026-09-17 00:00:00+00:00,1.3237148027134797,1.740765553865977,2.274410626418731,2.952641662142094,4.882618888470249,7.8758337653855675
2026-09-18 00:00:00+00:00,1.3237148027134797,1.740765553865977,2.274410626418731,2.952641662142094,4.882618888470249,7.8758337653855675
2026-09-19 00:00:00+00:00,1.3237148027134797,1.740765553865977,2.274410626418731,2.952641662142094,4.882618888470249,7.8758337653855675
2026-09-20 00:00:00+00:00,1.3237148027134797,1.740765553865977,2.274410626418731,2.952641662142094,4.882618888470249,7.8758337653855675
2026-09-21 00:00:00+00:00,1.320335311277045,1.7318770798985161,2.2569906703545652,2.9224888612770896,4.8078258800950255,7.714975473491615
