,risk_%0.25,risk_%0.5,risk_%1
2022-03-28 00:00:00+00:00,1.0017505277089611,1.003501055417922,1.0070021108358442
2022-03-29 00:00:00+00:00,1.0017505277089611,1.003501055417922,1.0070021108358442
2022-03-30 00:00:00+00:00,1.0017505277089611,1.003501055417922,1.0070021108358442
2022-03-31 00:00:00+00:00,1.0017505277089611,1.003501055417922,1.0070021108358442
2022-04-01 00:00:00+00:00,1.0017505277089611,1.003501055417922,1.0070021108358442
2022-04-02 00:00:00+00:00,1.0017505277089611,1.003501055417922,1.0070021108358442
2022-04-03 00:00:00+00:00,1.0017505277089611,1.003501055417922,1.0070021108358442
2022-04-04 00:00:00+00:00,1.0017505277089611,1.003501055417922,1.0070021108358442
2022-04-05 00:00:00+00:00,0.9991027402180144,0.9981962265844114,0.996355437762355
2022-04-06 00:00:00+00:00,0.9991027402180144,0.9981962265844114,0.996355437762355
2022-04-07 00:00:00+00:00,0.9964191916699102,0.9928339992042943,0.9856507601320269
2022-04-08 00:00:00+00:00,1.004014867226049,1.0079706906733157,1.0157051125500185
2022-04-09 00:00:00+00:00,1.004014867226049,1.0079706906733157,1.0157051125500185
2022-04-10 00:00:00+00:00,1.004014867226049,1.0079706906733157,1.0157051125500185
2022-04-11 00:00:00+00:00,1.0013937096728467,1.002707720819962,1.0050984045639417
2022-04-12 00:00:00+00:00,1.0013937096728467,1.002707720819962,1.0050984045639417
2022-04-13 00:00:00+00:00,1.0013937096728467,1.002707720819962,1.0050984045639417
2022-04-14 00:00:00+00:00,0.9986724025393977,0.9972579648507074,0.9941729057047501
2022-04-15 00:00:00+00:00,0.9986724025393977,0.9972579648507074,0.9941729057047501
2022-04-16 00:00:00+00:00,0.9986724025393977,0.9972579648507074,0.9941729057047501
2022-04-17 00:00:00+00:00,0.9986724025393977,0.9972579648507074,0.9941729057047501
2022-04-18 00:00:00+00:00,0.9986724025393977,0.9972579648507074,0.9941729057047501
2022-04-19 00:00:00+00:00,0.9986724025393977,0.9972579648507074,0.9941729057047501
2022-04-20 00:00:00+00:00,0.9986724025393977,0.9972579648507074,0.9941729057047501
2022-04-21 00:00:00+00:00,0.9986724025393977,0.9972579648507074,0.9941729057047501
2022-04-22 00:00:00+00:00,0.9986724025393977,0.9972579648507074,0.9941729057047501
2022-04-23 00:00:00+00:00,0.9986724025393977,0.9972579648507074,0.9941729057047501
2022-04-24 00:00:00+00:00,0.9986724025393977,0.9972579648507074,0.9941729057047501
2022-04-25 00:00:00+00:00,1.0060656820375897,1.0120235813775915,1.0236127826562507
2022-04-26 00:00:00+00:00,1.0060656820375897,1.0120235813775915,1.0236127826562507
2022-04-27 00:00:00+00:00,1.005846184595646,1.0115820094957422,1.0227196174821298
2022-04-28 00:00:00+00:00,1.005846184595646,1.0115820094957422,1.0227196174821298
2022-04-29 00:00:00+00:00,1.0081869133317038,1.016290162918739,1.032239598704838
2022-04-30 00:00:00+00:00,1.0081869133317038,1.016290162918739,1.032239598704838
2022-05-01 00:00:00+00:00,1.0081869133317038,1.016290162918739,1.032239598704838
2022-05-02 00:00:00+00:00,1.0081017966799848,1.0161185613740282,1.031891009461111
2022-05-03 00:00:00+00:00,1.0081017966799848,1.0161185613740282,1.031891009461111
2022-05-04 00:00:00+00:00,1.0111929758336544,1.0223500838748723,1.0445475089845138
2022-05-05 00:00:00+00:00,1.0111929758336544,1.0223500838748723,1.0445475089845138
2022-05-06 00:00:00+00:00,1.0111929758336544,1.0223500838748723,1.0445475089845138
2022-05-07 00:00:00+00:00,1.0111929758336544,1.0223500838748723,1.0445475089845138
2022-05-08 00:00:00+00:00,1.0111929758336544,1.0223500838748723,1.0445475089845138
2022-05-09 00:00:00+00:00,1.0111929758336544,1.0223500838748723,1.0445475089845138
2022-05-10 00:00:00+00:00,1.0111104645625357,1.0221832405384077,1.0442065772542903
2022-05-11 00:00:00+00:00,1.0111104645625357,1.0221832405384077,1.0442065772542903
2022-05-12 00:00:00+00:00,1.0191183605319756,1.0383731184354,1.0772786364951028
2022-05-13 00:00:00+00:00,1.0191183605319756,1.0383731184354,1.0772786364951028
2022-05-14 00:00:00+00:00,1.0191183605319756,1.0383731184354,1.0772786364951028
2022-05-15 00:00:00+00:00,1.0191183605319756,1.0383731184354,1.0772786364951028
2022-05-16 00:00:00+00:00,1.0191183605319756,1.0383731184354,1.0772786364951028
2022-05-17 00:00:00+00:00,1.0191183605319756,1.0383731184354,1.0772786364951028
2022-05-18 00:00:00+00:00,1.0191183605319756,1.0383731184354,1.0772786364951028
2022-05-19 00:00:00+00:00,1.0191183605319756,1.0383731184354,1.0772786364951028
2022-05-20 00:00:00+00:00,1.0191183605319756,1.0383731184354,1.0772786364951028
2022-05-21 00:00:00+00:00,1.0191183605319756,1.0383731184354,1.0772786364951028
2022-05-22 00:00:00+00:00,1.0191183605319756,1.0383731184354,1.0772786364951028
2022-05-23 00:00:00+00:00,1.0191183605319756,1.0383731184354,1.0772786364951028
2022-05-24 00:00:00+00:00,1.0164694028950414,1.032975106764546,1.066078110307899
2022-05-25 00:00:00+00:00,1.0164694028950414,1.032975106764546,1.066078110307899
2022-05-26 00:00:00+00:00,1.0164694028950414,1.032975106764546,1.066078110307899
2022-05-27 00:00:00+00:00,1.0164694028950414,1.032975106764546,1.066078110307899
2022-05-28 00:00:00+00:00,1.0164694028950414,1.032975106764546,1.066078110307899
2022-05-29 00:00:00+00:00,1.013670454702362,1.0272863102303331,1.0543359077719339
2022-05-30 00:00:00+00:00,1.013670454702362,1.0272863102303331,1.0543359077719339
2022-05-31 00:00:00+00:00,1.013670454702362,1.0272863102303331,1.0543359077719339
2022-06-01 00:00:00+00:00,1.013670454702362,1.0272863102303331,1.0543359077719339
2022-06-02 00:00:00+00:00,1.013670454702362,1.0272863102303331,1.0543359077719339
2022-06-03 00:00:00+00:00,1.013670454702362,1.0272863102303331,1.0543359077719339
2022-06-04 00:00:00+00:00,1.013670454702362,1.0272863102303331,1.0543359077719339
2022-06-05 00:00:00+00:00,1.013670454702362,1.0272863102303331,1.0543359077719339
2022-06-06 00:00:00+00:00,1.013670454702362,1.0272863102303331,1.0543359077719339
2022-06-07 00:00:00+00:00,1.013670454702362,1.0272863102303331,1.0543359077719339
2022-06-08 00:00:00+00:00,1.013670454702362,1.0272863102303331,1.0543359077719339
2022-06-09 00:00:00+00:00,1.013670454702362,1.0272863102303331,1.0543359077719339
2022-06-10 00:00:00+00:00,1.010862630672389,1.0215952314894141,1.0426540453529496
2022-06-11 00:00:00+00:00,1.010862630672389,1.0215952314894141,1.0426540453529496
2022-06-12 00:00:00+00:00,1.0082286245808816,1.0162712874021587,1.0317866652620757
2022-06-13 00:00:00+00:00,1.008147898528745,1.0161085473907538,1.0314562161472505
2022-06-14 00:00:00+00:00,1.008147898528745,1.0161085473907538,1.0314562161472505
2022-06-15 00:00:00+00:00,1.0105101745349092,1.0208704059328635,1.0411237828777642
2022-06-16 00:00:00+00:00,1.0105101745349092,1.0208704059328635,1.0411237828777642
2022-06-17 00:00:00+00:00,1.0105101745349092,1.0208704059328635,1.0411237828777642
2022-06-18 00:00:00+00:00,1.0105101745349092,1.0208704059328635,1.0411237828777642
2022-06-19 00:00:00+00:00,1.0105101745349092,1.0208704059328635,1.0411237828777642
2022-06-20 00:00:00+00:00,1.0105101745349092,1.0208704059328635,1.0411237828777642
2022-06-21 00:00:00+00:00,1.0084069213122637,1.0166207723808411,1.032455896074869
2022-06-22 00:00:00+00:00,1.0084069213122637,1.0166207723808411,1.032455896074869
2022-06-23 00:00:00+00:00,1.0084069213122637,1.0166207723808411,1.032455896074869
2022-06-24 00:00:00+00:00,1.0084069213122637,1.0166207723808411,1.032455896074869
2022-06-25 00:00:00+00:00,1.0084069213122637,1.0166207723808411,1.032455896074869
2022-06-26 00:00:00+00:00,1.0084069213122637,1.0166207723808411,1.032455896074869
2022-06-27 00:00:00+00:00,1.0057099384138157,1.0111828707175918,1.0214106886838208
2022-06-28 00:00:00+00:00,1.0029359302109964,1.005604662785501,1.0101414289474588
2022-06-29 00:00:00+00:00,0.9990322314605118,0.9977830413057268,0.9944539335485993
2022-06-30 00:00:00+00:00,0.9964196650000222,0.992564441892273,0.9840515584841119
2022-07-01 00:00:00+00:00,0.9964196650000222,0.992564441892273,0.9840515584841119
2022-07-02 00:00:00+00:00,0.9964196650000222,0.992564441892273,0.9840515584841119
2022-07-03 00:00:00+00:00,0.9964196650000222,0.992564441892273,0.9840515584841119
2022-07-04 00:00:00+00:00,0.9964196650000222,0.992564441892273,0.9840515584841119
2022-07-05 00:00:00+00:00,1.0010233441862089,1.0016954357661907,1.0019953549941234
2022-07-06 00:00:00+00:00,1.0010233441862089,1.0016954357661907,1.0019953549941234
2022-07-07 00:00:00+00:00,1.0010233441862089,1.0016954357661907,1.0019953549941234
2022-07-08 00:00:00+00:00,1.0010233441862089,1.0016954357661907,1.0019953549941234
2022-07-09 00:00:00+00:00,1.0010233441862089,1.0016954357661907,1.0019953549941234
2022-07-10 00:00:00+00:00,1.0010233441862089,1.0016954357661907,1.0019953549941234
2022-07-11 00:00:00+00:00,0.9956932081457668,0.9910422380431748,0.9807395240609571
2022-07-12 00:00:00+00:00,0.9930194273363602,0.9857196553526173,0.970205024088444
2022-07-13 00:00:00+00:00,0.9930194273363602,0.9857196553526173,0.970205024088444
2022-07-14 00:00:00+00:00,0.9930194273363602,0.9857196553526173,0.970205024088444
2022-07-15 00:00:00+00:00,0.9930194273363602,0.9857196553526173,0.970205024088444
2022-07-16 00:00:00+00:00,0.9930194273363602,0.9857196553526173,0.970205024088444
2022-07-17 00:00:00+00:00,0.9930194273363602,0.9857196553526173,0.970205024088444
2022-07-18 00:00:00+00:00,0.9917977758028825,0.983294313218535,0.9654306866572231
2022-07-19 00:00:00+00:00,0.9917977758028825,0.983294313218535,0.9654306866572231
2022-07-20 00:00:00+00:00,0.9889321895925237,0.9776128895221244,0.9542766685918068
2022-07-21 00:00:00+00:00,0.9889321895925237,0.9776128895221244,0.9542766685918068
2022-07-22 00:00:00+00:00,0.9889321895925237,0.9776128895221244,0.9542766685918068
2022-07-23 00:00:00+00:00,0.9889321895925237,0.9776128895221244,0.9542766685918068
2022-07-24 00:00:00+00:00,0.9889321895925237,0.9776128895221244,0.9542766685918068
2022-07-25 00:00:00+00:00,0.9889321895925237,0.9776128895221244,0.9542766685918068
2022-07-26 00:00:00+00:00,0.9889321895925237,0.9776128895221244,0.9542766685918068
2022-07-27 00:00:00+00:00,0.9894778441625329,0.9786917075573379,0.9563828005622302
2022-07-28 00:00:00+00:00,0.9967980390184527,0.9931725047686306,0.984684226403214
2022-07-29 00:00:00+00:00,0.9967980390184527,0.9931725047686306,0.984684226403214
2022-07-30 00:00:00+00:00,0.9967980390184527,0.9931725047686306,0.984684226403214
2022-07-31 00:00:00+00:00,0.9967980390184527,0.9931725047686306,0.984684226403214
2022-08-01 00:00:00+00:00,0.9967980390184527,0.9931725047686306,0.984684226403214
2022-08-02 00:00:00+00:00,0.9967980390184527,0.9931725047686306,0.984684226403214
2022-08-03 00:00:00+00:00,0.9967980390184527,0.9931725047686306,0.984684226403214
2022-08-04 00:00:00+00:00,0.9942136726433088,0.9880225716315854,0.974472389279791
2022-08-05 00:00:00+00:00,0.9942136726433088,0.9880225716315854,0.974472389279791
2022-08-06 00:00:00+00:00,0.9942136726433088,0.9880225716315854,0.974472389279791
2022-08-07 00:00:00+00:00,0.9942136726433088,0.9880225716315854,0.974472389279791
2022-08-08 00:00:00+00:00,0.9942136726433088,0.9880225716315854,0.974472389279791
2022-08-09 00:00:00+00:00,0.9916158291136195,0.9828592388078152,0.9642873481321637
2022-08-10 00:00:00+00:00,0.9916158291136195,0.9828592388078152,0.9642873481321637
2022-08-11 00:00:00+00:00,0.9916158291136195,0.9828592388078152,0.9642873481321637
2022-08-12 00:00:00+00:00,0.9916158291136195,0.9828592388078152,0.9642873481321637
2022-08-13 00:00:00+00:00,0.9916158291136195,0.9828592388078152,0.9642873481321637
2022-08-14 00:00:00+00:00,0.9916158291136195,0.9828592388078152,0.9642873481321637
2022-08-15 00:00:00+00:00,0.9916158291136195,0.9828592388078152,0.9642873481321637
2022-08-16 00:00:00+00:00,0.9916158291136195,0.9828592388078152,0.9642873481321637
2022-08-17 00:00:00+00:00,0.9890155190566364,0.9777045434343958,0.9541727613514709
2022-08-18 00:00:00+00:00,0.9890155190566364,0.9777045434343958,0.9541727613514709
2022-08-19 00:00:00+00:00,0.9890155190566364,0.9777045434343958,0.9541727613514709
2022-08-20 00:00:00+00:00,0.9890155190566364,0.9777045434343958,0.9541727613514709
2022-08-21 00:00:00+00:00,0.9890155190566364,0.9777045434343958,0.9541727613514709
2022-08-22 00:00:00+00:00,0.9890155190566364,0.9777045434343958,0.9541727613514709
2022-08-23 00:00:00+00:00,0.9890155190566364,0.9777045434343958,0.9541727613514709
2022-08-24 00:00:00+00:00,0.9924168703550195,0.9844294462375744,0.9672988516834009
2022-08-25 00:00:00+00:00,0.9924168703550195,0.9844294462375744,0.9672988516834009
2022-08-26 00:00:00+00:00,0.9924168703550195,0.9844294462375744,0.9672988516834009
2022-08-27 00:00:00+00:00,0.9924168703550195,0.9844294462375744,0.9672988516834009
2022-08-28 00:00:00+00:00,0.9924168703550195,0.9844294462375744,0.9672988516834009
2022-08-29 00:00:00+00:00,0.9898228644763454,0.9792831899677337,0.9571854447768705
2022-08-30 00:00:00+00:00,0.9898228644763454,0.9792831899677337,0.9571854447768705
2022-08-31 00:00:00+00:00,0.9872346707173097,0.9741619208365263,0.9471740316914723
2022-09-01 00:00:00+00:00,0.9872346707173097,0.9741619208365263,0.9471740316914723
2022-09-02 00:00:00+00:00,0.9845697577596504,0.9689026713334485,0.9369469340212535
2022-09-03 00:00:00+00:00,0.9845697577596504,0.9689026713334485,0.9369469340212535
2022-09-04 00:00:00+00:00,0.9845697577596504,0.9689026713334485,0.9369469340212535
2022-09-05 00:00:00+00:00,0.9845697577596504,0.9689026713334485,0.9369469340212535
2022-09-06 00:00:00+00:00,0.9818791199668553,0.963607025952339,0.9267049585364182
2022-09-07 00:00:00+00:00,0.9792506344285659,0.9584478834860134,0.9167818202101597
2022-09-08 00:00:00+00:00,0.9792506344285659,0.9584478834860134,0.9167818202101597
2022-09-09 00:00:00+00:00,0.9792506344285659,0.9584478834860134,0.9167818202101597
2022-09-10 00:00:00+00:00,0.9792506344285659,0.9584478834860134,0.9167818202101597
2022-09-11 00:00:00+00:00,0.9792506344285659,0.9584478834860134,0.9167818202101597
2022-09-12 00:00:00+00:00,0.9767046955234843,0.9534641751905696,0.9072477114887225
2022-09-13 00:00:00+00:00,0.9767046955234843,0.9534641751905696,0.9072477114887225
2022-09-14 00:00:00+00:00,0.979141275907904,0.9582213799366184,0.916300937045044
2022-09-15 00:00:00+00:00,0.9863838195037571,0.9723969852132612,0.9434118336919709
2022-09-16 00:00:00+00:00,0.9863838195037571,0.9723969852132612,0.9434118336919709
2022-09-17 00:00:00+00:00,0.9863838195037571,0.9723969852132612,0.9434118336919709
2022-09-18 00:00:00+00:00,0.9863838195037571,0.9723969852132612,0.9434118336919709
2022-09-19 00:00:00+00:00,0.9863838195037571,0.9723969852132612,0.9434118336919709
2022-09-20 00:00:00+00:00,0.983854961851478,0.9674109878591141,0.9337370836090557
2022-09-21 00:00:00+00:00,0.983854961851478,0.9674109878591141,0.9337370836090557
2022-09-22 00:00:00+00:00,0.983854961851478,0.9674109878591141,0.9337370836090557
2022-09-23 00:00:00+00:00,0.9812662684586215,0.9623205027111118,0.9239119150135616
2022-09-24 00:00:00+00:00,0.9812662684586215,0.9623205027111118,0.9239119150135616
2022-09-25 00:00:00+00:00,0.9812662684586215,0.9623205027111118,0.9239119150135616
2022-09-26 00:00:00+00:00,0.9812662684586215,0.9623205027111118,0.9239119150135616
2022-09-27 00:00:00+00:00,0.9812662684586215,0.9623205027111118,0.9239119150135616
2022-09-28 00:00:00+00:00,0.9828605937170828,0.9654475884645383,0.9299164670910044
2022-09-29 00:00:00+00:00,0.9828605937170828,0.9654475884645383,0.9299164670910044
2022-09-30 00:00:00+00:00,0.9899463914609168,0.9793681106380037,0.9567328845833276
2022-10-01 00:00:00+00:00,0.9899463914609168,0.9793681106380037,0.9567328845833276
2022-10-02 00:00:00+00:00,0.9899463914609168,0.9793681106380037,0.9567328845833276
2022-10-03 00:00:00+00:00,0.9972931719632678,0.9939046604995395,0.98513404473925
2022-10-04 00:00:00+00:00,0.9972931719632678,0.9939046604995395,0.98513404473925
2022-10-05 00:00:00+00:00,0.99332534284734,0.9860032374191499,0.9694994809745613
2022-10-06 00:00:00+00:00,0.9907881843125662,0.9809663246953456,0.9595942715672892
2022-10-07 00:00:00+00:00,0.9881656729438204,0.9757732968017899,0.9494344940228505
2022-10-08 00:00:00+00:00,0.9881656729438204,0.9757732968017899,0.9494344940228505
2022-10-09 00:00:00+00:00,0.9881656729438204,0.9757732968017899,0.9494344940228505
2022-10-10 00:00:00+00:00,0.9881656729438204,0.9757732968017899,0.9494344940228505
2022-10-11 00:00:00+00:00,0.986206433068218,0.9719039578741445,0.9419047043493417
2022-10-12 00:00:00+00:00,0.986206433068218,0.9719039578741445,0.9419047043493417
2022-10-13 00:00:00+00:00,0.9848640878187491,0.9692582021438084,0.9367765232183302
2022-10-14 00:00:00+00:00,0.9872330485269811,0.9739210477595842,0.9457896928661889
2022-10-15 00:00:00+00:00,0.9872330485269811,0.9739210477595842,0.9457896928661889
2022-10-16 00:00:00+00:00,0.9872330485269811,0.9739210477595842,0.9457896928661889
2022-10-17 00:00:00+00:00,0.9872330485269811,0.9739210477595842,0.9457896928661889
2022-10-18 00:00:00+00:00,0.9847280424733844,0.9689785914185954,0.9361903022882737
2022-10-19 00:00:00+00:00,0.9794641130549747,0.9586334390425231,0.9162554704346112
2022-10-20 00:00:00+00:00,0.9794641130549747,0.9586334390425231,0.9162554704346112
2022-10-21 00:00:00+00:00,0.9768473261069422,0.9535113563144504,0.9064648784103422
2022-10-22 00:00:00+00:00,0.9768473261069422,0.9535113563144504,0.9064648784103422
2022-10-23 00:00:00+00:00,0.9768473261069422,0.9535113563144504,0.9064648784103422
2022-10-24 00:00:00+00:00,0.9768473261069422,0.9535113563144504,0.9064648784103422
2022-10-25 00:00:00+00:00,0.9742250343955308,0.9483920610887265,0.8967314624555098
2022-10-26 00:00:00+00:00,0.9742250343955308,0.9483920610887265,0.8967314624555098
2022-10-27 00:00:00+00:00,0.9691429935350482,0.9385104262833166,0.878093642433991
2022-10-28 00:00:00+00:00,0.9753188359626603,0.9504717004153309,0.9004761721887777
2022-10-29 00:00:00+00:00,0.9753188359626603,0.9504717004153309,0.9004761721887777
2022-10-30 00:00:00+00:00,0.9753188359626603,0.9504717004153309,0.9004761721887777
2022-10-31 00:00:00+00:00,0.9701853467589978,0.9404794733737106,0.881592903053114
2022-11-01 00:00:00+00:00,0.9675838474634338,0.9354357841536097,0.872137129168553
2022-11-02 00:00:00+00:00,0.9650936693548072,0.9306209007348096,0.8631589851349609
2022-11-03 00:00:00+00:00,0.9650936693548072,0.9306209007348096,0.8631589851349609
2022-11-04 00:00:00+00:00,0.9637875965712337,0.9280962002153026,0.8584538817693584
2022-11-05 00:00:00+00:00,0.9637875965712337,0.9280962002153026,0.8584538817693584
2022-11-06 00:00:00+00:00,0.9637875965712337,0.9280962002153026,0.8584538817693584
2022-11-07 00:00:00+00:00,0.9637875965712337,0.9280962002153026,0.8584538817693584
2022-11-08 00:00:00+00:00,0.9637875965712337,0.9280962002153026,0.8584538817693584
2022-11-09 00:00:00+00:00,0.9613224726239784,0.9233485313790429,0.849671053564918
2022-11-10 00:00:00+00:00,0.9717997182458403,0.9434744944381693,0.8867082231166064
2022-11-11 00:00:00+00:00,0.9717997182458403,0.9434744944381693,0.8867082231166064
2022-11-12 00:00:00+00:00,0.9717997182458403,0.9434744944381693,0.8867082231166064
2022-11-13 00:00:00+00:00,0.9717997182458403,0.9434744944381693,0.8867082231166064
2022-11-14 00:00:00+00:00,0.9717997182458403,0.9434744944381693,0.8867082231166064
2022-11-15 00:00:00+00:00,0.9717997182458403,0.9434744944381693,0.8867082231166064
2022-11-16 00:00:00+00:00,0.9691939547982446,0.9384148688688522,0.8771978195505277
2022-11-17 00:00:00+00:00,0.973711734258869,0.9471634818768705,0.8935536223181787
2022-11-18 00:00:00+00:00,0.9785573621433619,0.9565905055379321,0.9113405224704714
2022-11-19 00:00:00+00:00,0.9785573621433619,0.9565905055379321,0.9113405224704714
2022-11-20 00:00:00+00:00,0.9785573621433619,0.9565905055379321,0.9113405224704714
2022-11-21 00:00:00+00:00,0.9819246375648497,0.9631738778006912,0.9238844352164725
2022-11-22 00:00:00+00:00,0.9819246375648497,0.9631738778006912,0.9238844352164725
2022-11-23 00:00:00+00:00,0.9800822813280041,0.9595595283220316,0.916950606748468
2022-11-24 00:00:00+00:00,0.9800822813280041,0.9595595283220316,0.916950606748468
2022-11-25 00:00:00+00:00,0.9760725897386492,0.9517154632326371,0.9019873639145789
2022-11-26 00:00:00+00:00,0.9760725897386492,0.9517154632326371,0.9019873639145789
2022-11-27 00:00:00+00:00,0.9760725897386492,0.9517154632326371,0.9019873639145789
2022-11-28 00:00:00+00:00,0.9760725897386492,0.9517154632326371,0.9019873639145789
2022-11-29 00:00:00+00:00,0.9902530532336975,0.9793686655168177,0.9544039526865687
2022-11-30 00:00:00+00:00,0.9923408758090764,0.9834360005312835,0.9620891469087056
2022-12-01 00:00:00+00:00,0.9923408758090764,0.9834360005312835,0.9620891469087056
2022-12-02 00:00:00+00:00,0.9897817331793821,0.9783636447432915,0.9521646404837825
2022-12-03 00:00:00+00:00,0.9897817331793821,0.9783636447432915,0.9521646404837825
2022-12-04 00:00:00+00:00,0.9897817331793821,0.9783636447432915,0.9521646404837825
2022-12-05 00:00:00+00:00,0.984594434678397,0.9681221977604075,0.9322826788300923
2022-12-06 00:00:00+00:00,0.9819809043371064,0.9629825856545351,0.9223839876250051
2022-12-07 00:00:00+00:00,0.9819809043371064,0.9629825856545351,0.9223839876250051
2022-12-08 00:00:00+00:00,0.9823654688783187,0.9637290496568205,0.9237840670555186
2022-12-09 00:00:00+00:00,1.0098243178557407,1.0176998355429747,1.0275812773264525
2022-12-10 00:00:00+00:00,1.0098243178557407,1.0176998355429747,1.0275812773264525
2022-12-11 00:00:00+00:00,1.0098243178557407,1.0176998355429747,1.0275812773264525
2022-12-12 00:00:00+00:00,1.2193539142340268,1.474961737413054,2.110394417197751
2022-12-13 00:00:00+00:00,1.2807003711737124,1.624505497153924,2.5445476466775108
2022-12-14 00:00:00+00:00,1.275416185580606,1.6111129186098108,2.502673363892785
2022-12-15 00:00:00+00:00,1.270439569248955,1.5984549392385774,2.4628312084927955
2022-12-16 00:00:00+00:00,1.2472024038030198,1.5484587072759255,2.3860401775464233
2022-12-17 00:00:00+00:00,1.2472024038030198,1.5484587072759255,2.3860401775464233
2022-12-18 00:00:00+00:00,1.2472024038030198,1.5484587072759255,2.3860401775464233
2022-12-19 00:00:00+00:00,1.232570863731398,1.5122838499200624,2.310686213228376
2022-12-20 00:00:00+00:00,1.2408245722796043,1.5325643707341128,2.3728251237583584
2022-12-21 00:00:00+00:00,1.2279067404124995,1.5007791881496513,2.299193712707919
2022-12-22 00:00:00+00:00,1.226108502334302,1.4962421477940255,2.2844391716939674
2022-12-23 00:00:00+00:00,1.2218876938860133,1.4859471124772923,2.2530417860639407
2022-12-24 00:00:00+00:00,1.2218876938860133,1.4859471124772923,2.2530417860639407
2022-12-25 00:00:00+00:00,1.2218876938860133,1.4859471124772923,2.2530417860639407
2022-12-26 00:00:00+00:00,1.2187247275577124,1.4782540966528122,2.229712979852919
2022-12-27 00:00:00+00:00,1.1904023894996087,1.4325983732477632,2.160255072817357
2022-12-28 00:00:00+00:00,1.1735776731209762,1.3923390275360472,2.0836799934224284
2022-12-29 00:00:00+00:00,1.2106592978202602,1.4810752993177987,2.3537464263807797
2022-12-30 00:00:00+00:00,1.185893221991556,1.436053913252023,2.2793413969986682
2022-12-31 00:00:00+00:00,1.185893221991556,1.436053913252023,2.2793413969986682
2023-01-01 00:00:00+00:00,1.185893221991556,1.436053913252023,2.2793413969986682
2023-01-02 00:00:00+00:00,1.1925356295829588,1.4521411211694941,2.330409450405353
2023-01-03 00:00:00+00:00,1.1779334760145275,1.416755467044044,2.2571216967128973
2023-01-04 00:00:00+00:00,1.1718048412638302,1.4020323030999828,2.2103314259133215
2023-01-05 00:00:00+00:00,1.1569678318247671,1.3667083216888583,2.144579060664744
2023-01-06 00:00:00+00:00,1.1724785798351702,1.403335745681152,2.0778727302294526
2023-01-07 00:00:00+00:00,1.1724785798351702,1.403335745681152,2.0778727302294526
2023-01-08 00:00:00+00:00,1.1724785798351702,1.403335745681152,2.0778727302294526
2023-01-09 00:00:00+00:00,1.1759789050554526,1.4116154977400128,2.1018064120465834
2023-01-10 00:00:00+00:00,1.1639814912932225,1.3828984667282431,2.0360665706337158
2023-01-11 00:00:00+00:00,1.1795082559666854,1.4197414101322896,2.144237080720945
2023-01-12 00:00:00+00:00,1.1795082559666854,1.4197414101322896,2.144237080720945
2023-01-13 00:00:00+00:00,1.1818310686094664,1.4252937647113653,2.1607688478571547
2023-01-14 00:00:00+00:00,1.1818310686094664,1.4252937647113653,2.1607688478571547
2023-01-15 00:00:00+00:00,1.1818310686094664,1.4252937647113653,2.1607688478571547
2023-01-16 00:00:00+00:00,1.1819586942518518,1.4255806055403428,2.1615112533021152
2023-01-17 00:00:00+00:00,1.2007578092760707,1.471136319687736,2.300918445878063
2023-01-18 00:00:00+00:00,1.185272896012375,1.4333674081139145,2.230008872663579
2023-01-19 00:00:00+00:00,1.231429262781721,1.5453309150876628,2.159385935659694
2023-01-20 00:00:00+00:00,1.2694996339314943,1.6415794816363605,2.432280539976777
2023-01-21 00:00:00+00:00,1.2694996339314943,1.6415794816363605,2.432280539976777
2023-01-22 00:00:00+00:00,1.2694996339314943,1.6415794816363605,2.432280539976777
2023-01-23 00:00:00+00:00,1.2716737398504958,1.6471621640092,2.4485871388197373
2023-01-24 00:00:00+00:00,1.2548866819550195,1.6039048101836952,2.37134167321579
2023-01-25 00:00:00+00:00,1.2842583652199544,1.679574058491503,2.5985898811015824
2023-01-26 00:00:00+00:00,1.2831562091567117,1.676675905260107,2.5895272009528507
2023-01-27 00:00:00+00:00,1.2831562091567117,1.676675905260107,2.5895272009528507
2023-01-28 00:00:00+00:00,1.2831562091567117,1.676675905260107,2.5895272009528507
2023-01-29 00:00:00+00:00,1.2831562091567117,1.676675905260107,2.5895272009528507
2023-01-30 00:00:00+00:00,1.2565153552304926,1.624672033274381,2.510746208043897
2023-01-31 00:00:00+00:00,1.357105599368698,1.8894243451728179,2.431778038363651
2023-02-01 00:00:00+00:00,1.3751774066933293,1.939439863163934,2.5589553940712366
2023-02-02 00:00:00+00:00,1.3751774066933293,1.939439863163934,2.5589553940712366
2023-02-03 00:00:00+00:00,1.3653860686029395,1.9118874638488474,2.4865929767489856
2023-02-04 00:00:00+00:00,1.3653860686029395,1.9118874638488474,2.4865929767489856
2023-02-05 00:00:00+00:00,1.3653860686029395,1.9118874638488474,2.4865929767489856
2023-02-06 00:00:00+00:00,1.3740199186585134,1.9359858027134633,2.548851316761786
2023-02-07 00:00:00+00:00,1.3984574835319759,2.0051137578972065,2.7322472941135567
2023-02-08 00:00:00+00:00,1.3893425916438462,1.979025317491636,2.6614186685417436
2023-02-09 00:00:00+00:00,1.3806316517276322,1.9542443355951027,2.5949576284270335
2023-02-10 00:00:00+00:00,1.3793843034497792,1.9504820963932297,2.5138355058353463
2023-02-11 00:00:00+00:00,1.3793843034497792,1.9504820963932297,2.5138355058353463
2023-02-12 00:00:00+00:00,1.3793843034497792,1.9504820963932297,2.5138355058353463
2023-02-13 00:00:00+00:00,1.3741855428935557,1.935684055735563,2.475208045787851
2023-02-14 00:00:00+00:00,1.365632856999186,1.9116345658938925,2.4139336398512787
2023-02-15 00:00:00+00:00,1.3724803977347058,1.930746316886835,2.4619000989823023
2023-02-16 00:00:00+00:00,1.3517060877275089,1.8726610587287984,2.3651043671827146
2023-02-17 00:00:00+00:00,1.3291772036797995,1.8106799577748058,2.2904777052157583
2023-02-18 00:00:00+00:00,1.3291772036797995,1.8106799577748058,2.2904777052157583
2023-02-19 00:00:00+00:00,1.3291772036797995,1.8106799577748058,2.2904777052157583
2023-02-20 00:00:00+00:00,1.3173036170862487,1.7784190504948665,2.218492643522764
2023-02-21 00:00:00+00:00,1.2994780859626307,1.7305496854618387,2.1462173926140924
2023-02-22 00:00:00+00:00,1.2820887486338415,1.6844869694129236,2.0768254135349205
2023-02-23 00:00:00+00:00,1.2619730139048337,1.6319744117673962,2.0124942059529936
2023-02-24 00:00:00+00:00,1.2565827217442744,1.6179731652382585,1.9496532345033408
2023-02-25 00:00:00+00:00,1.2565827217442744,1.6179731652382585,1.9496532345033408
2023-02-26 00:00:00+00:00,1.2595303514380647,1.625563888336841,1.967946835607895
2023-02-27 00:00:00+00:00,1.2561792307767057,1.6169139010993836,1.947003069405732
2023-02-28 00:00:00+00:00,1.2297139201112637,1.5662322006020544,1.884747024628327
2023-03-01 00:00:00+00:00,1.2145532230701912,1.5277930468588599,1.8122324280295226
2023-03-02 00:00:00+00:00,1.2387580940285792,1.4798977192473883,1.755561506156636
2023-03-03 00:00:00+00:00,1.343989345650837,1.738998117948816,2.4080557195343633
2023-03-04 00:00:00+00:00,1.343989345650837,1.738998117948816,2.4080557195343633
2023-03-05 00:00:00+00:00,1.343989345650837,1.738998117948816,2.4080557195343633
2023-03-06 00:00:00+00:00,1.3444844895045203,1.740198374944986,2.4109331007370387
2023-03-07 00:00:00+00:00,1.3301706375460547,1.7032931687301138,2.334738454554958
2023-03-08 00:00:00+00:00,1.3100496536038904,1.6520876228195673,2.243460666587535
2023-03-09 00:00:00+00:00,1.3096593783822443,1.6508328995064419,2.2386013543308056
2023-03-10 00:00:00+00:00,1.3146250863201256,1.6632368519905947,2.271618685298044
2023-03-11 00:00:00+00:00,1.3146250863201256,1.6632368519905947,2.271618685298044
2023-03-12 00:00:00+00:00,1.3082628679393622,1.64715760852594,2.227803490068282
2023-03-13 00:00:00+00:00,1.2995007109167893,1.6251335620369,2.1684432922306396
2023-03-14 00:00:00+00:00,1.289460227408433,1.6000854896341254,2.1019443528923243
2023-03-15 00:00:00+00:00,1.3270811904452793,1.6941767914902655,2.3529462802958574
2023-03-16 00:00:00+00:00,1.332503685260721,1.7080217090950667,2.3914031255824275
2023-03-17 00:00:00+00:00,1.3583387683056722,1.7740933220868378,2.5754872296565043
2023-03-18 00:00:00+00:00,1.3583387683056722,1.7740933220868378,2.5754872296565043
2023-03-19 00:00:00+00:00,1.3583387683056722,1.7740933220868378,2.5754872296565043
2023-03-20 00:00:00+00:00,1.3973328547221493,1.8769137933746298,2.879658691686528
2023-03-21 00:00:00+00:00,1.3936294123708457,1.866964779424748,2.8491301031113685
2023-03-22 00:00:00+00:00,1.4185580022788096,1.9339831691092766,3.055065596738551
2023-03-23 00:00:00+00:00,1.4354895492200948,1.9801248743835667,3.2006574502582024
2023-03-24 00:00:00+00:00,1.438451698970136,1.9882458708050847,3.2265810739948226
2023-03-25 00:00:00+00:00,1.438451698970136,1.9882458708050847,3.2265810739948226
2023-03-26 00:00:00+00:00,1.4347023248411155,1.9778810074795168,3.1929402931116435
2023-03-27 00:00:00+00:00,1.4142497257359963,1.9218232355987412,3.078271334222596
2023-03-28 00:00:00+00:00,1.546488668040339,2.2937587496129606,4.353831025841862
2023-03-29 00:00:00+00:00,1.6248843800001482,2.53017099299928,5.281082109438682
2023-03-30 00:00:00+00:00,1.6573281878248736,2.6316428311082425,5.708270350859621
2023-03-31 00:00:00+00:00,1.6767061478371648,2.6929750935162757,5.972539592009206
2023-04-01 00:00:00+00:00,1.6767061478371648,2.6929750935162757,5.972539592009206
2023-04-02 00:00:00+00:00,1.6767061478371648,2.6929750935162757,5.972539592009206
2023-04-03 00:00:00+00:00,1.6847696689383804,2.7188298828590116,6.08680192424055
2023-04-04 00:00:00+00:00,1.662454814291243,2.64719038235395,5.895334981791342
2023-04-05 00:00:00+00:00,1.6528042481502532,2.61651103719258,5.759173713604356
2023-04-06 00:00:00+00:00,1.6228573669188,2.535902193350291,5.57464506435173
2023-04-07 00:00:00+00:00,1.6184618830772355,2.5221652903520657,5.514249707859401
2023-04-08 00:00:00+00:00,1.6184618830772355,2.5221652903520657,5.514249707859401
2023-04-09 00:00:00+00:00,1.6184618830772355,2.5221652903520657,5.514249707859401
2023-04-10 00:00:00+00:00,1.5968258145355616,2.4549641040839743,5.3437752076911
2023-04-11 00:00:00+00:00,1.5816319961224168,2.4084110923493953,5.142539320742733
2023-04-12 00:00:00+00:00,1.5895006900423465,2.432262968387862,5.243434087142956
2023-04-13 00:00:00+00:00,1.6388173255647445,2.584411796150665,5.909878038407157
2023-04-14 00:00:00+00:00,1.6171897739205536,2.516559601954739,5.722309450627662
2023-04-15 00:00:00+00:00,1.6171897739205536,2.516559601954739,5.722309450627662
2023-04-16 00:00:00+00:00,1.6171897739205536,2.516559601954739,5.722309450627662
2023-04-17 00:00:00+00:00,1.6280784410530904,2.5503733814898566,5.875386342811207
2023-04-18 00:00:00+00:00,1.6037271210274495,2.4745549171464316,5.650506489802181
2023-04-19 00:00:00+00:00,1.5795986639584416,2.4004650799080034,5.467595797922174
2023-04-20 00:00:00+00:00,1.5676309179736618,2.3641755268486593,5.303049021043945
2023-04-21 00:00:00+00:00,1.5508966456587363,2.313903534574543,5.1338620303591975
2023-04-22 00:00:00+00:00,1.5508966456587363,2.313903534574543,5.1338620303591975
2023-04-23 00:00:00+00:00,1.5508966456587363,2.313903534574543,5.1338620303591975
2023-04-24 00:00:00+00:00,1.538651147425524,2.2774085765521863,4.9723281390431895
2023-04-25 00:00:00+00:00,1.5221261560968484,2.2286877407159236,4.813581012986227
2023-04-26 00:00:00+00:00,1.5681379686919363,2.363889262269959,4.661035161172777
2023-04-27 00:00:00+00:00,1.612925050183762,2.499757044999982,5.203453009600808
2023-04-28 00:00:00+00:00,1.622649663871112,2.529785527010972,5.327502569663633
2023-04-29 00:00:00+00:00,1.622649663871112,2.529785527010972,5.327502569663633
2023-04-30 00:00:00+00:00,1.622649663871112,2.529785527010972,5.327502569663633
2023-05-01 00:00:00+00:00,1.6139427057985687,2.502672947867289,5.213616838120005
2023-05-02 00:00:00+00:00,1.6120959356802653,2.496762550287866,5.187486572581271
2023-05-03 00:00:00+00:00,1.5966628103730018,2.449069133732194,4.99023453124461
2023-05-04 00:00:00+00:00,1.6399923661124376,2.5821167956160678,4.833560703566965
2023-05-05 00:00:00+00:00,1.6514656031036994,2.6178995545403594,4.964953029404021
2023-05-06 00:00:00+00:00,1.6514656031036994,2.6178995545403594,4.964953029404021
2023-05-07 00:00:00+00:00,1.6514656031036994,2.6178995545403594,4.964953029404021
2023-05-08 00:00:00+00:00,1.6425123100004815,2.589552650728431,4.85772356251934
2023-05-09 00:00:00+00:00,1.6183124588076867,2.5137077651954245,4.681598034353652
2023-05-10 00:00:00+00:00,1.6306442205980665,2.5518761911758285,4.822718224404588
2023-05-11 00:00:00+00:00,1.617526221119066,2.510928566142886,4.6687789913288915
2023-05-12 00:00:00+00:00,1.5974863327382536,2.4490186105910667,4.51915614989224
2023-05-13 00:00:00+00:00,1.5974863327382536,2.4490186105910667,4.51915614989224
2023-05-14 00:00:00+00:00,1.5974863327382536,2.4490186105910667,4.51915614989224
2023-05-15 00:00:00+00:00,1.5938197223562167,2.437753098187567,4.47740848954121
2023-05-16 00:00:00+00:00,1.6592915366488543,2.6403785286852193,4.3441008891556345
2023-05-17 00:00:00+00:00,1.6668340758096218,2.6640115808213034,4.419442737629905
2023-05-18 00:00:00+00:00,1.7068663578757954,2.7925545053031393,4.849782340862056
2023-05-19 00:00:00+00:00,1.6931084646826726,2.7476580026642,4.694680543878292
2023-05-20 00:00:00+00:00,1.6931084646826726,2.7476580026642,4.694680543878292
2023-05-21 00:00:00+00:00,1.6931084646826726,2.7476580026642,4.694680543878292
2023-05-22 00:00:00+00:00,1.6931084646826726,2.7476580026642,4.694680543878292
2023-05-23 00:00:00+00:00,1.6656653040994769,2.6591889893481904,4.5433431070499966
2023-05-24 00:00:00+00:00,1.7166002763194768,2.8220535483317497,4.395311328494952
2023-05-25 00:00:00+00:00,1.7485356840201662,2.925986156522019,4.712451840223644
2023-05-26 00:00:00+00:00,1.8410941342403948,3.2394874987841664,5.746289535342475
2023-05-27 00:00:00+00:00,1.8410941342403948,3.2394874987841664,5.746289535342475
2023-05-28 00:00:00+00:00,1.8410941342403948,3.2394874987841664,5.746289535342475
2023-05-29 00:00:00+00:00,1.855385291034315,3.2897854856851763,5.924772838857842
2023-05-30 00:00:00+00:00,1.8846615469122328,3.3938589521010605,6.301460241484914
2023-05-31 00:00:00+00:00,1.8394591446409263,3.2852811256466965,6.1016242819313
2023-06-01 00:00:00+00:00,1.9059319440769351,3.525468174992436,7.014448428307675
2023-06-02 00:00:00+00:00,1.9007263855929368,3.5062103721884794,6.9378158462471875
2023-06-03 00:00:00+00:00,1.9007263855929368,3.5062103721884794,6.9378158462471875
2023-06-04 00:00:00+00:00,1.9063356971107663,3.5269050143776175,7.019713736716663
2023-06-05 00:00:00+00:00,1.8961265467651447,3.48917989817902,6.869946409450474
2023-06-06 00:00:00+00:00,1.8703137276615274,3.3946990345435095,6.6470258487441365
2023-06-07 00:00:00+00:00,1.8585107887080323,3.351820203527158,6.478866488775859
2023-06-08 00:00:00+00:00,1.8989763315745691,3.4986504468223196,7.053215068966093
2023-06-09 00:00:00+00:00,1.8887576584061505,3.4610477247528935,6.9020118524610155
2023-06-10 00:00:00+00:00,1.8887576584061505,3.4610477247528935,6.9020118524610155
2023-06-11 00:00:00+00:00,1.8887576584061505,3.4610477247528935,6.9020118524610155
2023-06-12 00:00:00+00:00,1.912056057226773,3.5465204658636513,7.243576174751646
2023-06-13 00:00:00+00:00,1.9068245994735402,3.527113637368203,7.1643013802762185
2023-06-14 00:00:00+00:00,1.8988379682595253,3.497596338264659,7.044625034729994
2023-06-15 00:00:00+00:00,1.926531040210796,3.5998112475351927,7.457902434857561
2023-06-16 00:00:00+00:00,1.929043373765583,3.6092000675430884,7.4968049765645866
2023-06-17 00:00:00+00:00,1.929043373765583,3.6092000675430884,7.4968049765645866
2023-06-18 00:00:00+00:00,1.9239174200806513,3.5900189618847285,7.417121387035291
2023-06-19 00:00:00+00:00,1.9082498656405593,3.5317069318065077,7.177482740061636
2023-06-20 00:00:00+00:00,1.8863392637271945,3.45091693588381,6.936008248103117
2023-06-21 00:00:00+00:00,1.879641412455257,3.4264258789685726,6.837682611689665
2023-06-22 00:00:00+00:00,1.8887394430671272,3.4591512537994196,6.964727558763742
2023-06-23 00:00:00+00:00,1.8547351536848227,3.34887510926052,6.74334928881491
2023-06-24 00:00:00+00:00,1.8547351536848227,3.34887510926052,6.74334928881491
2023-06-25 00:00:00+00:00,1.8547351536848227,3.34887510926052,6.74334928881491
2023-06-26 00:00:00+00:00,1.8860421120277684,3.4618175950098498,6.529365596454587
2023-06-27 00:00:00+00:00,1.9485560836078715,3.6942574204992726,7.428870852445396
2023-06-28 00:00:00+00:00,1.9273155311208476,3.614050300235031,7.1845617852858865
2023-06-29 00:00:00+00:00,1.978149619953501,3.805405929553568,7.9508661373540646
2023-06-30 00:00:00+00:00,2.0208200639995186,3.9704521597834597,8.647854972452468
2023-07-01 00:00:00+00:00,2.0208200639995186,3.9704521597834597,8.647854972452468
2023-07-02 00:00:00+00:00,2.0208200639995186,3.9704521597834597,8.647854972452468
2023-07-03 00:00:00+00:00,2.0097173538662476,3.9268836425719496,8.458589390146523
2023-07-04 00:00:00+00:00,2.0097173538662476,3.9268836425719496,8.458589390146523
2023-07-05 00:00:00+00:00,1.9874687510385656,3.840300289209397,8.178817279691284
2023-07-06 00:00:00+00:00,1.958622483145484,3.7294886810461265,7.9120197091602185
2023-07-07 00:00:00+00:00,1.9549967738757719,3.715542617563892,7.851680433201322
2023-07-08 00:00:00+00:00,1.9549967738757719,3.715542617563892,7.851680433201322
2023-07-09 00:00:00+00:00,1.9497841000321123,3.695728864337916,7.767939631641263
2023-07-10 00:00:00+00:00,1.984925705663457,3.8269043196222463,8.302435449854208
2023-07-11 00:00:00+00:00,1.9742414411630436,3.7857617305511555,8.124400845491445
2023-07-12 00:00:00+00:00,2.027575323265809,3.9921087617893622,9.025672752407447
2023-07-13 00:00:00+00:00,2.0808824181639642,4.203241691014176,9.991392427488423
2023-07-14 00:00:00+00:00,2.0785699220137035,4.19375689989789,9.944952621513249
2023-07-15 00:00:00+00:00,2.0785699220137035,4.19375689989789,9.944952621513249
2023-07-16 00:00:00+00:00,2.098786516242228,4.2753355666921955,10.331859156899379
2023-07-17 00:00:00+00:00,2.1148910052187473,4.340547811734268,10.643145081064453
2023-07-18 00:00:00+00:00,2.1144357690338786,4.3385011107160985,10.631370955710715
2023-07-19 00:00:00+00:00,2.108784942383108,4.315311834352282,10.517721659363046
2023-07-20 00:00:00+00:00,2.086090040421493,4.185117123702759,10.17305613092619
2023-07-21 00:00:00+00:00,2.0820299999628853,4.168826604581339,10.093859128536204
2023-07-22 00:00:00+00:00,2.0820299999628853,4.168826604581339,10.093859128536204
2023-07-23 00:00:00+00:00,2.0820299999628853,4.168826604581339,10.093859128536204
2023-07-24 00:00:00+00:00,2.0740142619426973,4.13646441284704,9.93465620509148
2023-07-25 00:00:00+00:00,2.0515392125350194,4.04718012632736,9.612159679577335
2023-07-26 00:00:00+00:00,2.0443490542630185,4.0186014400157335,9.266732793423621
2023-07-27 00:00:00+00:00,2.133079024974843,4.373217847916057,10.956792765148743
2023-07-28 00:00:00+00:00,2.1251129156331126,4.340441520524255,10.791449317093642
2023-07-29 00:00:00+00:00,2.1251129156331126,4.340441520524255,10.791449317093642
2023-07-30 00:00:00+00:00,2.1194923282583717,4.317481958581362,10.677282614062253
2023-07-31 00:00:00+00:00,2.111715540861905,4.285821738188018,10.520916188537218
2023-08-01 00:00:00+00:00,2.083139160982043,4.170457151707426,10.178612155437982
2023-08-02 00:00:00+00:00,2.033413048456443,4.0378558661782185,9.850033609961981
2023-08-03 00:00:00+00:00,1.9994163954241762,3.9037355406911365,9.512555420539318
2023-08-04 00:00:00+00:00,1.980610908059655,3.830560820637968,9.158440096404183
2023-08-05 00:00:00+00:00,1.980610908059655,3.830560820637968,9.158440096404183
2023-08-06 00:00:00+00:00,1.9754198837433152,3.8104816276129934,9.062425911999332
2023-08-07 00:00:00+00:00,1.9583010957446074,3.7446436282595217,8.751200349002783
2023-08-08 00:00:00+00:00,1.9370033757915814,3.6634783273875144,8.473435298516614
2023-08-09 00:00:00+00:00,1.9084316756168338,3.5560392198453057,8.202128606045124
2023-08-10 00:00:00+00:00,1.8843711887312316,3.46679096105927,7.876741091826565
2023-08-11 00:00:00+00:00,1.8447803388011388,3.3578239270967645,7.6270477225077995
2023-08-12 00:00:00+00:00,1.8447803388011388,3.3578239270967645,7.6270477225077995
2023-08-13 00:00:00+00:00,1.8447803388011388,3.3578239270967645,7.6270477225077995
2023-08-14 00:00:00+00:00,1.8387365032509448,3.335734130031212,7.525904793284926
2023-08-15 00:00:00+00:00,1.81928683766128,3.2654457690195713,7.289042982343671
2023-08-16 00:00:00+00:00,1.7858118944762489,3.161434223891675,7.0540048614459225
2023-08-17 00:00:00+00:00,1.7611377878146552,3.0745808015289757,6.805689358524788
2023-08-18 00:00:00+00:00,1.7549453454343347,3.05282612240583,6.589192262444066
2023-08-19 00:00:00+00:00,1.7549453454343347,3.05282612240583,6.589192262444066
2023-08-20 00:00:00+00:00,1.75030354115519,3.0366767632302474,6.519479001186122
2023-08-21 00:00:00+00:00,1.7508364293655294,3.038352876296093,6.525197872157529
2023-08-22 00:00:00+00:00,1.7513885236425308,3.040245928127078,6.533130425146079
2023-08-23 00:00:00+00:00,1.7539547021550732,3.0490273423082623,6.56977603609522
2023-08-24 00:00:00+00:00,1.7402032108325147,3.0013421598163577,6.365357099166614
2023-08-25 00:00:00+00:00,1.7806238887859727,3.1410278536501464,6.959900325486479
2023-08-26 00:00:00+00:00,1.7806238887859727,3.1410278536501464,6.959900325486479
2023-08-27 00:00:00+00:00,1.7806238887859727,3.1410278536501464,6.959900325486479
2023-08-28 00:00:00+00:00,1.8112730537767423,3.248824528656522,7.43465399795598
2023-08-29 00:00:00+00:00,1.8900530439192067,3.535265755126086,8.781057280795222
2023-08-30 00:00:00+00:00,1.8747648873805312,3.478228644510584,8.499246414179447
2023-08-31 00:00:00+00:00,1.8789344607660103,3.493671284220349,8.574434058169642
2023-09-01 00:00:00+00:00,1.874065184503827,3.475542681569159,8.485245998114024
2023-09-02 00:00:00+00:00,1.874065184503827,3.475542681569159,8.485245998114024
2023-09-03 00:00:00+00:00,1.874065184503827,3.475542681569159,8.485245998114024
2023-09-04 00:00:00+00:00,1.8584276908151955,3.4177034340511385,8.204401333405464
2023-09-05 00:00:00+00:00,1.8126877195105162,3.304480593783597,7.935100176051644
2023-09-06 00:00:00+00:00,1.7926669428935462,3.231789054216331,7.673185322766605
2023-09-07 00:00:00+00:00,1.77248442928132,3.1593360829421915,7.410979918149807
2023-09-08 00:00:00+00:00,1.7683488683094217,3.144480107840586,7.340229169056736
2023-09-09 00:00:00+00:00,1.7683488683094217,3.144480107840586,7.340229169056736
2023-09-10 00:00:00+00:00,1.774100645133612,3.164935740925811,7.435729238698966
2023-09-11 00:00:00+00:00,1.7649354431187838,3.1322826041606096,7.28274579151467
2023-09-12 00:00:00+00:00,1.7314203095084097,3.0312486077353826,7.043007491247411
2023-09-13 00:00:00+00:00,1.685093131395734,2.9322628522817165,6.813723276014278
2023-09-14 00:00:00+00:00,1.6877491420404742,2.941169266953363,6.593003296456792
2023-09-15 00:00:00+00:00,1.673862167111783,2.892901810267969,6.377797636055892
2023-09-16 00:00:00+00:00,1.673862167111783,2.892901810267969,6.377797636055892
2023-09-17 00:00:00+00:00,1.664911212605762,2.862003779408649,6.241925499223921
2023-09-18 00:00:00+00:00,1.6378046166423783,2.7694444880748055,6.036718643483977
2023-09-19 00:00:00+00:00,1.6341320811265652,2.7569029267117307,5.856584181386684
2023-09-20 00:00:00+00:00,1.6279171547511613,2.735930158253879,5.767456209309096
2023-09-21 00:00:00+00:00,1.6191419046332058,2.7064740772321874,5.64360296384562
2023-09-22 00:00:00+00:00,1.624592805588425,2.724666939312405,5.719221375057821
2023-09-23 00:00:00+00:00,1.624592805588425,2.724666939312405,5.719221375057821
2023-09-24 00:00:00+00:00,1.6201871467407187,2.7098891402640013,5.657182596684956
2023-09-25 00:00:00+00:00,1.5982517221287138,2.6369099647969745,5.470392835419987
2023-09-26 00:00:00+00:00,1.590225481109599,2.6102725117721306,5.2985144231736365
2023-09-27 00:00:00+00:00,1.5948413697867267,2.625352391549872,5.359137201486953
2023-09-28 00:00:00+00:00,1.589587927662708,2.6080384766117866,5.288306296660945
2023-09-29 00:00:00+00:00,1.5753298205198623,2.561407150491824,5.124010474833229
2023-09-30 00:00:00+00:00,1.5753298205198623,2.561407150491824,5.124010474833229
2023-10-01 00:00:00+00:00,1.5753298205198623,2.561407150491824,5.124010474833229
2023-10-02 00:00:00+00:00,1.5606337139253648,2.513781798103209,4.934778214567413
2023-10-03 00:00:00+00:00,1.540527306209519,2.4493437754427734,4.7844273265284825
2023-10-04 00:00:00+00:00,1.5406772644441493,2.4493762594286443,4.634584467467344
2023-10-05 00:00:00+00:00,1.5275795845568334,2.407857062957641,4.496777068800806
2023-10-06 00:00:00+00:00,1.5537024371220092,2.4900254606271854,4.802215617056539
2023-10-07 00:00:00+00:00,1.5537024371220092,2.4900254606271854,4.802215617056539
2023-10-08 00:00:00+00:00,1.5537024371220092,2.4900254606271854,4.802215617056539
2023-10-09 00:00:00+00:00,1.6138115134234594,2.685030271684006,5.572623800020236
2023-10-10 00:00:00+00:00,1.6138115134234594,2.685030271684006,5.572623800020236
2023-10-11 00:00:00+00:00,1.6303174363459272,2.7399752633967305,5.800843432066431
2023-10-12 00:00:00+00:00,1.6174266881189752,2.6967603631937735,5.618828579995047
2023-10-13 00:00:00+00:00,1.6103251069358446,2.6730049228518635,5.443991983136196
2023-10-14 00:00:00+00:00,1.6103251069358446,2.6730049228518635,5.443991983136196
2023-10-15 00:00:00+00:00,1.6060891227364564,2.6589421642581867,5.386709974868831
2023-10-16 00:00:00+00:00,1.5807635537312728,2.575639658801516,5.2175329712480165
2023-10-17 00:00:00+00:00,1.553241228792095,2.486619134350889,5.0494511162507845
2023-10-18 00:00:00+00:00,1.5440884849969774,2.4571807187790458,4.928854111449456
2023-10-19 00:00:00+00:00,1.5296475699601348,2.4113132327611098,4.772716833477324
2023-10-20 00:00:00+00:00,1.501599594735147,2.335795543394627,4.622400969522716
2023-10-21 00:00:00+00:00,1.501599594735147,2.335795543394627,4.622400969522716
2023-10-22 00:00:00+00:00,1.4976624555316103,2.323546802468498,4.573921904569894
2023-10-23 00:00:00+00:00,1.4669205295393883,2.2505192007195705,4.430544508852327
2023-10-24 00:00:00+00:00,1.4677728181780796,2.253091357154537,4.4403345385298065
2023-10-25 00:00:00+00:00,1.4448138474170418,2.1830659636321013,4.301145763776077
2023-10-26 00:00:00+00:00,1.4296587824151754,2.137425433043707,4.166459397027341
2023-10-27 00:00:00+00:00,1.4613136198459924,2.231622574462216,4.5301304530779705
2023-10-28 00:00:00+00:00,1.4613136198459924,2.231622574462216,4.5301304530779705
2023-10-29 00:00:00+00:00,1.4740085194748815,2.2703962151203334,4.6875492319809124
2023-10-30 00:00:00+00:00,1.4754298298423785,2.274774982455532,4.705632987445626
2023-10-31 00:00:00+00:00,1.456942260361128,2.218053093877373,4.557905240875364
2023-11-01 00:00:00+00:00,1.505041667494938,2.364864906632523,5.164222549948697
2023-11-02 00:00:00+00:00,1.5778028528975185,2.5966321210299066,6.203931572500598
2023-11-03 00:00:00+00:00,1.589459862327255,2.6350006219675435,6.387273334646029
2023-11-04 00:00:00+00:00,1.589459862327255,2.6350006219675435,6.387273334646029
2023-11-05 00:00:00+00:00,1.589459862327255,2.6350006219675435,6.387273334646029
2023-11-06 00:00:00+00:00,1.6189457223212556,2.7331972285628567,6.867536184640597
2023-11-07 00:00:00+00:00,1.6360522435585998,2.7911126549296355,7.160137987157092
2023-11-08 00:00:00+00:00,1.6416765203211054,2.8102901069992643,7.258401202398713
2023-11-09 00:00:00+00:00,1.7067894505497192,3.0344469195880253,8.428635629313403
2023-11-10 00:00:00+00:00,1.690066486671984,2.975150748001771,8.15230726288203
2023-11-11 00:00:00+00:00,1.690066486671984,2.975150748001771,8.15230726288203
2023-11-12 00:00:00+00:00,1.690066486671984,2.975150748001771,8.15230726288203
2023-11-13 00:00:00+00:00,1.6818141118399719,2.946131375180918,7.993658951089117
2023-11-14 00:00:00+00:00,1.7214746939353338,3.085414034644601,8.75300554170635
2023-11-15 00:00:00+00:00,1.7187104114701812,3.0754874860580967,8.696483999173504
2023-11-16 00:00:00+00:00,1.7050506161596677,3.0264513633143024,8.41757708544344
2023-11-17 00:00:00+00:00,1.6956724222754058,2.993204828223098,8.233148246344584
2023-11-18 00:00:00+00:00,1.6956724222754058,2.993204828223098,8.233148246344584
2023-11-19 00:00:00+00:00,1.7156851388093213,3.063857813986462,8.621826294937716
2023-11-20 00:00:00+00:00,1.7635532518339927,3.2357084518223624,9.59885426466727
2023-11-21 00:00:00+00:00,1.7875225527179708,3.32360162855054,10.119483914631012
2023-11-22 00:00:00+00:00,1.7825219572852726,3.305006073379986,10.00624686491027
2023-11-23 00:00:00+00:00,1.7825219572852726,3.305006073379986,10.00624686491027
2023-11-24 00:00:00+00:00,1.7855810884394783,3.3159172297571176,10.067132028152171
2023-11-25 00:00:00+00:00,1.7855810884394783,3.3159172297571176,10.067132028152171
2023-11-26 00:00:00+00:00,1.780693691516436,3.2977649276626306,9.956911169706022
2023-11-27 00:00:00+00:00,1.7715447761551044,3.26371409473711,9.749367134598343
2023-11-28 00:00:00+00:00,1.7807735589165765,3.297372654357186,9.946345225708544
2023-11-29 00:00:00+00:00,1.775163737172465,3.27658442366226,9.82077303276373
2023-11-30 00:00:00+00:00,1.7366609603137826,3.169618377935848,9.501747893042593
2023-12-01 00:00:00+00:00,1.7265346945515943,3.1324400129851444,9.213428295872077
2023-12-02 00:00:00+00:00,1.7265346945515943,3.1324400129851444,9.213428295872077
2023-12-03 00:00:00+00:00,1.7265346945515943,3.1324400129851444,9.213428295872077
2023-12-04 00:00:00+00:00,1.7096613101511853,3.0714158294230494,8.856822003420383
2023-12-05 00:00:00+00:00,1.6937029256303429,3.0142174349935664,8.570779123288382
2023-12-06 00:00:00+00:00,1.6883863961575838,2.995063888111104,8.296349700533844
2023-12-07 00:00:00+00:00,1.7461739414277666,3.2018520191311706,9.46136071810681
2023-12-08 00:00:00+00:00,1.7226325412195467,3.1159873701302025,9.158289548323053
2023-12-09 00:00:00+00:00,1.7226325412195467,3.1159873701302025,9.158289548323053
2023-12-10 00:00:00+00:00,1.7226325412195467,3.1159873701302025,9.158289548323053
2023-12-11 00:00:00+00:00,1.742437846224847,3.1876371024804375,9.57946519313697
2023-12-12 00:00:00+00:00,1.7626526745038325,3.2615996105629765,10.02400843880472
2023-12-13 00:00:00+00:00,1.752797170439102,3.225177581471066,9.800761691411882
2023-12-14 00:00:00+00:00,1.7585870063135098,3.2462247649041487,9.925538863298707
2023-12-15 00:00:00+00:00,1.7765589449243533,3.312340606910865,10.326956738674905
2023-12-16 00:00:00+00:00,1.7765589449243533,3.312340606910865,10.326956738674905
2023-12-17 00:00:00+00:00,1.7765589449243533,3.312340606910865,10.326956738674905
2023-12-18 00:00:00+00:00,1.797260357843363,3.3896720133290303,10.810838330493713
2023-12-19 00:00:00+00:00,1.7872812381269714,3.3520827272407354,10.571736132420613
2023-12-20 00:00:00+00:00,1.7934957783260388,3.3752054970964083,10.715205096622329
2023-12-21 00:00:00+00:00,1.8102653691790207,3.438514425058959,11.119609591275077
2023-12-22 00:00:00+00:00,1.8303755854897235,3.5149245694853772,11.613948136565924
2023-12-23 00:00:00+00:00,1.8303755854897235,3.5149245694853772,11.613948136565924
2023-12-24 00:00:00+00:00,1.8303755854897235,3.5149245694853772,11.613948136565924
2023-12-25 00:00:00+00:00,1.8303755854897235,3.5149245694853772,11.613948136565924
2023-12-26 00:00:00+00:00,1.8252146103231204,3.495103021864873,11.482960161432953
2023-12-27 00:00:00+00:00,1.823326031056224,3.4878709762239652,11.435450185214787
2023-12-28 00:00:00+00:00,1.8127353632438732,3.4474118083266987,11.170921922536834
2023-12-29 00:00:00+00:00,1.7842034822382802,3.3395986992598172,10.786687292569347
2023-12-30 00:00:00+00:00,1.7842034822382802,3.3395986992598172,10.786687292569347
2023-12-31 00:00:00+00:00,1.7842034822382802,3.3395986992598172,10.786687292569347
2024-01-01 00:00:00+00:00,1.7792874277609119,3.3211953620826997,10.66780412058028
2024-01-02 00:00:00+00:00,1.7693767954024147,3.2842488981073945,10.431120967123753
2024-01-03 00:00:00+00:00,1.736068067611033,3.1792794044361967,10.09383908535755
2024-01-04 00:00:00+00:00,1.7030445858099634,3.0758147502086186,9.771834028597764
2024-01-05 00:00:00+00:00,1.6664076311775322,2.976135782332636,9.458971432150888
2024-01-06 00:00:00+00:00,1.6664076311775322,2.976135782332636,9.458971432150888
2024-01-07 00:00:00+00:00,1.6619316061159264,2.9601477874396345,9.357343013281001
2024-01-08 00:00:00+00:00,1.704187377110391,3.1114653595614206,10.323879212321295
2024-01-09 00:00:00+00:00,1.6878486461929174,3.0518029228236885,9.990143269926476
2024-01-10 00:00:00+00:00,1.6772593250054078,3.0135392940232753,9.648997295177976
2024-01-11 00:00:00+00:00,1.6630183660631326,2.962408461009862,9.322150178315912
2024-01-12 00:00:00+00:00,1.6587238818944967,2.9468785172575096,9.221552947105545
2024-01-13 00:00:00+00:00,1.6519762084537488,2.9229254162427214,9.071925410834305
2024-01-14 00:00:00+00:00,1.6187542752036017,2.8260642400790768,8.772364331504724
2024-01-15 00:00:00+00:00,1.6028190930146267,2.770630578380824,8.480164214473904
2024-01-16 00:00:00+00:00,1.624505409508937,2.8451832237989625,8.20111542462525
2024-01-17 00:00:00+00:00,1.6317911469009463,2.7530768984480907,7.932445700591718
2024-01-18 00:00:00+00:00,1.657252701236128,2.8387118526011377,8.422517634464624
2024-01-19 00:00:00+00:00,1.6626621451433505,2.8567925862253687,8.524505788599539
2024-01-20 00:00:00+00:00,1.6582890032892623,2.8417646874261284,8.434821006496492
2024-01-21 00:00:00+00:00,1.6582890032892623,2.8417646874261284,8.434821006496492
2024-01-22 00:00:00+00:00,1.647929994597368,2.8063361206858533,8.225397673759463
2024-01-23 00:00:00+00:00,1.6755767240208186,2.900080873754573,8.769811398778813
2024-01-24 00:00:00+00:00,1.668203097305815,2.8743572804265085,8.611881620129674
2024-01-25 00:00:00+00:00,1.6663623494702542,2.867959876851523,8.572898798182347
2024-01-26 00:00:00+00:00,1.6519184943296852,2.818256562540932,8.275970836616912
2024-01-27 00:00:00+00:00,1.6313215148322706,2.748326999492504,7.954383788225075
2024-01-28 00:00:00+00:00,1.6131557352013666,2.6873744852059995,7.686698331252644
2024-01-29 00:00:00+00:00,1.656389744855925,2.8324381469702646,8.528123735544222
2024-01-30 00:00:00+00:00,1.6154283064551906,2.7392013279411387,8.238211679326911
2024-01-31 00:00:00+00:00,1.5675269408991679,2.6508902821215923,7.974653454519604
2024-02-01 00:00:00+00:00,1.647777930385985,2.9273499113392734,9.699793439590346
2024-02-02 00:00:00+00:00,1.6279607359345785,2.8572527519626734,9.394610366712588
2024-02-03 00:00:00+00:00,1.60896475956263,2.7908649865903072,9.075716330515652
2024-02-04 00:00:00+00:00,1.5952158923524293,2.7433040814065297,8.768148819765498
2024-02-05 00:00:00+00:00,1.583940841628271,2.704293520513839,8.47568529679078
2024-02-06 00:00:00+00:00,1.6035110937619563,2.770486810533978,8.19591423364595
2024-02-07 00:00:00+00:00,1.8319729978870114,3.6086109068822023,13.792760105659909
2024-02-08 00:00:00+00:00,1.8407935166305898,3.6431220136098195,14.052930925555708
2024-02-09 00:00:00+00:00,1.8374535162240804,3.62962346837561,13.944545652588381
2024-02-10 00:00:00+00:00,1.8264314269978261,3.5861005275435898,13.476743242190427
2024-02-11 00:00:00+00:00,1.8119126692474905,3.529239283196602,13.051652755972874
2024-02-12 00:00:00+00:00,1.8682114475246483,3.749179558393247,14.686785300696407
2024-02-13 00:00:00+00:00,1.8732087094989096,3.7683156128002375,14.200338499161559
2024-02-14 00:00:00+00:00,1.9353475509629687,4.020516834178503,16.134080272128507
2024-02-15 00:00:00+00:00,1.906949423505237,3.9032467618057916,15.611239288652191
2024-02-16 00:00:00+00:00,1.870767474614365,3.7768831865009,15.09513997307997
2024-02-17 00:00:00+00:00,1.9514959828518428,4.106701784759455,17.793130252606744
2024-02-18 00:00:00+00:00,2.0238968853807857,4.414725833093022,20.5199705873581
2024-02-19 00:00:00+00:00,1.9949562785233448,4.274569644047641,19.866424437351622
2024-02-20 00:00:00+00:00,1.9400812832594143,4.133362072997827,19.197045948521993
2024-02-21 00:00:00+00:00,1.8777628607068975,4.000567427674459,18.577290957520226
2024-02-22 00:00:00+00:00,1.9269158943938896,4.211564262125641,20.565769144875336
2024-02-23 00:00:00+00:00,1.970511034398436,4.40243529397299,22.43549835703162
2024-02-24 00:00:00+00:00,2.046628772175757,4.745249278820599,25.98390844583869
2024-02-25 00:00:00+00:00,2.0377600611924267,4.704159165950119,25.534682911180006
2024-02-26 00:00:00+00:00,2.2737700586696312,5.842984404612294,39.03618967668736
2024-02-27 00:00:00+00:00,2.2540386881813728,5.741899500314465,37.772813059507946
2024-02-28 00:00:00+00:00,2.2163712902967836,5.551348900550285,36.54803561664098
2024-02-29 00:00:00+00:00,2.225293491193938,5.594314778840862,35.36947624066351
2024-03-01 00:00:00+00:00,2.249952190505477,5.717939545705677,36.923522531438536
2024-03-02 00:00:00+00:00,2.231592107521946,5.6248748911226265,35.72815121280126
2024-03-03 00:00:00+00:00,2.2501519504733163,5.718423325686694,36.916124309259374
2024-03-04 00:00:00+00:00,2.2514440048467765,5.7246042777816655,36.98601056560032
2024-03-05 00:00:00+00:00,2.272482620936812,5.5414498631529145,35.79036760627788
2024-03-06 00:00:00+00:00,2.2465740966529535,5.415547054521646,34.49932277132424
2024-03-07 00:00:00+00:00,2.2855020661426284,5.6032091393780235,36.88916322509274
2024-03-08 00:00:00+00:00,2.2397574793676878,5.4285226173971015,35.72377697607494
2024-03-09 00:00:00+00:00,2.22743008460866,5.368850267219245,34.940602812454564
2024-03-10 00:00:00+00:00,2.1993572313616183,5.234197253892417,33.775902102398156
2024-03-11 00:00:00+00:00,2.1612215112779647,5.05402767672334,32.51460652432826
2024-03-12 00:00:00+00:00,2.1015203688572104,4.892523153801156,31.476673316950595
2024-03-13 00:00:00+00:00,2.0599109302036753,4.7415196363355285,30.467381331393018
2024-03-14 00:00:00+00:00,2.0228202804747983,4.596285066540287,29.468013988356372
2024-03-15 00:00:00+00:00,2.0493172908019845,4.716904755350413,31.019778527235495
2024-03-16 00:00:00+00:00,2.041367842050681,4.680342132537047,30.539721537382295
2024-03-17 00:00:00+00:00,2.061347151815851,4.771816424884195,31.729670113517052
2024-03-18 00:00:00+00:00,2.0899466706585446,4.903216528721308,33.4500494794324
2024-03-19 00:00:00+00:00,2.239000972697339,5.617835006872022,43.62212531240104
2024-03-20 00:00:00+00:00,2.335263315393677,6.105543553067299,51.33735923280953
2024-03-21 00:00:00+00:00,2.2979562641748497,5.911766753964471,49.74716110865395
2024-03-22 00:00:00+00:00,2.261645862712948,5.726172412900626,48.22711423411614
2024-03-23 00:00:00+00:00,2.2773523500947785,5.805470040546832,49.55488517132801
2024-03-24 00:00:00+00:00,2.2650045894945956,5.7426013130156806,48.48452493549696
2024-03-25 00:00:00+00:00,2.2489616068758194,5.660556986958415,46.911179783238076
2024-03-26 00:00:00+00:00,2.21565351563479,5.493881430413036,45.25772821520483
2024-03-27 00:00:00+00:00,2.236478192706671,5.596902678995414,46.94656070409645
2024-03-28 00:00:00+00:00,2.2201417321364714,5.515335305702738,45.58483097268078
2024-03-29 00:00:00+00:00,2.226485962716852,5.546680469225234,46.09715949204429
2024-03-30 00:00:00+00:00,2.2323044686451308,5.575549003079791,46.57294649503086
2024-03-31 00:00:00+00:00,2.2446918402554816,5.63625178540629,47.54821450827357
2024-04-01 00:00:00+00:00,2.2338967833985306,5.580289307398143,46.084142285763654
2024-04-02 00:00:00+00:00,2.2119187103888196,5.4708158686356025,44.28687986154824
2024-04-03 00:00:00+00:00,2.1771288377683202,5.299844380169512,42.86009441746755
2024-04-04 00:00:00+00:00,2.1700727832881728,5.2652850652316845,42.2945448315072
2024-04-05 00:00:00+00:00,2.1193216241853516,5.098620915451923,40.9379462774985
2024-04-06 00:00:00+00:00,2.1102918485210536,5.055075175016664,40.235573804969036
2024-04-07 00:00:00+00:00,2.104485633679104,5.027193974339749,39.789705031510266
2024-04-08 00:00:00+00:00,2.1936723279094967,5.456201211846978,46.66939873103772
2024-04-09 00:00:00+00:00,2.1380570012979505,5.266086360778503,45.182922768459115
2024-04-10 00:00:00+00:00,2.1151839427906935,5.153869390973871,43.736995729256485
2024-04-11 00:00:00+00:00,2.137940886257359,5.2647933824405655,45.62028095395004
2024-04-12 00:00:00+00:00,2.1144900115316925,5.0951417092781135,44.17121206168236
2024-04-13 00:00:00+00:00,2.125518971150376,5.148148179502923,45.085220827921994
2024-04-14 00:00:00+00:00,2.115221168413871,5.098284071275772,44.21256427254952
2024-04-15 00:00:00+00:00,2.1007764668567734,5.028510061556831,42.99773135501473
2024-04-16 00:00:00+00:00,2.0770195917545085,4.915279630661829,41.51467686822507
2024-04-17 00:00:00+00:00,2.0384045273205555,4.747563352520357,39.96178723712578
2024-04-18 00:00:00+00:00,2.002564387739735,4.6061921277425695,38.41251636964684
2024-04-19 00:00:00+00:00,1.9683249314981248,4.449827830591176,37.09265245249873
2024-04-20 00:00:00+00:00,1.9629321985717536,4.425444932549593,36.686152966553
2024-04-21 00:00:00+00:00,1.9534665292538362,4.381838479956516,35.53227361546555
2024-04-22 00:00:00+00:00,1.9445250224136352,4.340435380494549,34.8207317340643
2024-04-23 00:00:00+00:00,1.9516592834180413,4.371997131308297,35.31782396086403
2024-04-24 00:00:00+00:00,1.8889353661521116,4.220564985900568,34.132647870166
2024-04-25 00:00:00+00:00,1.9453471233108786,4.472875160642313,32.86159117328845
2024-04-26 00:00:00+00:00,1.925115112382782,4.380201251804103,31.847617213624627
2024-04-27 00:00:00+00:00,1.9144969734534938,4.331949298116589,31.147898383871624
2024-04-28 00:00:00+00:00,1.8844245394419716,4.196736142928247,29.88703092874588
2024-04-29 00:00:00+00:00,1.86732305656992,4.120816367976918,28.9430529380475
2024-04-30 00:00:00+00:00,1.8607345969762934,4.091439056847736,28.522134061931087
2024-05-01 00:00:00+00:00,1.809679838536015,3.968996544947744,27.61743964171691
2024-05-02 00:00:00+00:00,1.9038189964750758,4.388748325085273,33.651227477015226
2024-05-03 00:00:00+00:00,1.9222948739687342,4.473957944414524,34.95868892656388
2024-05-04 00:00:00+00:00,1.9093553128513858,4.413822582781612,34.02191967042677
2024-05-05 00:00:00+00:00,1.9307637707700327,4.513031667354336,35.55836042729379
2024-05-06 00:00:00+00:00,1.9487698983056987,4.596425267909815,36.84760635258374
2024-05-07 00:00:00+00:00,1.9282703809559334,4.5001056280153975,35.648039206385214
2024-05-08 00:00:00+00:00,1.8944320596514894,4.359515799956357,34.49300297031635
2024-05-09 00:00:00+00:00,1.9113793362539617,4.436234364609051,35.66676894117611
2024-05-10 00:00:00+00:00,1.946390857810169,4.599278380010191,38.30530150322376
2024-05-11 00:00:00+00:00,1.941041832118029,4.573999122125002,37.88422257950453
2024-05-12 00:00:00+00:00,1.9302166886297005,4.523052144912097,37.04264271042574
2024-05-13 00:00:00+00:00,1.9144642115477748,4.449428324817863,35.84329968280907
2024-05-14 00:00:00+00:00,1.916897129886193,4.4596141867187145,34.724862462080225
2024-05-15 00:00:00+00:00,2.046512653222192,5.078329310299027,44.863740454032374
2024-05-16 00:00:00+00:00,2.0237028695838,4.96560085632942,43.36600323320552
2024-05-17 00:00:00+00:00,2.001764685970181,4.857744934943287,41.93800035514189
2024-05-18 00:00:00+00:00,1.986342114550522,4.78308474204385,40.65552048965544
2024-05-19 00:00:00+00:00,1.9746329457928362,4.726651669088462,39.05440052255691
2024-05-20 00:00:00+00:00,2.0721246760157324,5.193684714289097,46.77614694575333
2024-05-21 00:00:00+00:00,2.0316249079335877,5.020845299710334,45.288656201874595
2024-05-22 00:00:00+00:00,2.051917413799592,4.871516054383193,43.619951586102054
2024-05-23 00:00:00+00:00,2.04332902641861,4.830250683945035,42.28137521333855
2024-05-24 00:00:00+00:00,2.132409733192753,5.25733706885696,49.96770019219306
2024-05-25 00:00:00+00:00,2.160873713550133,5.398013747639801,52.65399171080393
2024-05-26 00:00:00+00:00,2.190958522653017,5.549044544871527,55.62876716165531
2024-05-27 00:00:00+00:00,2.1692945126200303,5.438811577515254,53.40031300854028
2024-05-28 00:00:00+00:00,2.1263250045055693,5.253655464520024,51.476948701171935
2024-05-29 00:00:00+00:00,2.0630245522245088,5.08333289594973,49.792198936065084
2024-05-30 00:00:00+00:00,2.00545726579399,4.914752131093761,47.94731701702318
2024-05-31 00:00:00+00:00,2.0251966083138546,4.747038268363412,46.40256244364894
2024-06-01 00:00:00+00:00,2.0251966083138546,4.747038268363412,46.40256244364894
2024-06-02 00:00:00+00:00,2.0084019469243115,4.668527023323859,44.903475166523066
2024-06-03 00:00:00+00:00,2.0246413592990042,4.528062740001119,43.15278328820492
2024-06-04 00:00:00+00:00,2.0861716200409552,4.803999650872471,48.4368139095605
2024-06-05 00:00:00+00:00,2.153632996023815,5.116019690034364,54.77987597345871
2024-06-06 00:00:00+00:00,2.1154029890905757,4.949283085465081,53.03268560819702
2024-06-07 00:00:00+00:00,2.109494075707174,4.92119779131206,51.32082519913385
2024-06-08 00:00:00+00:00,2.09722061579502,4.864023952822987,50.132150229233744
2024-06-09 00:00:00+00:00,2.0889312845919745,4.825550495106301,49.33814874049623
2024-06-10 00:00:00+00:00,2.1146253354769855,4.943889067440468,51.74272250688869
2024-06-11 00:00:00+00:00,2.1411547998259004,5.066812988323142,54.26789069829202
2024-06-12 00:00:00+00:00,2.150654596999423,5.1106796459914605,55.16081835555506
2024-06-13 00:00:00+00:00,2.142265399513203,5.070841370814579,54.302267705779855
2024-06-14 00:00:00+00:00,2.218748838287485,5.4363231639732,62.27533468766702
2024-06-15 00:00:00+00:00,2.2135646266561837,5.410810458372895,61.68589355652453
2024-06-16 00:00:00+00:00,2.2076068120837236,5.381684039374764,61.021782626813
2024-06-17 00:00:00+00:00,2.195123982637236,5.320909258816833,59.647470899437266
2024-06-18 00:00:00+00:00,2.1678169108859016,5.150692837193458,57.730608520638825
2024-06-19 00:00:00+00:00,2.178048682265394,5.1991110842056525,58.80689281849537
2024-06-20 00:00:00+00:00,2.159232585177199,5.109458437898271,56.78687801346131
2024-06-21 00:00:00+00:00,2.1072553660956745,4.945567817340087,54.92525045312866
2024-06-22 00:00:00+00:00,2.1072553660956745,4.945567817340087,54.92525045312866
2024-06-23 00:00:00+00:00,2.1918555856947264,5.347489098052479,64.0683583048962
2024-06-24 00:00:00+00:00,2.1517874432135775,5.181132912984227,62.11366693504961
2024-06-25 00:00:00+00:00,2.1307043168407045,5.0794792369883135,60.19258647975167
2024-06-26 00:00:00+00:00,2.1096656017589193,4.979537757774696,58.255495633835785
2024-06-27 00:00:00+00:00,2.1257249247896577,5.055289070918058,60.02494136683974
2024-06-28 00:00:00+00:00,2.1240487309752343,5.046701067434435,59.792242216648184
2024-06-29 00:00:00+00:00,2.12574707345333,5.0546868598087755,59.97745433458705
2024-06-30 00:00:00+00:00,2.0972150086013315,4.9197258416766285,58.117618709272286
2024-07-01 00:00:00+00:00,2.0464073353240395,4.76197344902131,56.260375630590616
2024-07-02 00:00:00+00:00,2.173212249285783,5.362451261100453,54.586659330206196
2024-07-03 00:00:00+00:00,2.2147576418078376,5.568503727681952,58.823247649874084
2024-07-04 00:00:00+00:00,2.284427399302703,5.921202247034852,66.37455197083605
2024-07-05 00:00:00+00:00,2.2457639113330496,5.745326605107881,63.961315048962135
2024-07-06 00:00:00+00:00,2.237894881442871,5.705036798903428,63.06304936881965
2024-07-07 00:00:00+00:00,2.237894881442871,5.705036798903428,63.06304936881965
2024-07-08 00:00:00+00:00,2.2720094538886872,5.879318295979893,66.93090430199412
2024-07-09 00:00:00+00:00,2.323051726669078,6.1440443353259395,72.98241676969285
2024-07-10 00:00:00+00:00,2.3482295319002247,6.276054824386822,76.06313940827599
2024-07-11 00:00:00+00:00,2.346711910986604,6.267641745384853,75.84468515001618
2024-07-12 00:00:00+00:00,2.293187095090836,6.065367770211211,73.37276543091683
2024-07-13 00:00:00+00:00,2.336037202897538,6.290518229940582,78.746712224338
2024-07-14 00:00:00+00:00,2.323242396024619,6.221704612834801,77.02858270604544
2024-07-15 00:00:00+00:00,2.322821874836223,6.21901495891831,76.94054700545561
2024-07-16 00:00:00+00:00,2.2623881934750454,6.012545505306329,74.45900371335567
2024-07-17 00:00:00+00:00,2.2061548562780358,5.819725061223448,72.06301197571999
2024-07-18 00:00:00+00:00,2.143341770784218,5.6406056354107115,69.71266123854369
2024-07-19 00:00:00+00:00,2.1436996764799567,5.641960545400634,69.72016788736215
2024-07-20 00:00:00+00:00,2.1203002017857333,5.519318617049221,67.49451125327639
2024-07-21 00:00:00+00:00,2.104588368582883,5.4376982415551325,65.50698008341276
2024-07-22 00:00:00+00:00,2.113371359242445,5.482830881111418,66.58210558490019
2024-07-23 00:00:00+00:00,2.0502805858446522,5.297948818061982,64.44390507350278
2024-07-24 00:00:00+00:00,2.017628070463815,5.130322567779889,62.41727300801339
2024-07-25 00:00:00+00:00,2.0260211686625405,5.1723668071578865,60.43541354978546
2024-07-26 00:00:00+00:00,2.007780576844019,5.079462147770043,58.275178428502755
2024-07-27 00:00:00+00:00,1.9911858030747165,4.99572815798913,56.36447933919301
2024-07-28 00:00:00+00:00,1.9969946663181466,5.02471668312361,57.01141215608921
2024-07-29 00:00:00+00:00,1.9812374399930825,4.945203267991914,55.197750922221616
2024-07-30 00:00:00+00:00,1.9635287690327294,4.856892660204629,53.23063589967337
2024-07-31 00:00:00+00:00,1.9985079353351884,5.029991978801164,57.026018602810424
2024-08-01 00:00:00+00:00,2.009638173547734,5.084841222596238,55.279580517633796
2024-08-02 00:00:00+00:00,1.9735783033942573,4.929136719058374,53.58422584793903
2024-08-03 00:00:00+00:00,1.9752618827202295,4.937303102052769,53.75125069856572
2024-08-04 00:00:00+00:00,1.9498709042427005,4.811024435550418,52.10815790219021
2024-08-05 00:00:00+00:00,1.9465570059462345,4.794272091848408,51.728149673788586
2024-08-06 00:00:00+00:00,1.939955042816209,4.761663908384778,51.02075721430976
2024-08-07 00:00:00+00:00,1.9374244782515706,4.612356638581683,49.37145634298865
2024-08-08 00:00:00+00:00,1.9923493574416897,4.875351785646733,55.06381485642029
2024-08-09 00:00:00+00:00,1.986805450414835,4.848223371699804,54.45119548968371
2024-08-10 00:00:00+00:00,1.981282296748584,4.8212711729333355,53.84592628414675
2024-08-11 00:00:00+00:00,1.970222183316311,4.76751891622843,52.64863648750299
2024-08-12 00:00:00+00:00,1.956986505395475,4.702968827634887,51.00611870841848
2024-08-13 00:00:00+00:00,1.9774745626424166,4.800769646872013,53.09830120142723
2024-08-14 00:00:00+00:00,1.9701104725395426,4.765039817730208,52.30908903861064
2024-08-15 00:00:00+00:00,1.9747131592134048,4.786991978884249,52.777397122476
2024-08-16 00:00:00+00:00,1.9563049788393825,4.698013327125826,51.092786254600945
2024-08-17 00:00:00+00:00,1.9507784370087122,4.671469646611543,50.51543983155177
2024-08-18 00:00:00+00:00,1.9392242385802685,4.616220856013394,49.32437436216742
2024-08-19 00:00:00+00:00,1.9432951489798502,4.634774867274343,47.75790228993158
2024-08-20 00:00:00+00:00,1.9118223986698615,4.4856649783809415,46.26065495303092
2024-08-21 00:00:00+00:00,1.9119566707627167,4.486040839890051,46.25796468532965
2024-08-22 00:00:00+00:00,1.9112038573554755,4.482298806397136,46.17217945376417
2024-08-23 00:00:00+00:00,1.8598341521813622,4.332539131249434,44.62717506575254
2024-08-24 00:00:00+00:00,1.8602403887291667,4.334355771804984,44.661463238047155
2024-08-25 00:00:00+00:00,1.8376219082576002,4.229430583720173,43.00332734596862
2024-08-26 00:00:00+00:00,1.7978144436749584,4.092252836072176,41.59693574638249
2024-08-27 00:00:00+00:00,1.790941873281409,4.060001155169194,40.27800542451857
2024-08-28 00:00:00+00:00,1.7892189146837847,4.051674712294471,38.96482123799704
2024-08-29 00:00:00+00:00,1.8478697480603188,4.320435933807703,44.2561809474814
2024-08-30 00:00:00+00:00,1.837651697707068,4.27265864898876,43.27757429198675
2024-08-31 00:00:00+00:00,1.8503579481010084,4.331744351366012,44.4745273295672
2024-09-01 00:00:00+00:00,1.8615248805770188,4.384028609906029,45.54814455936094
2024-09-02 00:00:00+00:00,1.8231931652417586,4.250996253801174,44.07513077322216
2024-09-03 00:00:00+00:00,1.8069321595658363,4.175273625937375,42.50945940640079
2024-09-04 00:00:00+00:00,1.7820571600619155,4.060888820666147,41.083000176404745
2024-09-05 00:00:00+00:00,1.7495167701889884,3.9342336110173632,39.79306595506972
2024-09-06 00:00:00+00:00,1.7840484856997532,4.089130170398559,38.60343029656766
2024-09-07 00:00:00+00:00,1.8296884218545248,4.299292462455295,42.60661188212654
2024-09-08 00:00:00+00:00,1.8461861475328722,4.376573072422556,44.12829003726924
2024-09-09 00:00:00+00:00,1.8371405461084054,4.333643960178827,43.2609651815067
2024-09-10 00:00:00+00:00,1.8380210426621633,4.337649781756675,43.335018182416164
2024-09-11 00:00:00+00:00,1.8775674123544355,4.523743339296655,41.95564825109489
2024-09-12 00:00:00+00:00,1.9000828698852859,4.631826554298119,43.94485817960418
2024-09-13 00:00:00+00:00,1.8934351055500986,4.5993440773421455,43.32579392920314
2024-09-14 00:00:00+00:00,1.8863066498774665,4.564709499882979,42.673170655481
2024-09-15 00:00:00+00:00,1.866294491115365,4.468239163748506,41.32606023801541
2024-09-16 00:00:00+00:00,1.8616725708183295,4.445663647939668,39.93852515217135
2024-09-17 00:00:00+00:00,1.8400386091211145,4.342551859156302,38.50338853896158
2024-09-18 00:00:00+00:00,1.8474989838454907,4.376126449619437,37.249752759589725
2024-09-19 00:00:00+00:00,1.8984434497947755,4.619200203026944,41.44701793454115
2024-09-20 00:00:00+00:00,1.90920921969624,4.67105988786191,42.3585363210053
2024-09-21 00:00:00+00:00,1.89761209804608,4.614422076813383,41.3352696386351
2024-09-22 00:00:00+00:00,1.8733109163095645,4.496840753470729,40.036120540197196
2024-09-23 00:00:00+00:00,1.8357188608560553,4.341547040233497,38.66697758832252
2024-09-24 00:00:00+00:00,1.8155412677285259,4.206349161323513,37.517567990723386
2024-09-25 00:00:00+00:00,1.8011777206945065,4.139571607355134,36.312124857155965
2024-09-26 00:00:00+00:00,1.7956643817447393,4.113347902478391,35.82205798469823
2024-09-27 00:00:00+00:00,1.779899817133214,4.0413536655863505,34.576076188216724
2024-09-28 00:00:00+00:00,1.7829193888545578,4.054259321343741,34.76975345671949
2024-09-29 00:00:00+00:00,1.7703440939667061,3.997195661252412,33.79534641857075
2024-09-30 00:00:00+00:00,1.778023904468307,4.030345593407502,34.30441719383207
2024-10-01 00:00:00+00:00,1.7424905588048085,3.8909495684511297,33.215965696786604
2024-10-02 00:00:00+00:00,1.7230528788127046,3.804037053360416,32.06688983046759
2024-10-03 00:00:00+00:00,1.73209012068776,3.843616260983989,30.94604050936817
2024-10-04 00:00:00+00:00,1.723617992953915,3.806001364999463,30.339901327989907
2024-10-05 00:00:00+00:00,1.7296463660109571,3.8326159710448118,30.76394698153167
2024-10-06 00:00:00+00:00,1.7222661597900695,3.799914344941759,30.239131415056537
2024-10-07 00:00:00+00:00,1.8023396105190796,3.6806161598256395,29.279724645420288
2024-10-08 00:00:00+00:00,1.8662278448627703,3.9438788242487903,33.541797581827545
2024-10-09 00:00:00+00:00,1.86496114029718,3.938261490106093,33.43736730308625
2024-10-10 00:00:00+00:00,1.8470493810846051,3.8628817911313114,32.1664636078326
2024-10-11 00:00:00+00:00,1.924093730537803,4.187029293590143,37.62376452459658
2024-10-12 00:00:00+00:00,1.913394797068898,4.140530097994873,36.79042972852444
2024-10-13 00:00:00+00:00,1.9175318000599735,4.1576631774987165,35.51007285922824
2024-10-14 00:00:00+00:00,1.997141335823573,4.508551954399834,41.702229852032964
2024-10-15 00:00:00+00:00,1.9987738242051225,4.515369118262856,41.80795878611062
2024-10-16 00:00:00+00:00,1.9501795494477474,4.368878323886316,40.45080900787699
2024-10-17 00:00:00+00:00,2.0004217600860543,4.595716440264475,44.715331826781885
2024-10-18 00:00:00+00:00,1.9987386751992469,4.587752188398338,44.55143843401744
2024-10-19 00:00:00+00:00,2.037649412571408,4.767214652084773,48.06945285923408
2024-10-20 00:00:00+00:00,2.039544413165256,4.775346701514011,48.20421418933211
2024-10-21 00:00:00+00:00,1.9931402713971225,4.620613881754931,46.61550124305509
2024-10-22 00:00:00+00:00,1.991042431435596,4.610560770576205,46.3996016376806
2024-10-23 00:00:00+00:00,1.9720799611548967,4.523019185641687,44.894068765106596
2024-10-24 00:00:00+00:00,1.9800856660980477,4.558954338121391,43.15413684789224
2024-10-25 00:00:00+00:00,2.002785922047929,4.6627560641813215,45.0912730764052
2024-10-26 00:00:00+00:00,1.9918560107548344,4.6119330491498225,44.11099558417849
2024-10-27 00:00:00+00:00,2.0141533411188326,4.714549279399005,46.04957776463802
2024-10-28 00:00:00+00:00,2.0190851299926926,4.737087124823067,46.46841299009704
2024-10-29 00:00:00+00:00,1.9765690744803697,4.5879574131624095,45.05214963578807
2024-10-30 00:00:00+00:00,1.9523794825091485,4.476092725015171,43.62335910114043
2024-10-31 00:00:00+00:00,1.9354892516604438,4.3976170897553075,42.215745279323244
2024-11-01 00:00:00+00:00,1.9435326540833346,4.4338593969688045,42.899617428125836
2024-11-02 00:00:00+00:00,1.9435326540833346,4.4338593969688045,42.899617428125836
2024-11-03 00:00:00+00:00,1.9249314049886934,4.34928702088937,41.274590492683124
2024-11-04 00:00:00+00:00,1.9785057711679581,4.591285550260472,39.961341920373684
2024-11-05 00:00:00+00:00,2.048511653176982,4.918386230080148,45.729382871237895
2024-11-06 00:00:00+00:00,2.1341255582301564,5.334915008737966,53.678004831630595
2024-11-07 00:00:00+00:00,2.2168029679837886,5.752384860938187,62.24455112829185
2024-11-08 00:00:00+00:00,2.2228783148352105,5.783747800017067,62.9160616199528
2024-11-09 00:00:00+00:00,2.231035706460822,5.825681379567224,63.80602823380036
2024-11-10 00:00:00+00:00,2.224081321064698,5.7890825125550265,62.99219686688406
2024-11-11 00:00:00+00:00,2.2658785341983454,6.007799277258632,67.8011842054685
2024-11-12 00:00:00+00:00,2.2238664740857943,5.817162699030892,65.68333801821052
2024-11-13 00:00:00+00:00,2.1902989076279504,5.642296044171809,63.322697012533716
2024-11-14 00:00:00+00:00,2.1289311570519125,5.446295321851318,60.925085721559064
2024-11-15 00:00:00+00:00,2.0943113231756034,5.270367744416514,58.967916696728324
2024-11-16 00:00:00+00:00,2.077302590743625,5.184994597430914,57.06787870418792
2024-11-17 00:00:00+00:00,2.085778834251051,5.227120017327669,57.986879912246735
2024-11-18 00:00:00+00:00,2.0762425324572953,5.178010871028889,56.841292061727984
2024-11-19 00:00:00+00:00,2.064363583537489,5.00131096093048,55.02931440031696
2024-11-20 00:00:00+00:00,2.069772484549286,5.026557101583811,55.5431585077593
2024-11-21 00:00:00+00:00,2.072186587318311,5.038282666116321,55.80229209612216
2024-11-22 00:00:00+00:00,2.109512965864235,5.220400968133443,59.8627179710555
2024-11-23 00:00:00+00:00,2.104479142477357,5.195406949644502,59.28587309797234
2024-11-24 00:00:00+00:00,2.0844279553879086,5.096750966458052,57.335612305950065
2024-11-25 00:00:00+00:00,2.0588111985908326,4.929782718096009,55.32873896968082
2024-11-26 00:00:00+00:00,2.0463749894186294,4.8702773477693295,53.99536979722165
2024-11-27 00:00:00+00:00,2.0870739206061666,5.0645616906687545,58.32715186992576
2024-11-28 00:00:00+00:00,2.081016301924711,5.034371069931505,57.59590094147838
2024-11-29 00:00:00+00:00,2.0978318358231305,5.114852859579188,59.39706820546684
2024-11-30 00:00:00+00:00,2.0908219190019715,5.080568722878981,58.59614106234043
2024-12-01 00:00:00+00:00,2.085442616333087,5.054440130605167,57.994091800101415
2024-12-02 00:00:00+00:00,2.129005496776886,5.265631964539651,62.84027562364586
2024-12-03 00:00:00+00:00,2.1789306725770214,5.513496456671254,60.73621344774064
2024-12-04 00:00:00+00:00,2.1837452110883806,5.537261645240506,61.233367320277495
2024-12-05 00:00:00+00:00,2.1987131316020228,5.612159144408117,62.84504162103735
2024-12-06 00:00:00+00:00,2.256820707998946,5.910241714714246,69.58403065031797
2024-12-07 00:00:00+00:00,2.254094995963761,5.895965332974615,69.24786565656724
2024-12-08 00:00:00+00:00,2.2348701604684007,5.795466607076089,66.89239717941632
2024-12-09 00:00:00+00:00,2.199741018005751,5.614976408537312,64.68601934886391
2024-12-10 00:00:00+00:00,2.2491474854950546,5.8685733150410595,70.59187494632687
2024-12-11 00:00:00+00:00,2.3292219310206277,6.289472415223662,80.86250165280345
2024-12-12 00:00:00+00:00,2.3372151981389973,6.332027829224727,81.92512449454932
2024-12-13 00:00:00+00:00,2.3555607618300436,6.431055148477486,84.46790406322486
2024-12-14 00:00:00+00:00,2.3422018875688853,6.358215144282981,82.55993572821387
2024-12-15 00:00:00+00:00,2.388721764263451,6.611462250044148,89.17109993129908
2024-12-16 00:00:00+00:00,2.4252456799428557,6.8132595411856185,94.59209273406378
2024-12-17 00:00:00+00:00,2.383372653278932,6.608004517025552,91.50405776547852
2024-12-18 00:00:00+00:00,2.3793992241942656,6.58417776660116,88.56846641956852
2024-12-19 00:00:00+00:00,2.3572494767511154,6.462023343075912,85.30508458698918
2024-12-20 00:00:00+00:00,2.3946165343295482,6.66570011291716,82.64692531378344
2024-12-21 00:00:00+00:00,2.413189448208774,6.769099945305457,85.21100052871638
2024-12-22 00:00:00+00:00,2.414744368361745,6.777708636112588,85.42196926257702
2024-12-23 00:00:00+00:00,2.421686160199064,6.815795676916891,82.11953441593988
2024-12-24 00:00:00+00:00,2.4650579515860174,7.060744839858193,88.06044179045833
2024-12-25 00:00:00+00:00,2.470609817587295,7.091727768211926,85.33660005971433
2024-12-26 00:00:00+00:00,2.4431584795159984,6.9347945492461465,82.61099716892575
2024-12-27 00:00:00+00:00,2.4037054042806263,6.712333957111093,79.93661265620409
2024-12-28 00:00:00+00:00,2.3970111804331644,6.674946791472742,79.04613152190949
2024-12-29 00:00:00+00:00,2.4053642829760484,6.721468489387717,80.14797109213873
2024-12-30 00:00:00+00:00,2.3360744080949867,6.505767290457631,77.54961921669951
2024-12-31 00:00:00+00:00,2.2917974761341755,6.294238683386304,74.93054852943843
2025-01-01 00:00:00+00:00,2.2853625674377485,6.258892758047883,74.08898858641332
2025-01-02 00:00:00+00:00,2.5066660101812768,7.518315661541683,106.27833044327303
2025-01-03 00:00:00+00:00,2.667322137592257,8.50702637688649,135.70055797554764
2025-01-04 00:00:00+00:00,2.6463002626039995,8.373286392494743,131.45624764594302
2025-01-05 00:00:00+00:00,2.6412555986881654,8.340744552706594,126.9467648614183
2025-01-06 00:00:00+00:00,2.6998782803463492,8.711826016283162,138.28981728512858
2025-01-07 00:00:00+00:00,2.717395344651409,8.822088723800274,141.61424896133906
2025-01-08 00:00:00+00:00,2.7015027482523437,8.71899574876041,138.31087729005728
2025-01-09 00:00:00+00:00,2.665603458831096,8.488534792627593,133.06215854178117
2025-01-10 00:00:00+00:00,2.612636938725207,8.197281155419581,127.84572268430388
2025-01-11 00:00:00+00:00,2.6109688832736566,8.186718130385927,127.51026151991844
2025-01-12 00:00:00+00:00,2.5965403605092776,8.096361779775973,124.7034139794429
2025-01-13 00:00:00+00:00,2.598305451094939,7.84200717037615,120.7477360464127
2025-01-14 00:00:00+00:00,2.641077990286288,8.100137437566476,128.6912428812222
2025-01-15 00:00:00+00:00,2.679888249823175,8.338638428913912,136.29674894994005
2025-01-16 00:00:00+00:00,2.7049044727066613,8.49077854585032,131.97803214421242
2025-01-17 00:00:00+00:00,2.795992697172127,9.069487886141202,150.4004005722875
2025-01-18 00:00:00+00:00,2.779586657690367,8.96313553860558,146.87860317604148
2025-01-19 00:00:00+00:00,2.7560343884905656,8.81160235424027,142.31781545973578
2025-01-20 00:00:00+00:00,2.73008341048204,8.646242597923118,137.01368808205547
2025-01-21 00:00:00+00:00,2.7397293098725806,8.70659432011062,132.73423575918991
2025-01-22 00:00:00+00:00,2.7175115119055606,8.565765054060153,128.46355731634355
2025-01-23 00:00:00+00:00,2.741199596949657,8.714074210856248,124.270040972855
2025-01-24 00:00:00+00:00,2.7046205237837113,8.482753650997228,120.33461357620652
2025-01-25 00:00:00+00:00,2.6969411556371536,8.434616691660283,118.97082509409611
2025-01-26 00:00:00+00:00,2.6832562023385838,8.349022971189774,116.55657836355866
2025-01-27 00:00:00+00:00,2.6488142050492782,8.135470582110276,112.83379612392918
2025-01-28 00:00:00+00:00,2.620515310260255,7.962350665704491,109.33450244258206
2025-01-29 00:00:00+00:00,2.5839833983826628,7.741619285066573,105.51300441603523
2025-01-30 00:00:00+00:00,2.6094876340246,7.499661677235288,102.24789150053172
2025-01-31 00:00:00+00:00,2.5833665966081147,7.350039589148558,98.1964505752784
2025-02-01 00:00:00+00:00,2.6005237240696424,7.4468278233847185,100.7379112530574
2025-02-02 00:00:00+00:00,2.6005237240696424,7.4468278233847185,100.7379112530574
2025-02-03 00:00:00+00:00,2.5939950576744573,7.408783513417029,99.67368148731406
2025-02-04 00:00:00+00:00,2.5853224901300402,7.359200751200373,98.33728886876784
2025-02-05 00:00:00+00:00,2.7379380312595116,8.247422389117203,123.14275550031758
2025-02-06 00:00:00+00:00,2.748262761400427,8.309624242887141,125.00023467600897
2025-02-07 00:00:00+00:00,2.7052023999043584,8.050934517285624,121.12831710878758
2025-02-08 00:00:00+00:00,2.697933868737083,8.007670864653457,119.82649222769781
2025-02-09 00:00:00+00:00,2.698825629384746,8.012664837988499,119.95806607035514
2025-02-10 00:00:00+00:00,2.6731715831192875,7.86031064348698,115.39600293559691
2025-02-11 00:00:00+00:00,2.659871355750373,7.781666763784733,113.06241759601203
2025-02-12 00:00:00+00:00,2.7288957102831843,8.186634738165584,109.64700694829749
2025-02-13 00:00:00+00:00,2.7070757927219433,8.05606593223234,106.16817535240173
2025-02-14 00:00:00+00:00,2.7010250037993853,8.02003239504266,105.21736822209066
2025-02-15 00:00:00+00:00,2.6855344800137524,7.928173674450578,102.81404290166992
2025-02-16 00:00:00+00:00,2.6782112076478546,7.884934478965107,101.69257491112793
2025-02-17 00:00:00+00:00,2.691519932824806,7.96275404760656,103.6715288575868
2025-02-18 00:00:00+00:00,2.653876303466287,7.741173201616119,100.2117141406676
2025-02-19 00:00:00+00:00,2.6263444336619304,7.5810383376456105,97.15032154016353
2025-02-20 00:00:00+00:00,2.589556965024858,7.3374093413414,93.83850333299763
2025-02-21 00:00:00+00:00,2.572435776432548,7.240353592979537,91.35465351269856
2025-02-22 00:00:00+00:00,2.6597903575098587,7.735418691879422,104.01373275121973
2025-02-23 00:00:00+00:00,2.645437672822136,7.652048300979337,101.77773759550576
2025-02-24 00:00:00+00:00,2.627631875119518,7.421756905573246,98.50213960532209
2025-02-25 00:00:00+00:00,2.571702994073737,7.167530859335484,95.37200462063247
2025-02-26 00:00:00+00:00,2.540363681048192,6.993643534537775,91.87199108866773
2025-02-27 00:00:00+00:00,2.5486872109460914,7.037822203640486,92.94703579623749
2025-02-28 00:00:00+00:00,2.5287488701836605,6.9268594072827145,89.9737125314985
2025-03-01 00:00:00+00:00,2.520974494099693,6.88420705319142,88.86256718277886
2025-03-02 00:00:00+00:00,2.506352327473347,6.804485570572516,86.81157165473591
2025-03-03 00:00:00+00:00,2.465015314434753,6.581243671210155,83.7520548312859
2025-03-04 00:00:00+00:00,2.426698427818052,6.377980568214015,81.12853009635452
2025-03-05 00:00:00+00:00,2.3857464026215807,6.164172063647286,78.627131283993
2025-03-06 00:00:00+00:00,2.3361253905893076,5.971600260035796,76.16168081093618
2025-03-07 00:00:00+00:00,2.320180621591835,5.890139408343565,73.84986594685681
2025-03-08 00:00:00+00:00,2.314012630075097,5.8588225965704,73.0645730391694
2025-03-09 00:00:00+00:00,2.308032713057718,5.828541627061693,72.30931340401303
2025-03-10 00:00:00+00:00,2.308236280429139,5.827370730903129,70.07427999710175
2025-03-11 00:00:00+00:00,2.2727987616148866,5.649587238328793,67.93179147843414
2025-03-12 00:00:00+00:00,2.3186875996891567,5.878103316980603,73.44490898459198
2025-03-13 00:00:00+00:00,2.320684675419772,5.696669665141058,71.18110499474446
2025-03-14 00:00:00+00:00,2.317170013040274,5.678908323762683,70.71220347057945
2025-03-15 00:00:00+00:00,2.313392458729237,5.660107858865872,70.22999499955257
2025-03-16 00:00:00+00:00,2.302668326587046,5.607664210338105,68.93022204466325
2025-03-17 00:00:00+00:00,2.3042750623336987,5.615193029785471,69.10073571665991
2025-03-18 00:00:00+00:00,2.33900264584548,5.7844319835945965,73.26418025860805
2025-03-19 00:00:00+00:00,2.323512938724092,5.707683744588065,71.31350148770879
2025-03-20 00:00:00+00:00,2.2905925441555826,5.546801445166126,69.13623323727583
2025-03-21 00:00:00+00:00,2.3521305418306557,5.372800429570167,66.95252251086498
2025-03-22 00:00:00+00:00,2.3466755608025984,5.3478687363208035,66.3306143559468
2025-03-23 00:00:00+00:00,2.368509565149348,5.447034077574354,68.77317055404977
2025-03-24 00:00:00+00:00,2.4138371932211764,5.6559654829847394,74.07045847997111
2025-03-25 00:00:00+00:00,2.3916843062094246,5.552293637736728,71.36282312390007
2025-03-26 00:00:00+00:00,2.3403479965340113,5.373181177401643,69.10105513564339
2025-03-27 00:00:00+00:00,2.2964541603131323,5.20031436782685,66.89529187095147
2025-03-28 00:00:00+00:00,2.3071707954513503,5.248087857435276,68.08494497697653
2025-03-29 00:00:00+00:00,2.2823798446763015,5.135760295820653,65.90673359127362
2025-03-30 00:00:00+00:00,2.2834484143274056,5.140569239082451,66.03015903333282
2025-03-31 00:00:00+00:00,2.311829110305862,5.267761433151425,69.2665608433683
2025-04-01 00:00:00+00:00,2.2595638584145163,5.084460602479977,66.60745934365184
2025-04-02 00:00:00+00:00,2.2136853263827145,4.931013162001144,63.99905115858897
2025-04-03 00:00:00+00:00,2.1984710556565936,4.862976486033062,62.220293288182454
2025-04-04 00:00:00+00:00,2.1961615210822023,4.714409750792034,60.31854933648763
2025-04-05 00:00:00+00:00,2.216830142109948,4.803330686305198,62.60336393446169
2025-04-06 00:00:00+00:00,2.226966280480432,4.847202475870689,63.74412748732266
2025-04-07 00:00:00+00:00,2.239162088625385,4.899540437731977,65.08114678149717
2025-04-08 00:00:00+00:00,2.2109201559097547,4.77657245382927,63.12237379620324
2025-04-09 00:00:00+00:00,2.1818530553432782,4.651437848708043,60.95658723679162
2025-04-10 00:00:00+00:00,2.1556197659510965,4.4958937776019265,59.079673988781174
2025-04-11 00:00:00+00:00,2.1556084633378347,4.4955017291190345,59.05134814696845
2025-04-12 00:00:00+00:00,2.1520646449540957,4.48061064058301,58.654402112889926
2025-04-13 00:00:00+00:00,2.1224374610046257,4.357935007252972,56.76893763244373
2025-04-14 00:00:00+00:00,2.0964090662810575,4.2515583863739925,55.016337725162764
2025-04-15 00:00:00+00:00,2.0952033743688623,4.24574690653852,53.31263045676168
2025-04-16 00:00:00+00:00,2.051534371216438,4.111195796154312,51.67390319296688
2025-04-17 00:00:00+00:00,2.0249332576244385,4.005148619481031,49.801610999420475
2025-04-18 00:00:00+00:00,2.013252719237923,3.9590136765563324,48.6578355630576
2025-04-19 00:00:00+00:00,1.9967368492949629,3.8942355274937603,47.07426360442141
2025-04-20 00:00:00+00:00,1.9850549315321173,3.848735777702552,45.97747105471338
2025-04-21 00:00:00+00:00,1.9898430714592847,3.733621416600871,44.216251560810065
2025-04-22 00:00:00+00:00,2.08441062901153,4.094118954127912,53.025814152916205
2025-04-23 00:00:00+00:00,2.063058783708423,4.010565035111799,51.408785012290004
2025-04-24 00:00:00+00:00,2.056789898675564,3.9851508289855633,49.77410498011578
2025-04-25 00:00:00+00:00,2.0856120025162923,4.096937002116876,52.570793630101136
2025-04-26 00:00:00+00:00,2.0685521901757493,4.030066556773538,50.468397497352186
2025-04-27 00:00:00+00:00,2.0378317351744784,3.9110941548823677,48.652036443551665
2025-04-28 00:00:00+00:00,2.0235365120346347,3.856306859779204,47.1410267904668
2025-04-29 00:00:00+00:00,1.9989444149347142,3.7630409488750725,45.624204261588446
2025-04-30 00:00:00+00:00,2.020013465227057,3.644694666135005,44.19831739702029
2025-05-01 00:00:00+00:00,1.984780780133497,3.53628959568554,42.50784469215429
2025-05-02 00:00:00+00:00,1.9971723703605821,3.580283930248954,43.55757764484817
2025-05-03 00:00:00+00:00,1.9826468911555937,3.5283071573367897,42.29786142282797
2025-05-04 00:00:00+00:00,1.9452033393483694,3.4140070255526864,40.99871422010113
2025-05-05 00:00:00+00:00,1.9166881180688227,3.3144974738798614,39.48089096909882
2025-05-06 00:00:00+00:00,1.883526363334943,3.200656908254921,38.21269428171975
2025-05-07 00:00:00+00:00,1.894929842319626,3.238626418396333,39.082231613379555
2025-05-08 00:00:00+00:00,1.9737985744778748,3.5057843169980116,45.41331610820759
2025-05-09 00:00:00+00:00,1.9776199612266412,3.5193591142506175,45.76500720098154
2025-05-10 00:00:00+00:00,1.997408157838991,3.589953982155615,47.60959066578481
2025-05-11 00:00:00+00:00,2.0481204289798662,3.773915475767413,52.57866858243666
2025-05-12 00:00:00+00:00,2.046732058768395,3.767771297189518,50.89556818620238
2025-05-13 00:00:00+00:00,2.2818562678234606,4.677171894626745,78.03845396223937
2025-05-14 00:00:00+00:00,2.2440798118689065,4.5233916901299525,75.53077521533946
2025-05-15 00:00:00+00:00,2.2655178432675185,4.60916719242328,73.03176339194405
2025-05-16 00:00:00+00:00,2.2552663957117893,4.567445838351575,71.70913049880997
2025-05-17 00:00:00+00:00,2.2859385177310205,4.691887141985053,75.62920907980563
2025-05-18 00:00:00+00:00,2.248805907663937,4.540492168850304,73.19610254651028
2025-05-19 00:00:00+00:00,2.2551879030293778,4.565397521498648,73.94355333577369
2025-05-20 00:00:00+00:00,2.218978697397326,4.4197771881851855,71.5460898091668
2025-05-21 00:00:00+00:00,2.165173743999873,4.274378003205855,69.29269312675564
2025-05-22 00:00:00+00:00,2.129276262698478,4.133594961578312,66.88454503529809
2025-05-23 00:00:00+00:00,2.1121638455669633,4.002080955969666,64.73298777673789
2025-05-24 00:00:00+00:00,2.1006064307457257,3.958339526679118,63.32159478308491
2025-05-25 00:00:00+00:00,2.1141359718932105,4.009104758762787,64.93123064040915
2025-05-26 00:00:00+00:00,2.1101077368008636,3.9936115681983675,64.41558874486758
2025-05-27 00:00:00+00:00,2.132061757345312,4.076917134312253,67.11612762547114
2025-05-28 00:00:00+00:00,2.14621090045157,3.9556906334759554,64.57995395423714
2025-05-29 00:00:00+00:00,2.112389663200841,3.8318392258448393,62.54967543229888
2025-05-30 00:00:00+00:00,2.068526100793345,3.7127102233731093,60.58501440951102
2025-05-31 00:00:00+00:00,2.044450183426703,3.6266853677512225,58.53218274778093
2025-06-01 00:00:00+00:00,2.03880978625879,3.6066741725232823,57.88624916528788
2025-06-02 00:00:00+00:00,2.0650960011363915,3.699305730423159,60.83505084324061
2025-06-03 00:00:00+00:00,2.096747215737653,3.8127440309959395,64.5680511503326
2025-06-04 00:00:00+00:00,2.0657273655419592,3.7006253639145146,62.412839670083606
2025-06-05 00:00:00+00:00,2.068499792515855,3.7100189305731313,60.41643892250788
2025-06-06 00:00:00+00:00,2.1101852356540536,3.8599628109837787,65.32578737335011
2025-06-07 00:00:00+00:00,2.113275669342598,3.8710716292320133,65.68848026854124
2025-06-08 00:00:00+00:00,2.1282051310643917,3.9255636069999116,67.52386863670559
2025-06-09 00:00:00+00:00,2.1649711310476913,4.060703055411615,72.13728534777955
2025-06-10 00:00:00+00:00,2.157459617658925,4.032012690049647,71.08218245760382
2025-06-11 00:00:00+00:00,2.148147378677341,3.9969620984244614,69.82940860473352
2025-06-12 00:00:00+00:00,2.0806866975849005,3.87444308406934,67.04607706740182
2025-06-13 00:00:00+00:00,2.0684709729157715,3.828947462474504,65.4714512770617
2025-06-14 00:00:00+00:00,2.0628331052512645,3.8080749442033373,64.75764985961571
2025-06-15 00:00:00+00:00,2.0650806786541036,3.8163731705007735,65.03987835611271
2025-06-16 00:00:00+00:00,2.0423949233966416,3.7327553365037414,62.922815779391165
2025-06-17 00:00:00+00:00,2.027579667813604,3.678677432972968,60.886125506790286
2025-06-18 00:00:00+00:00,1.9888703857476744,3.558343666296407,58.78214982768289
2025-06-19 00:00:00+00:00,1.985363134256282,3.4395407453950866,56.92016657175623
2025-06-20 00:00:00+00:00,1.996798028213445,3.4787814088029885,54.817466971391035
2025-06-21 00:00:00+00:00,2.0331636643530735,3.6054923701865196,58.81080436417937
2025-06-22 00:00:00+00:00,2.0455141333492084,3.6483224573290123,56.94309581172569
2025-06-23 00:00:00+00:00,2.065977930799198,3.720579963367067,55.19215241699418
2025-06-24 00:00:00+00:00,2.0986491402518936,3.838620207061838,58.715805691215095
2025-06-25 00:00:00+00:00,2.10463290523884,3.8597166334902746,56.836271175531344
2025-06-26 00:00:00+00:00,2.088341361900669,3.7999033057805627,54.987052383919824
2025-06-27 00:00:00+00:00,2.081877902855915,3.7763751803293437,54.305742848890205
2025-06-28 00:00:00+00:00,2.085388833093745,3.7889284966450703,54.656254686873524
2025-06-29 00:00:00+00:00,2.0434537317094934,3.6584511827162287,52.8242337378074
2025-06-30 00:00:00+00:00,2.0334649056241787,3.6225687962440833,51.0259633803014
2025-07-01 00:00:00+00:00,2.0026296133608112,3.5133961176639272,49.03877761943174
2025-07-02 00:00:00+00:00,2.072172055092843,3.7584443648822865,47.455924133365265
2025-07-03 00:00:00+00:00,2.0796433156191476,3.784994664374294,48.09879127116963
2025-07-04 00:00:00+00:00,2.030878681893476,3.6617083572053226,46.485652137551604
2025-07-05 00:00:00+00:00,2.025046523977594,3.6406773999437942,45.95167309388726
2025-07-06 00:00:00+00:00,2.0145027646881117,3.602402347877932,44.96759111664182
2025-07-07 00:00:00+00:00,1.987072119878441,3.504821951849869,43.42194564879722
2025-07-08 00:00:00+00:00,1.959865986518325,3.4093759744612013,42.01143805273766
2025-07-09 00:00:00+00:00,1.9966103035936067,3.5377880730641786,45.20391593854712
2025-07-10 00:00:00+00:00,2.042866052288139,3.7000621529952387,49.26737781374061
2025-07-11 00:00:00+00:00,2.0539652012483085,3.739507593737195,50.27726112991156
2025-07-12 00:00:00+00:00,2.059597979616387,3.7598236790437953,50.813090575541246
2025-07-13 00:00:00+00:00,2.0696887800888524,3.79658047482911,51.80198176172677
2025-07-14 00:00:00+00:00,2.1170732835072696,3.9712979424512462,56.616879057624466
2025-07-15 00:00:00+00:00,2.10281187432427,3.916297853323748,54.8414470411852
2025-07-16 00:00:00+00:00,2.1505716516282027,4.095294097476284,52.91426310958287
2025-07-17 00:00:00+00:00,2.1793327102731856,4.204775281608976,55.74004298690655
2025-07-18 00:00:00+00:00,2.169063797085028,4.16471349406371,53.92707186760238
2025-07-19 00:00:00+00:00,2.2075205258620785,4.312478204138189,57.75756266257764
2025-07-20 00:00:00+00:00,2.2287390176168147,4.395579259304504,59.99417662180557
2025-07-21 00:00:00+00:00,2.1902643151052996,4.244937123150622,57.77026882423475
2025-07-22 00:00:00+00:00,2.1366649364855212,4.107878607690324,55.89960037290526
2025-07-23 00:00:00+00:00,2.084439930146465,3.9730931843199495,54.07384350708663
2025-07-24 00:00:00+00:00,2.0505781663350175,3.84488317776091,52.33498819245647
2025-07-25 00:00:00+00:00,2.056609622983336,3.866519003682196,50.65052066425949
2025-07-26 00:00:00+00:00,2.078824972306286,3.9500507244042105,52.83901379853468
2025-07-27 00:00:00+00:00,2.0905323929451356,3.9944082345743253,54.0184958495413
2025-07-28 00:00:00+00:00,2.0569844857158213,3.8622451410071297,52.1996618011633
2025-07-29 00:00:00+00:00,2.0312772315803245,3.7660857967871886,50.399822743817076
2025-07-30 00:00:00+00:00,2.036913200799282,3.786376680078768,48.79009329057434
2025-07-31 00:00:00+00:00,2.0086784030273415,3.6819897508486026,47.14213171269393
2025-08-01 00:00:00+00:00,1.9942600850998928,3.6290599741934253,45.662821466481574
2025-08-02 00:00:00+00:00,1.9713706994730325,3.5460076862073753,44.054797209117034
2025-08-03 00:00:00+00:00,1.9661142825477922,3.52709770157202,43.58493046766667
2025-08-04 00:00:00+00:00,2.0004039235512288,3.650466738758204,46.65022954130153
2025-08-05 00:00:00+00:00,2.0123632737621246,3.6931293057373775,45.13311706338166
2025-08-06 00:00:00+00:00,2.1331293398586806,4.146762386030517,56.74470232161565
2025-08-07 00:00:00+00:00,2.206827753575269,4.436801178781962,64.8766455557425
2025-08-08 00:00:00+00:00,2.249014095089776,4.6068828201724275,69.87610535387098
2025-08-09 00:00:00+00:00,2.249615650530338,4.6092480269760046,69.94183373838283
2025-08-10 00:00:00+00:00,2.2523547066874645,4.620332729966779,70.26974775174564
2025-08-11 00:00:00+00:00,2.2872297413057994,4.761280793977789,67.95981617098711
2025-08-12 00:00:00+00:00,2.3305455005537037,4.941778628882241,73.1210522541705
2025-08-13 00:00:00+00:00,2.29499300098614,4.791690426236094,70.26228488158122
2025-08-14 00:00:00+00:00,2.310958567627961,4.857076798291115,72.10525861506429
2025-08-15 00:00:00+00:00,2.256422122733303,4.7018407475856625,69.79623819927775
2025-08-16 00:00:00+00:00,2.2502621353485024,4.676168884684953,69.03406884721826
2025-08-17 00:00:00+00:00,2.2268052357794215,4.579061112233215,66.92344212656045
2025-08-18 00:00:00+00:00,2.1857875294426736,4.4361075815734745,64.76294276389436
2025-08-19 00:00:00+00:00,2.1437948332126995,4.291250759021565,62.58543892968915
2025-08-20 00:00:00+00:00,2.1046477864755535,4.158298611673007,60.46059005169895
2025-08-21 00:00:00+00:00,2.076440129869484,4.0474341163671985,58.52433392113096
2025-08-22 00:00:00+00:00,2.0721537125034404,4.029963798644277,57.9759883255577
2025-08-23 00:00:00+00:00,2.0695353970484915,4.019676598071549,57.67409065502867
2025-08-24 00:00:00+00:00,2.0618565420970736,3.989826759737393,56.81637074773622
2025-08-25 00:00:00+00:00,2.0185233992655545,3.8669297255662776,55.014106909430765
2025-08-26 00:00:00+00:00,2.0081177209311285,3.8269383691453434,53.869439717209026
2025-08-27 00:00:00+00:00,1.9923396181604014,3.7668186515878053,52.26778674510466
2025-08-28 00:00:00+00:00,2.008129029594813,3.826513131027931,53.923696309508
2025-08-29 00:00:00+00:00,1.979156171930461,3.7167236556796075,52.156125457392434
2025-08-30 00:00:00+00:00,1.9660745648325504,3.6676630418972453,50.78327523013547
2025-08-31 00:00:00+00:00,1.9553498675229841,3.627704444146188,49.67975428780613
2025-09-01 00:00:00+00:00,1.9359629020190243,3.5556336867395544,48.07283246172799
2025-09-02 00:00:00+00:00,1.9577927349440625,3.4417394871914744,46.538300568848626
2025-09-03 00:00:00+00:00,1.980517781943267,3.5211184005166607,48.656137403778935
2025-09-04 00:00:00+00:00,1.9836005428887553,3.5316643514476365,47.151518431967254
2025-09-05 00:00:00+00:00,2.0140252922632103,3.639373447517729,45.62462633917145
2025-09-06 00:00:00+00:00,2.003119849069679,3.600014350697506,44.64046653793444
2025-09-07 00:00:00+00:00,1.9871027190784456,3.542443007682818,43.252789332157015
2025-09-08 00:00:00+00:00,1.9700000177423411,3.481642440932418,41.77672147615923
2025-09-09 00:00:00+00:00,1.9568193184833504,3.3631841115639927,40.361684906574155
2025-09-10 00:00:00+00:00,1.9933875459272026,3.4887788693375867,43.3701338401509
2025-09-11 00:00:00+00:00,2.041272920762914,3.657313393473507,47.60572293816442
2025-09-12 00:00:00+00:00,2.1288175635424635,3.9754218724466117,56.119380089996945
2025-09-13 00:00:00+00:00,2.097901769155377,3.8606448179197423,54.27183821396856
2025-09-14 00:00:00+00:00,2.0679065755341144,3.750889194594216,52.396655671624586
2025-09-15 00:00:00+00:00,2.118533203691359,3.935058975959065,57.569576240035474
2025-09-16 00:00:00+00:00,2.0764199184849788,3.8019436682897467,55.59799939711046
2025-09-17 00:00:00+00:00,2.092355475223958,3.8601346289200884,57.28997401958424
2025-09-18 00:00:00+00:00,2.075390087195468,3.7977052448243684,55.44687537791162
2025-09-19 00:00:00+00:00,2.1054799675749223,3.9079198896201977,58.669964269093285
2025-09-20 00:00:00+00:00,2.085606954201628,3.8343802704139947,56.47572765844002
2025-09-21 00:00:00+00:00,2.079562222596736,3.8121538393416854,55.82099141449241
2025-09-22 00:00:00+00:00,2.112058389333754,3.931496284044421,59.327334146759156
2025-09-23 00:00:00+00:00,2.0883516527304984,3.843616646879393,57.33756777508967
2025-09-24 00:00:00+00:00,2.066396419311173,3.763117385389459,55.56553146163713
2025-09-25 00:00:00+00:00,2.0178209474630275,3.644895297056614,53.69585820366302
2025-09-26 00:00:00+00:00,2.022832757305175,3.66280771756808,54.21218785511368
2025-09-27 00:00:00+00:00,2.0883369960008893,3.899236904287413,61.16397776210118
2025-09-28 00:00:00+00:00,2.0840825005198536,3.883276369374157,60.658696145351996
2025-09-29 00:00:00+00:00,2.0700151091331342,3.8306575022034313,59.00316516466413
2025-09-30 00:00:00+00:00,2.0521915010805576,3.764880361830545,56.98850176757097
2025-10-01 00:00:00+00:00,2.1990514482102608,4.319428700762242,74.77067928745497
2025-10-02 00:00:00+00:00,2.2089190567989583,4.3577875270149775,76.07073910659548
2025-10-03 00:00:00+00:00,2.260293088139247,4.5616341262576094,83.26749400608081
2025-10-04 00:00:00+00:00,2.3035537500326164,4.735693674432357,89.57912470622978
2025-10-05 00:00:00+00:00,2.310856285482165,4.579119067151269,86.64003443187808
2025-10-06 00:00:00+00:00,2.2979772054665175,4.528105266668063,84.71174880055939
2025-10-07 00:00:00+00:00,2.3478034469039253,4.725083933067977,81.72893529521312
2025-10-08 00:00:00+00:00,2.4491537653724897,5.1354035343255715,96.08362753098653
2025-10-09 00:00:00+00:00,2.489071732508964,5.300888115934107,92.88742516833607
2025-10-10 00:00:00+00:00,2.534611622779341,5.494283829481889,99.6249584925539
2025-10-11 00:00:00+00:00,2.5578762679184948,5.593919901956089,96.55919131805351
2025-10-12 00:00:00+00:00,2.559102322516312,5.598498589878325,96.66375653245304
2025-10-13 00:00:00+00:00,2.575822454327702,5.671172588130145,99.13974467794972
2025-10-14 00:00:00+00:00,2.521704779223588,5.493538352754186,96.01299084368881
2025-10-15 00:00:00+00:00,2.5127949522323862,5.454555771748264,94.63919339081275
2025-10-16 00:00:00+00:00,2.468583274166163,5.291738628550824,90.95410755974727
2025-10-17 00:00:00+00:00,2.5076727610185405,5.459594935852502,88.11374580327565
2025-10-18 00:00:00+00:00,2.5076727610185405,5.459594935852502,88.11374580327565
2025-10-19 00:00:00+00:00,2.5033573658337938,5.440660662779535,87.49335980371693
2025-10-20 00:00:00+00:00,2.489008134631799,5.378232053780492,85.48203335894337
2025-10-21 00:00:00+00:00,2.4383097633766546,5.216943898157642,82.72378030621195
2025-10-22 00:00:00+00:00,2.4747691289783926,5.372464444550729,87.6242459052596
2025-10-23 00:00:00+00:00,2.5496997448823366,5.696663897170038,84.86080735264548
2025-10-24 00:00:00+00:00,2.6556516664118672,6.172785174793839,99.19704787433902
2025-10-25 00:00:00+00:00,2.6556516664118672,6.172785174793839,99.19704787433902
2025-10-26 00:00:00+00:00,2.715757077647709,6.453054301898389,108.25820062890872
2025-10-27 00:00:00+00:00,2.714565702710537,6.445435495067741,104.74216781614379
2025-10-28 00:00:00+00:00,2.6772290488369905,6.269110005740207,101.29584396831788
2025-10-29 00:00:00+00:00,2.6405979103570654,6.0985196151544185,97.93487765064482
2025-10-30 00:00:00+00:00,2.564660105080976,5.906523904231767,94.83235208872661
2025-10-31 00:00:00+00:00,2.528017777687068,5.7301766033955746,91.8736929542337
2025-11-01 00:00:00+00:00,2.513892199136394,5.666230293933316,89.82890251753467
2025-11-02 00:00:00+00:00,2.558507936002887,5.866940553049421,96.16628403482488
2025-11-03 00:00:00+00:00,2.565085428844036,5.896099179587843,97.0568603442845
2025-11-04 00:00:00+00:00,2.527387475979653,5.72365380838223,93.40032598097856
2025-11-05 00:00:00+00:00,2.514007399658135,5.662681796019954,90.47699122582206
2025-11-06 00:00:00+00:00,2.4931339213997608,5.568641996117529,87.47197014362042
2025-11-07 00:00:00+00:00,2.5770499862939076,5.9458646656961065,84.39021886740849
2025-11-08 00:00:00+00:00,2.585132879975412,5.983157015822724,85.44846876699967
2025-11-09 00:00:00+00:00,2.6073653999449564,6.085946090185545,88.37719409833862
2025-11-10 00:00:00+00:00,2.640065095365051,6.237991713886189,92.75663651420304
2025-11-11 00:00:00+00:00,2.6541333473592306,6.301628406874111,94.4838755483997
2025-11-12 00:00:00+00:00,2.6772818544721426,6.408156517870649,97.47859194687052
2025-11-13 00:00:00+00:00,2.6281555980377336,6.20733246823823,94.39932059016179
2025-11-14 00:00:00+00:00,2.6034587374059397,6.090654160078464,91.42619873806466
2025-11-15 00:00:00+00:00,2.594415602022371,6.048369949358738,90.15841169984206
2025-11-16 00:00:00+00:00,2.605358502737836,6.098490826657651,91.59938551254321
2025-11-17 00:00:00+00:00,2.527473880903718,5.890350033865978,88.77240701932406
2025-11-18 00:00:00+00:00,2.4506087564846135,5.713089232471637,85.27566505096338
2025-11-19 00:00:00+00:00,2.4593300439391634,5.752568762272865,82.65676802263633
2025-11-20 00:00:00+00:00,2.4555549480682575,5.733802296708359,80.10588857404908
2025-11-21 00:00:00+00:00,2.479857653975846,5.846683290644381,77.63506973144231
2025-11-22 00:00:00+00:00,2.4860080242112352,5.875522464728045,78.39235144347617
2025-11-23 00:00:00+00:00,2.481510018890942,5.854238436176886,77.82319740157348
2025-11-24 00:00:00+00:00,2.469411598290041,5.79722376042464,76.31102738994014
2025-11-25 00:00:00+00:00,2.527689558791034,6.0729646623913816,83.68232308923525
2025-11-26 00:00:00+00:00,2.521867413612724,6.0444248144858745,82.86533024655361
2025-11-27 00:00:00+00:00,2.5497367748661217,6.178022239812129,86.52800598441422
2025-11-28 00:00:00+00:00,2.566141497801739,6.256786533680156,83.72125260156184
2025-11-29 00:00:00+00:00,2.5448914109202563,6.153448955059976,80.97106067624067
2025-11-30 00:00:00+00:00,2.5566471686609584,6.209656965679471,82.41668752542259
2025-12-01 00:00:00+00:00,2.5198076818595108,6.031657439690926,79.45050968758262
2025-12-02 00:00:00+00:00,2.528875954781727,6.074811825351771,80.57376378490727
2025-12-03 00:00:00+00:00,2.528611370769196,6.073353308801901,80.52514522468813
2025-12-04 00:00:00+00:00,2.4739990009657293,5.876763383120568,77.91316718187468
2025-12-05 00:00:00+00:00,2.434043488987569,5.688222603921727,75.41163184901957
2025-12-06 00:00:00+00:00,2.434043488987569,5.688222603921727,75.41163184901957
2025-12-07 00:00:00+00:00,2.4370721649642184,5.702258884750115,75.77747164045752
2025-12-08 00:00:00+00:00,2.408416885006607,5.567224111374825,73.3115408592559
2025-12-09 00:00:00+00:00,2.395184998686197,5.504356386466343,71.57028663602009
2025-12-10 00:00:00+00:00,2.3400908047501563,5.340099739542294,68.87388797177566
2025-12-11 00:00:00+00:00,2.2922608404718443,5.1561650700606085,66.67473399088708
2025-12-12 00:00:00+00:00,2.2398349946229086,4.9759507644779575,64.15022794823278
2025-12-13 00:00:00+00:00,2.23360984937003,4.9482915696226115,63.43706025875256
2025-12-14 00:00:00+00:00,2.228309248503492,4.924718177262341,62.8281737203381
2025-12-15 00:00:00+00:00,2.1783264223695427,4.756856782150451,60.43806515657727
2025-12-16 00:00:00+00:00,2.13436345334294,4.6129695733860085,58.040139635481516
2025-12-17 00:00:00+00:00,2.1896140251211635,4.852629677305786,56.20307571625033
2025-12-18 00:00:00+00:00,2.2486978518156393,5.116276878648536,62.39103257925718
2025-12-19 00:00:00+00:00,2.259488700299202,5.164527871906212,63.52653584095368
2025-12-20 00:00:00+00:00,2.248688209021475,5.115211072476856,62.31607831342809
2025-12-21 00:00:00+00:00,2.242217418151505,5.0857721658530215,61.59879912997328
2025-12-22 00:00:00+00:00,2.2119540650286202,4.948872769293449,59.622542918478935
2025-12-23 00:00:00+00:00,2.2376418652375696,5.063678022803034,57.79573023665573
2025-12-24 00:00:00+00:00,2.2234448373582056,4.999566203974003,56.3387054467447
2025-12-25 00:00:00+00:00,2.2269878546438204,5.015384371806875,56.690011063264926
2025-12-26 00:00:00+00:00,2.1970443273913935,4.881255370857454,54.880174932700186
2025-12-27 00:00:00+00:00,2.1801460055857174,4.806359542571013,53.20464806551878
2025-12-28 00:00:00+00:00,2.157080262941169,4.705059699448991,51.57976090437126
2025-12-29 00:00:00+00:00,2.092984821998901,4.55663538542859,49.87639431226459
2025-12-30 00:00:00+00:00,2.0645638212302644,4.433574726830998,48.30503897410417
2025-12-31 00:00:00+00:00,2.053950752563041,4.387775658062729,46.69332848407913
2026-01-01 00:00:00+00:00,2.042726618478573,4.339885982406183,45.67687107072647
2026-01-02 00:00:00+00:00,2.150342000775591,4.805376079007388,55.826631815716766
2026-01-03 00:00:00+00:00,2.1321514120741956,4.64728041982014,54.006121188905034
2026-01-04 00:00:00+00:00,2.173663184357838,4.828783425416623,58.249403660245285
2026-01-05 00:00:00+00:00,2.1389736094325786,4.666503507386764,56.17498447222927
2026-01-06 00:00:00+00:00,2.1086660605631145,4.534809219412605,54.47372582267219
2026-01-07 00:00:00+00:00,2.0706923137877893,4.3860679271412915,52.687404377721094
2026-01-08 00:00:00+00:00,2.0497884742550294,4.297734681336477,50.975534976431234
2026-01-09 00:00:00+00:00,2.048511290920151,4.292379011537693,50.84848751845962
2026-01-10 00:00:00+00:00,2.0420524079555267,4.265318300365478,50.20767160672568
2026-01-11 00:00:00+00:00,2.0429640873327473,4.268816266213893,50.27552032680253
2026-01-12 00:00:00+00:00,2.073664306467006,4.396916085089096,48.63312861711685
2026-01-13 00:00:00+00:00,2.1163271080474955,4.578405655734202,52.67248927536052
2026-01-14 00:00:00+00:00,2.1376916768185525,4.669870581680432,50.96586835572507
2026-01-15 00:00:00+00:00,2.1328250287413364,4.646721354939329,50.380457572159344
2026-01-16 00:00:00+00:00,2.14383442513156,4.693816008990063,51.36370943936776
2026-01-17 00:00:00+00:00,2.185130688694231,4.875044482423207,55.34714504455274
2026-01-18 00:00:00+00:00,2.24645113144522,5.149773862953987,61.63403044779486
2026-01-19 00:00:00+00:00,2.281217204921416,5.30514262382947,59.668213587115545
2026-01-20 00:00:00+00:00,2.3120092511843335,5.446040314329981,62.73428362923586
2026-01-21 00:00:00+00:00,2.2464065654283885,5.263942011823637,60.75437859331895
2026-01-22 00:00:00+00:00,2.2453103088893727,5.25874366185186,60.631581836057194
2026-01-23 00:00:00+00:00,2.2414013326327726,5.239864820149403,58.280534638383976
2026-01-24 00:00:00+00:00,2.22927919975751,5.183264314394469,57.02487196073284
2026-01-25 00:00:00+00:00,2.258661392600204,5.318949004423389,55.13002463731842
2026-01-26 00:00:00+00:00,2.2483577215630564,5.269931874198972,53.38286160689559
2026-01-27 00:00:00+00:00,2.2616669470680653,5.332050424178021,54.63020725458096
2026-01-28 00:00:00+00:00,2.220089222507763,5.166643912587804,52.92823424630504
2026-01-29 00:00:00+00:00,2.247631173886699,5.294470846589491,55.53167088119956
2026-01-30 00:00:00+00:00,2.1959717779286856,5.134226435115866,53.80197891944768
2026-01-31 00:00:00+00:00,2.2076091177582566,5.1884224123130345,54.92857637045002
2026-02-01 00:00:00+00:00,2.1904569608035427,5.1080082137960785,53.23476701787029
2026-02-02 00:00:00+00:00,2.284334933911349,5.552032332149654,62.751561043380846
2026-02-03 00:00:00+00:00,2.2481781489107338,5.3792595833906365,60.80464813487031
2026-02-04 00:00:00+00:00,2.2423712249631302,5.351470903645395,60.17642751534149
2026-02-05 00:00:00+00:00,2.2580974490466166,5.425492838498984,61.79464949845011
2026-02-06 00:00:00+00:00,2.3145665566775295,5.698366442076362,68.07904350823864
2026-02-07 00:00:00+00:00,2.3085582383642245,5.6687819832919955,67.37214560083952
2026-02-08 00:00:00+00:00,2.3045293225736687,5.648968572363921,66.89990672924596
2026-02-09 00:00:00+00:00,2.2788386630036,5.5235143355846725,64.62713116139484
2026-02-10 00:00:00+00:00,2.2719045576105414,5.489775543146724,63.83184728893138
2026-02-11 00:00:00+00:00,2.2322873542401376,5.299612661738119,61.79041307849973
2026-02-12 00:00:00+00:00,2.2087346410739648,5.188073547972471,59.84129428175534
2026-02-13 00:00:00+00:00,2.1959841791689407,5.127842340527107,57.962389421486535
2026-02-14 00:00:00+00:00,2.1846775108081746,5.07510607603935,56.77326495905681
2026-02-15 00:00:00+00:00,2.1671364653202607,4.993827129020736,54.96453676973104
2026-02-16 00:00:00+00:00,2.132430194305859,4.834954525924745,53.267830948909065
2026-02-17 00:00:00+00:00,2.104660325901248,4.70947540912093,51.58684735036741
2026-02-18 00:00:00+00:00,2.0963689915634927,4.672365773100601,50.77371744179205
2026-02-19 00:00:00+00:00,2.0521234283930263,4.524990466954405,49.167598011955654
2026-02-20 00:00:00+00:00,2.0291295618045537,4.423991079758632,47.68244961232511
2026-02-21 00:00:00+00:00,2.007451422171352,4.3298436054462215,46.15891222717454
2026-02-22 00:00:00+00:00,2.081482307673706,4.652047515023461,53.15029176932664
2026-02-23 00:00:00+00:00,2.1412031067031525,4.918826857178257,51.32813650388083
2026-02-24 00:00:00+00:00,2.163105006366763,5.0193332068379695,53.420335886059505
2026-02-25 00:00:00+00:00,2.1606119234108068,5.007138172240151,53.13442175169234
2026-02-26 00:00:00+00:00,2.109717902315215,4.850353907476449,51.47631414446192
2026-02-27 00:00:00+00:00,2.105108106364681,4.8279732415722885,50.95214480923358
2026-02-28 00:00:00+00:00,2.137737900304045,4.977804729416252,54.121250482629435
2026-03-01 00:00:00+00:00,2.1211163109215754,4.9005977798600275,52.45110492307337
2026-03-02 00:00:00+00:00,2.1049030203633254,4.825573374632053,50.840897072599105
2026-03-03 00:00:00+00:00,2.066546316937438,4.675387533594315,49.23960985775513
2026-03-04 00:00:00+00:00,2.1105147738560954,4.874847527005599,53.461104439827615
2026-03-05 00:00:00+00:00,2.0513507298748803,4.707884450354952,51.424430595787875
2026-03-06 00:00:00+00:00,1.994739134250904,4.559379644969316,49.80841951805035
2026-03-07 00:00:00+00:00,1.994739134250904,4.559379644969316,49.80841951805035
2026-03-08 00:00:00+00:00,1.978159432766962,4.483819992516267,48.292282232930525
2026-03-09 00:00:00+00:00,2.105841603730214,5.076614647666875,61.6821395425946
2026-03-10 00:00:00+00:00,2.048079889139363,4.902952454165241,59.26606327361948
2026-03-11 00:00:00+00:00,2.005699470215521,4.753237786753254,57.464466914200706
2026-03-12 00:00:00+00:00,1.993338115116817,4.693793504648007,55.18505412070215
2026-03-13 00:00:00+00:00,1.9905900835572903,4.6804720729929254,53.45377469682688
2026-03-14 00:00:00+00:00,2.078375937891676,5.098714731224227,63.2574276194857
2026-03-15 00:00:00+00:00,2.1312018090181155,5.3595629138560765,69.81251646743932
2026-03-16 00:00:00+00:00,2.116016121618618,5.2832385760685625,67.82706451534321
2026-03-17 00:00:00+00:00,2.1000037546608263,5.202904355390013,65.70085410952224
2026-03-18 00:00:00+00:00,2.0927336955135063,5.165960848183224,64.72225116258187
2026-03-19 00:00:00+00:00,2.033214153287007,5.0000181091941425,62.59478685532577
2026-03-20 00:00:00+00:00,2.0377129428479686,5.021685814434133,63.11436417108131
2026-03-21 00:00:00+00:00,2.0377129428479686,5.021685814434133,63.11436417108131
2026-03-22 00:00:00+00:00,2.018825679566295,4.9289140192239635,60.79833813195167
2026-03-23 00:00:00+00:00,2.062267233479364,5.140283732431436,65.97248059152611
2026-03-24 00:00:00+00:00,2.0129124512095236,4.981718750386617,63.909799483870785
2026-03-25 00:00:00+00:00,1.982043950157731,4.829904522043667,61.89633605607534
2026-03-26 00:00:00+00:00,1.9301985433441922,4.67757928601333,59.895098011345844
2026-03-27 00:00:00+00:00,1.9096976999582758,4.578559948447652,58.02225875633842
2026-03-28 00:00:00+00:00,1.9213433871908954,4.634172682947988,59.42016328488876
2026-03-29 00:00:00+00:00,1.9381101669985217,4.715053751354097,61.494305368126795
2026-03-30 00:00:00+00:00,1.9496597403930502,4.771051790246527,62.9446194322708
2026-03-31 00:00:00+00:00,2.0499927833726646,5.2699439931503544,76.52651751522849
2026-04-01 00:00:00+00:00,2.0189430097833583,5.111304541007479,74.11945527557506
2026-04-02 00:00:00+00:00,2.0653181596970036,5.345456135852317,80.86921247395614
2026-04-03 00:00:00+00:00,2.0537693099951246,5.285758455131046,79.06799901029649
2026-04-04 00:00:00+00:00,2.048077209433759,5.256373786049341,78.1838253717571
2026-04-05 00:00:00+00:00,2.071770591202582,5.377728229487155,81.77772090452422
2026-04-06 00:00:00+00:00,2.0327475437390667,5.206119329197762,79.1464769747141
2026-04-07 00:00:00+00:00,2.1122273989312137,5.616878198418568,91.8534043885781
2026-04-08 00:00:00+00:00,2.1052076559641555,5.5795751814816645,90.63539640941784
2026-04-09 00:00:00+00:00,2.1481384491540125,5.807341503704385,98.04513509659105
2026-04-10 00:00:00+00:00,2.176593036010201,5.96146616224847,103.2676031841269
2026-04-11 00:00:00+00:00,2.191737197809315,6.043786286494344,106.07563020351246
2026-04-12 00:00:00+00:00,2.286376060039497,6.567453106155669,102.59668838532
2026-04-13 00:00:00+00:00,2.794838141063571,9.759691846253565,221.9234971762541
2026-04-14 00:00:00+00:00,2.788955866197162,9.718581450802073,220.05134121610047
2026-04-15 00:00:00+00:00,2.773570264144556,9.611502629240135,215.21576825331334
2026-04-16 00:00:00+00:00,2.7430516034174977,9.40085957483061,208.0979317340178
2026-04-17 00:00:00+00:00,2.7286901347890353,9.30118431615319,203.5790069576813
2026-04-18 00:00:00+00:00,2.6760810347240556,8.99540563658503,195.91574605098737
2026-04-19 00:00:00+00:00,2.6489446883094496,8.813656544644637,189.23232239861292
2026-04-20 00:00:00+00:00,2.627861221277799,8.673732448803873,183.25601067645312
2026-04-21 00:00:00+00:00,2.6091141834677787,8.550077335701262,177.30928099390638
2026-04-22 00:00:00+00:00,2.5919994998199885,8.43815796684941,172.6880897550953
2026-04-23 00:00:00+00:00,2.5709224541358835,8.301299776780338,167.11688708633667
2026-04-24 00:00:00+00:00,2.5377030854257754,8.087890643763744,161.85246386601693
2026-04-25 00:00:00+00:00,2.5392215242560416,8.097259601630567,162.20273579915445
2026-04-26 00:00:00+00:00,2.5540261211510464,8.191488676597903,165.9624694065001
2026-04-27 00:00:00+00:00,2.515644128880864,7.92799680224915,160.54664338263743
2026-04-28 00:00:00+00:00,2.5202114204653077,7.955778529835955,161.59072397047515
2026-04-29 00:00:00+00:00,2.455221517838041,7.698823332921779,156.33760356567467
2026-04-30 00:00:00+00:00,2.4841134405062744,7.880326808014636,163.733981016142
2026-05-01 00:00:00+00:00,2.498367524975864,7.970510930425113,167.46031562555973
2026-05-02 00:00:00+00:00,2.49158231795049,7.927217406777937,165.64112305489925
2026-05-03 00:00:00+00:00,2.5064565322271983,8.021765023980787,169.583733633444
2026-05-04 00:00:00+00:00,2.5488929864973544,8.291841363778852,162.9040738865146
2026-05-05 00:00:00+00:00,2.7167987601426957,9.411000599401058,209.049224727191
2026-05-06 00:00:00+00:00,2.6814756456525437,9.167561443975654,200.84725009584648
2026-05-07 00:00:00+00:00,2.6896442044502424,9.221394167104624,193.05482333885502
2026-05-08 00:00:00+00:00,2.714530267876771,9.390886600371,200.05474292561553
2026-05-09 00:00:00+00:00,2.7246659998460117,9.460790563676472,203.01377835128838
2026-05-10 00:00:00+00:00,2.708976926085777,9.35150590279155,198.29621796560025
2026-05-11 00:00:00+00:00,2.679083848962463,9.145974430646593,191.6168216823747
2026-05-12 00:00:00+00:00,2.6349119056976225,8.846840419389956,185.2096115516581
2026-05-13 00:00:00+00:00,2.585803873241295,8.564990335244296,179.2808041985695
2026-05-14 00:00:00+00:00,2.580533099176077,8.528162377539122,172.1266325693072
2026-05-15 00:00:00+00:00,2.544424361224021,8.261579554890181,166.71107132627193
2026-05-16 00:00:00+00:00,2.56315631963295,8.383222443531459,171.62035438767055
2026-05-17 00:00:00+00:00,2.6719039985902477,9.099561264676339,201.34645209398764
2026-05-18 00:00:00+00:00,2.6391312040493813,8.87685910002775,193.42560734243293
2026-05-19 00:00:00+00:00,2.6404398139330665,8.884791062786698,193.69591249490261
2026-05-20 00:00:00+00:00,2.6182503790076472,8.735499787533955,187.19074946632097
2026-05-21 00:00:00+00:00,2.6154793907586416,8.714893682093171,181.1195317039016
2026-05-22 00:00:00+00:00,2.685360435433838,9.181122240295938,200.54000409793215
2026-05-23 00:00:00+00:00,2.670528986607575,9.079846501351813,196.12800424310348
2026-05-24 00:00:00+00:00,2.680616012446168,9.147672338617028,198.9917566114282
2026-05-25 00:00:00+00:00,2.658175294624175,8.994941697704938,192.3841506408387
2026-05-26 00:00:00+00:00,2.7001587565050253,9.274617674227963,186.35600736043682
2026-05-27 00:00:00+00:00,2.784342120847813,9.852743169889576,180.44570160064413
2026-05-28 00:00:00+00:00,3.0211148086808617,11.583085979160652,248.01237466807117
2026-05-29 00:00:00+00:00,3.045139398714055,11.767828261941647,255.96829132713938
2026-05-30 00:00:00+00:00,3.0277091820245254,11.633304634363517,250.13291307840754
2026-05-31 00:00:00+00:00,3.0468552260835766,11.780433535913405,256.45988239613536
2026-06-01 00:00:00+00:00,3.2237175026251528,13.169168016560507,318.74801072293934
2026-06-02 00:00:00+00:00,3.2395335083753274,13.297429498335097,324.86357396534316
2026-06-03 00:00:00+00:00,3.1962533190853226,12.94402557634456,314.3706740585157
2026-06-04 00:00:00+00:00,3.1169221218739644,12.50552027309027,304.2960764107374
2026-06-05 00:00:00+00:00,3.094786897923046,12.327607784311898,294.7477732014169
2026-06-06 00:00:00+00:00,3.110235986603247,12.449528053417662,300.4676607763106
2026-06-07 00:00:00+00:00,3.1078554579750595,12.429132521819568,299.35597118479046
2026-06-08 00:00:00+00:00,3.128186128406853,12.590641630367736,307.02782294377147
2026-06-09 00:00:00+00:00,3.1434245961610734,12.711671007603542,312.7707525331362
2026-06-10 00:00:00+00:00,3.17536059654174,12.964779275652958,301.5354497546955
2026-06-11 00:00:00+00:00,3.397255228335098,14.820172365583035,391.9792607256481
2026-06-12 00:00:00+00:00,3.364910849703704,14.538977846319248,377.2102741308325
2026-06-13 00:00:00+00:00,3.3377108759733796,14.304563531251498,365.1123385672938
2026-06-14 00:00:00+00:00,3.3769874010653833,14.63544817377657,353.0049108630221
2026-06-15 00:00:00+00:00,3.4015814783966123,14.843530686615564,362.55517866020864
2026-06-16 00:00:00+00:00,3.366598638654245,14.538988097958224,351.57133615497145
2026-06-17 00:00:00+00:00,3.3287431577482454,14.06630409591563,340.304373871738
2026-06-18 00:00:00+00:00,3.3054022533793805,13.869418848319832,330.8145901108395
2026-06-19 00:00:00+00:00,3.2706441584697674,13.57888281921994,320.58536691554684
2026-06-20 00:00:00+00:00,3.261933612291679,13.506554873951199,317.17016977732465
2026-06-21 00:00:00+00:00,3.2444789461930266,13.362201114169478,310.4087535875974
2026-06-22 00:00:00+00:00,3.183533472478878,12.932383719353059,300.4267303090525
2026-06-23 00:00:00+00:00,3.171834899974017,12.835665922915773,295.78041123807094
2026-06-24 00:00:00+00:00,3.137939925809409,12.561425911953185,286.4792493991577
2026-06-25 00:00:00+00:00,3.0810919534601946,12.17270354059533,277.49863049896004
2026-06-26 00:00:00+00:00,3.0448986291287126,11.887982990587146,269.14798849492104
2026-06-27 00:00:00+00:00,3.03657879615033,11.82301791622614,266.2063256240148
2026-06-28 00:00:00+00:00,3.0290559286260588,11.764436859390983,263.5683108630195
2026-06-29 00:00:00+00:00,2.9739477182075253,11.400684453732092,255.47112003533212
2026-06-30 00:00:00+00:00,2.984850020668481,11.482795754992335,259.0194204108966
2026-07-01 00:00:00+00:00,2.9298354685172283,11.0976749672787,250.74930100312383
2026-07-02 00:00:00+00:00,2.9893433525275936,11.551095888626314,271.47422200159485
2026-07-03 00:00:00+00:00,2.949695854067895,11.246322550162448,262.95259916743737
2026-07-04 00:00:00+00:00,2.9599365105049964,11.323928144401224,266.5361301744125
2026-07-05 00:00:00+00:00,2.8907734054777663,10.946468688438085,257.51054346984716
2026-07-06 00:00:00+00:00,2.8233864643638698,10.594349896260011,249.0104473137601
2026-07-07 00:00:00+00:00,2.7366132877107288,10.25672131626955,241.18900323027023
2026-07-08 00:00:00+00:00,2.7250831230596915,9.922404554281028,233.5611587488371
2026-07-09 00:00:00+00:00,2.794051567405638,10.42878602615151,257.79225464705837
2026-07-10 00:00:00+00:00,2.747539876171777,10.083951580752945,248.71541131709503
2026-07-11 00:00:00+00:00,2.719896506495102,9.881737894862573,240.75209698892627
2026-07-12 00:00:00+00:00,2.705183633133868,9.774685372032671,235.5221956993403
2026-07-13 00:00:00+00:00,2.6766075053009355,9.466492664572725,228.14759004809173
2026-07-14 00:00:00+00:00,2.6948478459507057,9.593322994837102,234.04929574396184
2026-07-15 00:00:00+00:00,2.64476243791113,9.292464269395364,226.75873284980278
2026-07-16 00:00:00+00:00,2.5642605200851505,8.974432385284443,219.38018704872565
2026-07-17 00:00:00+00:00,2.544623571465173,8.837306792883833,212.04637764876537
2026-07-18 00:00:00+00:00,2.5693424594034933,9.00941532100124,220.34545722087364
2026-07-19 00:00:00+00:00,2.5565325303198523,8.919616348315568,215.9567041886837
2026-07-20 00:00:00+00:00,2.5743515095313594,9.04337078829701,221.89151198210877
2026-07-21 00:00:00+00:00,2.5386931904337398,8.793900262073285,213.93002734673465
2026-07-22 00:00:00+00:00,2.4577019906136286,8.504897876339957,206.89605210747274
2026-07-23 00:00:00+00:00,2.384068751875697,8.229345189781581,200.05179318205137
2026-07-24 00:00:00+00:00,2.340160017477849,7.967431032097548,193.83908161816808
2026-07-25 00:00:00+00:00,2.32668163508127,7.875784842219378,189.39264096365991
2026-07-26 00:00:00+00:00,2.32993672760198,7.8966856413148045,190.2900899381049
2026-07-27 00:00:00+00:00,2.2836807033064446,7.659405102955805,184.18906019272455
2026-07-28 00:00:00+00:00,2.234210199619754,7.396271838959248,178.33645455252542
2026-07-29 00:00:00+00:00,2.269084049800809,7.625002858913512,189.1592229268792
2026-07-30 00:00:00+00:00,2.2929842418101685,7.786204104980222,197.21445720361393
2026-07-31 00:00:00+00:00,2.255821933851272,7.535531251761742,190.76240076215822
2026-08-01 00:00:00+00:00,2.2919716516116675,7.777269662331666,203.02345991478688
2026-08-02 00:00:00+00:00,2.278566584287202,7.686429150727336,198.29465778012516
2026-08-03 00:00:00+00:00,2.3618420423943625,8.25289955268804,227.99568902359982
2026-08-04 00:00:00+00:00,2.407552215071537,8.573095347831893,245.76832371963425
2026-08-05 00:00:00+00:00,2.3688378353517896,8.298608268186506,238.1480910987185
2026-08-06 00:00:00+00:00,2.344093468811331,8.04243143971675,228.97351764776278
2026-08-07 00:00:00+00:00,2.3531333552874782,8.104239175833953,232.46720911724222
2026-08-08 00:00:00+00:00,2.3488508280565923,8.07449910860363,230.73337504717196
2026-08-09 00:00:00+00:00,2.3346458147348366,7.976972066565522,225.1751901539579
2026-08-10 00:00:00+00:00,2.288215903102498,7.71215768973105,217.82011983826078
2026-08-11 00:00:00+00:00,2.27188921163011,7.601840368436534,210.61927775197677
2026-08-12 00:00:00+00:00,2.2982293264350377,7.777844604338473,220.3416455948943
2026-08-13 00:00:00+00:00,2.2855295840885534,7.692004435267058,215.49149850513874
2026-08-14 00:00:00+00:00,2.346662117867665,8.10198962846268,238.29463248630938
2026-08-15 00:00:00+00:00,2.4865002385381274,9.078251073766893,296.9444334465392
2026-08-16 00:00:00+00:00,2.4618910620565155,8.899191248621317,286.4648350350968
2026-08-17 00:00:00+00:00,2.576991859684085,9.734070797415711,340.514759390174
2026-08-18 00:00:00+00:00,2.6420633983597113,10.208349710963997,329.4951772954329
2026-08-19 00:00:00+00:00,2.9594751929009173,12.739705783705023,503.0845253215254
2026-08-20 00:00:00+00:00,2.923441234200368,12.430992969295648,487.1793152193377
2026-08-21 00:00:00+00:00,2.909399247432255,12.311472238422624,477.7955897787792
2026-08-22 00:00:00+00:00,2.8707675996636155,11.986264242084125,462.81349879284284
2026-08-23 00:00:00+00:00,2.91833847618134,12.385503567195988,493.9524065660418
2026-08-24 00:00:00+00:00,2.892206895411699,12.163741230698605,478.5689413129685
2026-08-25 00:00:00+00:00,2.913429606474522,11.797562086246883,459.95057505525114
2026-08-26 00:00:00+00:00,2.9454960267328825,12.055315287784774,445.23577966101243
2026-08-27 00:00:00+00:00,2.901009188885649,11.693457767668843,432.0036256454288
2026-08-28 00:00:00+00:00,2.8493785074117315,11.334791236414706,417.7454066919098
2026-08-29 00:00:00+00:00,2.8493785074117315,11.334791236414706,417.7454066919098
2026-08-30 00:00:00+00:00,2.834568633719646,11.216396177059012,408.93710147559545
2026-08-31 00:00:00+00:00,2.7868287874387168,10.841289194091717,394.4004306282413
2026-09-01 00:00:00+00:00,2.7203696591097404,10.498510362504506,381.74003801810085
2026-09-02 00:00:00+00:00,2.887755593903886,11.816818554904941,481.51660280562004
2026-09-03 00:00:00+00:00,2.9326250752584637,12.184593960550426,511.5757772946781
2026-09-04 00:00:00+00:00,2.9234957084801905,12.107996266738832,505.0219338369315
2026-09-05 00:00:00+00:00,2.9365306974767633,12.215968101723691,514.0288981112379
2026-09-06 00:00:00+00:00,2.9223030050532834,12.097408534005336,496.5285294805483
2026-09-07 00:00:00+00:00,2.885534441998129,11.794460821133768,477.1732978696878
2026-09-08 00:00:00+00:00,2.8165648881888337,11.421021853341266,461.697479887252
2026-09-09 00:00:00+00:00,2.7571384817716043,11.06437670709666,446.4521101118914
2026-09-10 00:00:00+00:00,2.7506056707076647,11.010973338944478,429.6099936114415
2026-09-11 00:00:00+00:00,2.6952178129289686,10.627325252043423,415.89222693495316
2026-09-12 00:00:00+00:00,2.6648224348650986,10.388641780601741,402.0077609899476
2026-09-13 00:00:00+00:00,2.6412212921754894,10.205170851213973,387.8922503604709
2026-09-14 00:00:00+00:00,2.5940495017911362,9.894851510583388,372.59680258245385
2026-09-15 00:00:00+00:00,2.5615149352324713,9.597519135404426,360.84467950768544
2026-09-16 00:00:00+00:00,2.607036156615527,9.939644755113758,386.71999417779097
2026-09-17 00:00:00+00:00,2.6239686521911345,10.067802782615765,396.54271153106913
2026-09-18 00:00:00+00:00,3.0225398452789096,13.313567028298472,684.5894956785451
2026-09-19 00:00:00+00:00,2.9879910794184865,13.010516917982489,661.1567264597255
2026-09-20 00:00:00+00:00,3.0354205128146172,13.423950415725946,703.2525110922586
2026-09-21 00:00:00+00:00,3.0304944691426234,13.38029738717417,698.6613773158913
2026-09-22 00:00:00+00:00,2.988908215873783,13.015153609303951,675.3599967811049
2026-09-23 00:00:00+00:00,2.931960978092227,12.591501270824477,653.0024040991391
2026-09-24 00:00:00+00:00,2.947172569764851,12.720820245571348,631.4543097637633
2026-09-25 00:00:00+00:00,2.917421974729167,12.464926637086801,606.057084591103
2026-09-26 00:00:00+00:00,2.9085025421018686,12.388708610139203,598.645492601831
2026-09-27 00:00:00+00:00,2.8896219363496325,12.228183371764953,583.1930789003992
2026-09-28 00:00:00+00:00,2.8570733016591636,11.953932857079568,563.1925690477545
2026-09-29 00:00:00+00:00,2.857476779364512,11.95580272272619,563.0860833485106
2026-09-30 00:00:00+00:00,2.857445479416638,11.955352901690938,563.0083142137643
