,0
2017-09-04 00:00:00+00:00,0.9898353991686906
2017-09-05 00:00:00+00:00,0.9898353991686906
2017-09-06 00:00:00+00:00,0.9898353991686906
2017-09-07 00:00:00+00:00,0.9898353991686906
2017-09-08 00:00:00+00:00,0.9898353991686906
2017-09-09 00:00:00+00:00,0.9898353991686906
2017-09-10 00:00:00+00:00,0.9898353991686906
2017-09-11 00:00:00+00:00,0.9898353991686906
2017-09-12 00:00:00+00:00,0.9898353991686906
2017-09-13 00:00:00+00:00,0.9898353991686906
2017-09-14 00:00:00+00:00,0.9898353991686906
2017-09-15 00:00:00+00:00,0.9940598057246434
2017-09-16 00:00:00+00:00,0.9940598057246434
2017-09-17 00:00:00+00:00,0.9940598057246434
2017-09-18 00:00:00+00:00,0.9940598057246434
2017-09-19 00:00:00+00:00,0.9940598057246434
2017-09-20 00:00:00+00:00,0.9940598057246434
2017-09-21 00:00:00+00:00,0.9940598057246434
2017-09-22 00:00:00+00:00,0.9940598057246434
2017-09-23 00:00:00+00:00,0.9940598057246434
2017-09-24 00:00:00+00:00,0.9940598057246434
2017-09-25 00:00:00+00:00,0.9940598057246434
2017-09-26 00:00:00+00:00,0.9940598057246434
2017-09-27 00:00:00+00:00,0.9940598057246434
2017-09-28 00:00:00+00:00,0.9940598057246434
2017-09-29 00:00:00+00:00,0.9940598057246434
2017-09-30 00:00:00+00:00,0.9940598057246434
2017-10-01 00:00:00+00:00,0.9940598057246434
2017-10-02 00:00:00+00:00,0.9940598057246434
2017-10-03 00:00:00+00:00,0.9940598057246434
2017-10-04 00:00:00+00:00,0.9940598057246434
2017-10-05 00:00:00+00:00,0.9940598057246434
2017-10-06 00:00:00+00:00,0.9940598057246434
2017-10-07 00:00:00+00:00,0.9940598057246434
2017-10-08 00:00:00+00:00,0.9940598057246434
2017-10-09 00:00:00+00:00,0.9940598057246434
2017-10-10 00:00:00+00:00,0.9835604410433869
2017-10-11 00:00:00+00:00,0.9835604410433869
2017-10-12 00:00:00+00:00,0.9835604410433869
2017-10-13 00:00:00+00:00,0.9835604410433869
2017-10-14 00:00:00+00:00,0.9885629438961367
2017-10-15 00:00:00+00:00,0.9885629438961367
2017-10-16 00:00:00+00:00,0.9885629438961367
2017-10-17 00:00:00+00:00,0.9885629438961367
2017-10-18 00:00:00+00:00,0.9885629438961367
2017-10-19 00:00:00+00:00,0.9885629438961367
2017-10-20 00:00:00+00:00,0.9885629438961367
2017-10-21 00:00:00+00:00,0.9885629438961367
2017-10-22 00:00:00+00:00,0.9885629438961367
2017-10-23 00:00:00+00:00,0.9885629438961367
2017-10-24 00:00:00+00:00,0.9885629438961367
2017-10-25 00:00:00+00:00,0.9885629438961367
2017-10-26 00:00:00+00:00,0.9885629438961367
2017-10-27 00:00:00+00:00,0.9885629438961367
2017-10-28 00:00:00+00:00,0.9885629438961367
2017-10-29 00:00:00+00:00,0.9885629438961367
2017-10-30 00:00:00+00:00,0.9885629438961367
2017-10-31 00:00:00+00:00,0.9885629438961367
2017-11-01 00:00:00+00:00,0.9885629438961367
2017-11-02 00:00:00+00:00,0.9885629438961367
2017-11-03 00:00:00+00:00,0.9885629438961367
2017-11-04 00:00:00+00:00,0.9885629438961367
2017-11-05 00:00:00+00:00,0.9885629438961367
2017-11-06 00:00:00+00:00,0.9885629438961367
2017-11-07 00:00:00+00:00,0.9885629438961367
2017-11-08 00:00:00+00:00,0.9885629438961367
2017-11-09 00:00:00+00:00,0.9813299300817259
2017-11-10 00:00:00+00:00,0.9813299300817259
2017-11-11 00:00:00+00:00,0.9813299300817259
2017-11-12 00:00:00+00:00,0.9813299300817259
2017-11-13 00:00:00+00:00,0.9813299300817259
2017-11-14 00:00:00+00:00,0.9813299300817259
2017-11-15 00:00:00+00:00,0.9813299300817259
2017-11-16 00:00:00+00:00,0.9813299300817259
2017-11-17 00:00:00+00:00,0.9813299300817259
2017-11-18 00:00:00+00:00,0.9813299300817259
2017-11-19 00:00:00+00:00,0.970950969241493
2017-11-20 00:00:00+00:00,0.970950969241493
2017-11-21 00:00:00+00:00,0.970950969241493
2017-11-22 00:00:00+00:00,0.970950969241493
2017-11-23 00:00:00+00:00,0.970950969241493
2017-11-24 00:00:00+00:00,0.9697940572331815
2017-11-25 00:00:00+00:00,0.9697940572331815
2017-11-26 00:00:00+00:00,0.9697940572331815
2017-11-27 00:00:00+00:00,0.9697940572331815
2017-11-28 00:00:00+00:00,0.9697940572331815
2017-11-29 00:00:00+00:00,0.9697940572331815
2017-11-30 00:00:00+00:00,0.9598638724559941
2017-12-01 00:00:00+00:00,0.9771069899738415
2017-12-02 00:00:00+00:00,0.9771069899738415
2017-12-03 00:00:00+00:00,0.9771069899738415
2017-12-04 00:00:00+00:00,0.9771069899738415
2017-12-05 00:00:00+00:00,0.9771069899738415
2017-12-06 00:00:00+00:00,0.9771069899738415
2017-12-07 00:00:00+00:00,0.9771069899738415
2017-12-08 00:00:00+00:00,0.9771069899738415
2017-12-09 00:00:00+00:00,0.9771069899738415
2017-12-10 00:00:00+00:00,0.9771069899738415
2017-12-11 00:00:00+00:00,0.9771069899738415
2017-12-12 00:00:00+00:00,0.9671010903854975
2017-12-13 00:00:00+00:00,0.9671010903854975
2017-12-14 00:00:00+00:00,0.9621758870265728
2017-12-15 00:00:00+00:00,0.9621758870265728
2017-12-16 00:00:00+00:00,0.9621758870265728
2017-12-17 00:00:00+00:00,0.9621758870265728
2017-12-18 00:00:00+00:00,0.9621758870265728
2017-12-19 00:00:00+00:00,0.9621758870265728
2017-12-20 00:00:00+00:00,0.9621758870265728
2017-12-21 00:00:00+00:00,0.9621758870265728
2017-12-22 00:00:00+00:00,0.9524347375285852
2017-12-23 00:00:00+00:00,0.9524347375285852
2017-12-24 00:00:00+00:00,0.9524347375285852
2017-12-25 00:00:00+00:00,0.9524347375285852
2017-12-26 00:00:00+00:00,0.9524347375285852
2017-12-27 00:00:00+00:00,0.9524347375285852
2017-12-28 00:00:00+00:00,0.9524347375285852
2017-12-29 00:00:00+00:00,0.9524347375285852
2017-12-30 00:00:00+00:00,0.9524347375285852
2017-12-31 00:00:00+00:00,0.9524347375285852
2018-01-01 00:00:00+00:00,0.9524347375285852
2018-01-02 00:00:00+00:00,0.9524347375285852
2018-01-03 00:00:00+00:00,0.9524347375285852
2018-01-04 00:00:00+00:00,0.9524347375285852
2018-01-05 00:00:00+00:00,0.9799849505554501
2018-01-06 00:00:00+00:00,0.9799849505554501
2018-01-07 00:00:00+00:00,0.9799849505554501
2018-01-08 00:00:00+00:00,0.9799849505554501
2018-01-09 00:00:00+00:00,0.9799849505554501
2018-01-10 00:00:00+00:00,0.9799849505554501
2018-01-11 00:00:00+00:00,0.9799849505554501
2018-01-12 00:00:00+00:00,0.9799849505554501
2018-01-13 00:00:00+00:00,0.9799849505554501
2018-01-14 00:00:00+00:00,0.9799849505554501
2018-01-15 00:00:00+00:00,0.9799849505554501
2018-01-16 00:00:00+00:00,0.9799849505554501
2018-01-17 00:00:00+00:00,0.9799849505554501
2018-01-18 00:00:00+00:00,0.9799849505554501
2018-01-19 00:00:00+00:00,0.9799849505554501
2018-01-20 00:00:00+00:00,0.9799849505554501
2018-01-21 00:00:00+00:00,0.9799849505554501
2018-01-22 00:00:00+00:00,0.9799849505554501
2018-01-23 00:00:00+00:00,0.9799849505554501
2018-01-24 00:00:00+00:00,0.9799849505554501
2018-01-25 00:00:00+00:00,0.9799849505554501
2018-01-26 00:00:00+00:00,0.9799849505554501
2018-01-27 00:00:00+00:00,0.9799849505554501
2018-01-28 00:00:00+00:00,0.9799849505554501
2018-01-29 00:00:00+00:00,0.9799849505554501
2018-01-30 00:00:00+00:00,0.9799849505554501
2018-01-31 00:00:00+00:00,0.9799849505554501
2018-02-01 00:00:00+00:00,0.9799849505554501
2018-02-02 00:00:00+00:00,0.9699313028706585
2018-02-03 00:00:00+00:00,0.9699313028706585
2018-02-04 00:00:00+00:00,0.9699313028706585
2018-02-05 00:00:00+00:00,0.9699313028706585
2018-02-06 00:00:00+00:00,0.960112906686239
2018-02-07 00:00:00+00:00,0.960112906686239
2018-02-08 00:00:00+00:00,0.960112906686239
2018-02-09 00:00:00+00:00,0.960112906686239
2018-02-10 00:00:00+00:00,0.960112906686239
2018-02-11 00:00:00+00:00,0.960112906686239
2018-02-12 00:00:00+00:00,0.960112906686239
2018-02-13 00:00:00+00:00,0.960112906686239
2018-02-14 00:00:00+00:00,0.960112906686239
2018-02-15 00:00:00+00:00,0.960112906686239
2018-02-16 00:00:00+00:00,0.960112906686239
2018-02-17 00:00:00+00:00,0.960112906686239
2018-02-18 00:00:00+00:00,0.960112906686239
2018-02-19 00:00:00+00:00,0.960112906686239
2018-02-20 00:00:00+00:00,0.960112906686239
2018-02-21 00:00:00+00:00,0.960112906686239
2018-02-22 00:00:00+00:00,0.960112906686239
2018-02-23 00:00:00+00:00,0.9501487547892433
2018-02-24 00:00:00+00:00,0.9501487547892433
2018-02-25 00:00:00+00:00,0.9501487547892433
2018-02-26 00:00:00+00:00,0.9501487547892433
2018-02-27 00:00:00+00:00,0.9501487547892433
2018-02-28 00:00:00+00:00,0.9501487547892433
2018-03-01 00:00:00+00:00,0.9501487547892433
2018-03-02 00:00:00+00:00,0.9501487547892433
2018-03-03 00:00:00+00:00,0.9501487547892433
2018-03-04 00:00:00+00:00,0.9501487547892433
2018-03-05 00:00:00+00:00,0.9501487547892433
2018-03-06 00:00:00+00:00,0.9501487547892433
2018-03-07 00:00:00+00:00,0.9501487547892433
2018-03-08 00:00:00+00:00,0.9402488138816588
2018-03-09 00:00:00+00:00,0.9402488138816588
2018-03-10 00:00:00+00:00,0.9402488138816588
2018-03-11 00:00:00+00:00,0.9402488138816588
2018-03-12 00:00:00+00:00,0.9402488138816588
2018-03-13 00:00:00+00:00,0.9402488138816588
2018-03-14 00:00:00+00:00,0.9402488138816588
2018-03-15 00:00:00+00:00,0.9402488138816588
2018-03-16 00:00:00+00:00,0.9402488138816588
2018-03-17 00:00:00+00:00,0.9402488138816588
2018-03-18 00:00:00+00:00,0.930627028528878
2018-03-19 00:00:00+00:00,0.930627028528878
2018-03-20 00:00:00+00:00,0.930627028528878
2018-03-21 00:00:00+00:00,0.930627028528878
2018-03-22 00:00:00+00:00,0.930627028528878
2018-03-23 00:00:00+00:00,0.930627028528878
2018-03-24 00:00:00+00:00,0.930627028528878
2018-03-25 00:00:00+00:00,0.930627028528878
2018-03-26 00:00:00+00:00,0.930627028528878
2018-03-27 00:00:00+00:00,0.930627028528878
2018-03-28 00:00:00+00:00,0.930627028528878
2018-03-29 00:00:00+00:00,0.930627028528878
2018-03-30 00:00:00+00:00,0.9324748229148421
2018-03-31 00:00:00+00:00,0.9324748229148421
2018-04-01 00:00:00+00:00,0.9324748229148421
2018-04-02 00:00:00+00:00,0.9324748229148421
2018-04-03 00:00:00+00:00,0.9324748229148421
2018-04-04 00:00:00+00:00,0.9324748229148421
2018-04-05 00:00:00+00:00,0.9324748229148421
2018-04-06 00:00:00+00:00,0.9324748229148421
2018-04-07 00:00:00+00:00,0.9324748229148421
2018-04-08 00:00:00+00:00,0.9324748229148421
2018-04-09 00:00:00+00:00,0.9324748229148421
2018-04-10 00:00:00+00:00,0.9324748229148421
2018-04-11 00:00:00+00:00,0.9324748229148421
2018-04-12 00:00:00+00:00,0.9324748229148421
2018-04-13 00:00:00+00:00,0.9324748229148421
2018-04-14 00:00:00+00:00,0.9530553852946557
2018-04-15 00:00:00+00:00,0.9530553852946557
2018-04-16 00:00:00+00:00,0.9530553852946557
2018-04-17 00:00:00+00:00,0.9530553852946557
2018-04-18 00:00:00+00:00,0.9482324315112877
2018-04-19 00:00:00+00:00,0.9482324315112877
2018-04-20 00:00:00+00:00,0.9482324315112877
2018-04-21 00:00:00+00:00,0.9482324315112877
2018-04-22 00:00:00+00:00,0.9482324315112877
2018-04-23 00:00:00+00:00,0.9482324315112877
2018-04-24 00:00:00+00:00,0.9482324315112877
2018-04-25 00:00:00+00:00,0.9471504842998353
2018-04-26 00:00:00+00:00,0.9447758555874551
2018-04-27 00:00:00+00:00,0.9447758555874551
2018-04-28 00:00:00+00:00,0.9447758555874551
2018-04-29 00:00:00+00:00,0.9447758555874551
2018-04-30 00:00:00+00:00,0.9447758555874551
2018-05-01 00:00:00+00:00,0.9447758555874551
2018-05-02 00:00:00+00:00,0.9447758555874551
2018-05-03 00:00:00+00:00,0.9447758555874551
2018-05-04 00:00:00+00:00,0.9447758555874551
2018-05-05 00:00:00+00:00,0.9447758555874551
2018-05-06 00:00:00+00:00,0.9619785162307259
2018-05-07 00:00:00+00:00,0.9619785162307259
2018-05-08 00:00:00+00:00,0.9519681873796676
2018-05-09 00:00:00+00:00,0.9519681873796676
2018-05-10 00:00:00+00:00,0.9519681873796676
2018-05-11 00:00:00+00:00,0.9519681873796676
2018-05-12 00:00:00+00:00,0.9519681873796676
2018-05-13 00:00:00+00:00,0.9519681873796676
2018-05-14 00:00:00+00:00,0.9519681873796676
2018-05-15 00:00:00+00:00,0.9519681873796676
2018-05-16 00:00:00+00:00,0.9519681873796676
2018-05-17 00:00:00+00:00,0.9519681873796676
2018-05-18 00:00:00+00:00,0.9519681873796676
2018-05-19 00:00:00+00:00,0.9519681873796676
2018-05-20 00:00:00+00:00,0.9519681873796676
2018-05-21 00:00:00+00:00,0.9519681873796676
2018-05-22 00:00:00+00:00,0.9519681873796676
2018-05-23 00:00:00+00:00,0.9519681873796676
2018-05-24 00:00:00+00:00,0.9586665329839102
2018-05-25 00:00:00+00:00,0.9586665329839102
2018-05-26 00:00:00+00:00,0.9586665329839102
2018-05-27 00:00:00+00:00,0.9586665329839102
2018-05-28 00:00:00+00:00,0.9586665329839102
2018-05-29 00:00:00+00:00,0.9486516708440005
2018-05-30 00:00:00+00:00,0.9486516708440005
2018-05-31 00:00:00+00:00,0.9486516708440005
2018-06-01 00:00:00+00:00,0.9486516708440005
2018-06-02 00:00:00+00:00,0.9486516708440005
2018-06-03 00:00:00+00:00,0.9486516708440005
2018-06-04 00:00:00+00:00,0.9486516708440005
2018-06-05 00:00:00+00:00,0.9486516708440005
2018-06-06 00:00:00+00:00,0.9486516708440005
2018-06-07 00:00:00+00:00,0.9486516708440005
2018-06-08 00:00:00+00:00,0.9486516708440005
2018-06-09 00:00:00+00:00,0.9486516708440005
2018-06-10 00:00:00+00:00,0.9486516708440005
2018-06-11 00:00:00+00:00,0.9505658672749898
2018-06-12 00:00:00+00:00,0.9505658672749898
2018-06-13 00:00:00+00:00,0.9505658672749898
2018-06-14 00:00:00+00:00,0.9505658672749898
2018-06-15 00:00:00+00:00,0.9505658672749898
2018-06-16 00:00:00+00:00,0.9505658672749898
2018-06-17 00:00:00+00:00,0.9505658672749898
2018-06-18 00:00:00+00:00,0.9505658672749898
2018-06-19 00:00:00+00:00,0.9505658672749898
2018-06-20 00:00:00+00:00,0.9505658672749898
2018-06-21 00:00:00+00:00,0.9505658672749898
2018-06-22 00:00:00+00:00,0.9497617198547535
2018-06-23 00:00:00+00:00,0.944833302125115
2018-06-24 00:00:00+00:00,0.9349936329180509
2018-06-25 00:00:00+00:00,0.9349936329180509
2018-06-26 00:00:00+00:00,0.9349936329180509
2018-06-27 00:00:00+00:00,0.9349936329180509
2018-06-28 00:00:00+00:00,0.9349936329180509
2018-06-29 00:00:00+00:00,0.9349936329180509
2018-06-30 00:00:00+00:00,0.9349936329180509
2018-07-01 00:00:00+00:00,0.9349936329180509
2018-07-02 00:00:00+00:00,0.9349936329180509
2018-07-03 00:00:00+00:00,0.9250570773161966
2018-07-04 00:00:00+00:00,0.9250570773161966
2018-07-05 00:00:00+00:00,0.9250570773161966
2018-07-06 00:00:00+00:00,0.9250570773161966
2018-07-07 00:00:00+00:00,0.9250570773161966
2018-07-08 00:00:00+00:00,0.9250570773161966
2018-07-09 00:00:00+00:00,0.9250570773161966
2018-07-10 00:00:00+00:00,0.9250570773161966
2018-07-11 00:00:00+00:00,0.9152459259144171
2018-07-12 00:00:00+00:00,0.9152459259144171
2018-07-13 00:00:00+00:00,0.9152459259144171
2018-07-14 00:00:00+00:00,0.9152459259144171
2018-07-15 00:00:00+00:00,0.9152459259144171
2018-07-16 00:00:00+00:00,0.9152459259144171
2018-07-17 00:00:00+00:00,0.9152459259144171
2018-07-18 00:00:00+00:00,0.9054543704356268
2018-07-19 00:00:00+00:00,0.9054543704356268
2018-07-20 00:00:00+00:00,0.9054543704356268
2018-07-21 00:00:00+00:00,0.9054543704356268
2018-07-22 00:00:00+00:00,0.9054543704356268
2018-07-23 00:00:00+00:00,0.9054543704356268
2018-07-24 00:00:00+00:00,0.9054543704356268
2018-07-25 00:00:00+00:00,0.9054543704356268
2018-07-26 00:00:00+00:00,0.9054543704356268
2018-07-27 00:00:00+00:00,0.9054543704356268
2018-07-28 00:00:00+00:00,0.9054543704356268
2018-07-29 00:00:00+00:00,0.9054543704356268
2018-07-30 00:00:00+00:00,0.9054543704356268
2018-07-31 00:00:00+00:00,0.9054543704356268
2018-08-01 00:00:00+00:00,0.9054543704356268
2018-08-02 00:00:00+00:00,0.9206045922753503
2018-08-03 00:00:00+00:00,0.9206045922753503
2018-08-04 00:00:00+00:00,0.9206045922753503
2018-08-05 00:00:00+00:00,0.9206045922753503
2018-08-06 00:00:00+00:00,0.9206045922753503
2018-08-07 00:00:00+00:00,0.9158485045247581
2018-08-08 00:00:00+00:00,0.9158485045247581
2018-08-09 00:00:00+00:00,0.9547929189132387
2018-08-10 00:00:00+00:00,0.9547929189132387
2018-08-11 00:00:00+00:00,0.9547929189132387
2018-08-12 00:00:00+00:00,0.9565377582248533
2018-08-13 00:00:00+00:00,0.9565377582248533
2018-08-14 00:00:00+00:00,0.9565377582248533
2018-08-15 00:00:00+00:00,0.9565377582248533
2018-08-16 00:00:00+00:00,0.9565377582248533
2018-08-17 00:00:00+00:00,0.9565377582248533
2018-08-18 00:00:00+00:00,0.9565377582248533
2018-08-19 00:00:00+00:00,0.9565377582248533
2018-08-20 00:00:00+00:00,0.9565377582248533
2018-08-21 00:00:00+00:00,0.9565377582248533
2018-08-22 00:00:00+00:00,0.9565377582248533
2018-08-23 00:00:00+00:00,0.9565377582248533
2018-08-24 00:00:00+00:00,0.9565377582248533
2018-08-25 00:00:00+00:00,0.9565377582248533
2018-08-26 00:00:00+00:00,0.9565377582248533
2018-08-27 00:00:00+00:00,0.9565377582248533
2018-08-28 00:00:00+00:00,0.9565377582248533
2018-08-29 00:00:00+00:00,0.9493494966369947
2018-08-30 00:00:00+00:00,0.9493494966369947
2018-08-31 00:00:00+00:00,0.9493494966369947
2018-09-01 00:00:00+00:00,0.9493494966369947
2018-09-02 00:00:00+00:00,0.9392904991486761
2018-09-03 00:00:00+00:00,0.9392904991486761
2018-09-04 00:00:00+00:00,0.9392904991486761
2018-09-05 00:00:00+00:00,0.9392904991486761
2018-09-06 00:00:00+00:00,0.9739703791424599
2018-09-07 00:00:00+00:00,0.9739703791424599
2018-09-08 00:00:00+00:00,0.9739703791424599
2018-09-09 00:00:00+00:00,0.9739703791424599
2018-09-10 00:00:00+00:00,0.9739703791424599
2018-09-11 00:00:00+00:00,0.9739703791424599
2018-09-12 00:00:00+00:00,0.9739703791424599
2018-09-13 00:00:00+00:00,0.9739703791424599
2018-09-14 00:00:00+00:00,0.9739703791424599
2018-09-15 00:00:00+00:00,0.9739703791424599
2018-09-16 00:00:00+00:00,0.9739703791424599
2018-09-17 00:00:00+00:00,0.9739703791424599
2018-09-18 00:00:00+00:00,0.9588811211783808
2018-09-19 00:00:00+00:00,0.9539108555886181
2018-09-20 00:00:00+00:00,0.9539108555886181
2018-09-21 00:00:00+00:00,0.9539108555886181
2018-09-22 00:00:00+00:00,0.9872030326102552
2018-09-23 00:00:00+00:00,0.9872030326102552
2018-09-24 00:00:00+00:00,0.9872030326102552
2018-09-25 00:00:00+00:00,0.9872030326102552
2018-09-26 00:00:00+00:00,0.9914856052776533
2018-09-27 00:00:00+00:00,0.9914856052776533
2018-09-28 00:00:00+00:00,0.9914856052776533
2018-09-29 00:00:00+00:00,0.9914856052776533
2018-09-30 00:00:00+00:00,0.9914856052776533
2018-10-01 00:00:00+00:00,0.9914856052776533
2018-10-02 00:00:00+00:00,0.9914856052776533
2018-10-03 00:00:00+00:00,0.9914856052776533
2018-10-04 00:00:00+00:00,0.9914856052776533
2018-10-05 00:00:00+00:00,0.9914856052776533
2018-10-06 00:00:00+00:00,0.9914856052776533
2018-10-07 00:00:00+00:00,0.9914856052776533
2018-10-08 00:00:00+00:00,0.9914856052776533
2018-10-09 00:00:00+00:00,0.9914856052776533
2018-10-10 00:00:00+00:00,0.9914856052776533
2018-10-11 00:00:00+00:00,0.9914856052776533
2018-10-12 00:00:00+00:00,1.0043436492607778
2018-10-13 00:00:00+00:00,1.0043436492607778
2018-10-14 00:00:00+00:00,1.0043436492607778
2018-10-15 00:00:00+00:00,0.9938229406446292
2018-10-16 00:00:00+00:00,0.9938229406446292
2018-10-17 00:00:00+00:00,0.9938229406446292
2018-10-18 00:00:00+00:00,0.9938229406446292
2018-10-19 00:00:00+00:00,0.9938229406446292
2018-10-20 00:00:00+00:00,0.9938229406446292
2018-10-21 00:00:00+00:00,0.9938229406446292
2018-10-22 00:00:00+00:00,0.9938229406446292
2018-10-23 00:00:00+00:00,0.9938229406446292
2018-10-24 00:00:00+00:00,0.9886387979757673
2018-10-25 00:00:00+00:00,0.9886387979757673
2018-10-26 00:00:00+00:00,0.9886387979757673
2018-10-27 00:00:00+00:00,0.9886387979757673
2018-10-28 00:00:00+00:00,0.9830754946210268
2018-10-29 00:00:00+00:00,0.9776607898696155
2018-10-30 00:00:00+00:00,0.9776607898696155
2018-10-31 00:00:00+00:00,0.9776607898696155
2018-11-01 00:00:00+00:00,0.9723929449579858
2018-11-02 00:00:00+00:00,0.9723929449579858
2018-11-03 00:00:00+00:00,0.9723929449579858
2018-11-04 00:00:00+00:00,0.9723929449579858
2018-11-05 00:00:00+00:00,0.9723929449579858
2018-11-06 00:00:00+00:00,0.9723929449579858
2018-11-07 00:00:00+00:00,0.9723929449579858
2018-11-08 00:00:00+00:00,0.9723929449579858
2018-11-09 00:00:00+00:00,0.9723929449579858
2018-11-10 00:00:00+00:00,0.9723929449579858
2018-11-11 00:00:00+00:00,0.9723929449579858
2018-11-12 00:00:00+00:00,0.9672307900095596
2018-11-13 00:00:00+00:00,0.9672307900095596
2018-11-14 00:00:00+00:00,0.9672307900095596
2018-11-15 00:00:00+00:00,0.9517211308408308
2018-11-16 00:00:00+00:00,0.9517211308408308
2018-11-17 00:00:00+00:00,0.9517211308408308
2018-11-18 00:00:00+00:00,0.9517211308408308
2018-11-19 00:00:00+00:00,0.9517211308408308
2018-11-20 00:00:00+00:00,1.0231241202476664
2018-11-21 00:00:00+00:00,1.0231241202476664
2018-11-22 00:00:00+00:00,1.0231241202476664
2018-11-23 00:00:00+00:00,1.0231241202476664
2018-11-24 00:00:00+00:00,1.0231241202476664
2018-11-25 00:00:00+00:00,1.0231241202476664
2018-11-26 00:00:00+00:00,1.0179766349518795
2018-11-27 00:00:00+00:00,1.0179766349518795
2018-11-28 00:00:00+00:00,1.0179766349518795
2018-11-29 00:00:00+00:00,1.0179766349518795
2018-11-30 00:00:00+00:00,1.0179766349518795
2018-12-01 00:00:00+00:00,1.0179766349518795
2018-12-02 00:00:00+00:00,1.0179766349518795
2018-12-03 00:00:00+00:00,1.0179766349518795
2018-12-04 00:00:00+00:00,1.0179766349518795
2018-12-05 00:00:00+00:00,1.0179766349518795
2018-12-06 00:00:00+00:00,1.0179766349518795
2018-12-07 00:00:00+00:00,1.0560847350188323
2018-12-08 00:00:00+00:00,1.0560847350188323
2018-12-09 00:00:00+00:00,1.0560847350188323
2018-12-10 00:00:00+00:00,1.0560847350188323
2018-12-11 00:00:00+00:00,1.0560847350188323
2018-12-12 00:00:00+00:00,1.0560847350188323
2018-12-13 00:00:00+00:00,1.0560847350188323
2018-12-14 00:00:00+00:00,1.0560847350188323
2018-12-15 00:00:00+00:00,1.0560847350188323
2018-12-16 00:00:00+00:00,1.0560847350188323
2018-12-17 00:00:00+00:00,1.0560847350188323
2018-12-18 00:00:00+00:00,1.0632595325562955
2018-12-19 00:00:00+00:00,1.0632595325562955
2018-12-20 00:00:00+00:00,1.0632595325562955
2018-12-21 00:00:00+00:00,1.0632595325562955
2018-12-22 00:00:00+00:00,1.0632595325562955
2018-12-23 00:00:00+00:00,1.0632595325562955
2018-12-24 00:00:00+00:00,1.097337200900014
2018-12-25 00:00:00+00:00,1.097337200900014
2018-12-26 00:00:00+00:00,1.097337200900014
2018-12-27 00:00:00+00:00,1.097337200900014
2018-12-28 00:00:00+00:00,1.097337200900014
2018-12-29 00:00:00+00:00,1.097337200900014
2018-12-30 00:00:00+00:00,1.097337200900014
2018-12-31 00:00:00+00:00,1.097337200900014
2019-01-01 00:00:00+00:00,1.097337200900014
2019-01-02 00:00:00+00:00,1.097337200900014
2019-01-03 00:00:00+00:00,1.0863175420436002
2019-01-04 00:00:00+00:00,1.0863175420436002
2019-01-05 00:00:00+00:00,1.0863175420436002
2019-01-06 00:00:00+00:00,1.0863175420436002
2019-01-07 00:00:00+00:00,1.0863175420436002
2019-01-08 00:00:00+00:00,1.0863175420436002
2019-01-09 00:00:00+00:00,1.0863175420436002
2019-01-10 00:00:00+00:00,1.0863175420436002
2019-01-11 00:00:00+00:00,1.0863175420436002
2019-01-12 00:00:00+00:00,1.0863175420436002
2019-01-13 00:00:00+00:00,1.0863175420436002
2019-01-14 00:00:00+00:00,1.1220457050183774
2019-01-15 00:00:00+00:00,1.1220457050183774
2019-01-16 00:00:00+00:00,1.1220457050183774
2019-01-17 00:00:00+00:00,1.1220457050183774
2019-01-18 00:00:00+00:00,1.1220457050183774
2019-01-19 00:00:00+00:00,1.1220457050183774
2019-01-20 00:00:00+00:00,1.1220457050183774
2019-01-21 00:00:00+00:00,1.1220457050183774
2019-01-22 00:00:00+00:00,1.1220457050183774
2019-01-23 00:00:00+00:00,1.1220457050183774
2019-01-24 00:00:00+00:00,1.1220457050183774
2019-01-25 00:00:00+00:00,1.1220457050183774
2019-01-26 00:00:00+00:00,1.1161803704845703
2019-01-27 00:00:00+00:00,1.1161803704845703
2019-01-28 00:00:00+00:00,1.1161803704845703
2019-01-29 00:00:00+00:00,1.1047991429018413
2019-01-30 00:00:00+00:00,1.1047991429018413
2019-01-31 00:00:00+00:00,1.1047991429018413
2019-02-01 00:00:00+00:00,1.1047991429018413
2019-02-02 00:00:00+00:00,1.0999195702696647
2019-02-03 00:00:00+00:00,1.0999195702696647
2019-02-04 00:00:00+00:00,1.0999195702696647
2019-02-05 00:00:00+00:00,1.0999195702696647
2019-02-06 00:00:00+00:00,1.0881000560097935
2019-02-07 00:00:00+00:00,1.0881000560097935
2019-02-08 00:00:00+00:00,1.0881000560097935
2019-02-09 00:00:00+00:00,1.138743777777307
2019-02-10 00:00:00+00:00,1.138743777777307
2019-02-11 00:00:00+00:00,1.138743777777307
2019-02-12 00:00:00+00:00,1.138743777777307
2019-02-13 00:00:00+00:00,1.138743777777307
2019-02-14 00:00:00+00:00,1.1624645455273641
2019-02-15 00:00:00+00:00,1.1624645455273641
2019-02-16 00:00:00+00:00,1.1624645455273641
2019-02-17 00:00:00+00:00,1.149917227907266
2019-02-18 00:00:00+00:00,1.149917227907266
2019-02-19 00:00:00+00:00,1.149917227907266
2019-02-20 00:00:00+00:00,1.149917227907266
2019-02-21 00:00:00+00:00,1.149917227907266
2019-02-22 00:00:00+00:00,1.149917227907266
2019-02-23 00:00:00+00:00,1.149917227907266
2019-02-24 00:00:00+00:00,1.149917227907266
2019-02-25 00:00:00+00:00,1.1661363562368863
2019-02-26 00:00:00+00:00,1.172492733926332
2019-02-27 00:00:00+00:00,1.172492733926332
2019-02-28 00:00:00+00:00,1.172492733926332
2019-03-01 00:00:00+00:00,1.172492733926332
2019-03-02 00:00:00+00:00,1.172492733926332
2019-03-03 00:00:00+00:00,1.172492733926332
2019-03-04 00:00:00+00:00,1.2030941718718338
2019-03-05 00:00:00+00:00,1.1970455508672126
2019-03-06 00:00:00+00:00,1.1843117085088082
2019-03-07 00:00:00+00:00,1.1843117085088082
2019-03-08 00:00:00+00:00,1.1843117085088082
2019-03-09 00:00:00+00:00,1.1843117085088082
2019-03-10 00:00:00+00:00,1.1843117085088082
2019-03-11 00:00:00+00:00,1.1843117085088082
2019-03-12 00:00:00+00:00,1.1843117085088082
2019-03-13 00:00:00+00:00,1.1843117085088082
2019-03-14 00:00:00+00:00,1.1843117085088082
2019-03-15 00:00:00+00:00,1.1843117085088082
2019-03-16 00:00:00+00:00,1.1988895340109909
2019-03-17 00:00:00+00:00,1.1988895340109909
2019-03-18 00:00:00+00:00,1.1988895340109909
2019-03-19 00:00:00+00:00,1.1988895340109909
2019-03-20 00:00:00+00:00,1.1988895340109909
2019-03-21 00:00:00+00:00,1.1988895340109909
2019-03-22 00:00:00+00:00,1.1988895340109909
2019-03-23 00:00:00+00:00,1.1988895340109909
2019-03-24 00:00:00+00:00,1.1988895340109909
2019-03-25 00:00:00+00:00,1.1988895340109909
2019-03-26 00:00:00+00:00,1.1988895340109909
2019-03-27 00:00:00+00:00,1.1988895340109909
2019-03-28 00:00:00+00:00,1.1988895340109909
2019-03-29 00:00:00+00:00,1.1988895340109909
2019-03-30 00:00:00+00:00,1.1988895340109909
2019-03-31 00:00:00+00:00,1.1988895340109909
2019-04-01 00:00:00+00:00,1.1988895340109909
2019-04-02 00:00:00+00:00,1.1988895340109909
2019-04-03 00:00:00+00:00,1.1988895340109909
2019-04-04 00:00:00+00:00,1.1988895340109909
2019-04-05 00:00:00+00:00,1.346315086099476
2019-04-06 00:00:00+00:00,1.346315086099476
2019-04-07 00:00:00+00:00,1.346315086099476
2019-04-08 00:00:00+00:00,1.346315086099476
2019-04-09 00:00:00+00:00,1.346315086099476
2019-04-10 00:00:00+00:00,1.346315086099476
2019-04-11 00:00:00+00:00,1.346315086099476
2019-04-12 00:00:00+00:00,1.346315086099476
2019-04-13 00:00:00+00:00,1.346315086099476
2019-04-14 00:00:00+00:00,1.346315086099476
2019-04-15 00:00:00+00:00,1.346315086099476
2019-04-16 00:00:00+00:00,1.346315086099476
2019-04-17 00:00:00+00:00,1.346315086099476
2019-04-18 00:00:00+00:00,1.346315086099476
2019-04-19 00:00:00+00:00,1.346315086099476
2019-04-20 00:00:00+00:00,1.346315086099476
2019-04-21 00:00:00+00:00,1.346315086099476
2019-04-22 00:00:00+00:00,1.346315086099476
2019-04-23 00:00:00+00:00,1.346315086099476
2019-04-24 00:00:00+00:00,1.346315086099476
2019-04-25 00:00:00+00:00,1.346315086099476
2019-04-26 00:00:00+00:00,1.3513808478513067
2019-04-27 00:00:00+00:00,1.3513808478513067
2019-04-28 00:00:00+00:00,1.3513808478513067
2019-04-29 00:00:00+00:00,1.3513808478513067
2019-04-30 00:00:00+00:00,1.3513808478513067
2019-05-01 00:00:00+00:00,1.3513808478513067
2019-05-02 00:00:00+00:00,1.3513808478513067
2019-05-03 00:00:00+00:00,1.3513808478513067
2019-05-04 00:00:00+00:00,1.3367093698832908
2019-05-05 00:00:00+00:00,1.3367093698832908
2019-05-06 00:00:00+00:00,1.3367093698832908
2019-05-07 00:00:00+00:00,1.323131461474342
2019-05-08 00:00:00+00:00,1.323131461474342
2019-05-09 00:00:00+00:00,1.323131461474342
2019-05-10 00:00:00+00:00,1.323131461474342
2019-05-11 00:00:00+00:00,1.323131461474342
2019-05-12 00:00:00+00:00,1.323131461474342
2019-05-13 00:00:00+00:00,1.323131461474342
2019-05-14 00:00:00+00:00,1.323131461474342
2019-05-15 00:00:00+00:00,1.323131461474342
2019-05-16 00:00:00+00:00,1.309556260453987
2019-05-17 00:00:00+00:00,1.309556260453987
2019-05-18 00:00:00+00:00,1.309556260453987
2019-05-19 00:00:00+00:00,1.309556260453987
2019-05-20 00:00:00+00:00,1.309556260453987
2019-05-21 00:00:00+00:00,1.309556260453987
2019-05-22 00:00:00+00:00,1.309556260453987
2019-05-23 00:00:00+00:00,1.309556260453987
2019-05-24 00:00:00+00:00,1.309556260453987
2019-05-25 00:00:00+00:00,1.309556260453987
2019-05-26 00:00:00+00:00,1.309556260453987
2019-05-27 00:00:00+00:00,1.309556260453987
2019-05-28 00:00:00+00:00,1.309556260453987
2019-05-29 00:00:00+00:00,1.309556260453987
2019-05-30 00:00:00+00:00,1.309556260453987
2019-05-31 00:00:00+00:00,1.3027190885225413
2019-06-01 00:00:00+00:00,1.2891549411220595
2019-06-02 00:00:00+00:00,1.2891549411220595
2019-06-03 00:00:00+00:00,1.2891549411220595
2019-06-04 00:00:00+00:00,1.2891549411220595
2019-06-05 00:00:00+00:00,1.2737173879522417
2019-06-06 00:00:00+00:00,1.2737173879522417
2019-06-07 00:00:00+00:00,1.2681630557190755
2019-06-08 00:00:00+00:00,1.2681630557190755
2019-06-09 00:00:00+00:00,1.2681630557190755
2019-06-10 00:00:00+00:00,1.2681630557190755
2019-06-11 00:00:00+00:00,1.2681630557190755
2019-06-12 00:00:00+00:00,1.2681630557190755
2019-06-13 00:00:00+00:00,1.2681630557190755
2019-06-14 00:00:00+00:00,1.2681630557190755
2019-06-15 00:00:00+00:00,1.2617148645371952
2019-06-16 00:00:00+00:00,1.2617148645371952
2019-06-17 00:00:00+00:00,1.2617148645371952
2019-06-18 00:00:00+00:00,1.2617148645371952
2019-06-19 00:00:00+00:00,1.2617148645371952
2019-06-20 00:00:00+00:00,1.2617148645371952
2019-06-21 00:00:00+00:00,1.2617148645371952
2019-06-22 00:00:00+00:00,1.309461703887948
2019-06-23 00:00:00+00:00,1.309461703887948
2019-06-24 00:00:00+00:00,1.309461703887948
2019-06-25 00:00:00+00:00,1.309461703887948
2019-06-26 00:00:00+00:00,1.309461703887948
2019-06-27 00:00:00+00:00,1.320425542863856
2019-06-28 00:00:00+00:00,1.294776455568399
2019-06-29 00:00:00+00:00,1.294776455568399
2019-06-30 00:00:00+00:00,1.294776455568399
2019-07-01 00:00:00+00:00,1.294776455568399
2019-07-02 00:00:00+00:00,1.294776455568399
2019-07-03 00:00:00+00:00,1.2813082638221105
2019-07-04 00:00:00+00:00,1.2813082638221105
2019-07-05 00:00:00+00:00,1.2813082638221105
2019-07-06 00:00:00+00:00,1.2813082638221105
2019-07-07 00:00:00+00:00,1.2813082638221105
2019-07-08 00:00:00+00:00,1.2813082638221105
2019-07-09 00:00:00+00:00,1.2813082638221105
2019-07-10 00:00:00+00:00,1.2813082638221105
2019-07-11 00:00:00+00:00,1.2813082638221105
2019-07-12 00:00:00+00:00,1.2813082638221105
2019-07-13 00:00:00+00:00,1.2813082638221105
2019-07-14 00:00:00+00:00,1.2813082638221105
2019-07-15 00:00:00+00:00,1.3456821605766833
2019-07-16 00:00:00+00:00,1.3456821605766833
2019-07-17 00:00:00+00:00,1.3456821605766833
2019-07-18 00:00:00+00:00,1.3456821605766833
2019-07-19 00:00:00+00:00,1.3456821605766833
2019-07-20 00:00:00+00:00,1.3456821605766833
2019-07-21 00:00:00+00:00,1.3456821605766833
2019-07-22 00:00:00+00:00,1.3456821605766833
2019-07-23 00:00:00+00:00,1.3456821605766833
2019-07-24 00:00:00+00:00,1.3456821605766833
2019-07-25 00:00:00+00:00,1.3456821605766833
2019-07-26 00:00:00+00:00,1.3456821605766833
2019-07-27 00:00:00+00:00,1.3456821605766833
2019-07-28 00:00:00+00:00,1.3456821605766833
2019-07-29 00:00:00+00:00,1.3456821605766833
2019-07-30 00:00:00+00:00,1.3456821605766833
2019-07-31 00:00:00+00:00,1.3456821605766833
2019-08-01 00:00:00+00:00,1.3456821605766833
2019-08-02 00:00:00+00:00,1.3456821605766833
2019-08-03 00:00:00+00:00,1.3456821605766833
2019-08-04 00:00:00+00:00,1.3456821605766833
2019-08-05 00:00:00+00:00,1.3456821605766833
2019-08-06 00:00:00+00:00,1.344260652406317
2019-08-07 00:00:00+00:00,1.344260652406317
2019-08-08 00:00:00+00:00,1.344260652406317
2019-08-09 00:00:00+00:00,1.344260652406317
2019-08-10 00:00:00+00:00,1.344260652406317
2019-08-11 00:00:00+00:00,1.3313628030801135
2019-08-12 00:00:00+00:00,1.3313628030801135
2019-08-13 00:00:00+00:00,1.3313628030801135
2019-08-14 00:00:00+00:00,1.3313628030801135
2019-08-15 00:00:00+00:00,1.3313628030801135
2019-08-16 00:00:00+00:00,1.3313628030801135
2019-08-17 00:00:00+00:00,1.3313628030801135
2019-08-18 00:00:00+00:00,1.3185612668921347
2019-08-19 00:00:00+00:00,1.3185612668921347
2019-08-20 00:00:00+00:00,1.3185612668921347
2019-08-21 00:00:00+00:00,1.3185612668921347
2019-08-22 00:00:00+00:00,1.304626719398436
2019-08-23 00:00:00+00:00,1.304626719398436
2019-08-24 00:00:00+00:00,1.304626719398436
2019-08-25 00:00:00+00:00,1.304626719398436
2019-08-26 00:00:00+00:00,1.304626719398436
2019-08-27 00:00:00+00:00,1.304626719398436
2019-08-28 00:00:00+00:00,1.304626719398436
2019-08-29 00:00:00+00:00,1.304626719398436
2019-08-30 00:00:00+00:00,1.304626719398436
2019-08-31 00:00:00+00:00,1.304626719398436
2019-09-01 00:00:00+00:00,1.2937784986162641
2019-09-02 00:00:00+00:00,1.2937784986162641
2019-09-03 00:00:00+00:00,1.2797514264629546
2019-09-04 00:00:00+00:00,1.2797514264629546
2019-09-05 00:00:00+00:00,1.2797514264629546
2019-09-06 00:00:00+00:00,1.2797514264629546
2019-09-07 00:00:00+00:00,1.2729514427599715
2019-09-08 00:00:00+00:00,1.2729514427599715
2019-09-09 00:00:00+00:00,1.2729514427599715
2019-09-10 00:00:00+00:00,1.2729514427599715
2019-09-11 00:00:00+00:00,1.2729514427599715
2019-09-12 00:00:00+00:00,1.2662214203044735
2019-09-13 00:00:00+00:00,1.2662214203044735
2019-09-14 00:00:00+00:00,1.2593923302468935
2019-09-15 00:00:00+00:00,1.2593923302468935
2019-09-16 00:00:00+00:00,1.274815840092558
2019-09-17 00:00:00+00:00,1.274815840092558
2019-09-18 00:00:00+00:00,1.274815840092558
2019-09-19 00:00:00+00:00,1.274815840092558
2019-09-20 00:00:00+00:00,1.274815840092558
2019-09-21 00:00:00+00:00,1.274815840092558
2019-09-22 00:00:00+00:00,1.274815840092558
2019-09-23 00:00:00+00:00,1.27924867665173
2019-09-24 00:00:00+00:00,1.27924867665173
2019-09-25 00:00:00+00:00,1.27924867665173
2019-09-26 00:00:00+00:00,1.27924867665173
2019-09-27 00:00:00+00:00,1.27924867665173
2019-09-28 00:00:00+00:00,1.27924867665173
2019-09-29 00:00:00+00:00,1.27924867665173
2019-09-30 00:00:00+00:00,1.27924867665173
2019-10-01 00:00:00+00:00,1.27924867665173
2019-10-02 00:00:00+00:00,1.27924867665173
2019-10-03 00:00:00+00:00,1.27924867665173
2019-10-04 00:00:00+00:00,1.27924867665173
2019-10-05 00:00:00+00:00,1.27924867665173
2019-10-06 00:00:00+00:00,1.27924867665173
2019-10-07 00:00:00+00:00,1.27924867665173
2019-10-08 00:00:00+00:00,1.27924867665173
2019-10-09 00:00:00+00:00,1.27924867665173
2019-10-10 00:00:00+00:00,1.27924867665173
2019-10-11 00:00:00+00:00,1.2976762280589709
2019-10-12 00:00:00+00:00,1.2976762280589709
2019-10-13 00:00:00+00:00,1.2976762280589709
2019-10-14 00:00:00+00:00,1.2976762280589709
2019-10-15 00:00:00+00:00,1.2976762280589709
2019-10-16 00:00:00+00:00,1.2976762280589709
2019-10-17 00:00:00+00:00,1.2836830995328536
2019-10-18 00:00:00+00:00,1.2836830995328536
2019-10-19 00:00:00+00:00,1.2836830995328536
2019-10-20 00:00:00+00:00,1.2836830995328536
2019-10-21 00:00:00+00:00,1.2836830995328536
2019-10-22 00:00:00+00:00,1.2939943913823007
2019-10-23 00:00:00+00:00,1.2939943913823007
2019-10-24 00:00:00+00:00,1.2829560696031161
2019-10-25 00:00:00+00:00,1.2829560696031161
2019-10-26 00:00:00+00:00,1.3220813060090066
2019-10-27 00:00:00+00:00,1.3220813060090066
2019-10-28 00:00:00+00:00,1.3316600299364578
2019-10-29 00:00:00+00:00,1.3316600299364578
2019-10-30 00:00:00+00:00,1.3316600299364578
2019-10-31 00:00:00+00:00,1.3316600299364578
2019-11-01 00:00:00+00:00,1.3316600299364578
2019-11-02 00:00:00+00:00,1.3316600299364578
2019-11-03 00:00:00+00:00,1.3316600299364578
2019-11-04 00:00:00+00:00,1.3316600299364578
2019-11-05 00:00:00+00:00,1.3316600299364578
2019-11-06 00:00:00+00:00,1.3316600299364578
2019-11-07 00:00:00+00:00,1.3316600299364578
2019-11-08 00:00:00+00:00,1.3244791262332416
2019-11-09 00:00:00+00:00,1.3244791262332416
2019-11-10 00:00:00+00:00,1.3244791262332416
2019-11-11 00:00:00+00:00,1.3244791262332416
2019-11-12 00:00:00+00:00,1.3244791262332416
2019-11-13 00:00:00+00:00,1.3244791262332416
2019-11-14 00:00:00+00:00,1.3244791262332416
2019-11-15 00:00:00+00:00,1.3244791262332416
2019-11-16 00:00:00+00:00,1.3244791262332416
2019-11-17 00:00:00+00:00,1.3244791262332416
2019-11-18 00:00:00+00:00,1.3244791262332416
2019-11-19 00:00:00+00:00,1.3173650329138722
2019-11-20 00:00:00+00:00,1.3134532770359326
2019-11-21 00:00:00+00:00,1.3134532770359326
2019-11-22 00:00:00+00:00,1.3011283964457085
2019-11-23 00:00:00+00:00,1.3011283964457085
2019-11-24 00:00:00+00:00,1.3011283964457085
2019-11-25 00:00:00+00:00,1.2876142248478257
2019-11-26 00:00:00+00:00,1.2876142248478257
2019-11-27 00:00:00+00:00,1.2876142248478257
2019-11-28 00:00:00+00:00,1.2876142248478257
2019-11-29 00:00:00+00:00,1.2876142248478257
2019-11-30 00:00:00+00:00,1.2876142248478257
2019-12-01 00:00:00+00:00,1.2876142248478257
2019-12-02 00:00:00+00:00,1.2876142248478257
2019-12-03 00:00:00+00:00,1.2876142248478257
2019-12-04 00:00:00+00:00,1.2876142248478257
2019-12-05 00:00:00+00:00,1.2876142248478257
2019-12-06 00:00:00+00:00,1.2876142248478257
2019-12-07 00:00:00+00:00,1.2876142248478257
2019-12-08 00:00:00+00:00,1.2876142248478257
2019-12-09 00:00:00+00:00,1.2876142248478257
2019-12-10 00:00:00+00:00,1.2876142248478257
2019-12-11 00:00:00+00:00,1.2876142248478257
2019-12-12 00:00:00+00:00,1.2734253179887005
2019-12-13 00:00:00+00:00,1.2734253179887005
2019-12-14 00:00:00+00:00,1.2734253179887005
2019-12-15 00:00:00+00:00,1.2734253179887005
2019-12-16 00:00:00+00:00,1.2734253179887005
2019-12-17 00:00:00+00:00,1.2734253179887005
2019-12-18 00:00:00+00:00,1.3068143255918097
2019-12-19 00:00:00+00:00,1.3068143255918097
2019-12-20 00:00:00+00:00,1.3068143255918097
2019-12-21 00:00:00+00:00,1.3068143255918097
2019-12-22 00:00:00+00:00,1.3068143255918097
2019-12-23 00:00:00+00:00,1.3068143255918097
2019-12-24 00:00:00+00:00,1.3068143255918097
2019-12-25 00:00:00+00:00,1.3068143255918097
2019-12-26 00:00:00+00:00,1.3068143255918097
2019-12-27 00:00:00+00:00,1.3068143255918097
2019-12-28 00:00:00+00:00,1.3068143255918097
2019-12-29 00:00:00+00:00,1.3068143255918097
2019-12-30 00:00:00+00:00,1.29256000817171
2019-12-31 00:00:00+00:00,1.29256000817171
2020-01-01 00:00:00+00:00,1.29256000817171
2020-01-02 00:00:00+00:00,1.29256000817171
2020-01-03 00:00:00+00:00,1.2784496818629978
2020-01-04 00:00:00+00:00,1.2784496818629978
2020-01-05 00:00:00+00:00,1.2784496818629978
2020-01-06 00:00:00+00:00,1.2784496818629978
2020-01-07 00:00:00+00:00,1.2765854559465666
2020-01-08 00:00:00+00:00,1.2765854559465666
2020-01-09 00:00:00+00:00,1.2765854559465666
2020-01-10 00:00:00+00:00,1.2765854559465666
2020-01-11 00:00:00+00:00,1.2765854559465666
2020-01-12 00:00:00+00:00,1.2765854559465666
2020-01-13 00:00:00+00:00,1.2765854559465666
2020-01-14 00:00:00+00:00,1.2765854559465666
2020-01-15 00:00:00+00:00,1.3504903991807442
2020-01-16 00:00:00+00:00,1.3504903991807442
2020-01-17 00:00:00+00:00,1.3504903991807442
2020-01-18 00:00:00+00:00,1.3504903991807442
2020-01-19 00:00:00+00:00,1.336314966077661
2020-01-20 00:00:00+00:00,1.336314966077661
2020-01-21 00:00:00+00:00,1.336314966077661
2020-01-22 00:00:00+00:00,1.336314966077661
2020-01-23 00:00:00+00:00,1.336314966077661
2020-01-24 00:00:00+00:00,1.336314966077661
2020-01-25 00:00:00+00:00,1.336314966077661
2020-01-26 00:00:00+00:00,1.336314966077661
2020-01-27 00:00:00+00:00,1.336314966077661
2020-01-28 00:00:00+00:00,1.336314966077661
2020-01-29 00:00:00+00:00,1.336314966077661
2020-01-30 00:00:00+00:00,1.336314966077661
2020-01-31 00:00:00+00:00,1.336314966077661
2020-02-01 00:00:00+00:00,1.336314966077661
2020-02-02 00:00:00+00:00,1.336314966077661
2020-02-03 00:00:00+00:00,1.336314966077661
2020-02-04 00:00:00+00:00,1.336314966077661
2020-02-05 00:00:00+00:00,1.336314966077661
2020-02-06 00:00:00+00:00,1.336314966077661
2020-02-07 00:00:00+00:00,1.336314966077661
2020-02-08 00:00:00+00:00,1.336314966077661
2020-02-09 00:00:00+00:00,1.3534804608741504
2020-02-10 00:00:00+00:00,1.3534804608741504
2020-02-11 00:00:00+00:00,1.3534804608741504
2020-02-12 00:00:00+00:00,1.3534804608741504
2020-02-13 00:00:00+00:00,1.3534804608741504
2020-02-14 00:00:00+00:00,1.3534804608741504
2020-02-15 00:00:00+00:00,1.3534804608741504
2020-02-16 00:00:00+00:00,1.4334406920083622
2020-02-17 00:00:00+00:00,1.4186519067996353
2020-02-18 00:00:00+00:00,1.4221067746517875
2020-02-19 00:00:00+00:00,1.4221067746517875
2020-02-20 00:00:00+00:00,1.4221067746517875
2020-02-21 00:00:00+00:00,1.4221067746517875
2020-02-22 00:00:00+00:00,1.4221067746517875
2020-02-23 00:00:00+00:00,1.4221067746517875
2020-02-24 00:00:00+00:00,1.4221067746517875
2020-02-25 00:00:00+00:00,1.4221067746517875
2020-02-26 00:00:00+00:00,1.4221067746517875
2020-02-27 00:00:00+00:00,1.4221067746517875
2020-02-28 00:00:00+00:00,1.4221067746517875
2020-02-29 00:00:00+00:00,1.4221067746517875
2020-03-01 00:00:00+00:00,1.4221067746517875
2020-03-02 00:00:00+00:00,1.4221067746517875
2020-03-03 00:00:00+00:00,1.4221067746517875
2020-03-04 00:00:00+00:00,1.4221067746517875
2020-03-05 00:00:00+00:00,1.4221067746517875
2020-03-06 00:00:00+00:00,1.4221067746517875
2020-03-07 00:00:00+00:00,1.4221067746517875
2020-03-08 00:00:00+00:00,1.4221067746517875
2020-03-09 00:00:00+00:00,1.4147949730682208
2020-03-10 00:00:00+00:00,1.4147949730682208
2020-03-11 00:00:00+00:00,1.4147949730682208
2020-03-12 00:00:00+00:00,1.5737701949137464
2020-03-13 00:00:00+00:00,1.5737701949137464
2020-03-14 00:00:00+00:00,1.5737701949137464
2020-03-15 00:00:00+00:00,1.5737701949137464
2020-03-16 00:00:00+00:00,1.5737701949137464
2020-03-17 00:00:00+00:00,1.5737701949137464
2020-03-18 00:00:00+00:00,1.5737701949137464
2020-03-19 00:00:00+00:00,1.5737701949137464
2020-03-20 00:00:00+00:00,1.55762487618189
2020-03-21 00:00:00+00:00,1.55762487618189
2020-03-22 00:00:00+00:00,1.55762487618189
2020-03-23 00:00:00+00:00,1.55762487618189
2020-03-24 00:00:00+00:00,1.55762487618189
2020-03-25 00:00:00+00:00,1.55762487618189
2020-03-26 00:00:00+00:00,1.55762487618189
2020-03-27 00:00:00+00:00,1.55762487618189
2020-03-28 00:00:00+00:00,1.55762487618189
2020-03-29 00:00:00+00:00,1.55762487618189
2020-03-30 00:00:00+00:00,1.55762487618189
2020-03-31 00:00:00+00:00,1.55762487618189
2020-04-01 00:00:00+00:00,1.55762487618189
2020-04-02 00:00:00+00:00,1.55762487618189
2020-04-03 00:00:00+00:00,1.5874524281847548
2020-04-04 00:00:00+00:00,1.5874524281847548
2020-04-05 00:00:00+00:00,1.5874524281847548
2020-04-06 00:00:00+00:00,1.5874524281847548
2020-04-07 00:00:00+00:00,1.6730400327862456
2020-04-08 00:00:00+00:00,1.6730400327862456
2020-04-09 00:00:00+00:00,1.6730400327862456
2020-04-10 00:00:00+00:00,1.6730400327862456
2020-04-11 00:00:00+00:00,1.6730400327862456
2020-04-12 00:00:00+00:00,1.6552499858226812
2020-04-13 00:00:00+00:00,1.6552499858226812
2020-04-14 00:00:00+00:00,1.6552499858226812
2020-04-15 00:00:00+00:00,1.6552499858226812
2020-04-16 00:00:00+00:00,1.6552499858226812
2020-04-17 00:00:00+00:00,1.6552499858226812
2020-04-18 00:00:00+00:00,1.6552499858226812
2020-04-19 00:00:00+00:00,1.6751810580799866
2020-04-20 00:00:00+00:00,1.6751810580799866
2020-04-21 00:00:00+00:00,1.657762313594834
2020-04-22 00:00:00+00:00,1.657762313594834
2020-04-23 00:00:00+00:00,1.657762313594834
2020-04-24 00:00:00+00:00,1.6403620155195324
2020-04-25 00:00:00+00:00,1.6403620155195324
2020-04-26 00:00:00+00:00,1.6403620155195324
2020-04-27 00:00:00+00:00,1.6403620155195324
2020-04-28 00:00:00+00:00,1.6403620155195324
2020-04-29 00:00:00+00:00,1.6403620155195324
2020-04-30 00:00:00+00:00,1.6841881808879913
2020-05-01 00:00:00+00:00,1.6841881808879913
2020-05-02 00:00:00+00:00,1.6841881808879913
2020-05-03 00:00:00+00:00,1.6841881808879913
2020-05-04 00:00:00+00:00,1.6665117464452908
2020-05-05 00:00:00+00:00,1.6579749899272698
2020-05-06 00:00:00+00:00,1.6579749899272698
2020-05-07 00:00:00+00:00,1.6579749899272698
2020-05-08 00:00:00+00:00,1.6405062001444553
2020-05-09 00:00:00+00:00,1.6405062001444553
2020-05-10 00:00:00+00:00,1.623451719811847
2020-05-11 00:00:00+00:00,1.6323925610598735
2020-05-12 00:00:00+00:00,1.6264185861063647
2020-05-13 00:00:00+00:00,1.6264185861063647
2020-05-14 00:00:00+00:00,1.6264185861063647
2020-05-15 00:00:00+00:00,1.6264185861063647
2020-05-16 00:00:00+00:00,1.6100981741443336
2020-05-17 00:00:00+00:00,1.6100981741443336
2020-05-18 00:00:00+00:00,1.6100981741443336
2020-05-19 00:00:00+00:00,1.6100981741443336
2020-05-20 00:00:00+00:00,1.5989262459905145
2020-05-21 00:00:00+00:00,1.5989262459905145
2020-05-22 00:00:00+00:00,1.560024430687009
2020-05-23 00:00:00+00:00,1.560024430687009
2020-05-24 00:00:00+00:00,1.560024430687009
2020-05-25 00:00:00+00:00,1.560024430687009
2020-05-26 00:00:00+00:00,1.560024430687009
2020-05-27 00:00:00+00:00,1.560024430687009
2020-05-28 00:00:00+00:00,1.560024430687009
2020-05-29 00:00:00+00:00,1.560024430687009
2020-05-30 00:00:00+00:00,1.560024430687009
2020-05-31 00:00:00+00:00,1.6636493109863097
2020-06-01 00:00:00+00:00,1.6636493109863097
2020-06-02 00:00:00+00:00,1.6837857076656213
2020-06-03 00:00:00+00:00,1.6837857076656213
2020-06-04 00:00:00+00:00,1.6837857076656213
2020-06-05 00:00:00+00:00,1.6837857076656213
2020-06-06 00:00:00+00:00,1.6837857076656213
2020-06-07 00:00:00+00:00,1.6837857076656213
2020-06-08 00:00:00+00:00,1.6837857076656213
2020-06-09 00:00:00+00:00,1.6837857076656213
2020-06-10 00:00:00+00:00,1.6837857076656213
2020-06-11 00:00:00+00:00,1.6837857076656213
2020-06-12 00:00:00+00:00,1.6576647978949701
2020-06-13 00:00:00+00:00,1.6576647978949701
2020-06-14 00:00:00+00:00,1.6576647978949701
2020-06-15 00:00:00+00:00,1.6576647978949701
2020-06-16 00:00:00+00:00,1.6576647978949701
2020-06-17 00:00:00+00:00,1.6576647978949701
2020-06-18 00:00:00+00:00,1.6576647978949701
2020-06-19 00:00:00+00:00,1.6576647978949701
2020-06-20 00:00:00+00:00,1.6576647978949701
2020-06-21 00:00:00+00:00,1.6576647978949701
2020-06-22 00:00:00+00:00,1.6576647978949701
2020-06-23 00:00:00+00:00,1.6576647978949701
2020-06-24 00:00:00+00:00,1.6952401304073035
2020-06-25 00:00:00+00:00,1.6952401304073035
2020-06-26 00:00:00+00:00,1.6952401304073035
2020-06-27 00:00:00+00:00,1.6952401304073035
2020-06-28 00:00:00+00:00,1.6770382869090161
2020-06-29 00:00:00+00:00,1.6770382869090161
2020-06-30 00:00:00+00:00,1.6770382869090161
2020-07-01 00:00:00+00:00,1.6770382869090161
2020-07-02 00:00:00+00:00,1.6770382869090161
2020-07-03 00:00:00+00:00,1.6770382869090161
2020-07-04 00:00:00+00:00,1.6770382869090161
2020-07-05 00:00:00+00:00,1.6770382869090161
2020-07-06 00:00:00+00:00,1.6770382869090161
2020-07-07 00:00:00+00:00,1.6960761229561199
2020-07-08 00:00:00+00:00,1.6960761229561199
2020-07-09 00:00:00+00:00,1.6960761229561199
2020-07-10 00:00:00+00:00,1.6960761229561199
2020-07-11 00:00:00+00:00,1.6960761229561199
2020-07-12 00:00:00+00:00,1.6960761229561199
2020-07-13 00:00:00+00:00,1.6960761229561199
2020-07-14 00:00:00+00:00,1.6960761229561199
2020-07-15 00:00:00+00:00,1.6960761229561199
2020-07-16 00:00:00+00:00,1.6960761229561199
2020-07-17 00:00:00+00:00,1.6960761229561199
2020-07-18 00:00:00+00:00,1.6764644506606574
2020-07-19 00:00:00+00:00,1.6764644506606574
2020-07-20 00:00:00+00:00,1.6764644506606574
2020-07-21 00:00:00+00:00,1.6764644506606574
2020-07-22 00:00:00+00:00,1.6764644506606574
2020-07-23 00:00:00+00:00,1.8227447690455558
2020-07-24 00:00:00+00:00,1.8227447690455558
2020-07-25 00:00:00+00:00,1.8227447690455558
2020-07-26 00:00:00+00:00,1.8227447690455558
2020-07-27 00:00:00+00:00,1.8227447690455558
2020-07-28 00:00:00+00:00,1.8131437937147508
2020-07-29 00:00:00+00:00,1.8131437937147508
2020-07-30 00:00:00+00:00,1.8131437937147508
2020-07-31 00:00:00+00:00,1.8131437937147508
2020-08-01 00:00:00+00:00,1.8131437937147508
2020-08-02 00:00:00+00:00,1.812401594702905
2020-08-03 00:00:00+00:00,1.9418928099682058
2020-08-04 00:00:00+00:00,1.9418928099682058
2020-08-05 00:00:00+00:00,1.9418928099682058
2020-08-06 00:00:00+00:00,1.9418928099682058
2020-08-07 00:00:00+00:00,1.9418928099682058
2020-08-08 00:00:00+00:00,1.9114483639611084
2020-08-09 00:00:00+00:00,1.9114483639611084
2020-08-10 00:00:00+00:00,1.9114483639611084
2020-08-11 00:00:00+00:00,1.95349353784287
2020-08-12 00:00:00+00:00,1.95349353784287
2020-08-13 00:00:00+00:00,1.95349353784287
2020-08-14 00:00:00+00:00,1.95349353784287
2020-08-15 00:00:00+00:00,1.95349353784287
2020-08-16 00:00:00+00:00,1.9373393242164436
2020-08-17 00:00:00+00:00,1.9373393242164436
2020-08-18 00:00:00+00:00,1.9373393242164436
2020-08-19 00:00:00+00:00,1.9773646804328573
2020-08-20 00:00:00+00:00,1.9573223825922557
2020-08-21 00:00:00+00:00,1.9573223825922557
2020-08-22 00:00:00+00:00,1.9573223825922557
2020-08-23 00:00:00+00:00,1.9573223825922557
2020-08-24 00:00:00+00:00,1.9573223825922557
2020-08-25 00:00:00+00:00,1.9573223825922557
2020-08-26 00:00:00+00:00,1.9365412726370517
2020-08-27 00:00:00+00:00,1.9365412726370517
2020-08-28 00:00:00+00:00,1.9365412726370517
2020-08-29 00:00:00+00:00,1.9365412726370517
2020-08-30 00:00:00+00:00,1.9365412726370517
2020-08-31 00:00:00+00:00,1.9365412726370517
2020-09-01 00:00:00+00:00,1.9365412726370517
2020-09-02 00:00:00+00:00,2.063467443194872
2020-09-03 00:00:00+00:00,2.063467443194872
2020-09-04 00:00:00+00:00,2.063467443194872
2020-09-05 00:00:00+00:00,2.1246515697214217
2020-09-06 00:00:00+00:00,2.1845819464786658
2020-09-07 00:00:00+00:00,2.1845819464786658
2020-09-08 00:00:00+00:00,2.1845819464786658
2020-09-09 00:00:00+00:00,2.1845819464786658
2020-09-10 00:00:00+00:00,2.1845819464786658
2020-09-11 00:00:00+00:00,2.1845819464786658
2020-09-12 00:00:00+00:00,2.1845819464786658
2020-09-13 00:00:00+00:00,2.1845819464786658
2020-09-14 00:00:00+00:00,2.1845819464786658
2020-09-15 00:00:00+00:00,2.1845819464786658
2020-09-16 00:00:00+00:00,2.1845819464786658
2020-09-17 00:00:00+00:00,2.1845819464786658
2020-09-18 00:00:00+00:00,2.1845819464786658
2020-09-19 00:00:00+00:00,2.1845819464786658
2020-09-20 00:00:00+00:00,2.1845819464786658
2020-09-21 00:00:00+00:00,2.1845819464786658
2020-09-22 00:00:00+00:00,2.1845819464786658
2020-09-23 00:00:00+00:00,2.1845819464786658
2020-09-24 00:00:00+00:00,2.232414332747632
2020-09-25 00:00:00+00:00,2.232414332747632
2020-09-26 00:00:00+00:00,2.232414332747632
2020-09-27 00:00:00+00:00,2.232414332747632
2020-09-28 00:00:00+00:00,2.232414332747632
2020-09-29 00:00:00+00:00,2.232414332747632
2020-09-30 00:00:00+00:00,2.232414332747632
2020-10-01 00:00:00+00:00,2.232414332747632
2020-10-02 00:00:00+00:00,2.232414332747632
2020-10-03 00:00:00+00:00,2.208373396551891
2020-10-04 00:00:00+00:00,2.208373396551891
2020-10-05 00:00:00+00:00,2.208373396551891
2020-10-06 00:00:00+00:00,2.208373396551891
2020-10-07 00:00:00+00:00,2.208373396551891
2020-10-08 00:00:00+00:00,2.208373396551891
2020-10-09 00:00:00+00:00,2.208373396551891
2020-10-10 00:00:00+00:00,2.208373396551891
2020-10-11 00:00:00+00:00,2.208373396551891
2020-10-12 00:00:00+00:00,2.208373396551891
2020-10-13 00:00:00+00:00,2.281544885450341
2020-10-14 00:00:00+00:00,2.281544885450341
2020-10-15 00:00:00+00:00,2.281544885450341
2020-10-16 00:00:00+00:00,2.281544885450341
2020-10-17 00:00:00+00:00,2.281544885450341
2020-10-18 00:00:00+00:00,2.256288200046895
2020-10-19 00:00:00+00:00,2.2314018277954726
2020-10-20 00:00:00+00:00,2.2314018277954726
2020-10-21 00:00:00+00:00,2.2196499053893737
2020-10-22 00:00:00+00:00,2.2196499053893737
2020-10-23 00:00:00+00:00,2.2196499053893737
2020-10-24 00:00:00+00:00,2.2196499053893737
2020-10-25 00:00:00+00:00,2.2196499053893737
2020-10-26 00:00:00+00:00,2.2196499053893737
2020-10-27 00:00:00+00:00,2.2077823855118544
2020-10-28 00:00:00+00:00,2.2077823855118544
2020-10-29 00:00:00+00:00,2.2077823855118544
2020-10-30 00:00:00+00:00,2.210922825982981
2020-10-31 00:00:00+00:00,2.2030553966435904
2020-11-01 00:00:00+00:00,2.2030553966435904
2020-11-02 00:00:00+00:00,2.2030553966435904
2020-11-03 00:00:00+00:00,2.2030553966435904
2020-11-04 00:00:00+00:00,2.2030553966435904
2020-11-05 00:00:00+00:00,2.2030553966435904
2020-11-06 00:00:00+00:00,2.2030553966435904
2020-11-07 00:00:00+00:00,2.2806031519806678
2020-11-08 00:00:00+00:00,2.25322746143257
2020-11-09 00:00:00+00:00,2.25322746143257
2020-11-10 00:00:00+00:00,2.25322746143257
2020-11-11 00:00:00+00:00,2.25322746143257
2020-11-12 00:00:00+00:00,2.25322746143257
2020-11-13 00:00:00+00:00,2.25322746143257
2020-11-14 00:00:00+00:00,2.25322746143257
2020-11-15 00:00:00+00:00,2.25322746143257
2020-11-16 00:00:00+00:00,2.25322746143257
2020-11-17 00:00:00+00:00,2.25322746143257
2020-11-18 00:00:00+00:00,2.234702101487562
2020-11-19 00:00:00+00:00,2.2311434274178135
2020-11-20 00:00:00+00:00,2.2311434274178135
2020-11-21 00:00:00+00:00,2.2311434274178135
2020-11-22 00:00:00+00:00,2.2899297531871814
2020-11-23 00:00:00+00:00,2.323740550326089
2020-11-24 00:00:00+00:00,2.323740550326089
2020-11-25 00:00:00+00:00,2.323740550326089
2020-11-26 00:00:00+00:00,2.323740550326089
2020-11-27 00:00:00+00:00,2.344631847314248
2020-11-28 00:00:00+00:00,2.344631847314248
2020-11-29 00:00:00+00:00,2.344631847314248
2020-11-30 00:00:00+00:00,2.344631847314248
2020-12-01 00:00:00+00:00,2.344631847314248
2020-12-02 00:00:00+00:00,2.332678923257512
2020-12-03 00:00:00+00:00,2.332678923257512
2020-12-04 00:00:00+00:00,2.332678923257512
2020-12-05 00:00:00+00:00,2.320759497686016
2020-12-06 00:00:00+00:00,2.320759497686016
2020-12-07 00:00:00+00:00,2.320759497686016
2020-12-08 00:00:00+00:00,2.320759497686016
2020-12-09 00:00:00+00:00,2.320759497686016
2020-12-10 00:00:00+00:00,2.3085033003351154
2020-12-11 00:00:00+00:00,2.3085033003351154
2020-12-12 00:00:00+00:00,2.3085033003351154
2020-12-13 00:00:00+00:00,2.3085033003351154
2020-12-14 00:00:00+00:00,2.3085033003351154
2020-12-15 00:00:00+00:00,2.3085033003351154
2020-12-16 00:00:00+00:00,2.3085033003351154
2020-12-17 00:00:00+00:00,2.346982369816763
2020-12-18 00:00:00+00:00,2.346982369816763
2020-12-19 00:00:00+00:00,2.346982369816763
2020-12-20 00:00:00+00:00,2.346982369816763
2020-12-21 00:00:00+00:00,2.346982369816763
2020-12-22 00:00:00+00:00,2.322676441491451
2020-12-23 00:00:00+00:00,2.322676441491451
2020-12-24 00:00:00+00:00,2.322676441491451
2020-12-25 00:00:00+00:00,2.298461828026727
2020-12-26 00:00:00+00:00,2.298461828026727
2020-12-27 00:00:00+00:00,2.2742367387916205
2020-12-28 00:00:00+00:00,2.2742367387916205
2020-12-29 00:00:00+00:00,2.2742367387916205
2020-12-30 00:00:00+00:00,2.2742367387916205
2020-12-31 00:00:00+00:00,2.2742367387916205
2021-01-01 00:00:00+00:00,2.2742367387916205
2021-01-02 00:00:00+00:00,2.3148133272793987
2021-01-03 00:00:00+00:00,2.3148133272793987
2021-01-04 00:00:00+00:00,2.4856679629416556
2021-01-05 00:00:00+00:00,2.4856679629416556
2021-01-06 00:00:00+00:00,2.4856679629416556
2021-01-07 00:00:00+00:00,2.4856679629416556
2021-01-08 00:00:00+00:00,2.4856679629416556
2021-01-09 00:00:00+00:00,2.518409504717085
2021-01-10 00:00:00+00:00,2.518409504717085
2021-01-11 00:00:00+00:00,2.518409504717085
2021-01-12 00:00:00+00:00,2.518409504717085
2021-01-13 00:00:00+00:00,2.518409504717085
2021-01-14 00:00:00+00:00,2.518409504717085
2021-01-15 00:00:00+00:00,2.518409504717085
2021-01-16 00:00:00+00:00,2.5055861581300944
2021-01-17 00:00:00+00:00,2.5055861581300944
2021-01-18 00:00:00+00:00,2.5055861581300944
2021-01-19 00:00:00+00:00,2.5055861581300944
2021-01-20 00:00:00+00:00,2.492707535217747
2021-01-21 00:00:00+00:00,2.492707535217747
2021-01-22 00:00:00+00:00,2.46715492802074
2021-01-23 00:00:00+00:00,2.46715492802074
2021-01-24 00:00:00+00:00,2.46715492802074
2021-01-25 00:00:00+00:00,2.46715492802074
2021-01-26 00:00:00+00:00,2.46715492802074
2021-01-27 00:00:00+00:00,2.46715492802074
2021-01-28 00:00:00+00:00,2.46715492802074
2021-01-29 00:00:00+00:00,2.4417307658235448
2021-01-30 00:00:00+00:00,2.429137542794232
2021-01-31 00:00:00+00:00,2.429137542794232
2021-02-01 00:00:00+00:00,2.429137542794232
2021-02-02 00:00:00+00:00,2.429137542794232
2021-02-03 00:00:00+00:00,2.429137542794232
2021-02-04 00:00:00+00:00,2.45185004251208
2021-02-05 00:00:00+00:00,2.45185004251208
2021-02-06 00:00:00+00:00,2.45185004251208
2021-02-07 00:00:00+00:00,2.4907890781172037
2021-02-08 00:00:00+00:00,2.542788316932974
2021-02-09 00:00:00+00:00,2.542788316932974
2021-02-10 00:00:00+00:00,2.65653168052912
2021-02-11 00:00:00+00:00,2.65653168052912
2021-02-12 00:00:00+00:00,2.65653168052912
2021-02-13 00:00:00+00:00,2.65653168052912
2021-02-14 00:00:00+00:00,2.65653168052912
2021-02-15 00:00:00+00:00,2.6287982168554502
2021-02-16 00:00:00+00:00,2.676713686950293
2021-02-17 00:00:00+00:00,2.676713686950293
2021-02-18 00:00:00+00:00,2.676713686950293
2021-02-19 00:00:00+00:00,2.676713686950293
2021-02-20 00:00:00+00:00,2.676713686950293
2021-02-21 00:00:00+00:00,2.64937236018252
2021-02-22 00:00:00+00:00,2.6881409857858056
2021-02-23 00:00:00+00:00,2.6881409857858056
2021-02-24 00:00:00+00:00,2.6881409857858056
2021-02-25 00:00:00+00:00,2.6881409857858056
2021-02-26 00:00:00+00:00,2.6881409857858056
2021-02-27 00:00:00+00:00,2.6881409857858056
2021-02-28 00:00:00+00:00,2.6881409857858056
2021-03-01 00:00:00+00:00,2.6881409857858056
2021-03-02 00:00:00+00:00,2.6881409857858056
2021-03-03 00:00:00+00:00,2.6881409857858056
2021-03-04 00:00:00+00:00,2.6881409857858056
2021-03-05 00:00:00+00:00,2.6760735970547844
2021-03-06 00:00:00+00:00,2.6760735970547844
2021-03-07 00:00:00+00:00,2.6760735970547844
2021-03-08 00:00:00+00:00,2.6760735970547844
2021-03-09 00:00:00+00:00,2.6760735970547844
2021-03-10 00:00:00+00:00,2.6760735970547844
2021-03-11 00:00:00+00:00,2.6760735970547844
2021-03-12 00:00:00+00:00,2.6760735970547844
2021-03-13 00:00:00+00:00,2.6760735970547844
2021-03-14 00:00:00+00:00,2.6760735970547844
2021-03-15 00:00:00+00:00,2.6760735970547844
2021-03-16 00:00:00+00:00,2.6760735970547844
2021-03-17 00:00:00+00:00,2.6760735970547844
2021-03-18 00:00:00+00:00,2.6760735970547844
2021-03-19 00:00:00+00:00,2.6760735970547844
2021-03-20 00:00:00+00:00,2.6760735970547844
2021-03-21 00:00:00+00:00,2.6760735970547844
2021-03-22 00:00:00+00:00,2.6760735970547844
2021-03-23 00:00:00+00:00,2.6760735970547844
2021-03-24 00:00:00+00:00,2.6760735970547844
2021-03-25 00:00:00+00:00,2.6760735970547844
2021-03-26 00:00:00+00:00,2.6760735970547844
2021-03-27 00:00:00+00:00,2.6760735970547844
2021-03-28 00:00:00+00:00,2.6760735970547844
2021-03-29 00:00:00+00:00,2.6760735970547844
2021-03-30 00:00:00+00:00,2.6760735970547844
2021-03-31 00:00:00+00:00,2.6816777725708856
2021-04-01 00:00:00+00:00,2.6816777725708856
2021-04-02 00:00:00+00:00,2.7282218638927755
2021-04-03 00:00:00+00:00,2.7282218638927755
2021-04-04 00:00:00+00:00,2.7282218638927755
2021-04-05 00:00:00+00:00,2.7282218638927755
2021-04-06 00:00:00+00:00,2.7282218638927755
2021-04-07 00:00:00+00:00,2.7282218638927755
2021-04-08 00:00:00+00:00,2.7282218638927755
2021-04-09 00:00:00+00:00,2.7282218638927755
2021-04-10 00:00:00+00:00,2.7282218638927755
2021-04-11 00:00:00+00:00,2.7282218638927755
2021-04-12 00:00:00+00:00,2.7282218638927755
2021-04-13 00:00:00+00:00,2.7282218638927755
2021-04-14 00:00:00+00:00,2.7282218638927755
2021-04-15 00:00:00+00:00,2.7282218638927755
2021-04-16 00:00:00+00:00,2.8523966677445727
2021-04-17 00:00:00+00:00,2.8523966677445727
2021-04-18 00:00:00+00:00,2.8523966677445727
2021-04-19 00:00:00+00:00,2.822847086905407
2021-04-20 00:00:00+00:00,2.822847086905407
2021-04-21 00:00:00+00:00,2.822847086905407
2021-04-22 00:00:00+00:00,2.793657838224293
2021-04-23 00:00:00+00:00,2.77923412110165
2021-04-24 00:00:00+00:00,2.783724909738612
2021-04-25 00:00:00+00:00,2.783724909738612
2021-04-26 00:00:00+00:00,2.783724909738612
2021-04-27 00:00:00+00:00,2.783724909738612
2021-04-28 00:00:00+00:00,2.783724909738612
2021-04-29 00:00:00+00:00,2.783724909738612
2021-04-30 00:00:00+00:00,2.783724909738612
2021-05-01 00:00:00+00:00,2.783724909738612
2021-05-02 00:00:00+00:00,2.783724909738612
2021-05-03 00:00:00+00:00,2.783724909738612
2021-05-04 00:00:00+00:00,2.783724909738612
2021-05-05 00:00:00+00:00,2.7695469745180263
2021-05-06 00:00:00+00:00,2.7695469745180263
2021-05-07 00:00:00+00:00,2.808563517234779
2021-05-08 00:00:00+00:00,2.808563517234779
2021-05-09 00:00:00+00:00,2.808563517234779
2021-05-10 00:00:00+00:00,2.808563517234779
2021-05-11 00:00:00+00:00,2.7942337965978403
2021-05-12 00:00:00+00:00,2.7942337965978403
2021-05-13 00:00:00+00:00,2.864777771799286
2021-05-14 00:00:00+00:00,2.8500304379473076
2021-05-15 00:00:00+00:00,2.8500304379473076
2021-05-16 00:00:00+00:00,2.8500304379473076
2021-05-17 00:00:00+00:00,2.8500304379473076
2021-05-18 00:00:00+00:00,2.8500304379473076
2021-05-19 00:00:00+00:00,3.0040247960314113
2021-05-20 00:00:00+00:00,3.0040247960314113
2021-05-21 00:00:00+00:00,3.0040247960314113
2021-05-22 00:00:00+00:00,3.0040247960314113
2021-05-23 00:00:00+00:00,3.0040247960314113
2021-05-24 00:00:00+00:00,3.0040247960314113
2021-05-25 00:00:00+00:00,3.0040247960314113
2021-05-26 00:00:00+00:00,3.0040247960314113
2021-05-27 00:00:00+00:00,3.0040247960314113
2021-05-28 00:00:00+00:00,3.0040247960314113
2021-05-29 00:00:00+00:00,3.0040247960314113
2021-05-30 00:00:00+00:00,3.0040247960314113
2021-05-31 00:00:00+00:00,3.0040247960314113
2021-06-01 00:00:00+00:00,3.0040247960314113
2021-06-02 00:00:00+00:00,3.0040247960314113
2021-06-03 00:00:00+00:00,3.0040247960314113
2021-06-04 00:00:00+00:00,3.0040247960314113
2021-06-05 00:00:00+00:00,3.0040247960314113
2021-06-06 00:00:00+00:00,3.0040247960314113
2021-06-07 00:00:00+00:00,3.0040247960314113
2021-06-08 00:00:00+00:00,3.0040247960314113
2021-06-09 00:00:00+00:00,2.9808571069179957
2021-06-10 00:00:00+00:00,2.9808571069179957
2021-06-11 00:00:00+00:00,2.9808571069179957
2021-06-12 00:00:00+00:00,2.9808571069179957
2021-06-13 00:00:00+00:00,2.9808571069179957
2021-06-14 00:00:00+00:00,2.9808571069179957
2021-06-15 00:00:00+00:00,2.9808571069179957
2021-06-16 00:00:00+00:00,2.9808571069179957
2021-06-17 00:00:00+00:00,2.9808571069179957
2021-06-18 00:00:00+00:00,2.9808571069179957
2021-06-19 00:00:00+00:00,2.9808571069179957
2021-06-20 00:00:00+00:00,2.9498769464139274
2021-06-21 00:00:00+00:00,2.9498769464139274
2021-06-22 00:00:00+00:00,2.9498769464139274
2021-06-23 00:00:00+00:00,2.9498769464139274
2021-06-24 00:00:00+00:00,2.9498769464139274
2021-06-25 00:00:00+00:00,2.9498769464139274
2021-06-26 00:00:00+00:00,2.9498769464139274
2021-06-27 00:00:00+00:00,2.9498769464139274
2021-06-28 00:00:00+00:00,2.9498769464139274
2021-06-29 00:00:00+00:00,2.9498769464139274
2021-06-30 00:00:00+00:00,2.9498769464139274
2021-07-01 00:00:00+00:00,2.9498769464139274
2021-07-02 00:00:00+00:00,2.9498769464139274
2021-07-03 00:00:00+00:00,2.9498769464139274
2021-07-04 00:00:00+00:00,2.9498769464139274
2021-07-05 00:00:00+00:00,2.9498769464139274
2021-07-06 00:00:00+00:00,2.9498769464139274
2021-07-07 00:00:00+00:00,2.9498769464139274
2021-07-08 00:00:00+00:00,2.9498769464139274
2021-07-09 00:00:00+00:00,2.9498769464139274
2021-07-10 00:00:00+00:00,2.9498769464139274
2021-07-11 00:00:00+00:00,2.9498769464139274
2021-07-12 00:00:00+00:00,2.9498769464139274
2021-07-13 00:00:00+00:00,2.9498769464139274
2021-07-14 00:00:00+00:00,2.9498769464139274
2021-07-15 00:00:00+00:00,2.9498769464139274
2021-07-16 00:00:00+00:00,2.9340848829189583
2021-07-17 00:00:00+00:00,2.9340848829189583
2021-07-18 00:00:00+00:00,2.9340848829189583
2021-07-19 00:00:00+00:00,2.9340848829189583
2021-07-20 00:00:00+00:00,2.9340848829189583
2021-07-21 00:00:00+00:00,2.9247674292300863
2021-07-22 00:00:00+00:00,2.9247674292300863
2021-07-23 00:00:00+00:00,2.9247674292300863
2021-07-24 00:00:00+00:00,2.9247674292300863
2021-07-25 00:00:00+00:00,2.9247674292300863
2021-07-26 00:00:00+00:00,2.9247674292300863
2021-07-27 00:00:00+00:00,2.9247674292300863
2021-07-28 00:00:00+00:00,2.9247674292300863
2021-07-29 00:00:00+00:00,2.9247674292300863
2021-07-30 00:00:00+00:00,2.9247674292300863
2021-07-31 00:00:00+00:00,2.9247674292300863
2021-08-01 00:00:00+00:00,2.9247674292300863
2021-08-02 00:00:00+00:00,2.9247674292300863
2021-08-03 00:00:00+00:00,2.9247674292300863
2021-08-04 00:00:00+00:00,2.966550936481335
2021-08-05 00:00:00+00:00,2.966550936481335
2021-08-06 00:00:00+00:00,2.966550936481335
2021-08-07 00:00:00+00:00,2.966550936481335
2021-08-08 00:00:00+00:00,2.9748664722706786
2021-08-09 00:00:00+00:00,2.9748664722706786
2021-08-10 00:00:00+00:00,2.9748664722706786
2021-08-11 00:00:00+00:00,2.9748664722706786
2021-08-12 00:00:00+00:00,2.9748664722706786
2021-08-13 00:00:00+00:00,3.080913763603191
2021-08-14 00:00:00+00:00,3.080913763603191
2021-08-15 00:00:00+00:00,3.080913763603191
2021-08-16 00:00:00+00:00,3.080913763603191
2021-08-17 00:00:00+00:00,3.080913763603191
2021-08-18 00:00:00+00:00,3.135002502360884
2021-08-19 00:00:00+00:00,3.2319385755708123
2021-08-20 00:00:00+00:00,3.2319385755708123
2021-08-21 00:00:00+00:00,3.2319385755708123
2021-08-22 00:00:00+00:00,3.2319385755708123
2021-08-23 00:00:00+00:00,3.2319385755708123
2021-08-24 00:00:00+00:00,3.1971204749941298
2021-08-25 00:00:00+00:00,3.1804226744807678
2021-08-26 00:00:00+00:00,3.1804226744807678
2021-08-27 00:00:00+00:00,3.163343235281756
2021-08-28 00:00:00+00:00,3.163343235281756
2021-08-29 00:00:00+00:00,3.163343235281756
2021-08-30 00:00:00+00:00,3.163343235281756
2021-08-31 00:00:00+00:00,3.1294782151628904
2021-09-01 00:00:00+00:00,3.1294782151628904
2021-09-02 00:00:00+00:00,3.1294782151628904
2021-09-03 00:00:00+00:00,3.1294782151628904
2021-09-04 00:00:00+00:00,3.1294782151628904
2021-09-05 00:00:00+00:00,3.1294782151628904
2021-09-06 00:00:00+00:00,3.1294782151628904
2021-09-07 00:00:00+00:00,3.1294782151628904
2021-09-08 00:00:00+00:00,3.084369592511683
2021-09-09 00:00:00+00:00,3.084369592511683
2021-09-10 00:00:00+00:00,3.084369592511683
2021-09-11 00:00:00+00:00,3.084369592511683
2021-09-12 00:00:00+00:00,3.084369592511683
2021-09-13 00:00:00+00:00,3.084369592511683
2021-09-14 00:00:00+00:00,3.0529552075071495
2021-09-15 00:00:00+00:00,3.0529552075071495
2021-09-16 00:00:00+00:00,3.0529552075071495
2021-09-17 00:00:00+00:00,3.0529552075071495
2021-09-18 00:00:00+00:00,3.0529552075071495
2021-09-19 00:00:00+00:00,3.0529552075071495
2021-09-20 00:00:00+00:00,3.0529552075071495
2021-09-21 00:00:00+00:00,3.086730380209133
2021-09-22 00:00:00+00:00,3.086730380209133
2021-09-23 00:00:00+00:00,3.086730380209133
2021-09-24 00:00:00+00:00,3.086730380209133
2021-09-25 00:00:00+00:00,3.086730380209133
2021-09-26 00:00:00+00:00,3.086730380209133
2021-09-27 00:00:00+00:00,3.086730380209133
2021-09-28 00:00:00+00:00,3.086730380209133
2021-09-29 00:00:00+00:00,3.086730380209133
2021-09-30 00:00:00+00:00,3.086730380209133
2021-10-01 00:00:00+00:00,3.086730380209133
2021-10-02 00:00:00+00:00,3.086730380209133
2021-10-03 00:00:00+00:00,3.086730380209133
2021-10-04 00:00:00+00:00,3.086730380209133
2021-10-05 00:00:00+00:00,3.086730380209133
2021-10-06 00:00:00+00:00,3.086730380209133
2021-10-07 00:00:00+00:00,3.086730380209133
2021-10-08 00:00:00+00:00,3.086730380209133
2021-10-09 00:00:00+00:00,3.1756835734300477
2021-10-10 00:00:00+00:00,3.1756835734300477
2021-10-11 00:00:00+00:00,3.1420559838691084
2021-10-12 00:00:00+00:00,3.1420559838691084
2021-10-13 00:00:00+00:00,3.1420559838691084
2021-10-14 00:00:00+00:00,3.1420559838691084
2021-10-15 00:00:00+00:00,3.1420559838691084
2021-10-16 00:00:00+00:00,3.108499106153136
2021-10-17 00:00:00+00:00,3.108499106153136
2021-10-18 00:00:00+00:00,3.108499106153136
2021-10-19 00:00:00+00:00,3.108499106153136
2021-10-20 00:00:00+00:00,3.108499106153136
2021-10-21 00:00:00+00:00,3.1323458390602807
2021-10-22 00:00:00+00:00,3.1323458390602807
2021-10-23 00:00:00+00:00,3.1323458390602807
2021-10-24 00:00:00+00:00,3.1323458390602807
2021-10-25 00:00:00+00:00,3.1161515811364633
2021-10-26 00:00:00+00:00,3.1161515811364633
2021-10-27 00:00:00+00:00,3.1161515811364633
2021-10-28 00:00:00+00:00,3.1000744926076456
2021-10-29 00:00:00+00:00,3.1000744926076456
2021-10-30 00:00:00+00:00,3.066841876934252
2021-10-31 00:00:00+00:00,3.066841876934252
2021-11-01 00:00:00+00:00,3.066841876934252
2021-11-02 00:00:00+00:00,3.066841876934252
2021-11-03 00:00:00+00:00,3.066841876934252
2021-11-04 00:00:00+00:00,3.066841876934252
2021-11-05 00:00:00+00:00,3.066841876934252
2021-11-06 00:00:00+00:00,3.066841876934252
2021-11-07 00:00:00+00:00,3.0349808129860256
2021-11-08 00:00:00+00:00,3.0349808129860256
2021-11-09 00:00:00+00:00,3.0349808129860256
2021-11-10 00:00:00+00:00,3.0349808129860256
2021-11-11 00:00:00+00:00,3.0551516270126124
2021-11-12 00:00:00+00:00,3.0949838681770605
2021-11-13 00:00:00+00:00,3.0949838681770605
2021-11-14 00:00:00+00:00,3.0949838681770605
2021-11-15 00:00:00+00:00,3.0949838681770605
2021-11-16 00:00:00+00:00,3.0949838681770605
2021-11-17 00:00:00+00:00,3.0949838681770605
2021-11-18 00:00:00+00:00,3.0909069683278094
2021-11-19 00:00:00+00:00,3.0909069683278094
2021-11-20 00:00:00+00:00,3.0909069683278094
2021-11-21 00:00:00+00:00,3.0909069683278094
2021-11-22 00:00:00+00:00,3.0909069683278094
2021-11-23 00:00:00+00:00,3.0909069683278094
2021-11-24 00:00:00+00:00,3.0909069683278094
2021-11-25 00:00:00+00:00,3.0909069683278094
2021-11-26 00:00:00+00:00,3.0586831940314148
2021-11-27 00:00:00+00:00,3.0586831940314148
2021-11-28 00:00:00+00:00,3.0586831940314148
2021-11-29 00:00:00+00:00,3.0586831940314148
2021-11-30 00:00:00+00:00,3.0586831940314148
2021-12-01 00:00:00+00:00,3.0586831940314148
2021-12-02 00:00:00+00:00,3.0307516787877598
2021-12-03 00:00:00+00:00,3.0307516787877598
2021-12-04 00:00:00+00:00,3.1188094906374624
2021-12-05 00:00:00+00:00,3.1188094906374624
2021-12-06 00:00:00+00:00,3.1188094906374624
2021-12-07 00:00:00+00:00,3.1188094906374624
2021-12-08 00:00:00+00:00,3.1188094906374624
2021-12-09 00:00:00+00:00,3.1188094906374624
2021-12-10 00:00:00+00:00,3.1188094906374624
2021-12-11 00:00:00+00:00,3.1188094906374624
2021-12-12 00:00:00+00:00,3.1188094906374624
2021-12-13 00:00:00+00:00,3.1188094906374624
2021-12-14 00:00:00+00:00,3.1188094906374624
2021-12-15 00:00:00+00:00,3.1188094906374624
2021-12-16 00:00:00+00:00,3.1188094906374624
2021-12-17 00:00:00+00:00,3.1188094906374624
2021-12-18 00:00:00+00:00,3.1188094906374624
2021-12-19 00:00:00+00:00,3.1188094906374624
2021-12-20 00:00:00+00:00,3.1188094906374624
2021-12-21 00:00:00+00:00,3.1188094906374624
2021-12-22 00:00:00+00:00,3.1188094906374624
2021-12-23 00:00:00+00:00,3.1188094906374624
2021-12-24 00:00:00+00:00,3.1188094906374624
2021-12-25 00:00:00+00:00,3.085132239675915
2021-12-26 00:00:00+00:00,3.085132239675915
2021-12-27 00:00:00+00:00,3.085132239675915
2021-12-28 00:00:00+00:00,3.085132239675915
2021-12-29 00:00:00+00:00,3.085132239675915
2021-12-30 00:00:00+00:00,3.10438878399871
2021-12-31 00:00:00+00:00,3.10438878399871
2022-01-01 00:00:00+00:00,3.10438878399871
2022-01-02 00:00:00+00:00,3.10438878399871
2022-01-03 00:00:00+00:00,3.10438878399871
2022-01-04 00:00:00+00:00,3.10438878399871
2022-01-05 00:00:00+00:00,3.10438878399871
2022-01-06 00:00:00+00:00,3.10438878399871
2022-01-07 00:00:00+00:00,3.10438878399871
2022-01-08 00:00:00+00:00,3.2767983609030633
2022-01-09 00:00:00+00:00,3.2767983609030633
2022-01-10 00:00:00+00:00,3.2767983609030633
2022-01-11 00:00:00+00:00,3.2767983609030633
2022-01-12 00:00:00+00:00,3.2767983609030633
2022-01-13 00:00:00+00:00,3.2767983609030633
2022-01-14 00:00:00+00:00,3.2767983609030633
2022-01-15 00:00:00+00:00,3.259931419145982
2022-01-16 00:00:00+00:00,3.259931419145982
2022-01-17 00:00:00+00:00,3.271416686552064
2022-01-18 00:00:00+00:00,3.271416686552064
2022-01-19 00:00:00+00:00,3.2544553348952707
2022-01-20 00:00:00+00:00,3.2763065305240806
2022-01-21 00:00:00+00:00,3.259236825949028
2022-01-22 00:00:00+00:00,3.259236825949028
2022-01-23 00:00:00+00:00,3.366635819711947
2022-01-24 00:00:00+00:00,3.332125983892255
2022-01-25 00:00:00+00:00,3.332125983892255
2022-01-26 00:00:00+00:00,3.332125983892255
2022-01-27 00:00:00+00:00,3.332125983892255
2022-01-28 00:00:00+00:00,3.332125983892255
2022-01-29 00:00:00+00:00,3.332125983892255
2022-01-30 00:00:00+00:00,3.332125983892255
2022-01-31 00:00:00+00:00,3.332125983892255
2022-02-01 00:00:00+00:00,3.332125983892255
2022-02-02 00:00:00+00:00,3.332125983892255
2022-02-03 00:00:00+00:00,3.332125983892255
2022-02-04 00:00:00+00:00,3.332125983892255
2022-02-05 00:00:00+00:00,3.332125983892255
2022-02-06 00:00:00+00:00,3.332125983892255
2022-02-07 00:00:00+00:00,3.332125983892255
2022-02-08 00:00:00+00:00,3.332125983892255
2022-02-09 00:00:00+00:00,3.332125983892255
2022-02-10 00:00:00+00:00,3.332125983892255
2022-02-11 00:00:00+00:00,3.332125983892255
2022-02-12 00:00:00+00:00,3.332125983892255
2022-02-13 00:00:00+00:00,3.332125983892255
2022-02-14 00:00:00+00:00,3.332125983892255
2022-02-15 00:00:00+00:00,3.332125983892255
2022-02-16 00:00:00+00:00,3.332125983892255
2022-02-17 00:00:00+00:00,3.332125983892255
2022-02-18 00:00:00+00:00,3.332125983892255
2022-02-19 00:00:00+00:00,3.332125983892255
2022-02-20 00:00:00+00:00,3.332125983892255
2022-02-21 00:00:00+00:00,3.332125983892255
2022-02-22 00:00:00+00:00,3.332125983892255
2022-02-23 00:00:00+00:00,3.3697262828038657
2022-02-24 00:00:00+00:00,3.334699381728802
2022-02-25 00:00:00+00:00,3.334699381728802
2022-02-26 00:00:00+00:00,3.334699381728802
2022-02-27 00:00:00+00:00,3.334699381728802
2022-02-28 00:00:00+00:00,3.334699381728802
2022-03-01 00:00:00+00:00,3.334699381728802
2022-03-02 00:00:00+00:00,3.334699381728802
2022-03-03 00:00:00+00:00,3.334699381728802
2022-03-04 00:00:00+00:00,3.334699381728802
2022-03-05 00:00:00+00:00,3.299868647637569
2022-03-06 00:00:00+00:00,3.2825299760048154
2022-03-07 00:00:00+00:00,3.2825299760048154
2022-03-08 00:00:00+00:00,3.265156695764139
2022-03-09 00:00:00+00:00,3.265156695764139
2022-03-10 00:00:00+00:00,3.265156695764139
2022-03-11 00:00:00+00:00,3.2484275153955626
2022-03-12 00:00:00+00:00,3.2484275153955626
2022-03-13 00:00:00+00:00,3.2484275153955626
2022-03-14 00:00:00+00:00,3.2148511363152608
2022-03-15 00:00:00+00:00,3.2148511363152608
2022-03-16 00:00:00+00:00,3.2148511363152608
2022-03-17 00:00:00+00:00,3.2148511363152608
2022-03-18 00:00:00+00:00,3.2148511363152608
2022-03-19 00:00:00+00:00,3.2148511363152608
2022-03-20 00:00:00+00:00,3.3140194605082627
2022-03-21 00:00:00+00:00,3.3140194605082627
2022-03-22 00:00:00+00:00,3.3140194605082627
2022-03-23 00:00:00+00:00,3.278266421348836
2022-03-24 00:00:00+00:00,3.278266421348836
2022-03-25 00:00:00+00:00,3.278266421348836
2022-03-26 00:00:00+00:00,3.278266421348836
2022-03-27 00:00:00+00:00,3.278266421348836
2022-03-28 00:00:00+00:00,3.278266421348836
2022-03-29 00:00:00+00:00,3.278266421348836
2022-03-30 00:00:00+00:00,3.278266421348836
2022-03-31 00:00:00+00:00,3.3720785552638417
2022-04-01 00:00:00+00:00,3.3356205268855694
2022-04-02 00:00:00+00:00,3.3907864207103904
2022-04-03 00:00:00+00:00,3.3907864207103904
2022-04-04 00:00:00+00:00,3.3907864207103904
2022-04-05 00:00:00+00:00,3.3907864207103904
2022-04-06 00:00:00+00:00,3.3907864207103904
2022-04-07 00:00:00+00:00,3.4992817934734357
2022-04-08 00:00:00+00:00,3.5122157246557775
2022-04-09 00:00:00+00:00,3.5122157246557775
2022-04-10 00:00:00+00:00,3.5122157246557775
2022-04-11 00:00:00+00:00,3.5122157246557775
2022-04-12 00:00:00+00:00,3.5122157246557775
2022-04-13 00:00:00+00:00,3.480333252740588
2022-04-14 00:00:00+00:00,3.480333252740588
2022-04-15 00:00:00+00:00,3.480333252740588
2022-04-16 00:00:00+00:00,3.480333252740588
2022-04-17 00:00:00+00:00,3.480333252740588
2022-04-18 00:00:00+00:00,3.442606368885118
2022-04-19 00:00:00+00:00,3.442606368885118
2022-04-20 00:00:00+00:00,3.442606368885118
2022-04-21 00:00:00+00:00,3.442606368885118
2022-04-22 00:00:00+00:00,3.442606368885118
2022-04-23 00:00:00+00:00,3.442606368885118
2022-04-24 00:00:00+00:00,3.442606368885118
2022-04-25 00:00:00+00:00,3.4104659828674433
2022-04-26 00:00:00+00:00,3.4104659828674433
2022-04-27 00:00:00+00:00,3.4104659828674433
2022-04-28 00:00:00+00:00,3.4104659828674433
2022-04-29 00:00:00+00:00,3.4104659828674433
2022-04-30 00:00:00+00:00,3.4104659828674433
2022-05-01 00:00:00+00:00,3.4104659828674433
2022-05-02 00:00:00+00:00,3.4104659828674433
2022-05-03 00:00:00+00:00,3.3928881423573296
2022-05-04 00:00:00+00:00,3.3928881423573296
2022-05-05 00:00:00+00:00,3.3563070819233842
2022-05-06 00:00:00+00:00,3.3563070819233842
2022-05-07 00:00:00+00:00,3.3563070819233842
2022-05-08 00:00:00+00:00,3.3563070819233842
2022-05-09 00:00:00+00:00,3.3563070819233842
2022-05-10 00:00:00+00:00,3.5654684925529097
2022-05-11 00:00:00+00:00,3.5654684925529097
2022-05-12 00:00:00+00:00,3.5654684925529097
2022-05-13 00:00:00+00:00,3.5654684925529097
2022-05-14 00:00:00+00:00,3.5654684925529097
2022-05-15 00:00:00+00:00,3.5654684925529097
2022-05-16 00:00:00+00:00,3.5654684925529097
2022-05-17 00:00:00+00:00,3.5654684925529097
2022-05-18 00:00:00+00:00,3.5654684925529097
2022-05-19 00:00:00+00:00,3.5654684925529097
2022-05-20 00:00:00+00:00,3.5654684925529097
2022-05-21 00:00:00+00:00,3.5654684925529097
2022-05-22 00:00:00+00:00,3.5654684925529097
2022-05-23 00:00:00+00:00,3.5654684925529097
2022-05-24 00:00:00+00:00,3.5654684925529097
2022-05-25 00:00:00+00:00,3.5654684925529097
2022-05-26 00:00:00+00:00,3.528006595249148
2022-05-27 00:00:00+00:00,3.528006595249148
2022-05-28 00:00:00+00:00,3.528006595249148
2022-05-29 00:00:00+00:00,3.528006595249148
2022-05-30 00:00:00+00:00,3.528006595249148
2022-05-31 00:00:00+00:00,3.528006595249148
2022-06-01 00:00:00+00:00,3.528006595249148
2022-06-02 00:00:00+00:00,3.528006595249148
2022-06-03 00:00:00+00:00,3.528006595249148
2022-06-04 00:00:00+00:00,3.528006595249148
2022-06-05 00:00:00+00:00,3.528006595249148
2022-06-06 00:00:00+00:00,3.528006595249148
2022-06-07 00:00:00+00:00,3.528006595249148
2022-06-08 00:00:00+00:00,3.528006595249148
2022-06-09 00:00:00+00:00,3.528006595249148
2022-06-10 00:00:00+00:00,3.528006595249148
2022-06-11 00:00:00+00:00,3.528006595249148
2022-06-12 00:00:00+00:00,3.6915266401471785
2022-06-13 00:00:00+00:00,3.6915266401471785
2022-06-14 00:00:00+00:00,3.6733432207378205
2022-06-15 00:00:00+00:00,3.6733432207378205
2022-06-16 00:00:00+00:00,3.6733432207378205
2022-06-17 00:00:00+00:00,3.6733432207378205
2022-06-18 00:00:00+00:00,3.6733432207378205
2022-06-19 00:00:00+00:00,3.6733432207378205
2022-06-20 00:00:00+00:00,3.6733432207378205
2022-06-21 00:00:00+00:00,3.6733432207378205
2022-06-22 00:00:00+00:00,3.6733432207378205
2022-06-23 00:00:00+00:00,3.6733432207378205
2022-06-24 00:00:00+00:00,3.6733432207378205
2022-06-25 00:00:00+00:00,3.6733432207378205
2022-06-26 00:00:00+00:00,3.6733432207378205
2022-06-27 00:00:00+00:00,3.6733432207378205
2022-06-28 00:00:00+00:00,3.6733432207378205
2022-06-29 00:00:00+00:00,3.6733432207378205
2022-06-30 00:00:00+00:00,3.6733432207378205
2022-07-01 00:00:00+00:00,3.65437251815706
2022-07-02 00:00:00+00:00,3.65437251815706
2022-07-03 00:00:00+00:00,3.65437251815706
2022-07-04 00:00:00+00:00,3.65437251815706
2022-07-05 00:00:00+00:00,3.630655979287302
2022-07-06 00:00:00+00:00,3.630655979287302
2022-07-07 00:00:00+00:00,3.630655979287302
2022-07-08 00:00:00+00:00,3.630655979287302
2022-07-09 00:00:00+00:00,3.630655979287302
2022-07-10 00:00:00+00:00,3.630655979287302
2022-07-11 00:00:00+00:00,3.630655979287302
2022-07-12 00:00:00+00:00,3.630655979287302
2022-07-13 00:00:00+00:00,3.630655979287302
2022-07-14 00:00:00+00:00,3.6113988504230865
2022-07-15 00:00:00+00:00,3.6113988504230865
2022-07-16 00:00:00+00:00,3.6080316756981263
2022-07-17 00:00:00+00:00,3.6080316756981263
2022-07-18 00:00:00+00:00,3.6080316756981263
2022-07-19 00:00:00+00:00,3.6080316756981263
2022-07-20 00:00:00+00:00,3.6080316756981263
2022-07-21 00:00:00+00:00,3.6080316756981263
2022-07-22 00:00:00+00:00,3.6080316756981263
2022-07-23 00:00:00+00:00,3.6080316756981263
2022-07-24 00:00:00+00:00,3.6080316756981263
2022-07-25 00:00:00+00:00,3.6080316756981263
2022-07-26 00:00:00+00:00,3.6080316756981263
2022-07-27 00:00:00+00:00,3.6080316756981263
2022-07-28 00:00:00+00:00,3.6080316756981263
2022-07-29 00:00:00+00:00,3.6080316756981263
2022-07-30 00:00:00+00:00,3.6080316756981263
2022-07-31 00:00:00+00:00,3.6080316756981263
2022-08-01 00:00:00+00:00,3.6080316756981263
2022-08-02 00:00:00+00:00,3.6080316756981263
2022-08-03 00:00:00+00:00,3.6080316756981263
2022-08-04 00:00:00+00:00,3.6080316756981263
2022-08-05 00:00:00+00:00,3.6080316756981263
2022-08-06 00:00:00+00:00,3.6080316756981263
2022-08-07 00:00:00+00:00,3.6080316756981263
2022-08-08 00:00:00+00:00,3.6316249004013317
2022-08-09 00:00:00+00:00,3.6572752883398736
2022-08-10 00:00:00+00:00,3.6572752883398736
2022-08-11 00:00:00+00:00,3.6384416328130675
2022-08-12 00:00:00+00:00,3.6384416328130675
2022-08-13 00:00:00+00:00,3.6384416328130675
2022-08-14 00:00:00+00:00,3.6384416328130675
2022-08-15 00:00:00+00:00,3.6384416328130675
2022-08-16 00:00:00+00:00,3.6384416328130675
2022-08-17 00:00:00+00:00,3.6384416328130675
2022-08-18 00:00:00+00:00,3.6384416328130675
2022-08-19 00:00:00+00:00,3.6384416328130675
2022-08-20 00:00:00+00:00,3.60092261450406
2022-08-21 00:00:00+00:00,3.60092261450406
2022-08-22 00:00:00+00:00,3.60092261450406
2022-08-23 00:00:00+00:00,3.569931678546511
2022-08-24 00:00:00+00:00,3.569931678546511
2022-08-25 00:00:00+00:00,3.569931678546511
2022-08-26 00:00:00+00:00,3.569931678546511
2022-08-27 00:00:00+00:00,3.569931678546511
2022-08-28 00:00:00+00:00,3.569931678546511
2022-08-29 00:00:00+00:00,3.584929872669092
2022-08-30 00:00:00+00:00,3.584929872669092
2022-08-31 00:00:00+00:00,3.584929872669092
2022-09-01 00:00:00+00:00,3.584929872669092
2022-09-02 00:00:00+00:00,3.547418460837307
2022-09-03 00:00:00+00:00,3.547418460837307
2022-09-04 00:00:00+00:00,3.547418460837307
2022-09-05 00:00:00+00:00,3.547418460837307
2022-09-06 00:00:00+00:00,3.547418460837307
2022-09-07 00:00:00+00:00,3.547418460837307
2022-09-08 00:00:00+00:00,3.547418460837307
2022-09-09 00:00:00+00:00,3.547418460837307
2022-09-10 00:00:00+00:00,3.547418460837307
2022-09-11 00:00:00+00:00,3.547418460837307
2022-09-12 00:00:00+00:00,3.547418460837307
2022-09-13 00:00:00+00:00,3.5220241261470955
2022-09-14 00:00:00+00:00,3.5220241261470955
2022-09-15 00:00:00+00:00,3.4848923325036103
2022-09-16 00:00:00+00:00,3.4848923325036103
2022-09-17 00:00:00+00:00,3.4848923325036103
2022-09-18 00:00:00+00:00,3.4848923325036103
2022-09-19 00:00:00+00:00,3.4848923325036103
2022-09-20 00:00:00+00:00,3.448935295256832
2022-09-21 00:00:00+00:00,3.448935295256832
2022-09-22 00:00:00+00:00,3.4131452048172224
2022-09-23 00:00:00+00:00,3.4131452048172224
2022-09-24 00:00:00+00:00,3.4131452048172224
2022-09-25 00:00:00+00:00,3.4131452048172224
2022-09-26 00:00:00+00:00,3.4131452048172224
2022-09-27 00:00:00+00:00,3.4131452048172224
2022-09-28 00:00:00+00:00,3.4131452048172224
2022-09-29 00:00:00+00:00,3.4131452048172224
2022-09-30 00:00:00+00:00,3.4131452048172224
2022-10-01 00:00:00+00:00,3.4131452048172224
2022-10-02 00:00:00+00:00,3.4131452048172224
2022-10-03 00:00:00+00:00,3.4131452048172224
2022-10-04 00:00:00+00:00,3.4131452048172224
2022-10-05 00:00:00+00:00,3.4131452048172224
2022-10-06 00:00:00+00:00,3.4131452048172224
2022-10-07 00:00:00+00:00,3.4131452048172224
2022-10-08 00:00:00+00:00,3.4131452048172224
2022-10-09 00:00:00+00:00,3.4131452048172224
2022-10-10 00:00:00+00:00,3.4131452048172224
2022-10-11 00:00:00+00:00,3.4131452048172224
2022-10-12 00:00:00+00:00,3.3954633190401733
2022-10-13 00:00:00+00:00,3.358875228153213
2022-10-14 00:00:00+00:00,3.2689972021921987
2022-10-15 00:00:00+00:00,3.2689972021921987
2022-10-16 00:00:00+00:00,3.2689972021921987
2022-10-17 00:00:00+00:00,3.2689972021921987
2022-10-18 00:00:00+00:00,3.2689972021921987
2022-10-19 00:00:00+00:00,3.2689972021921987
2022-10-20 00:00:00+00:00,3.2689972021921987
2022-10-21 00:00:00+00:00,3.2689972021921987
2022-10-22 00:00:00+00:00,3.2689972021921987
2022-10-23 00:00:00+00:00,3.2689972021921987
2022-10-24 00:00:00+00:00,3.2689972021921987
2022-10-25 00:00:00+00:00,3.2689972021921987
2022-10-26 00:00:00+00:00,3.364946864746144
2022-10-27 00:00:00+00:00,3.364946864746144
2022-10-28 00:00:00+00:00,3.364946864746144
2022-10-29 00:00:00+00:00,3.364946864746144
2022-10-30 00:00:00+00:00,3.364946864746144
2022-10-31 00:00:00+00:00,3.5654259756258275
2022-11-01 00:00:00+00:00,3.5654259756258275
2022-11-02 00:00:00+00:00,3.5654259756258275
2022-11-03 00:00:00+00:00,3.5654259756258275
2022-11-04 00:00:00+00:00,3.52719146833073
2022-11-05 00:00:00+00:00,3.52719146833073
2022-11-06 00:00:00+00:00,3.52719146833073
2022-11-07 00:00:00+00:00,3.488957580569267
2022-11-08 00:00:00+00:00,3.4810070435698006
2022-11-09 00:00:00+00:00,3.468953159151524
2022-11-10 00:00:00+00:00,3.435711476068638
2022-11-11 00:00:00+00:00,3.435711476068638
2022-11-12 00:00:00+00:00,3.435711476068638
2022-11-13 00:00:00+00:00,3.435711476068638
2022-11-14 00:00:00+00:00,3.435711476068638
2022-11-15 00:00:00+00:00,3.435711476068638
2022-11-16 00:00:00+00:00,3.435711476068638
2022-11-17 00:00:00+00:00,3.435711476068638
2022-11-18 00:00:00+00:00,3.435711476068638
2022-11-19 00:00:00+00:00,3.435711476068638
2022-11-20 00:00:00+00:00,3.435711476068638
2022-11-21 00:00:00+00:00,3.435711476068638
2022-11-22 00:00:00+00:00,3.435711476068638
2022-11-23 00:00:00+00:00,3.435711476068638
2022-11-24 00:00:00+00:00,3.435711476068638
2022-11-25 00:00:00+00:00,3.435711476068638
2022-11-26 00:00:00+00:00,3.435711476068638
2022-11-27 00:00:00+00:00,3.435711476068638
2022-11-28 00:00:00+00:00,3.435711476068638
2022-11-29 00:00:00+00:00,3.461869892646349
2022-11-30 00:00:00+00:00,3.461869892646349
2022-12-01 00:00:00+00:00,3.461869892646349
2022-12-02 00:00:00+00:00,3.461869892646349
2022-12-03 00:00:00+00:00,3.461869892646349
2022-12-04 00:00:00+00:00,3.435628723262151
2022-12-05 00:00:00+00:00,3.435628723262151
2022-12-06 00:00:00+00:00,3.435628723262151
2022-12-07 00:00:00+00:00,3.435628723262151
2022-12-08 00:00:00+00:00,3.3978989368843084
2022-12-09 00:00:00+00:00,3.3978989368843084
2022-12-10 00:00:00+00:00,3.3978989368843084
2022-12-11 00:00:00+00:00,3.3978989368843084
2022-12-12 00:00:00+00:00,3.3978989368843084
2022-12-13 00:00:00+00:00,3.4050562300860556
2022-12-14 00:00:00+00:00,3.4050562300860556
2022-12-15 00:00:00+00:00,3.4050562300860556
2022-12-16 00:00:00+00:00,3.4050562300860556
2022-12-17 00:00:00+00:00,3.387355445703212
2022-12-18 00:00:00+00:00,3.387355445703212
2022-12-19 00:00:00+00:00,3.387355445703212
2022-12-20 00:00:00+00:00,3.396891470905707
2022-12-21 00:00:00+00:00,3.396891470905707
2022-12-22 00:00:00+00:00,3.396891470905707
2022-12-23 00:00:00+00:00,3.396891470905707
2022-12-24 00:00:00+00:00,3.396891470905707
2022-12-25 00:00:00+00:00,3.396891470905707
2022-12-26 00:00:00+00:00,3.396891470905707
2022-12-27 00:00:00+00:00,3.396891470905707
2022-12-28 00:00:00+00:00,3.396891470905707
2022-12-29 00:00:00+00:00,3.396891470905707
2022-12-30 00:00:00+00:00,3.396891470905707
2022-12-31 00:00:00+00:00,3.396891470905707
2023-01-01 00:00:00+00:00,3.396891470905707
2023-01-02 00:00:00+00:00,3.396891470905707
2023-01-03 00:00:00+00:00,3.396891470905707
2023-01-04 00:00:00+00:00,3.396891470905707
2023-01-05 00:00:00+00:00,3.396891470905707
2023-01-06 00:00:00+00:00,3.396891470905707
2023-01-07 00:00:00+00:00,3.3783430333715145
2023-01-08 00:00:00+00:00,3.3783430333715145
2023-01-09 00:00:00+00:00,3.3783430333715145
2023-01-10 00:00:00+00:00,3.3783430333715145
2023-01-11 00:00:00+00:00,3.3783430333715145
2023-01-12 00:00:00+00:00,3.3783430333715145
2023-01-13 00:00:00+00:00,3.3783430333715145
2023-01-14 00:00:00+00:00,3.3783430333715145
2023-01-15 00:00:00+00:00,3.3783430333715145
2023-01-16 00:00:00+00:00,3.439426319534161
2023-01-17 00:00:00+00:00,3.439426319534161
2023-01-18 00:00:00+00:00,3.439426319534161
2023-01-19 00:00:00+00:00,3.439426319534161
2023-01-20 00:00:00+00:00,3.439426319534161
2023-01-21 00:00:00+00:00,3.439426319534161
2023-01-22 00:00:00+00:00,3.439426319534161
2023-01-23 00:00:00+00:00,3.439426319534161
2023-01-24 00:00:00+00:00,3.439426319534161
2023-01-25 00:00:00+00:00,3.439426319534161
2023-01-26 00:00:00+00:00,3.439426319534161
2023-01-27 00:00:00+00:00,3.439426319534161
2023-01-28 00:00:00+00:00,3.439426319534161
2023-01-29 00:00:00+00:00,3.439426319534161
2023-01-30 00:00:00+00:00,3.439426319534161
2023-01-31 00:00:00+00:00,3.421465025165083
2023-02-01 00:00:00+00:00,3.421465025165083
2023-02-02 00:00:00+00:00,3.421465025165083
2023-02-03 00:00:00+00:00,3.421465025165083
2023-02-04 00:00:00+00:00,3.421465025165083
2023-02-05 00:00:00+00:00,3.421465025165083
2023-02-06 00:00:00+00:00,3.421465025165083
2023-02-07 00:00:00+00:00,3.421465025165083
2023-02-08 00:00:00+00:00,3.421465025165083
2023-02-09 00:00:00+00:00,3.421465025165083
2023-02-10 00:00:00+00:00,3.4878355611346072
2023-02-11 00:00:00+00:00,3.5493296597168813
2023-02-12 00:00:00+00:00,3.5493296597168813
2023-02-13 00:00:00+00:00,3.5493296597168813
2023-02-14 00:00:00+00:00,3.5493296597168813
2023-02-15 00:00:00+00:00,3.5493296597168813
2023-02-16 00:00:00+00:00,3.5493296597168813
2023-02-17 00:00:00+00:00,3.584441190286588
2023-02-18 00:00:00+00:00,3.584441190286588
2023-02-19 00:00:00+00:00,3.584441190286588
2023-02-20 00:00:00+00:00,3.6452872337747606
2023-02-21 00:00:00+00:00,3.6452872337747606
2023-02-22 00:00:00+00:00,3.6452872337747606
2023-02-23 00:00:00+00:00,3.626679506123267
2023-02-24 00:00:00+00:00,3.626679506123267
2023-02-25 00:00:00+00:00,3.591807664820578
2023-02-26 00:00:00+00:00,3.591807664820578
2023-02-27 00:00:00+00:00,3.591807664820578
2023-02-28 00:00:00+00:00,3.591807664820578
2023-03-01 00:00:00+00:00,3.591807664820578
2023-03-02 00:00:00+00:00,3.591807664820578
2023-03-03 00:00:00+00:00,3.591807664820578
2023-03-04 00:00:00+00:00,3.591807664820578
2023-03-05 00:00:00+00:00,3.591807664820578
2023-03-06 00:00:00+00:00,3.591807664820578
2023-03-07 00:00:00+00:00,3.591807664820578
2023-03-08 00:00:00+00:00,3.591807664820578
2023-03-09 00:00:00+00:00,3.591807664820578
2023-03-10 00:00:00+00:00,3.591807664820578
2023-03-11 00:00:00+00:00,3.7322390573642092
2023-03-12 00:00:00+00:00,3.7322390573642092
2023-03-13 00:00:00+00:00,3.7322390573642092
2023-03-14 00:00:00+00:00,3.8403435443781158
2023-03-15 00:00:00+00:00,3.8403435443781158
2023-03-16 00:00:00+00:00,3.8403435443781158
2023-03-17 00:00:00+00:00,3.8403435443781158
2023-03-18 00:00:00+00:00,3.8403435443781158
2023-03-19 00:00:00+00:00,3.8403435443781158
2023-03-20 00:00:00+00:00,3.8403435443781158
2023-03-21 00:00:00+00:00,3.8403435443781158
2023-03-22 00:00:00+00:00,3.8403435443781158
2023-03-23 00:00:00+00:00,3.7592975453418704
2023-03-24 00:00:00+00:00,3.7592975453418704
2023-03-25 00:00:00+00:00,3.7592975453418704
2023-03-26 00:00:00+00:00,3.7592975453418704
2023-03-27 00:00:00+00:00,3.7592975453418704
2023-03-28 00:00:00+00:00,3.718676843393057
2023-03-29 00:00:00+00:00,3.718676843393057
2023-03-30 00:00:00+00:00,3.718676843393057
2023-03-31 00:00:00+00:00,3.718676843393057
2023-04-01 00:00:00+00:00,3.718676843393057
2023-04-02 00:00:00+00:00,3.677282150785499
2023-04-03 00:00:00+00:00,3.677282150785499
2023-04-04 00:00:00+00:00,3.677282150785499
2023-04-05 00:00:00+00:00,3.677282150785499
2023-04-06 00:00:00+00:00,3.6809214769422813
2023-04-07 00:00:00+00:00,3.6809214769422813
2023-04-08 00:00:00+00:00,3.6809214769422813
2023-04-09 00:00:00+00:00,3.6809214769422813
2023-04-10 00:00:00+00:00,3.6809214769422813
2023-04-11 00:00:00+00:00,3.6809214769422813
2023-04-12 00:00:00+00:00,3.6666542395720922
2023-04-13 00:00:00+00:00,3.6666542395720922
2023-04-14 00:00:00+00:00,3.6666542395720922
2023-04-15 00:00:00+00:00,3.6666542395720922
2023-04-16 00:00:00+00:00,3.6666542395720922
2023-04-17 00:00:00+00:00,3.6666542395720922
2023-04-18 00:00:00+00:00,3.6666542395720922
2023-04-19 00:00:00+00:00,3.6464753548644073
2023-04-20 00:00:00+00:00,3.6215770200491186
2023-04-21 00:00:00+00:00,3.6215770200491186
2023-04-22 00:00:00+00:00,3.6215770200491186
2023-04-23 00:00:00+00:00,3.6215770200491186
2023-04-24 00:00:00+00:00,3.6215770200491186
2023-04-25 00:00:00+00:00,3.6215770200491186
2023-04-26 00:00:00+00:00,3.6742531705413524
2023-04-27 00:00:00+00:00,3.6551475629828167
2023-04-28 00:00:00+00:00,3.6551475629828167
2023-04-29 00:00:00+00:00,3.6551475629828167
2023-04-30 00:00:00+00:00,3.6551475629828167
2023-05-01 00:00:00+00:00,3.6551475629828167
2023-05-02 00:00:00+00:00,3.6551475629828167
2023-05-03 00:00:00+00:00,3.6551475629828167
2023-05-04 00:00:00+00:00,3.6551475629828167
2023-05-05 00:00:00+00:00,3.6551475629828167
2023-05-06 00:00:00+00:00,3.648295302702141
2023-05-07 00:00:00+00:00,3.648295302702141
2023-05-08 00:00:00+00:00,3.648295302702141
2023-05-09 00:00:00+00:00,3.648295302702141
2023-05-10 00:00:00+00:00,3.648295302702141
2023-05-11 00:00:00+00:00,3.648295302702141
2023-05-12 00:00:00+00:00,3.6335352981527342
2023-05-13 00:00:00+00:00,3.5935841067887977
2023-05-14 00:00:00+00:00,3.5935841067887977
2023-05-15 00:00:00+00:00,3.5935841067887977
2023-05-16 00:00:00+00:00,3.5935841067887977
2023-05-17 00:00:00+00:00,3.5935841067887977
2023-05-18 00:00:00+00:00,3.5935841067887977
2023-05-19 00:00:00+00:00,3.5935841067887977
2023-05-20 00:00:00+00:00,3.5935841067887977
2023-05-21 00:00:00+00:00,3.5935841067887977
2023-05-22 00:00:00+00:00,3.5935841067887977
2023-05-23 00:00:00+00:00,3.552208425754593
2023-05-24 00:00:00+00:00,3.552208425754593
2023-05-25 00:00:00+00:00,3.552208425754593
2023-05-26 00:00:00+00:00,3.552208425754593
2023-05-27 00:00:00+00:00,3.603193603844088
2023-05-28 00:00:00+00:00,3.603193603844088
2023-05-29 00:00:00+00:00,3.561933955159736
2023-05-30 00:00:00+00:00,3.561933955159736
2023-05-31 00:00:00+00:00,3.561933955159736
2023-06-01 00:00:00+00:00,3.561933955159736
2023-06-02 00:00:00+00:00,3.561933955159736
2023-06-03 00:00:00+00:00,3.561933955159736
2023-06-04 00:00:00+00:00,3.561933955159736
2023-06-05 00:00:00+00:00,3.5428809047501746
2023-06-06 00:00:00+00:00,3.5297877517810154
2023-06-07 00:00:00+00:00,3.5297877517810154
2023-06-08 00:00:00+00:00,3.5112333581580892
2023-06-09 00:00:00+00:00,3.5112333581580892
2023-06-10 00:00:00+00:00,3.472580784509765
2023-06-11 00:00:00+00:00,3.472580784509765
2023-06-12 00:00:00+00:00,3.472580784509765
2023-06-13 00:00:00+00:00,3.472580784509765
2023-06-14 00:00:00+00:00,3.472580784509765
2023-06-15 00:00:00+00:00,3.472580784509765
2023-06-16 00:00:00+00:00,3.4343038295086066
2023-06-17 00:00:00+00:00,3.4343038295086066
2023-06-18 00:00:00+00:00,3.4343038295086066
2023-06-19 00:00:00+00:00,3.4343038295086066
2023-06-20 00:00:00+00:00,3.4343038295086066
2023-06-21 00:00:00+00:00,3.4343038295086066
2023-06-22 00:00:00+00:00,3.5755120816229833
2023-06-23 00:00:00+00:00,3.5755120816229833
2023-06-24 00:00:00+00:00,3.5755120816229833
2023-06-25 00:00:00+00:00,3.5755120816229833
2023-06-26 00:00:00+00:00,3.5755120816229833
2023-06-27 00:00:00+00:00,3.536392356937818
2023-06-28 00:00:00+00:00,3.536392356937818
2023-06-29 00:00:00+00:00,3.536392356937818
2023-06-30 00:00:00+00:00,3.536392356937818
2023-07-01 00:00:00+00:00,3.536392356937818
2023-07-02 00:00:00+00:00,3.4974045684583266
2023-07-03 00:00:00+00:00,3.4974045684583266
2023-07-04 00:00:00+00:00,3.4974045684583266
2023-07-05 00:00:00+00:00,3.4974045684583266
2023-07-06 00:00:00+00:00,3.4974045684583266
2023-07-07 00:00:00+00:00,3.4974045684583266
2023-07-08 00:00:00+00:00,3.4974045684583266
2023-07-09 00:00:00+00:00,3.4974045684583266
2023-07-10 00:00:00+00:00,3.493321446848435
2023-07-11 00:00:00+00:00,3.493321446848435
2023-07-12 00:00:00+00:00,3.493321446848435
2023-07-13 00:00:00+00:00,3.493321446848435
2023-07-14 00:00:00+00:00,3.5722031941118355
2023-07-15 00:00:00+00:00,3.5179298337575884
2023-07-16 00:00:00+00:00,3.5179298337575884
2023-07-17 00:00:00+00:00,3.5179298337575884
2023-07-18 00:00:00+00:00,3.4787357965051795
2023-07-19 00:00:00+00:00,3.4787357965051795
2023-07-20 00:00:00+00:00,3.4787357965051795
2023-07-21 00:00:00+00:00,3.4787357965051795
2023-07-22 00:00:00+00:00,3.4787357965051795
2023-07-23 00:00:00+00:00,3.4787357965051795
2023-07-24 00:00:00+00:00,3.4787357965051795
2023-07-25 00:00:00+00:00,3.4604620151467103
2023-07-26 00:00:00+00:00,3.4604620151467103
2023-07-27 00:00:00+00:00,3.4604620151467103
2023-07-28 00:00:00+00:00,3.4604620151467103
2023-07-29 00:00:00+00:00,3.4604620151467103
2023-07-30 00:00:00+00:00,3.4604620151467103
2023-07-31 00:00:00+00:00,3.4604620151467103
2023-08-01 00:00:00+00:00,3.4188862881364717
2023-08-02 00:00:00+00:00,3.4188862881364717
2023-08-03 00:00:00+00:00,3.4188862881364717
2023-08-04 00:00:00+00:00,3.4188862881364717
2023-08-05 00:00:00+00:00,3.4188862881364717
2023-08-06 00:00:00+00:00,3.4188862881364717
2023-08-07 00:00:00+00:00,3.4188862881364717
2023-08-08 00:00:00+00:00,3.4188862881364717
2023-08-09 00:00:00+00:00,3.4188862881364717
2023-08-10 00:00:00+00:00,3.3754395649958853
2023-08-11 00:00:00+00:00,3.3754395649958853
2023-08-12 00:00:00+00:00,3.3754395649958853
2023-08-13 00:00:00+00:00,3.3754395649958853
2023-08-14 00:00:00+00:00,3.3754395649958853
2023-08-15 00:00:00+00:00,3.3754395649958853
2023-08-16 00:00:00+00:00,3.3539662014717626
2023-08-17 00:00:00+00:00,3.3539662014717626
2023-08-18 00:00:00+00:00,4.01617910274105
2023-08-19 00:00:00+00:00,4.01617910274105
2023-08-20 00:00:00+00:00,4.01617910274105
2023-08-21 00:00:00+00:00,4.01617910274105
2023-08-22 00:00:00+00:00,4.01617910274105
2023-08-23 00:00:00+00:00,4.012772172118625
2023-08-24 00:00:00+00:00,4.012772172118625
2023-08-25 00:00:00+00:00,4.012772172118625
2023-08-26 00:00:00+00:00,4.012772172118625
2023-08-27 00:00:00+00:00,4.012772172118625
2023-08-28 00:00:00+00:00,4.012772172118625
2023-08-29 00:00:00+00:00,4.012772172118625
2023-08-30 00:00:00+00:00,3.971647514876395
2023-08-31 00:00:00+00:00,3.971647514876395
2023-09-01 00:00:00+00:00,3.971647514876395
2023-09-02 00:00:00+00:00,3.9270441858058254
2023-09-03 00:00:00+00:00,3.9270441858058254
2023-09-04 00:00:00+00:00,3.9270441858058254
2023-09-05 00:00:00+00:00,3.9270441858058254
2023-09-06 00:00:00+00:00,3.9270441858058254
2023-09-07 00:00:00+00:00,3.9270441858058254
2023-09-08 00:00:00+00:00,3.9270441858058254
2023-09-09 00:00:00+00:00,3.9270441858058254
2023-09-10 00:00:00+00:00,3.9270441858058254
2023-09-11 00:00:00+00:00,3.9270441858058254
2023-09-12 00:00:00+00:00,3.981395070627357
2023-09-13 00:00:00+00:00,3.981395070627357
2023-09-14 00:00:00+00:00,3.981395070627357
2023-09-15 00:00:00+00:00,3.981395070627357
2023-09-16 00:00:00+00:00,3.981395070627357
2023-09-17 00:00:00+00:00,3.981395070627357
2023-09-18 00:00:00+00:00,3.981395070627357
2023-09-19 00:00:00+00:00,3.981395070627357
2023-09-20 00:00:00+00:00,3.981395070627357
2023-09-21 00:00:00+00:00,3.981395070627357
2023-09-22 00:00:00+00:00,3.981395070627357
2023-09-23 00:00:00+00:00,3.981395070627357
2023-09-24 00:00:00+00:00,3.981395070627357
2023-09-25 00:00:00+00:00,3.981395070627357
2023-09-26 00:00:00+00:00,3.981395070627357
2023-09-27 00:00:00+00:00,3.8995561997307533
2023-09-28 00:00:00+00:00,3.8995561997307533
2023-09-29 00:00:00+00:00,3.8995561997307533
2023-09-30 00:00:00+00:00,3.8995561997307533
2023-10-01 00:00:00+00:00,3.8995561997307533
2023-10-02 00:00:00+00:00,3.85575468025404
2023-10-03 00:00:00+00:00,3.85575468025404
2023-10-04 00:00:00+00:00,3.85575468025404
2023-10-05 00:00:00+00:00,3.85575468025404
2023-10-06 00:00:00+00:00,3.81233784938693
2023-10-07 00:00:00+00:00,3.81233784938693
2023-10-08 00:00:00+00:00,3.81233784938693
2023-10-09 00:00:00+00:00,3.81233784938693
2023-10-10 00:00:00+00:00,3.8174281565111
2023-10-11 00:00:00+00:00,3.8174281565111
2023-10-12 00:00:00+00:00,3.8174281565111
2023-10-13 00:00:00+00:00,3.774504258590601
2023-10-14 00:00:00+00:00,3.774504258590601
2023-10-15 00:00:00+00:00,3.774504258590601
2023-10-16 00:00:00+00:00,3.8422419081408146
2023-10-17 00:00:00+00:00,3.8422419081408146
2023-10-18 00:00:00+00:00,3.8422419081408146
2023-10-19 00:00:00+00:00,3.8422419081408146
2023-10-20 00:00:00+00:00,3.8009249093069624
2023-10-21 00:00:00+00:00,3.7579091874843007
2023-10-22 00:00:00+00:00,3.7579091874843007
2023-10-23 00:00:00+00:00,3.7579091874843007
2023-10-24 00:00:00+00:00,3.7579091874843007
2023-10-25 00:00:00+00:00,3.9629308941032884
2023-10-26 00:00:00+00:00,3.984710457937205
2023-10-27 00:00:00+00:00,3.984710457937205
2023-10-28 00:00:00+00:00,3.984710457937205
2023-10-29 00:00:00+00:00,3.984710457937205
2023-10-30 00:00:00+00:00,3.984710457937205
2023-10-31 00:00:00+00:00,3.984710457937205
2023-11-01 00:00:00+00:00,3.984710457937205
2023-11-02 00:00:00+00:00,3.940662541115229
2023-11-03 00:00:00+00:00,3.940662541115229
2023-11-04 00:00:00+00:00,3.940662541115229
2023-11-05 00:00:00+00:00,3.940662541115229
2023-11-06 00:00:00+00:00,3.940662541115229
2023-11-07 00:00:00+00:00,3.940662541115229
2023-11-08 00:00:00+00:00,4.10968691712307
2023-11-09 00:00:00+00:00,4.065103870539449
2023-11-10 00:00:00+00:00,4.065103870539449
2023-11-11 00:00:00+00:00,4.065103870539449
2023-11-12 00:00:00+00:00,4.065103870539449
2023-11-13 00:00:00+00:00,4.065103870539449
2023-11-14 00:00:00+00:00,4.065103870539449
2023-11-15 00:00:00+00:00,3.9771872266511914
2023-11-16 00:00:00+00:00,3.9771872266511914
2023-11-17 00:00:00+00:00,3.9771872266511914
2023-11-18 00:00:00+00:00,3.9771872266511914
2023-11-19 00:00:00+00:00,3.9771872266511914
2023-11-20 00:00:00+00:00,3.9771872266511914
2023-11-21 00:00:00+00:00,3.9771872266511914
2023-11-22 00:00:00+00:00,3.9603981704879008
2023-11-23 00:00:00+00:00,3.9603981704879008
2023-11-24 00:00:00+00:00,3.9603981704879008
2023-11-25 00:00:00+00:00,3.917143900390594
2023-11-26 00:00:00+00:00,3.917143900390594
2023-11-27 00:00:00+00:00,3.917143900390594
2023-11-28 00:00:00+00:00,3.8964382191926483
2023-11-29 00:00:00+00:00,3.8964382191926483
2023-11-30 00:00:00+00:00,3.8964382191926483
2023-12-01 00:00:00+00:00,3.8964382191926483
2023-12-02 00:00:00+00:00,3.8964382191926483
2023-12-03 00:00:00+00:00,3.8964382191926483
2023-12-04 00:00:00+00:00,3.9610621251745477
2023-12-05 00:00:00+00:00,3.9610621251745477
2023-12-06 00:00:00+00:00,3.9610621251745477
2023-12-07 00:00:00+00:00,3.9610621251745477
2023-12-08 00:00:00+00:00,4.011371068749071
2023-12-09 00:00:00+00:00,4.011371068749071
2023-12-10 00:00:00+00:00,4.011371068749071
2023-12-11 00:00:00+00:00,4.177680244045891
2023-12-12 00:00:00+00:00,4.316991466898345
2023-12-13 00:00:00+00:00,4.3127033952316625
2023-12-14 00:00:00+00:00,4.3127033952316625
2023-12-15 00:00:00+00:00,4.3127033952316625
2023-12-16 00:00:00+00:00,4.3127033952316625
2023-12-17 00:00:00+00:00,4.3127033952316625
2023-12-18 00:00:00+00:00,4.3127033952316625
2023-12-19 00:00:00+00:00,4.265754163399231
2023-12-20 00:00:00+00:00,4.265754163399231
2023-12-21 00:00:00+00:00,4.265754163399231
2023-12-22 00:00:00+00:00,4.265754163399231
2023-12-23 00:00:00+00:00,4.219610355674657
2023-12-24 00:00:00+00:00,4.197635128502275
2023-12-25 00:00:00+00:00,4.197635128502275
2023-12-26 00:00:00+00:00,4.197635128502275
2023-12-27 00:00:00+00:00,4.221526885891106
2023-12-28 00:00:00+00:00,4.234923649206012
2023-12-29 00:00:00+00:00,4.234923649206012
2023-12-30 00:00:00+00:00,4.212930018130423
2023-12-31 00:00:00+00:00,4.212930018130423
2024-01-01 00:00:00+00:00,4.212930018130423
2024-01-02 00:00:00+00:00,4.212930018130423
2024-01-03 00:00:00+00:00,4.212930018130423
2024-01-04 00:00:00+00:00,4.167705047018764
2024-01-05 00:00:00+00:00,4.167705047018764
2024-01-06 00:00:00+00:00,4.167705047018764
2024-01-07 00:00:00+00:00,4.167705047018764
2024-01-08 00:00:00+00:00,4.167705047018764
2024-01-09 00:00:00+00:00,4.122618622653615
2024-01-10 00:00:00+00:00,4.122618622653615
2024-01-11 00:00:00+00:00,4.122618622653615
2024-01-12 00:00:00+00:00,4.122618622653615
2024-01-13 00:00:00+00:00,4.10150102700676
2024-01-14 00:00:00+00:00,4.10150102700676
2024-01-15 00:00:00+00:00,4.10150102700676
2024-01-16 00:00:00+00:00,4.10150102700676
2024-01-17 00:00:00+00:00,4.10150102700676
2024-01-18 00:00:00+00:00,4.10150102700676
2024-01-19 00:00:00+00:00,4.10150102700676
2024-01-20 00:00:00+00:00,4.10150102700676
2024-01-21 00:00:00+00:00,4.10150102700676
2024-01-22 00:00:00+00:00,4.10150102700676
2024-01-23 00:00:00+00:00,4.10150102700676
2024-01-24 00:00:00+00:00,4.056989207353162
2024-01-25 00:00:00+00:00,4.056989207353162
2024-01-26 00:00:00+00:00,4.056989207353162
2024-01-27 00:00:00+00:00,4.056989207353162
2024-01-28 00:00:00+00:00,4.056989207353162
2024-01-29 00:00:00+00:00,4.056989207353162
2024-01-30 00:00:00+00:00,4.056989207353162
2024-01-31 00:00:00+00:00,4.056989207353162
2024-02-01 00:00:00+00:00,4.056989207353162
2024-02-02 00:00:00+00:00,4.056989207353162
2024-02-03 00:00:00+00:00,4.056989207353162
2024-02-04 00:00:00+00:00,4.056989207353162
2024-02-05 00:00:00+00:00,4.056989207353162
2024-02-06 00:00:00+00:00,4.056989207353162
2024-02-07 00:00:00+00:00,4.056989207353162
2024-02-08 00:00:00+00:00,4.056989207353162
2024-02-09 00:00:00+00:00,4.056989207353162
2024-02-10 00:00:00+00:00,4.056989207353162
2024-02-11 00:00:00+00:00,4.056989207353162
2024-02-12 00:00:00+00:00,4.056989207353162
2024-02-13 00:00:00+00:00,4.329007895428723
2024-02-14 00:00:00+00:00,4.329007895428723
2024-02-15 00:00:00+00:00,4.329007895428723
2024-02-16 00:00:00+00:00,4.329007895428723
2024-02-17 00:00:00+00:00,4.329007895428723
2024-02-18 00:00:00+00:00,4.329007895428723
2024-02-19 00:00:00+00:00,4.329007895428723
2024-02-20 00:00:00+00:00,4.336924927235197
2024-02-21 00:00:00+00:00,4.336924927235197
2024-02-22 00:00:00+00:00,4.336924927235197
2024-02-23 00:00:00+00:00,4.336924927235197
2024-02-24 00:00:00+00:00,4.336924927235197
2024-02-25 00:00:00+00:00,4.336924927235197
2024-02-26 00:00:00+00:00,4.336924927235197
2024-02-27 00:00:00+00:00,4.336924927235197
2024-02-28 00:00:00+00:00,4.419727867123206
2024-02-29 00:00:00+00:00,4.404771988487397
2024-03-01 00:00:00+00:00,4.404771988487397
2024-03-02 00:00:00+00:00,4.544703432270181
2024-03-03 00:00:00+00:00,4.544703432270181
2024-03-04 00:00:00+00:00,4.521238673275575
2024-03-05 00:00:00+00:00,4.472813336197264
2024-03-06 00:00:00+00:00,4.537716426414418
2024-03-07 00:00:00+00:00,4.537716426414418
2024-03-08 00:00:00+00:00,4.537716426414418
2024-03-09 00:00:00+00:00,4.537716426414418
2024-03-10 00:00:00+00:00,4.537716426414418
2024-03-11 00:00:00+00:00,4.537716426414418
2024-03-12 00:00:00+00:00,4.537716426414418
2024-03-13 00:00:00+00:00,4.537716426414418
2024-03-14 00:00:00+00:00,4.537716426414418
2024-03-15 00:00:00+00:00,4.648791243260653
2024-03-16 00:00:00+00:00,4.648791243260653
2024-03-17 00:00:00+00:00,4.648791243260653
2024-03-18 00:00:00+00:00,4.648791243260653
2024-03-19 00:00:00+00:00,4.648791243260653
2024-03-20 00:00:00+00:00,4.648791243260653
2024-03-21 00:00:00+00:00,4.648791243260653
2024-03-22 00:00:00+00:00,4.648791243260653
2024-03-23 00:00:00+00:00,4.648791243260653
2024-03-24 00:00:00+00:00,4.648791243260653
2024-03-25 00:00:00+00:00,4.648791243260653
2024-03-26 00:00:00+00:00,4.648791243260653
2024-03-27 00:00:00+00:00,4.648791243260653
2024-03-28 00:00:00+00:00,4.648791243260653
2024-03-29 00:00:00+00:00,4.648791243260653
2024-03-30 00:00:00+00:00,4.648791243260653
2024-03-31 00:00:00+00:00,4.648791243260653
2024-04-01 00:00:00+00:00,4.648791243260653
2024-04-02 00:00:00+00:00,4.648791243260653
2024-04-03 00:00:00+00:00,4.707266532491831
2024-04-04 00:00:00+00:00,4.690943656907807
2024-04-05 00:00:00+00:00,4.690943656907807
2024-04-06 00:00:00+00:00,4.690943656907807
2024-04-07 00:00:00+00:00,4.690943656907807
2024-04-08 00:00:00+00:00,4.690943656907807
2024-04-09 00:00:00+00:00,4.640152607922108
2024-04-10 00:00:00+00:00,4.640152607922108
2024-04-11 00:00:00+00:00,4.640152607922108
2024-04-12 00:00:00+00:00,4.640152607922108
2024-04-13 00:00:00+00:00,4.591131257514343
2024-04-14 00:00:00+00:00,4.591131257514343
2024-04-15 00:00:00+00:00,4.591131257514343
2024-04-16 00:00:00+00:00,4.591131257514343
2024-04-17 00:00:00+00:00,4.591131257514343
2024-04-18 00:00:00+00:00,4.591131257514343
2024-04-19 00:00:00+00:00,4.591131257514343
2024-04-20 00:00:00+00:00,4.591131257514343
2024-04-21 00:00:00+00:00,4.591131257514343
2024-04-22 00:00:00+00:00,4.591131257514343
2024-04-23 00:00:00+00:00,4.591131257514343
2024-04-24 00:00:00+00:00,4.591131257514343
2024-04-25 00:00:00+00:00,4.591131257514343
2024-04-26 00:00:00+00:00,4.591131257514343
2024-04-27 00:00:00+00:00,4.591131257514343
2024-04-28 00:00:00+00:00,4.591131257514343
2024-04-29 00:00:00+00:00,4.591131257514343
2024-04-30 00:00:00+00:00,4.591131257514343
2024-05-01 00:00:00+00:00,4.60473571930887
2024-05-02 00:00:00+00:00,4.60473571930887
2024-05-03 00:00:00+00:00,4.60473571930887
2024-05-04 00:00:00+00:00,4.60473571930887
2024-05-05 00:00:00+00:00,4.60473571930887
2024-05-06 00:00:00+00:00,4.60473571930887
2024-05-07 00:00:00+00:00,4.60473571930887
2024-05-08 00:00:00+00:00,4.60473571930887
2024-05-09 00:00:00+00:00,4.60473571930887
2024-05-10 00:00:00+00:00,4.60473571930887
2024-05-11 00:00:00+00:00,4.60473571930887
2024-05-12 00:00:00+00:00,4.60473571930887
2024-05-13 00:00:00+00:00,4.55309843027659
2024-05-14 00:00:00+00:00,4.55309843027659
2024-05-15 00:00:00+00:00,4.55309843027659
2024-05-16 00:00:00+00:00,4.502850231328212
2024-05-17 00:00:00+00:00,4.502850231328212
2024-05-18 00:00:00+00:00,4.502850231328212
2024-05-19 00:00:00+00:00,4.502850231328212
2024-05-20 00:00:00+00:00,4.502850231328212
2024-05-21 00:00:00+00:00,4.502850231328212
2024-05-22 00:00:00+00:00,4.676108428487507
2024-05-23 00:00:00+00:00,4.676108428487507
2024-05-24 00:00:00+00:00,4.676108428487507
2024-05-25 00:00:00+00:00,4.676108428487507
2024-05-26 00:00:00+00:00,4.676108428487507
2024-05-27 00:00:00+00:00,4.676108428487507
2024-05-28 00:00:00+00:00,4.676108428487507
2024-05-29 00:00:00+00:00,4.676108428487507
2024-05-30 00:00:00+00:00,4.676108428487507
2024-05-31 00:00:00+00:00,4.676108428487507
2024-06-01 00:00:00+00:00,4.676108428487507
2024-06-02 00:00:00+00:00,4.676108428487507
2024-06-03 00:00:00+00:00,4.676108428487507
2024-06-04 00:00:00+00:00,4.676108428487507
2024-06-05 00:00:00+00:00,4.676108428487507
2024-06-06 00:00:00+00:00,4.676108428487507
2024-06-07 00:00:00+00:00,4.676108428487507
2024-06-08 00:00:00+00:00,4.577318878313349
2024-06-09 00:00:00+00:00,4.577318878313349
2024-06-10 00:00:00+00:00,4.577318878313349
2024-06-11 00:00:00+00:00,4.577318878313349
2024-06-12 00:00:00+00:00,4.577318878313349
2024-06-13 00:00:00+00:00,4.577318878313349
2024-06-14 00:00:00+00:00,4.577318878313349
2024-06-15 00:00:00+00:00,4.527959309243085
2024-06-16 00:00:00+00:00,4.527959309243085
2024-06-17 00:00:00+00:00,4.527959309243085
2024-06-18 00:00:00+00:00,4.527959309243085
2024-06-19 00:00:00+00:00,4.527959309243085
2024-06-20 00:00:00+00:00,4.527959309243085
2024-06-21 00:00:00+00:00,4.527959309243085
2024-06-22 00:00:00+00:00,4.527959309243085
2024-06-23 00:00:00+00:00,4.527959309243085
2024-06-24 00:00:00+00:00,4.527959309243085
2024-06-25 00:00:00+00:00,4.527959309243085
2024-06-26 00:00:00+00:00,4.527959309243085
2024-06-27 00:00:00+00:00,4.527959309243085
2024-06-28 00:00:00+00:00,4.527959309243085
2024-06-29 00:00:00+00:00,4.527959309243085
2024-06-30 00:00:00+00:00,4.527959309243085
2024-07-01 00:00:00+00:00,4.527959309243085
2024-07-02 00:00:00+00:00,4.527959309243085
2024-07-03 00:00:00+00:00,4.527959309243085
2024-07-04 00:00:00+00:00,4.527959309243085
2024-07-05 00:00:00+00:00,4.949371316190895
2024-07-06 00:00:00+00:00,4.949371316190895
2024-07-07 00:00:00+00:00,4.949371316190895
2024-07-08 00:00:00+00:00,4.949371316190895
2024-07-09 00:00:00+00:00,4.949371316190895
2024-07-10 00:00:00+00:00,4.949371316190895
2024-07-11 00:00:00+00:00,4.949371316190895
2024-07-12 00:00:00+00:00,4.949371316190895
2024-07-13 00:00:00+00:00,4.949371316190895
2024-07-14 00:00:00+00:00,4.949371316190895
2024-07-15 00:00:00+00:00,4.949371316190895
2024-07-16 00:00:00+00:00,4.949371316190895
2024-07-17 00:00:00+00:00,4.949371316190895
2024-07-18 00:00:00+00:00,4.949371316190895
2024-07-19 00:00:00+00:00,4.949371316190895
2024-07-20 00:00:00+00:00,4.949371316190895
2024-07-21 00:00:00+00:00,4.8942513951665525
2024-07-22 00:00:00+00:00,4.8942513951665525
2024-07-23 00:00:00+00:00,4.8942513951665525
2024-07-24 00:00:00+00:00,4.8942513951665525
2024-07-25 00:00:00+00:00,4.8942513951665525
2024-07-26 00:00:00+00:00,4.8984759887873395
2024-07-27 00:00:00+00:00,4.8984759887873395
2024-07-28 00:00:00+00:00,4.8984759887873395
2024-07-29 00:00:00+00:00,4.8984759887873395
2024-07-30 00:00:00+00:00,4.8984759887873395
2024-07-31 00:00:00+00:00,4.8984759887873395
2024-08-01 00:00:00+00:00,4.8984759887873395
2024-08-02 00:00:00+00:00,4.8984759887873395
2024-08-03 00:00:00+00:00,4.8984759887873395
2024-08-04 00:00:00+00:00,4.8984759887873395
2024-08-05 00:00:00+00:00,5.431985952321002
2024-08-06 00:00:00+00:00,5.431985952321002
2024-08-07 00:00:00+00:00,5.431985952321002
2024-08-08 00:00:00+00:00,5.431985952321002
2024-08-09 00:00:00+00:00,5.431985952321002
2024-08-10 00:00:00+00:00,5.431985952321002
2024-08-11 00:00:00+00:00,5.431985952321002
2024-08-12 00:00:00+00:00,5.431985952321002
2024-08-13 00:00:00+00:00,5.431985952321002
2024-08-14 00:00:00+00:00,5.431985952321002
2024-08-15 00:00:00+00:00,5.431985952321002
2024-08-16 00:00:00+00:00,5.431985952321002
2024-08-17 00:00:00+00:00,5.403212202674547
2024-08-18 00:00:00+00:00,5.403212202674547
2024-08-19 00:00:00+00:00,5.403212202674547
2024-08-20 00:00:00+00:00,5.403212202674547
2024-08-21 00:00:00+00:00,5.403212202674547
2024-08-22 00:00:00+00:00,5.403212202674547
2024-08-23 00:00:00+00:00,5.403212202674547
2024-08-24 00:00:00+00:00,5.403212202674547
2024-08-25 00:00:00+00:00,5.403212202674547
2024-08-26 00:00:00+00:00,5.346151764193665
2024-08-27 00:00:00+00:00,5.346151764193665
2024-08-28 00:00:00+00:00,5.289091290116062
2024-08-29 00:00:00+00:00,5.289091290116062
2024-08-30 00:00:00+00:00,5.289091290116062
2024-08-31 00:00:00+00:00,5.289091290116062
2024-09-01 00:00:00+00:00,5.289091290116062
2024-09-02 00:00:00+00:00,5.289091290116062
2024-09-03 00:00:00+00:00,5.289091290116062
2024-09-04 00:00:00+00:00,5.289091290116062
2024-09-05 00:00:00+00:00,5.261695350088612
2024-09-06 00:00:00+00:00,5.261695350088612
2024-09-07 00:00:00+00:00,5.2293691637005155
2024-09-08 00:00:00+00:00,5.2293691637005155
2024-09-09 00:00:00+00:00,5.2293691637005155
2024-09-10 00:00:00+00:00,5.2293691637005155
2024-09-11 00:00:00+00:00,5.2293691637005155
2024-09-12 00:00:00+00:00,5.2293691637005155
2024-09-13 00:00:00+00:00,5.2293691637005155
2024-09-14 00:00:00+00:00,5.2293691637005155
2024-09-15 00:00:00+00:00,5.2293691637005155
2024-09-16 00:00:00+00:00,5.2293691637005155
2024-09-17 00:00:00+00:00,5.2293691637005155
2024-09-18 00:00:00+00:00,5.2293691637005155
2024-09-19 00:00:00+00:00,5.2293691637005155
2024-09-20 00:00:00+00:00,5.2293691637005155
2024-09-21 00:00:00+00:00,5.2293691637005155
2024-09-22 00:00:00+00:00,5.2293691637005155
2024-09-23 00:00:00+00:00,5.2293691637005155
2024-09-24 00:00:00+00:00,5.2293691637005155
2024-09-25 00:00:00+00:00,5.2293691637005155
2024-09-26 00:00:00+00:00,5.2293691637005155
2024-09-27 00:00:00+00:00,5.2293691637005155
2024-09-28 00:00:00+00:00,5.2293691637005155
2024-09-29 00:00:00+00:00,5.2293691637005155
2024-09-30 00:00:00+00:00,5.2293691637005155
2024-10-01 00:00:00+00:00,5.279660542795624
2024-10-02 00:00:00+00:00,5.359063879414253
2024-10-03 00:00:00+00:00,5.359063879414253
2024-10-04 00:00:00+00:00,5.486439698757933
2024-10-05 00:00:00+00:00,5.486439698757933
2024-10-06 00:00:00+00:00,5.486439698757933
2024-10-07 00:00:00+00:00,5.486439698757933
2024-10-08 00:00:00+00:00,5.486439698757933
2024-10-09 00:00:00+00:00,5.486439698757933
2024-10-10 00:00:00+00:00,5.486439698757933
2024-10-11 00:00:00+00:00,5.486439698757933
2024-10-12 00:00:00+00:00,5.486439698757933
2024-10-13 00:00:00+00:00,5.486439698757933
2024-10-14 00:00:00+00:00,5.486439698757933
2024-10-15 00:00:00+00:00,5.560702249934649
2024-10-16 00:00:00+00:00,5.532222682520895
2024-10-17 00:00:00+00:00,5.532222682520895
2024-10-18 00:00:00+00:00,5.532222682520895
2024-10-19 00:00:00+00:00,5.532222682520895
2024-10-20 00:00:00+00:00,5.532222682520895
2024-10-21 00:00:00+00:00,5.496475920279064
2024-10-22 00:00:00+00:00,5.496475920279064
2024-10-23 00:00:00+00:00,5.479916495088086
2024-10-24 00:00:00+00:00,5.479916495088086
2024-10-25 00:00:00+00:00,5.479916495088086
2024-10-26 00:00:00+00:00,5.4487262699084855
2024-10-27 00:00:00+00:00,5.3899441672972195
2024-10-28 00:00:00+00:00,5.3899441672972195
2024-10-29 00:00:00+00:00,5.3899441672972195
2024-10-30 00:00:00+00:00,5.3899441672972195
2024-10-31 00:00:00+00:00,5.361979617453182
2024-11-01 00:00:00+00:00,5.305688789020152
2024-11-02 00:00:00+00:00,5.277512463504274
2024-11-03 00:00:00+00:00,5.277512463504274
2024-11-04 00:00:00+00:00,5.300384199207904
2024-11-05 00:00:00+00:00,5.300384199207904
2024-11-06 00:00:00+00:00,5.300384199207904
2024-11-07 00:00:00+00:00,5.300384199207904
2024-11-08 00:00:00+00:00,5.339652693588177
2024-11-09 00:00:00+00:00,5.339652693588177
2024-11-10 00:00:00+00:00,5.339652693588177
2024-11-11 00:00:00+00:00,5.848175196986209
2024-11-12 00:00:00+00:00,5.786067195354243
2024-11-13 00:00:00+00:00,5.786067195354243
2024-11-14 00:00:00+00:00,6.081723124464208
2024-11-15 00:00:00+00:00,6.1962184270379135
2024-11-16 00:00:00+00:00,6.1962184270379135
2024-11-17 00:00:00+00:00,6.1962184270379135
2024-11-18 00:00:00+00:00,6.1962184270379135
2024-11-19 00:00:00+00:00,6.1962184270379135
2024-11-20 00:00:00+00:00,6.1962184270379135
2024-11-21 00:00:00+00:00,6.1962184270379135
2024-11-22 00:00:00+00:00,6.1962184270379135
2024-11-23 00:00:00+00:00,6.1962184270379135
2024-11-24 00:00:00+00:00,6.209950338559623
2024-11-25 00:00:00+00:00,6.209950338559623
2024-11-26 00:00:00+00:00,6.318464616374701
2024-11-27 00:00:00+00:00,6.28581229575937
2024-11-28 00:00:00+00:00,6.28581229575937
2024-11-29 00:00:00+00:00,6.28581229575937
2024-11-30 00:00:00+00:00,6.28581229575937
2024-12-01 00:00:00+00:00,6.28581229575937
2024-12-02 00:00:00+00:00,6.28581229575937
2024-12-03 00:00:00+00:00,6.270511557721046
2024-12-04 00:00:00+00:00,6.2035884025480845
2024-12-05 00:00:00+00:00,6.830641570440513
2024-12-06 00:00:00+00:00,6.890922485647439
2024-12-07 00:00:00+00:00,6.890922485647439
2024-12-08 00:00:00+00:00,6.890922485647439
2024-12-09 00:00:00+00:00,6.890922485647439
2024-12-10 00:00:00+00:00,6.890922485647439
2024-12-11 00:00:00+00:00,6.890922485647439
2024-12-12 00:00:00+00:00,6.890922485647439
2024-12-13 00:00:00+00:00,6.890922485647439
2024-12-14 00:00:00+00:00,6.890922485647439
2024-12-15 00:00:00+00:00,6.890922485647439
2024-12-16 00:00:00+00:00,6.890922485647439
2024-12-17 00:00:00+00:00,6.8170434467168874
2024-12-18 00:00:00+00:00,6.8170434467168874
2024-12-19 00:00:00+00:00,6.78145254627595
2024-12-20 00:00:00+00:00,6.8385999530829285
2024-12-21 00:00:00+00:00,6.8385999530829285
2024-12-22 00:00:00+00:00,6.8385999530829285
2024-12-23 00:00:00+00:00,6.8385999530829285
2024-12-24 00:00:00+00:00,6.8385999530829285
2024-12-25 00:00:00+00:00,6.8385999530829285
2024-12-26 00:00:00+00:00,6.8385999530829285
2024-12-27 00:00:00+00:00,6.8385999530829285
2024-12-28 00:00:00+00:00,6.8385999530829285
2024-12-29 00:00:00+00:00,6.8385999530829285
2024-12-30 00:00:00+00:00,6.8385999530829285
2024-12-31 00:00:00+00:00,6.8385999530829285
2025-01-01 00:00:00+00:00,6.8385999530829285
2025-01-02 00:00:00+00:00,6.8385999530829285
2025-01-03 00:00:00+00:00,6.8385999530829285
2025-01-04 00:00:00+00:00,6.8385999530829285
2025-01-05 00:00:00+00:00,6.8385999530829285
2025-01-06 00:00:00+00:00,6.8385999530829285
2025-01-07 00:00:00+00:00,6.882885057870714
2025-01-08 00:00:00+00:00,6.882885057870714
2025-01-09 00:00:00+00:00,6.882885057870714
2025-01-10 00:00:00+00:00,7.042952464431517
2025-01-11 00:00:00+00:00,7.042952464431517
2025-01-12 00:00:00+00:00,7.042952464431517
2025-01-13 00:00:00+00:00,7.042952464431517
2025-01-14 00:00:00+00:00,7.012031934032402
2025-01-15 00:00:00+00:00,7.012031934032402
2025-01-16 00:00:00+00:00,7.012031934032402
2025-01-17 00:00:00+00:00,7.012031934032402
2025-01-18 00:00:00+00:00,7.012031934032402
2025-01-19 00:00:00+00:00,6.938300091686697
2025-01-20 00:00:00+00:00,6.938300091686697
2025-01-21 00:00:00+00:00,6.938300091686697
2025-01-22 00:00:00+00:00,6.938300091686697
2025-01-23 00:00:00+00:00,6.938300091686697
2025-01-24 00:00:00+00:00,6.938300091686697
2025-01-25 00:00:00+00:00,6.938300091686697
2025-01-26 00:00:00+00:00,6.938300091686697
2025-01-27 00:00:00+00:00,6.938300091686697
2025-01-28 00:00:00+00:00,6.938300091686697
2025-01-29 00:00:00+00:00,6.938300091686697
2025-01-30 00:00:00+00:00,6.938300091686697
2025-01-31 00:00:00+00:00,6.938300091686697
2025-02-01 00:00:00+00:00,6.938300091686697
2025-02-02 00:00:00+00:00,6.902720924012342
2025-02-03 00:00:00+00:00,7.453984704329885
2025-02-04 00:00:00+00:00,7.453984704329885
2025-02-05 00:00:00+00:00,7.453984704329885
2025-02-06 00:00:00+00:00,7.453984704329885
2025-02-07 00:00:00+00:00,7.453984704329885
2025-02-08 00:00:00+00:00,7.453984704329885
2025-02-09 00:00:00+00:00,7.453984704329885
2025-02-10 00:00:00+00:00,7.453984704329885
2025-02-11 00:00:00+00:00,7.453984704329885
2025-02-12 00:00:00+00:00,7.453984704329885
2025-02-13 00:00:00+00:00,7.453984704329885
2025-02-14 00:00:00+00:00,7.453984704329885
2025-02-15 00:00:00+00:00,7.453984704329885
2025-02-16 00:00:00+00:00,7.453984704329885
2025-02-17 00:00:00+00:00,7.453984704329885
2025-02-18 00:00:00+00:00,7.453984704329885
2025-02-19 00:00:00+00:00,7.453984704329885
2025-02-20 00:00:00+00:00,7.453984704329885
2025-02-21 00:00:00+00:00,7.453984704329885
2025-02-22 00:00:00+00:00,7.453984704329885
2025-02-23 00:00:00+00:00,7.453984704329885
2025-02-24 00:00:00+00:00,7.453984704329885
2025-02-25 00:00:00+00:00,7.453984704329885
2025-02-26 00:00:00+00:00,7.479317633970477
2025-02-27 00:00:00+00:00,7.479317633970477
2025-02-28 00:00:00+00:00,7.479317633970477
2025-03-01 00:00:00+00:00,7.479317633970477
2025-03-02 00:00:00+00:00,7.479317633970477
2025-03-03 00:00:00+00:00,7.401374533181334
2025-03-04 00:00:00+00:00,7.248728028709002
2025-03-05 00:00:00+00:00,7.248728028709002
2025-03-06 00:00:00+00:00,7.248728028709002
2025-03-07 00:00:00+00:00,7.248728028709002
2025-03-08 00:00:00+00:00,7.248728028709002
2025-03-09 00:00:00+00:00,7.248728028709002
2025-03-10 00:00:00+00:00,7.248728028709002
2025-03-11 00:00:00+00:00,7.1736206980996915
2025-03-12 00:00:00+00:00,7.1736206980996915
2025-03-13 00:00:00+00:00,7.1736206980996915
2025-03-14 00:00:00+00:00,7.1736206980996915
2025-03-15 00:00:00+00:00,7.1736206980996915
2025-03-16 00:00:00+00:00,7.1736206980996915
2025-03-17 00:00:00+00:00,7.1736206980996915
2025-03-18 00:00:00+00:00,7.1736206980996915
2025-03-19 00:00:00+00:00,7.1736206980996915
2025-03-20 00:00:00+00:00,7.0957104382276235
2025-03-21 00:00:00+00:00,7.0957104382276235
2025-03-22 00:00:00+00:00,7.0957104382276235
2025-03-23 00:00:00+00:00,7.0957104382276235
2025-03-24 00:00:00+00:00,7.0957104382276235
2025-03-25 00:00:00+00:00,7.0957104382276235
2025-03-26 00:00:00+00:00,7.016055562526665
2025-03-27 00:00:00+00:00,7.016055562526665
2025-03-28 00:00:00+00:00,7.016055562526665
2025-03-29 00:00:00+00:00,7.016055562526665
2025-03-30 00:00:00+00:00,6.94134102215909
2025-03-31 00:00:00+00:00,6.94134102215909
2025-04-01 00:00:00+00:00,7.0061551794402765
2025-04-02 00:00:00+00:00,6.9311278335913915
2025-04-03 00:00:00+00:00,6.9311278335913915
2025-04-04 00:00:00+00:00,6.9311278335913915
2025-04-05 00:00:00+00:00,6.9311278335913915
2025-04-06 00:00:00+00:00,6.9311278335913915
2025-04-07 00:00:00+00:00,7.091935308982631
2025-04-08 00:00:00+00:00,7.091935308982631
2025-04-09 00:00:00+00:00,7.091935308982631
2025-04-10 00:00:00+00:00,7.091935308982631
2025-04-11 00:00:00+00:00,7.091935308982631
2025-04-12 00:00:00+00:00,7.091935308982631
2025-04-13 00:00:00+00:00,7.091935308982631
2025-04-14 00:00:00+00:00,7.091935308982631
2025-04-15 00:00:00+00:00,7.091935308982631
2025-04-16 00:00:00+00:00,7.091935308982631
2025-04-17 00:00:00+00:00,7.091935308982631
2025-04-18 00:00:00+00:00,7.091935308982631
2025-04-19 00:00:00+00:00,7.091935308982631
2025-04-20 00:00:00+00:00,7.091935308982631
2025-04-21 00:00:00+00:00,7.091935308982631
2025-04-22 00:00:00+00:00,7.091935308982631
2025-04-23 00:00:00+00:00,7.091935308982631
2025-04-24 00:00:00+00:00,7.091935308982631
2025-04-25 00:00:00+00:00,7.091935308982631
2025-04-26 00:00:00+00:00,7.091935308982631
2025-04-27 00:00:00+00:00,7.091935308982631
2025-04-28 00:00:00+00:00,7.091935308982631
2025-04-29 00:00:00+00:00,7.091935308982631
2025-04-30 00:00:00+00:00,7.091935308982631
2025-05-01 00:00:00+00:00,7.091935308982631
2025-05-02 00:00:00+00:00,7.091935308982631
2025-05-03 00:00:00+00:00,7.091935308982631
2025-05-04 00:00:00+00:00,7.091935308982631
2025-05-05 00:00:00+00:00,7.091935308982631
2025-05-06 00:00:00+00:00,7.091935308982631
2025-05-07 00:00:00+00:00,7.091935308982631
2025-05-08 00:00:00+00:00,7.091935308982631
2025-05-09 00:00:00+00:00,7.091935308982631
2025-05-10 00:00:00+00:00,7.091935308982631
2025-05-11 00:00:00+00:00,7.091935308982631
2025-05-12 00:00:00+00:00,7.091935308982631
2025-05-13 00:00:00+00:00,7.23520049506215
2025-05-14 00:00:00+00:00,7.23520049506215
2025-05-15 00:00:00+00:00,7.23520049506215
2025-05-16 00:00:00+00:00,7.23520049506215
2025-05-17 00:00:00+00:00,7.23520049506215
2025-05-18 00:00:00+00:00,7.23520049506215
2025-05-19 00:00:00+00:00,7.23520049506215
2025-05-20 00:00:00+00:00,7.23520049506215
2025-05-21 00:00:00+00:00,7.23520049506215
2025-05-22 00:00:00+00:00,7.23520049506215
2025-05-23 00:00:00+00:00,7.23520049506215
2025-05-24 00:00:00+00:00,7.196507573826249
2025-05-25 00:00:00+00:00,7.196507573826249
2025-05-26 00:00:00+00:00,7.196507573826249
2025-05-27 00:00:00+00:00,7.196507573826249
2025-05-28 00:00:00+00:00,7.34962627128379
2025-05-29 00:00:00+00:00,7.34962627128379
2025-05-30 00:00:00+00:00,7.658825928001284
2025-05-31 00:00:00+00:00,7.658825928001284
2025-06-01 00:00:00+00:00,7.658825928001284
2025-06-02 00:00:00+00:00,7.658825928001284
2025-06-03 00:00:00+00:00,7.658825928001284
2025-06-04 00:00:00+00:00,7.658825928001284
2025-06-05 00:00:00+00:00,7.576211673474678
2025-06-06 00:00:00+00:00,7.495660744654964
2025-06-07 00:00:00+00:00,7.495660744654964
2025-06-08 00:00:00+00:00,7.495660744654964
2025-06-09 00:00:00+00:00,7.495660744654964
2025-06-10 00:00:00+00:00,7.415190259315369
2025-06-11 00:00:00+00:00,7.415190259315369
2025-06-12 00:00:00+00:00,7.374169680019813
2025-06-13 00:00:00+00:00,7.336123045838969
2025-06-14 00:00:00+00:00,7.336123045838969
2025-06-15 00:00:00+00:00,7.336123045838969
2025-06-16 00:00:00+00:00,7.257010592785742
2025-06-17 00:00:00+00:00,7.257010592785742
2025-06-18 00:00:00+00:00,7.257010592785742
2025-06-19 00:00:00+00:00,7.257010592785742
2025-06-20 00:00:00+00:00,7.257010592785742
2025-06-21 00:00:00+00:00,7.257010592785742
2025-06-22 00:00:00+00:00,7.257010592785742
2025-06-23 00:00:00+00:00,7.486128510466672
2025-06-24 00:00:00+00:00,7.486128510466672
2025-06-25 00:00:00+00:00,7.486128510466672
2025-06-26 00:00:00+00:00,7.486128510466672
2025-06-27 00:00:00+00:00,7.486128510466672
2025-06-28 00:00:00+00:00,7.486128510466672
2025-06-29 00:00:00+00:00,7.486128510466672
2025-06-30 00:00:00+00:00,7.486128510466672
2025-07-01 00:00:00+00:00,7.486128510466672
2025-07-02 00:00:00+00:00,7.486128510466672
2025-07-03 00:00:00+00:00,7.405241490302487
2025-07-04 00:00:00+00:00,7.405241490302487
2025-07-05 00:00:00+00:00,7.405241490302487
2025-07-06 00:00:00+00:00,7.405241490302487
2025-07-07 00:00:00+00:00,7.405241490302487
2025-07-08 00:00:00+00:00,7.405241490302487
2025-07-09 00:00:00+00:00,7.405241490302487
2025-07-10 00:00:00+00:00,7.405241490302487
2025-07-11 00:00:00+00:00,7.954430181865562
2025-07-12 00:00:00+00:00,7.954430181865562
2025-07-13 00:00:00+00:00,7.954430181865562
2025-07-14 00:00:00+00:00,7.954430181865562
2025-07-15 00:00:00+00:00,7.954430181865562
2025-07-16 00:00:00+00:00,7.954430181865562
2025-07-17 00:00:00+00:00,7.954430181865562
2025-07-18 00:00:00+00:00,7.954430181865562
2025-07-19 00:00:00+00:00,8.283188648542648
2025-07-20 00:00:00+00:00,8.283188648542648
2025-07-21 00:00:00+00:00,8.283188648542648
2025-07-22 00:00:00+00:00,8.283188648542648
2025-07-23 00:00:00+00:00,8.283188648542648
2025-07-24 00:00:00+00:00,8.283188648542648
2025-07-25 00:00:00+00:00,8.283188648542648
2025-07-26 00:00:00+00:00,8.23810926716756
2025-07-27 00:00:00+00:00,8.23810926716756
2025-07-28 00:00:00+00:00,8.23810926716756
2025-07-29 00:00:00+00:00,8.23810926716756
2025-07-30 00:00:00+00:00,8.23810926716756
2025-07-31 00:00:00+00:00,8.194313830306442
2025-08-01 00:00:00+00:00,8.194313830306442
2025-08-02 00:00:00+00:00,8.26067971324121
2025-08-03 00:00:00+00:00,8.26067971324121
2025-08-04 00:00:00+00:00,8.26067971324121
2025-08-05 00:00:00+00:00,8.26067971324121
2025-08-06 00:00:00+00:00,8.26067971324121
2025-08-07 00:00:00+00:00,8.26067971324121
2025-08-08 00:00:00+00:00,8.26067971324121
2025-08-09 00:00:00+00:00,8.26067971324121
2025-08-10 00:00:00+00:00,8.26067971324121
2025-08-11 00:00:00+00:00,8.26067971324121
2025-08-12 00:00:00+00:00,8.26067971324121
2025-08-13 00:00:00+00:00,8.26067971324121
2025-08-14 00:00:00+00:00,9.114329977884571
2025-08-15 00:00:00+00:00,9.173002597662318
2025-08-16 00:00:00+00:00,9.14942483799624
2025-08-17 00:00:00+00:00,9.189805955983049
2025-08-18 00:00:00+00:00,9.189805955983049
2025-08-19 00:00:00+00:00,9.189805955983049
2025-08-20 00:00:00+00:00,9.195337176095833
2025-08-21 00:00:00+00:00,9.195337176095833
2025-08-22 00:00:00+00:00,9.195337176095833
2025-08-23 00:00:00+00:00,9.195337176095833
2025-08-24 00:00:00+00:00,9.195337176095833
2025-08-25 00:00:00+00:00,9.230612707625944
2025-08-26 00:00:00+00:00,9.087603798750887
2025-08-27 00:00:00+00:00,9.087603798750887
2025-08-28 00:00:00+00:00,9.087603798750887
2025-08-29 00:00:00+00:00,9.087603798750887
2025-08-30 00:00:00+00:00,9.087603798750887
2025-08-31 00:00:00+00:00,9.087603798750887
2025-09-01 00:00:00+00:00,9.087603798750887
2025-09-02 00:00:00+00:00,9.087603798750887
2025-09-03 00:00:00+00:00,9.087603798750887
2025-09-04 00:00:00+00:00,9.087603798750887
2025-09-05 00:00:00+00:00,9.087603798750887
2025-09-06 00:00:00+00:00,9.087603798750887
2025-09-07 00:00:00+00:00,9.087603798750887
2025-09-08 00:00:00+00:00,9.087603798750887
2025-09-09 00:00:00+00:00,9.087603798750887
2025-09-10 00:00:00+00:00,8.986967798248962
2025-09-11 00:00:00+00:00,8.986967798248962
2025-09-12 00:00:00+00:00,8.986967798248962
2025-09-13 00:00:00+00:00,8.986967798248962
2025-09-14 00:00:00+00:00,8.986967798248962
2025-09-15 00:00:00+00:00,8.986967798248962
2025-09-16 00:00:00+00:00,8.986967798248962
2025-09-17 00:00:00+00:00,8.986967798248962
2025-09-18 00:00:00+00:00,8.986967798248962
2025-09-19 00:00:00+00:00,8.986967798248962
2025-09-20 00:00:00+00:00,8.986967798248962
2025-09-21 00:00:00+00:00,8.986967798248962
2025-09-22 00:00:00+00:00,9.124027910246499
2025-09-23 00:00:00+00:00,9.159040156024805
2025-09-24 00:00:00+00:00,9.159040156024805
2025-09-25 00:00:00+00:00,9.159040156024805
2025-09-26 00:00:00+00:00,9.254875712600985
2025-09-27 00:00:00+00:00,9.254875712600985
2025-09-28 00:00:00+00:00,9.254875712600985
2025-09-29 00:00:00+00:00,9.254875712600985
2025-09-30 00:00:00+00:00,9.254875712600985
2025-10-01 00:00:00+00:00,9.254875712600985
2025-10-02 00:00:00+00:00,9.254875712600985
2025-10-03 00:00:00+00:00,9.254875712600985
2025-10-04 00:00:00+00:00,9.254875712600985
2025-10-05 00:00:00+00:00,9.254875712600985
2025-10-06 00:00:00+00:00,9.254875712600985
2025-10-07 00:00:00+00:00,9.59037486158512
2025-10-08 00:00:00+00:00,9.59037486158512
2025-10-09 00:00:00+00:00,9.59037486158512
2025-10-10 00:00:00+00:00,9.777508982120423
2025-10-11 00:00:00+00:00,9.68814786939972
2025-10-12 00:00:00+00:00,9.68814786939972
2025-10-13 00:00:00+00:00,9.68814786939972
2025-10-14 00:00:00+00:00,9.68814786939972
2025-10-15 00:00:00+00:00,9.68814786939972
2025-10-16 00:00:00+00:00,9.68814786939972
2025-10-17 00:00:00+00:00,9.68814786939972
2025-10-18 00:00:00+00:00,9.68814786939972
2025-10-19 00:00:00+00:00,9.68814786939972
2025-10-20 00:00:00+00:00,9.68814786939972
2025-10-21 00:00:00+00:00,9.68814786939972
2025-10-22 00:00:00+00:00,9.68814786939972
2025-10-23 00:00:00+00:00,9.68814786939972
2025-10-24 00:00:00+00:00,9.68814786939972
2025-10-25 00:00:00+00:00,9.68814786939972
2025-10-26 00:00:00+00:00,9.68814786939972
2025-10-27 00:00:00+00:00,9.68814786939972
2025-10-28 00:00:00+00:00,9.68814786939972
2025-10-29 00:00:00+00:00,9.68814786939972
2025-10-30 00:00:00+00:00,9.68814786939972
2025-10-31 00:00:00+00:00,9.72082100364213
2025-11-01 00:00:00+00:00,9.72082100364213
2025-11-02 00:00:00+00:00,9.72082100364213
2025-11-03 00:00:00+00:00,9.617349999157948
2025-11-04 00:00:00+00:00,9.617349999157948
2025-11-05 00:00:00+00:00,9.617349999157948
2025-11-06 00:00:00+00:00,9.617349999157948
2025-11-07 00:00:00+00:00,9.617349999157948
2025-11-08 00:00:00+00:00,9.617349999157948
2025-11-09 00:00:00+00:00,9.568140656254986
2025-11-10 00:00:00+00:00,9.568140656254986
2025-11-11 00:00:00+00:00,9.568140656254986
2025-11-12 00:00:00+00:00,9.568140656254986
2025-11-13 00:00:00+00:00,9.568140656254986
2025-11-14 00:00:00+00:00,9.568140656254986
2025-11-15 00:00:00+00:00,9.568140656254986
2025-11-16 00:00:00+00:00,9.568140656254986
2025-11-17 00:00:00+00:00,9.568140656254986
2025-11-18 00:00:00+00:00,9.568140656254986
2025-11-19 00:00:00+00:00,9.568140656254986
2025-11-20 00:00:00+00:00,9.519062570009982
2025-11-21 00:00:00+00:00,9.942482166129333
2025-11-22 00:00:00+00:00,9.942482166129333
2025-11-23 00:00:00+00:00,9.942482166129333
2025-11-24 00:00:00+00:00,9.942482166129333
2025-11-25 00:00:00+00:00,9.942482166129333
2025-11-26 00:00:00+00:00,9.942482166129333
2025-11-27 00:00:00+00:00,9.942482166129333
2025-11-28 00:00:00+00:00,9.942482166129333
2025-11-29 00:00:00+00:00,9.942482166129333
2025-11-30 00:00:00+00:00,9.942482166129333
2025-12-01 00:00:00+00:00,9.942482166129333
2025-12-02 00:00:00+00:00,9.889242946211482
2025-12-03 00:00:00+00:00,9.889242946211482
2025-12-04 00:00:00+00:00,9.874749784556274
2025-12-05 00:00:00+00:00,9.874749784556274
2025-12-06 00:00:00+00:00,9.874749784556274
2025-12-07 00:00:00+00:00,9.874749784556274
2025-12-08 00:00:00+00:00,9.874749784556274
2025-12-09 00:00:00+00:00,9.874749784556274
2025-12-10 00:00:00+00:00,9.874749784556274
2025-12-11 00:00:00+00:00,9.874749784556274
2025-12-12 00:00:00+00:00,9.874749784556274
2025-12-13 00:00:00+00:00,9.874749784556274
2025-12-14 00:00:00+00:00,9.874749784556274
2025-12-15 00:00:00+00:00,9.874749784556274
2025-12-16 00:00:00+00:00,9.874749784556274
2025-12-17 00:00:00+00:00,9.874749784556274
2025-12-18 00:00:00+00:00,9.96385895606025
2025-12-19 00:00:00+00:00,9.96385895606025
2025-12-20 00:00:00+00:00,9.96385895606025
2025-12-21 00:00:00+00:00,9.96385895606025
2025-12-22 00:00:00+00:00,9.912326781253862
2025-12-23 00:00:00+00:00,9.912326781253862
2025-12-24 00:00:00+00:00,9.912326781253862
2025-12-25 00:00:00+00:00,9.912326781253862
2025-12-26 00:00:00+00:00,9.86028412042352
2025-12-27 00:00:00+00:00,9.86028412042352
2025-12-28 00:00:00+00:00,9.86028412042352
2025-12-29 00:00:00+00:00,9.86028412042352
2025-12-30 00:00:00+00:00,9.86028412042352
2025-12-31 00:00:00+00:00,9.86028412042352
2026-01-01 00:00:00+00:00,9.808653755958563
2026-01-02 00:00:00+00:00,9.808653755958563
2026-01-03 00:00:00+00:00,9.808653755958563
2026-01-04 00:00:00+00:00,9.808653755958563
2026-01-05 00:00:00+00:00,9.808653755958563
2026-01-06 00:00:00+00:00,9.808653755958563
2026-01-07 00:00:00+00:00,9.808653755958563
2026-01-08 00:00:00+00:00,9.808653755958563
2026-01-09 00:00:00+00:00,9.808653755958563
2026-01-10 00:00:00+00:00,9.808653755958563
2026-01-11 00:00:00+00:00,9.808653755958563
2026-01-12 00:00:00+00:00,9.87468574811423
2026-01-13 00:00:00+00:00,9.87468574811423
2026-01-14 00:00:00+00:00,9.87468574811423
2026-01-15 00:00:00+00:00,9.87468574811423
2026-01-16 00:00:00+00:00,9.87468574811423
2026-01-17 00:00:00+00:00,9.87468574811423
2026-01-18 00:00:00+00:00,9.87468574811423
2026-01-19 00:00:00+00:00,9.87468574811423
2026-01-20 00:00:00+00:00,9.87468574811423
2026-01-21 00:00:00+00:00,10.540182393841965
2026-01-22 00:00:00+00:00,10.540182393841965
2026-01-23 00:00:00+00:00,10.540182393841965
2026-01-24 00:00:00+00:00,10.540182393841965
2026-01-25 00:00:00+00:00,10.540182393841965
2026-01-26 00:00:00+00:00,10.42539225796828
2026-01-27 00:00:00+00:00,10.42539225796828
2026-01-28 00:00:00+00:00,10.42539225796828
2026-01-29 00:00:00+00:00,10.42539225796828
2026-01-30 00:00:00+00:00,10.42539225796828
2026-01-31 00:00:00+00:00,10.42539225796828
2026-02-01 00:00:00+00:00,11.258034653420694
2026-02-02 00:00:00+00:00,11.258034653420694
2026-02-03 00:00:00+00:00,11.258034653420694
2026-02-04 00:00:00+00:00,11.258034653420694
2026-02-05 00:00:00+00:00,11.258034653420694
2026-02-06 00:00:00+00:00,11.221477154089177
2026-02-07 00:00:00+00:00,11.221477154089177
2026-02-08 00:00:00+00:00,11.221477154089177
2026-02-09 00:00:00+00:00,11.221477154089177
2026-02-10 00:00:00+00:00,11.221477154089177
2026-02-11 00:00:00+00:00,11.221477154089177
2026-02-12 00:00:00+00:00,11.221477154089177
2026-02-13 00:00:00+00:00,11.221477154089177
2026-02-14 00:00:00+00:00,11.221477154089177
2026-02-15 00:00:00+00:00,11.221477154089177
2026-02-16 00:00:00+00:00,11.221477154089177
2026-02-17 00:00:00+00:00,11.221477154089177
2026-02-18 00:00:00+00:00,11.221477154089177
2026-02-19 00:00:00+00:00,11.221477154089177
2026-02-20 00:00:00+00:00,11.221477154089177
2026-02-21 00:00:00+00:00,11.221477154089177
2026-02-22 00:00:00+00:00,11.221477154089177
2026-02-23 00:00:00+00:00,11.100387237622927
2026-02-24 00:00:00+00:00,11.100387237622927
2026-02-25 00:00:00+00:00,11.100387237622927
2026-02-26 00:00:00+00:00,11.155622742030847
2026-02-27 00:00:00+00:00,11.155622742030847
2026-02-28 00:00:00+00:00,11.155622742030847
2026-03-01 00:00:00+00:00,11.155622742030847
2026-03-02 00:00:00+00:00,11.155622742030847
2026-03-03 00:00:00+00:00,11.155622742030847
2026-03-04 00:00:00+00:00,11.155622742030847
2026-03-05 00:00:00+00:00,11.037980469202267
2026-03-06 00:00:00+00:00,11.037980469202267
2026-03-07 00:00:00+00:00,11.037980469202267
2026-03-08 00:00:00+00:00,11.037980469202267
2026-03-09 00:00:00+00:00,11.037980469202267
2026-03-10 00:00:00+00:00,11.037980469202267
2026-03-11 00:00:00+00:00,11.037980469202267
2026-03-12 00:00:00+00:00,11.037980469202267
2026-03-13 00:00:00+00:00,11.037980469202267
2026-03-14 00:00:00+00:00,11.037980469202267
2026-03-15 00:00:00+00:00,11.037980469202267
2026-03-16 00:00:00+00:00,11.037980469202267
2026-03-17 00:00:00+00:00,11.037980469202267
2026-03-18 00:00:00+00:00,10.917440249025253
2026-03-19 00:00:00+00:00,10.917440249025253
2026-03-20 00:00:00+00:00,10.860537849392793
2026-03-21 00:00:00+00:00,10.860537849392793
2026-03-22 00:00:00+00:00,10.860537849392793
2026-03-23 00:00:00+00:00,10.860537849392793
2026-03-24 00:00:00+00:00,10.860537849392793
2026-03-25 00:00:00+00:00,10.860537849392793
2026-03-26 00:00:00+00:00,10.860537849392793
2026-03-27 00:00:00+00:00,10.804066715498296
2026-03-28 00:00:00+00:00,10.63146765277707
2026-03-29 00:00:00+00:00,10.63146765277707
2026-03-30 00:00:00+00:00,10.57214641355072
2026-03-31 00:00:00+00:00,10.57214641355072
2026-04-01 00:00:00+00:00,10.57214641355072
2026-04-02 00:00:00+00:00,10.475230207243307
2026-04-03 00:00:00+00:00,10.475230207243307
2026-04-04 00:00:00+00:00,10.475230207243307
2026-04-05 00:00:00+00:00,10.475230207243307
2026-04-06 00:00:00+00:00,10.475230207243307
2026-04-07 00:00:00+00:00,10.475230207243307
2026-04-08 00:00:00+00:00,10.420798704710057
2026-04-09 00:00:00+00:00,10.365873804454854
2026-04-10 00:00:00+00:00,10.365873804454854
2026-04-11 00:00:00+00:00,10.365873804454854
2026-04-12 00:00:00+00:00,10.365873804454854
2026-04-13 00:00:00+00:00,10.365873804454854
2026-04-14 00:00:00+00:00,10.365873804454854
2026-04-15 00:00:00+00:00,10.365873804454854
2026-04-16 00:00:00+00:00,10.365873804454854
2026-04-17 00:00:00+00:00,10.365873804454854
2026-04-18 00:00:00+00:00,10.365873804454854
2026-04-19 00:00:00+00:00,10.365873804454854
2026-04-20 00:00:00+00:00,10.365873804454854
2026-04-21 00:00:00+00:00,10.365873804454854
2026-04-22 00:00:00+00:00,10.365873804454854
2026-04-23 00:00:00+00:00,10.365873804454854
2026-04-24 00:00:00+00:00,10.365873804454854
2026-04-25 00:00:00+00:00,10.365873804454854
2026-04-26 00:00:00+00:00,10.365873804454854
2026-04-27 00:00:00+00:00,10.365873804454854
2026-04-28 00:00:00+00:00,10.365873804454854
2026-04-29 00:00:00+00:00,10.365873804454854
2026-04-30 00:00:00+00:00,10.365873804454854
2026-05-01 00:00:00+00:00,10.365873804454854
2026-05-02 00:00:00+00:00,10.365873804454854
2026-05-03 00:00:00+00:00,10.365873804454854
2026-05-04 00:00:00+00:00,10.365873804454854
2026-05-05 00:00:00+00:00,10.365873804454854
2026-05-06 00:00:00+00:00,10.365873804454854
2026-05-07 00:00:00+00:00,10.365873804454854
2026-05-08 00:00:00+00:00,10.365873804454854
2026-05-09 00:00:00+00:00,10.365873804454854
2026-05-10 00:00:00+00:00,10.365873804454854
2026-05-11 00:00:00+00:00,10.365873804454854
2026-05-12 00:00:00+00:00,10.471726087567495
2026-05-13 00:00:00+00:00,10.471726087567495
2026-05-14 00:00:00+00:00,10.471726087567495
2026-05-15 00:00:00+00:00,10.471726087567495
2026-05-16 00:00:00+00:00,10.510419383210737
2026-05-17 00:00:00+00:00,10.530404331802993
2026-05-18 00:00:00+00:00,10.530404331802993
2026-05-19 00:00:00+00:00,10.530404331802993
2026-05-20 00:00:00+00:00,10.530404331802993
2026-05-21 00:00:00+00:00,10.530404331802993
2026-05-22 00:00:00+00:00,10.530404331802993
2026-05-23 00:00:00+00:00,10.530404331802993
2026-05-24 00:00:00+00:00,10.510827662388822
2026-05-25 00:00:00+00:00,10.510827662388822
2026-05-26 00:00:00+00:00,10.510827662388822
2026-05-27 00:00:00+00:00,10.510827662388822
2026-05-28 00:00:00+00:00,10.510827662388822
2026-05-29 00:00:00+00:00,10.510827662388822
2026-05-30 00:00:00+00:00,10.510827662388822
2026-05-31 00:00:00+00:00,10.510827662388822
2026-06-01 00:00:00+00:00,10.393155441516218
2026-06-02 00:00:00+00:00,10.337008389592038
2026-06-03 00:00:00+00:00,10.337008389592038
2026-06-04 00:00:00+00:00,10.337008389592038
2026-06-05 00:00:00+00:00,10.337008389592038
2026-06-06 00:00:00+00:00,10.337008389592038
2026-06-07 00:00:00+00:00,10.420000431953026
2026-06-08 00:00:00+00:00,10.420000431953026
2026-06-09 00:00:00+00:00,10.420000431953026
2026-06-10 00:00:00+00:00,10.420000431953026
2026-06-11 00:00:00+00:00,10.420000431953026
2026-06-12 00:00:00+00:00,10.420000431953026
2026-06-13 00:00:00+00:00,10.420000431953026
2026-06-14 00:00:00+00:00,10.420000431953026
2026-06-15 00:00:00+00:00,10.420000431953026
2026-06-16 00:00:00+00:00,10.420000431953026
2026-06-17 00:00:00+00:00,10.420000431953026
2026-06-18 00:00:00+00:00,10.420000431953026
2026-06-19 00:00:00+00:00,10.420000431953026
2026-06-20 00:00:00+00:00,10.420000431953026
2026-06-21 00:00:00+00:00,10.420000431953026
2026-06-22 00:00:00+00:00,10.420000431953026
2026-06-23 00:00:00+00:00,10.366267298863702
2026-06-24 00:00:00+00:00,10.366267298863702
2026-06-25 00:00:00+00:00,10.325089707175682
2026-06-26 00:00:00+00:00,10.325089707175682
2026-06-27 00:00:00+00:00,10.325089707175682
2026-06-28 00:00:00+00:00,10.325089707175682
2026-06-29 00:00:00+00:00,10.325089707175682
2026-06-30 00:00:00+00:00,10.214293356146523
2026-07-01 00:00:00+00:00,10.214293356146523
2026-07-02 00:00:00+00:00,10.214293356146523
2026-07-03 00:00:00+00:00,10.214293356146523
2026-07-04 00:00:00+00:00,10.214293356146523
2026-07-05 00:00:00+00:00,10.214293356146523
2026-07-06 00:00:00+00:00,10.214293356146523
2026-07-07 00:00:00+00:00,10.214293356146523
2026-07-08 00:00:00+00:00,10.214293356146523
2026-07-09 00:00:00+00:00,10.214293356146523
2026-07-10 00:00:00+00:00,10.214293356146523
2026-07-11 00:00:00+00:00,10.214293356146523
2026-07-12 00:00:00+00:00,10.214293356146523
2026-07-13 00:00:00+00:00,10.214293356146523
2026-07-14 00:00:00+00:00,10.214293356146523
2026-07-15 00:00:00+00:00,10.214293356146523
2026-07-16 00:00:00+00:00,10.19352936964698
2026-07-17 00:00:00+00:00,10.19352936964698
2026-07-18 00:00:00+00:00,10.19352936964698
2026-07-19 00:00:00+00:00,10.19352936964698
2026-07-20 00:00:00+00:00,10.19352936964698
2026-07-21 00:00:00+00:00,10.19352936964698
2026-07-22 00:00:00+00:00,10.19352936964698
2026-07-23 00:00:00+00:00,10.19352936964698
2026-07-24 00:00:00+00:00,10.19352936964698
2026-07-25 00:00:00+00:00,10.19352936964698
2026-07-26 00:00:00+00:00,10.19352936964698
2026-07-27 00:00:00+00:00,10.19352936964698
2026-07-28 00:00:00+00:00,10.19352936964698
2026-07-29 00:00:00+00:00,10.140706892410812
2026-07-30 00:00:00+00:00,10.140706892410812
2026-07-31 00:00:00+00:00,10.140706892410812
2026-08-01 00:00:00+00:00,10.140706892410812
2026-08-02 00:00:00+00:00,10.087568309572864
2026-08-03 00:00:00+00:00,10.087568309572864
2026-08-04 00:00:00+00:00,10.087568309572864
2026-08-05 00:00:00+00:00,10.087568309572864
2026-08-06 00:00:00+00:00,10.087568309572864
2026-08-07 00:00:00+00:00,10.087568309572864
2026-08-08 00:00:00+00:00,10.087568309572864
2026-08-09 00:00:00+00:00,10.087568309572864
2026-08-10 00:00:00+00:00,10.087568309572864
2026-08-11 00:00:00+00:00,10.087568309572864
2026-08-12 00:00:00+00:00,10.087568309572864
2026-08-13 00:00:00+00:00,10.087568309572864
2026-08-14 00:00:00+00:00,10.087568309572864
2026-08-15 00:00:00+00:00,10.087568309572864
2026-08-16 00:00:00+00:00,10.087568309572864
2026-08-17 00:00:00+00:00,10.087568309572864
2026-08-18 00:00:00+00:00,10.087568309572864
2026-08-19 00:00:00+00:00,10.087568309572864
2026-08-20 00:00:00+00:00,10.087568309572864
2026-08-21 00:00:00+00:00,10.087568309572864
2026-08-22 00:00:00+00:00,10.087568309572864
2026-08-23 00:00:00+00:00,10.087568309572864
2026-08-24 00:00:00+00:00,10.214393233916411
2026-08-25 00:00:00+00:00,10.214393233916411
2026-08-26 00:00:00+00:00,10.326930192674638
2026-08-27 00:00:00+00:00,10.326930192674638
2026-08-28 00:00:00+00:00,10.326930192674638
2026-08-29 00:00:00+00:00,10.326930192674638
2026-08-30 00:00:00+00:00,10.326930192674638
2026-08-31 00:00:00+00:00,10.326930192674638
2026-09-01 00:00:00+00:00,10.326930192674638
2026-09-02 00:00:00+00:00,10.326930192674638
2026-09-03 00:00:00+00:00,10.326930192674638
2026-09-04 00:00:00+00:00,10.213433205185595
2026-09-05 00:00:00+00:00,10.213433205185595
2026-09-06 00:00:00+00:00,10.213433205185595
2026-09-07 00:00:00+00:00,10.213433205185595
2026-09-08 00:00:00+00:00,10.213433205185595
2026-09-09 00:00:00+00:00,10.213433205185595
2026-09-10 00:00:00+00:00,10.100868559407974
2026-09-11 00:00:00+00:00,10.100868559407974
2026-09-12 00:00:00+00:00,10.108751249765453
2026-09-13 00:00:00+00:00,10.108751249765453
2026-09-14 00:00:00+00:00,10.108751249765453
2026-09-15 00:00:00+00:00,10.108751249765453
2026-09-16 00:00:00+00:00,10.108751249765453
2026-09-17 00:00:00+00:00,10.007679490507492
2026-09-18 00:00:00+00:00,10.007679490507492
2026-09-19 00:00:00+00:00,10.007679490507492
2026-09-20 00:00:00+00:00,10.007679490507492
2026-09-21 00:00:00+00:00,10.435399149853648
2026-09-22 00:00:00+00:00,10.435399149853648
2026-09-23 00:00:00+00:00,10.691249944233627
